2026-09-27 16:23:04,605 [INFO] Activator:176 - 


2026-09-27 16:23:04,608 [INFO] Activator:177 - !SESSION log4j initialized
2026-09-27 16:23:07,590 [INFO] LogOutputStream:77 - [STDOUT_REDIRECT] 
2026-09-27 16:23:09,327 [INFO] ApplicationProperties:184 - Using Application install path: C:\ST\STM32CubeIDE_1.19.0\STM32CubeIDE\plugins\com.st.stm32cube.common.mx_6.15.0.202507011659
2026-09-27 16:23:09,348 [INFO] DbMcusXml:78 - Set database path to: C:\ST\STM32CubeIDE_1.19.0\STM32CubeIDE\plugins\com.st.stm32cube.common.mx_6.15.0.202507011659\\db\/mcu/
2026-09-27 16:23:09,350 [INFO] ApiDb:274 - Set plugin database path to: C:\ST\STM32CubeIDE_1.19.0\STM32CubeIDE\plugins\com.st.stm32cube.common.mx_6.15.0.202507011659\\db\/plugins/boardmanager/
2026-09-27 16:23:09,350 [WARN] ApiDb:259 - Overriding images path with different value:  => C:\ST\STM32CubeIDE_1.19.0\STM32CubeIDE\plugins\com.st.stm32cube.common.mx_6.15.0.202507011659\\db\/plugins/mcufinder/images/
2026-09-27 16:23:09,358 [INFO] ApiDb:250 - Set database path to: C:\Users\HP\.stmcufinder\plugins\mcufinder//mcu/
2026-09-27 16:23:09,358 [INFO] DbMcusAds:125 - Set database path to: C:\Users\HP\.stmcufinder\plugins\mcufinder//mcu/
2026-09-27 16:23:09,362 [INFO] CrossReferenceDbSqlite:203 - Set database path to: C:\Users\HP\.stmcufinder\plugins\mcufinder//mcu/cs/
2026-09-27 16:23:09,469 [INFO] RulesReader:64 - Compatibility file has been processed (317 Rules)
2026-09-27 16:23:09,562 [INFO] DbMcusXml:78 - Set database path to: C:\ST\STM32CubeIDE_1.19.0\STM32CubeIDE\plugins\com.st.stm32cube.common.mx_6.15.0.202507011659\\db\/mcu/
2026-09-27 16:23:09,562 [INFO] ApiDb:274 - Set plugin database path to: C:\ST\STM32CubeIDE_1.19.0\STM32CubeIDE\plugins\com.st.stm32cube.common.mx_6.15.0.202507011659\\db\/plugins/boardmanager/
2026-09-27 16:23:09,562 [INFO] ApiDb:261 - Set plugin images path to: C:\ST\STM32CubeIDE_1.19.0\STM32CubeIDE\plugins\com.st.stm32cube.common.mx_6.15.0.202507011659\\db\/plugins/mcufinder/images/
2026-09-27 16:23:09,562 [WARN] DbFile:41 - Overriding database path with different value: C:\Users\HP\.stmcufinder\plugins\mcufinder/ => C:\Users\HP\.stmcufinder\plugins\mcufinder
2026-09-27 16:23:09,565 [INFO] ApiDb:250 - Set database path to: C:\Users\HP\.stmcufinder\plugins\mcufinder//mcu/
2026-09-27 16:23:09,565 [WARN] DbFile:41 - Overriding database path with different value: C:\Users\HP\.stmcufinder\plugins\mcufinder/ => C:\Users\HP\.stmcufinder\plugins\mcufinder
2026-09-27 16:23:09,565 [INFO] DbMcusAds:125 - Set database path to: C:\Users\HP\.stmcufinder\plugins\mcufinder//mcu/
2026-09-27 16:23:09,565 [WARN] DbFile:41 - Overriding database path with different value: C:\Users\HP\.stmcufinder\plugins\mcufinder/ => C:\Users\HP\.stmcufinder\plugins\mcufinder
2026-09-27 16:23:09,565 [WARN] DbFile:41 - Overriding database path with different value: C:\Users\HP\.stmcufinder\plugins\mcufinder/ => C:\Users\HP\.stmcufinder\plugins\mcufinder
2026-09-27 16:23:09,565 [INFO] CrossReferenceDbSqlite:203 - Set database path to: C:\Users\HP\.stmcufinder\plugins\mcufinder//mcu/cs/
2026-09-27 16:23:09,641 [INFO] MainPanel:274 - HeapMemory: 268435456
2026-09-27 16:23:09,752 [INFO] DbMcusXml:78 - Set database path to: C:\ST\STM32CubeIDE_1.19.0\STM32CubeIDE\plugins\com.st.stm32cube.common.mx_6.15.0.202507011659\\db\/mcu/
2026-09-27 16:23:09,752 [INFO] ApiDb:274 - Set plugin database path to: C:\ST\STM32CubeIDE_1.19.0\STM32CubeIDE\plugins\com.st.stm32cube.common.mx_6.15.0.202507011659\\db\/plugins/boardmanager/
2026-09-27 16:23:09,752 [INFO] ApiDb:261 - Set plugin images path to: C:\ST\STM32CubeIDE_1.19.0\STM32CubeIDE\plugins\com.st.stm32cube.common.mx_6.15.0.202507011659\\db\/plugins/mcufinder/images/
2026-09-27 16:23:09,758 [WARN] DbFile:41 - Overriding database path with different value: C:\Users\HP\.stmcufinder\plugins\mcufinder/ => C:\Users\HP\.stmcufinder\plugins\mcufinder
2026-09-27 16:23:09,758 [INFO] ApiDb:250 - Set database path to: C:\Users\HP\.stmcufinder\plugins\mcufinder//mcu/
2026-09-27 16:23:09,758 [WARN] DbFile:41 - Overriding database path with different value: C:\Users\HP\.stmcufinder\plugins\mcufinder/ => C:\Users\HP\.stmcufinder\plugins\mcufinder
2026-09-27 16:23:09,758 [INFO] DbMcusAds:125 - Set database path to: C:\Users\HP\.stmcufinder\plugins\mcufinder//mcu/
2026-09-27 16:23:09,758 [WARN] DbFile:41 - Overriding database path with different value: C:\Users\HP\.stmcufinder\plugins\mcufinder/ => C:\Users\HP\.stmcufinder\plugins\mcufinder
2026-09-27 16:23:09,758 [WARN] DbFile:41 - Overriding database path with different value: C:\Users\HP\.stmcufinder\plugins\mcufinder/ => C:\Users\HP\.stmcufinder\plugins\mcufinder
2026-09-27 16:23:09,758 [INFO] CrossReferenceDbSqlite:203 - Set database path to: C:\Users\HP\.stmcufinder\plugins\mcufinder//mcu/cs/
2026-09-27 16:23:09,779 [INFO] ApplicationProperties:184 - Using Application install path: C:\ST\STM32CubeIDE_1.19.0\STM32CubeIDE\plugins\com.st.stm32cube.common.mx_6.15.0.202507011659
2026-09-27 16:23:09,781 [INFO] PluginManage:196 - Search for loadable plugins [exclusion list=, ]
2026-09-27 16:23:09,783 [INFO] PluginManage:310 - Check plugin analytics
2026-09-27 16:23:09,945 [INFO] AnalyticsPlugin:253 - Accepted Software Licenses: 
2026-09-27 16:23:09,945 [INFO] AnalyticsPlugin:255 - Accepted CMSIS Pack Licenses: 
2026-09-27 16:23:09,945 [INFO] AnalyticsPlugin:257 - Accepted Firmware Licenses: 
2026-09-27 16:23:09,945 [INFO] PluginManage:359 - Loaded plugin analytics (category:tool,tabindex:-1)
2026-09-27 16:23:09,959 [INFO] PluginManage:310 - Check plugin cadmodel
2026-09-27 16:23:09,962 [INFO] CADModel:105 - Init CAD model plugin
2026-09-27 16:23:09,962 [INFO] PluginManage:359 - Loaded plugin cadmodel (category:power,tabindex:5)
2026-09-27 16:23:09,962 [INFO] PluginManage:310 - Check plugin clock
2026-09-27 16:23:09,974 [INFO] PluginManage:359 - Loaded plugin clock (category:base,tabindex:2)
2026-09-27 16:23:09,974 [INFO] PluginManage:310 - Check plugin ddr
2026-09-27 16:23:09,978 [INFO] PluginManage:359 - Loaded plugin ddr (category:tool,tabindex:6)
2026-09-27 16:23:09,978 [INFO] PluginManage:310 - Check plugin filemanager
2026-09-27 16:23:10,158 [INFO] PluginManage:359 - Loaded plugin filemanager (category:base,tabindex:10)
2026-09-27 16:23:10,158 [INFO] PluginManage:310 - Check plugin ipmanager
2026-09-27 16:23:10,158 [INFO] PluginManage:359 - Loaded plugin ipmanager (category:base,tabindex:5)
2026-09-27 16:23:10,158 [INFO] PluginManage:310 - Check plugin lpbam
2026-09-27 16:23:10,174 [INFO] PluginManage:359 - Loaded plugin lpbam (category:base,tabindex:0)
2026-09-27 16:23:10,174 [INFO] PluginManage:310 - Check plugin memorymap
2026-09-27 16:23:10,177 [INFO] PluginManage:359 - Loaded plugin memorymap (category:base,tabindex:4)
2026-09-27 16:23:10,177 [INFO] PluginManage:310 - Check plugin pinoutandconfiguration
2026-09-27 16:23:10,196 [INFO] PluginManage:359 - Loaded plugin pinoutandconfiguration (category:base,tabindex:1)
2026-09-27 16:23:10,196 [INFO] PluginManage:310 - Check plugin pinoutconfig
2026-09-27 16:23:10,282 [WARN] SupportedApi:132 - Cannot load RTOS API schema: s4s-elt-must-match.1: The content of 'definitions' must match (annotation?, (simpleType | complexType)?, (unique | key | keyref)*)). A problem was found starting at: attribute.
2026-09-27 16:23:10,402 [INFO] PluginManage:359 - Loaded plugin pinoutconfig (category:base,tabindex:0)
2026-09-27 16:23:10,402 [INFO] PluginManage:310 - Check plugin power
2026-09-27 16:23:10,412 [INFO] PluginManage:359 - Loaded plugin power (category:power,tabindex:4)
2026-09-27 16:23:10,412 [INFO] PluginManage:310 - Check plugin projectmanager
2026-09-27 16:23:10,417 [INFO] PluginManage:359 - Loaded plugin projectmanager (category:projectmanager,tabindex:4)
2026-09-27 16:23:10,417 [INFO] PluginManage:310 - Check plugin rif
2026-09-27 16:23:10,433 [INFO] PluginManage:359 - Loaded plugin rif (category:base,tabindex:3)
2026-09-27 16:23:10,438 [INFO] PluginManage:310 - Check plugin thirdparty
2026-09-27 16:23:10,559 [INFO] PluginManage:359 - Loaded plugin thirdparty (category:base,tabindex:-1)
2026-09-27 16:23:10,559 [INFO] PluginManage:310 - Check plugin tools
2026-09-27 16:23:10,559 [WARN] IntegrityCheckThread:84 - waiting for thirdparty lock release [integrity check]
2026-09-27 16:23:10,560 [INFO] IntegrityCheckThread:86 - entering critical section [integrity check]
2026-09-27 16:23:10,560 [INFO] ThirdPartyUpdaterWithRetryManager:70 - Updater plugin not ready yet. [1/15]
2026-09-27 16:23:10,560 [INFO] PluginManage:359 - Loaded plugin tools (category:base,tabindex:7)
2026-09-27 16:23:10,560 [INFO] PluginManage:310 - Check plugin tutovideos
2026-09-27 16:23:10,767 [INFO] PluginManage:359 - Loaded plugin tutovideos (category:base,tabindex:-1)
2026-09-27 16:23:10,767 [INFO] PluginManage:310 - Check plugin updater
2026-09-27 16:23:10,792 [INFO] PluginManage:359 - Loaded plugin updater (category:base,tabindex:12)
2026-09-27 16:23:10,792 [INFO] PluginManage:310 - Check plugin userauth
2026-09-27 16:23:10,798 [INFO] UserAuth:118 - Init User Auth plugin
2026-09-27 16:23:10,798 [INFO] PluginManage:359 - Loaded plugin userauth (category:base,tabindex:14)
2026-09-27 16:23:10,800 [INFO] PluginManage:283 - PluginManage : Loaded plugins [18]
2026-09-27 16:23:11,041 [INFO] PinOutPanel:1589 - setPackage(No Configuration,No Configuration)
2026-09-27 16:23:11,136 [INFO] CADModel:165 - CPN selected for project level
2026-09-27 16:23:11,136 [INFO] CADModel:114 - Register for checkConnection events
2026-09-27 16:23:11,156 [INFO] IPUIPlugin:80 - create IPUIPlugin
2026-09-27 16:23:11,156 [INFO] PluginManager:220 - loadIPPluginJar : add adc
2026-09-27 16:23:11,160 [INFO] IPUIPlugin:80 - create IPUIPlugin
2026-09-27 16:23:11,160 [INFO] PluginManager:220 - loadIPPluginJar : add aes
2026-09-27 16:23:11,163 [INFO] IPUIPlugin:80 - create IPUIPlugin
2026-09-27 16:23:11,163 [INFO] PluginManager:220 - loadIPPluginJar : add can
2026-09-27 16:23:11,166 [INFO] IPUIPlugin:80 - create IPUIPlugin
2026-09-27 16:23:11,166 [INFO] PluginManager:220 - loadIPPluginJar : add comp
2026-09-27 16:23:11,167 [INFO] IPUIPlugin:80 - create IPUIPlugin
2026-09-27 16:23:11,167 [INFO] PluginManager:220 - loadIPPluginJar : add cryp
2026-09-27 16:23:11,172 [INFO] IPUIPlugin:80 - create IPUIPlugin
2026-09-27 16:23:11,172 [INFO] PluginManager:220 - loadIPPluginJar : add ddr_ctrl_phy
2026-09-27 16:23:11,176 [INFO] IPUIPlugin:80 - create IPUIPlugin
2026-09-27 16:23:11,176 [INFO] PluginManager:220 - loadIPPluginJar : add dfsdm
2026-09-27 16:23:11,183 [INFO] IPUIPlugin:80 - create IPUIPlugin
2026-09-27 16:23:11,183 [INFO] PluginManager:220 - loadIPPluginJar : add dma
2026-09-27 16:23:11,187 [INFO] IPUIPlugin:80 - create IPUIPlugin
2026-09-27 16:23:11,187 [INFO] PluginManager:220 - loadIPPluginJar : add dma3
2026-09-27 16:23:11,189 [INFO] IPUIPlugin:80 - create IPUIPlugin
2026-09-27 16:23:11,189 [INFO] PluginManager:220 - loadIPPluginJar : add extmemmanager
2026-09-27 16:23:11,193 [INFO] IPUIPlugin:80 - create IPUIPlugin
2026-09-27 16:23:11,193 [INFO] PluginManager:220 - loadIPPluginJar : add fatfs
2026-09-27 16:23:11,198 [INFO] IPUIPlugin:80 - create IPUIPlugin
2026-09-27 16:23:11,198 [INFO] PluginManager:220 - loadIPPluginJar : add fmc
2026-09-27 16:23:11,204 [INFO] IPUIPlugin:80 - create IPUIPlugin
2026-09-27 16:23:11,204 [INFO] PluginManager:220 - loadIPPluginJar : add freertos
2026-09-27 16:23:11,204 [INFO] IPUIPlugin:80 - create IPUIPlugin
2026-09-27 16:23:11,209 [INFO] PluginManager:220 - loadIPPluginJar : add genericplugin
2026-09-27 16:23:11,209 [INFO] IPUIPlugin:80 - create IPUIPlugin
2026-09-27 16:23:11,209 [INFO] PluginManager:220 - loadIPPluginJar : add gfxmmu
2026-09-27 16:23:11,215 [INFO] IPUIPlugin:80 - create IPUIPlugin
2026-09-27 16:23:11,215 [INFO] PluginManager:220 - loadIPPluginJar : add gic
2026-09-27 16:23:11,222 [INFO] IPUIPlugin:80 - create IPUIPlugin
2026-09-27 16:23:11,222 [INFO] PluginManager:220 - loadIPPluginJar : add gpio
2026-09-27 16:23:11,224 [INFO] IPUIPlugin:80 - create IPUIPlugin
2026-09-27 16:23:11,224 [INFO] PluginManager:220 - loadIPPluginJar : add gtzc
2026-09-27 16:23:11,229 [INFO] IPUIPlugin:80 - create IPUIPlugin
2026-09-27 16:23:11,229 [INFO] PluginManager:220 - loadIPPluginJar : add hash
2026-09-27 16:23:11,232 [INFO] IPUIPlugin:80 - create IPUIPlugin
2026-09-27 16:23:11,232 [INFO] PluginManager:220 - loadIPPluginJar : add i2c
2026-09-27 16:23:11,232 [INFO] IPUIPlugin:80 - create IPUIPlugin
2026-09-27 16:23:11,232 [INFO] PluginManager:220 - loadIPPluginJar : add i2s
2026-09-27 16:23:11,239 [INFO] IPUIPlugin:80 - create IPUIPlugin
2026-09-27 16:23:11,239 [INFO] PluginManager:220 - loadIPPluginJar : add i3c
2026-09-27 16:23:11,242 [INFO] IPUIPlugin:80 - create IPUIPlugin
2026-09-27 16:23:11,242 [INFO] PluginManager:220 - loadIPPluginJar : add ipddr
2026-09-27 16:23:11,250 [INFO] IPUIPlugin:80 - create IPUIPlugin
2026-09-27 16:23:11,250 [INFO] PluginManager:220 - loadIPPluginJar : add linkedlist
2026-09-27 16:23:11,253 [INFO] IPUIPlugin:80 - create IPUIPlugin
2026-09-27 16:23:11,253 [INFO] PluginManager:220 - loadIPPluginJar : add lorawan
2026-09-27 16:23:11,258 [INFO] IPUIPlugin:80 - create IPUIPlugin
2026-09-27 16:23:11,258 [INFO] PluginManager:220 - loadIPPluginJar : add ltdc
2026-09-27 16:23:11,266 [INFO] IPUIPlugin:80 - create IPUIPlugin
2026-09-27 16:23:11,266 [INFO] PluginManager:220 - loadIPPluginJar : add mdma
2026-09-27 16:23:11,267 [INFO] IPUIPlugin:80 - create IPUIPlugin
2026-09-27 16:23:11,267 [INFO] PluginManager:220 - loadIPPluginJar : add nvic
2026-09-27 16:23:11,271 [INFO] IPUIPlugin:80 - create IPUIPlugin
2026-09-27 16:23:11,271 [INFO] PluginManager:220 - loadIPPluginJar : add opamp
2026-09-27 16:23:11,277 [INFO] IPUIPlugin:80 - create IPUIPlugin
2026-09-27 16:23:11,277 [INFO] PluginManager:220 - loadIPPluginJar : add openamp
2026-09-27 16:23:11,280 [INFO] IPUIPlugin:80 - create IPUIPlugin
2026-09-27 16:23:11,280 [INFO] PluginManager:220 - loadIPPluginJar : add pdm2pcm
2026-09-27 16:23:11,288 [INFO] IPUIPlugin:80 - create IPUIPlugin
2026-09-27 16:23:11,289 [INFO] PluginManager:220 - loadIPPluginJar : add plateformsettings
2026-09-27 16:23:11,291 [INFO] IPUIPlugin:80 - create IPUIPlugin
2026-09-27 16:23:11,291 [INFO] PluginManager:220 - loadIPPluginJar : add quadspi
2026-09-27 16:23:11,291 [INFO] IPUIPlugin:80 - create IPUIPlugin
2026-09-27 16:23:11,295 [INFO] PluginManager:220 - loadIPPluginJar : add radio
2026-09-27 16:23:11,300 [INFO] IPUIPlugin:80 - create IPUIPlugin
2026-09-27 16:23:11,300 [INFO] PluginManager:220 - loadIPPluginJar : add resmgrutility
2026-09-27 16:23:11,303 [INFO] IPUIPlugin:80 - create IPUIPlugin
2026-09-27 16:23:11,305 [INFO] PluginManager:220 - loadIPPluginJar : add sai
2026-09-27 16:23:11,305 [INFO] IPUIPlugin:80 - create IPUIPlugin
2026-09-27 16:23:11,305 [INFO] PluginManager:220 - loadIPPluginJar : add spi
2026-09-27 16:23:11,316 [INFO] IPUIPlugin:80 - create IPUIPlugin
2026-09-27 16:23:11,316 [INFO] PluginManager:220 - loadIPPluginJar : add stm32_wpan
2026-09-27 16:23:11,319 [INFO] IPUIPlugin:80 - create IPUIPlugin
2026-09-27 16:23:11,319 [INFO] PluginManager:220 - loadIPPluginJar : add tim
2026-09-27 16:23:11,322 [INFO] IPUIPlugin:80 - create IPUIPlugin
2026-09-27 16:23:11,324 [INFO] PluginManager:220 - loadIPPluginJar : add touchsensing
2026-09-27 16:23:11,327 [INFO] IPUIPlugin:80 - create IPUIPlugin
2026-09-27 16:23:11,327 [INFO] PluginManager:220 - loadIPPluginJar : add tracer_emb
2026-09-27 16:23:11,329 [INFO] IPUIPlugin:80 - create IPUIPlugin
2026-09-27 16:23:11,329 [INFO] PluginManager:220 - loadIPPluginJar : add ts
2026-09-27 16:23:11,332 [INFO] IPUIPlugin:80 - create IPUIPlugin
2026-09-27 16:23:11,332 [INFO] PluginManager:220 - loadIPPluginJar : add tsc
2026-09-27 16:23:11,334 [INFO] IPUIPlugin:80 - create IPUIPlugin
2026-09-27 16:23:11,334 [INFO] PluginManager:220 - loadIPPluginJar : add ucpd
2026-09-27 16:23:11,336 [INFO] IPUIPlugin:80 - create IPUIPlugin
2026-09-27 16:23:11,336 [INFO] PluginManager:220 - loadIPPluginJar : add usart
2026-09-27 16:23:11,336 [INFO] IPUIPlugin:80 - create IPUIPlugin
2026-09-27 16:23:11,336 [INFO] PluginManager:220 - loadIPPluginJar : add usbx
2026-09-27 16:23:11,499 [FATAL] Updater:351 - Updater called before beeing initialized
2026-09-27 16:23:11,527 [INFO] RulesReader:64 - Compatibility file has been processed (317 Rules)
2026-09-27 16:23:11,537 [INFO] RulesReader:64 - Compatibility file has been processed (317 Rules)
2026-09-27 16:23:11,547 [INFO] CADModel:165 - CPN selected for project level
2026-09-27 16:23:11,547 [INFO] CADModel:114 - Register for checkConnection events
2026-09-27 16:23:11,547 [FATAL] Updater:351 - Updater called before beeing initialized
2026-09-27 16:23:11,547 [ERROR] CADModel:125 - Updater not yet initialized, retry later 
2026-09-27 16:23:11,705 [FATAL] Updater:351 - Updater called before beeing initialized
2026-09-27 16:23:11,707 [INFO] CADModel:165 - CPN selected for project level
2026-09-27 16:23:11,707 [INFO] CADModel:114 - Register for checkConnection events
2026-09-27 16:23:11,707 [FATAL] Updater:351 - Updater called before beeing initialized
2026-09-27 16:23:11,707 [ERROR] CADModel:125 - Updater not yet initialized, retry later 
2026-09-27 16:23:11,709 [FATAL] Updater:351 - Updater called before beeing initialized
2026-09-27 16:23:11,819 [FATAL] Updater:351 - Updater called before beeing initialized
2026-09-27 16:23:11,819 [INFO] DbMcusAds:53 - JSON generation date=Wed Jul 15 12:44:54 TRT 2026 (1784108694001)
2026-09-27 16:23:11,819 [FATAL] Updater:351 - Updater called before beeing initialized
2026-09-27 16:23:11,865 [WARN] DetailPanel:346 - Failed to get advertising image, set to default
2026-09-27 16:23:11,956 [FATAL] Updater:351 - Updater called before beeing initialized
2026-09-27 16:23:11,956 [FATAL] Updater:351 - Updater called before beeing initialized
2026-09-27 16:23:11,959 [FATAL] Updater:351 - Updater called before beeing initialized
2026-09-27 16:23:11,959 [WARN] DetailPanel:346 - Failed to get advertising image, set to default
2026-09-27 16:23:11,960 [FATAL] Updater:351 - Updater called before beeing initialized
2026-09-27 16:23:12,021 [ERROR] Updater:1198 - MainUpdater not yet initialized. External WinMGr cannot be set.
2026-09-27 16:23:12,024 [INFO] Updater:1134 - Updater Version found : 6.15.0
2026-09-27 16:23:12,048 [INFO] ApplicationProperties:184 - Using Application install path: C:\ST\STM32CubeIDE_1.19.0\STM32CubeIDE\plugins\com.st.stm32cube.common.mx_6.15.0.202507011659
2026-09-27 16:23:13,562 [INFO] ThirdPartyUpdaterWithRetryManager:70 - Updater plugin not ready yet. [2/15]
2026-09-27 16:23:13,645 [ERROR] LogOutputStream:75 - [STDERR_REDIRECT] Sep 27, 2026 4:23:13 PM java.util.prefs.WindowsPreferences <init>
2026-09-27 16:23:13,646 [ERROR] LogOutputStream:75 - [STDERR_REDIRECT] WARNING: Could not open/create prefs root node Software\JavaSoft\Prefs at root 0xffffffff80000002. Windows RegCreateKeyEx(...) returned error code 5.
2026-09-27 16:23:13,646 [ERROR] LogOutputStream:75 - [STDERR_REDIRECT] 
2026-09-27 16:23:14,014 [INFO] MainUpdater:2872 - connection check result : 10
2026-09-27 16:23:14,014 [INFO] MainUpdater:3604 - Updater definition file requires update
2026-09-27 16:23:14,015 [INFO] MainUpdater:289 - Updater Check For Update Now.
2026-09-27 16:23:14,015 [INFO] MicroXplorer:498 - Change Database Version : DB.6.0.150
2026-09-27 16:23:14,022 [INFO] McuFinderGlobals:63 - Set McuFinder mode to 2 (CubeIDE integrated)
2026-09-27 16:23:14,023 [INFO] UserAuth:171 - activating auth plugin
2026-09-27 16:23:14,025 [INFO] UserAuth:487 - Internet connection configuration mode: 1
2026-09-27 16:23:14,043 [INFO] JxBrowserEngine:152 - Initiate JxBrowser Engine with user profile folder
2026-09-27 16:23:14,124 [INFO] ServerAccessManage:452 - Complete download http(s) 200
2026-09-27 16:23:14,126 [INFO] ServerAccessManage:509 - Download File updaters.zip
2026-09-27 16:23:14,818 [INFO] FileExtend:248 - Unzip File : updaters.zip
2026-09-27 16:23:14,818 [INFO] FileExtend:263 - Standard Zip Deflate
2026-09-27 16:23:15,234 [INFO] WebApp:169 - Instantiating new browser for Auth
2026-09-27 16:23:15,316 [INFO] ServerAccessManage:452 - Complete download http(s) 200
2026-09-27 16:23:15,316 [INFO] ServerAccessManage:509 - Download File PacksControlFlags.xml
2026-09-27 16:23:15,546 [INFO] ServerAccessManage:452 - Complete download http(s) 200
2026-09-27 16:23:15,546 [INFO] ServerAccessManage:509 - Download File cubemx.pidx
2026-09-27 16:23:16,127 [INFO] WebApp:463 - Apply proxy settings
2026-09-27 16:23:16,128 [INFO] WebApp:548 - Chromium requires no authentication
2026-09-27 16:23:16,136 [INFO] WebApp:491 - Direct internet connection detected
2026-09-27 16:23:16,140 [INFO] ServerAccessManage:452 - Complete download http(s) 200
2026-09-27 16:23:16,140 [INFO] ServerAccessManage:509 - Download File STMicroelectronics.FP-SNS-STAIOTCFT.pdsc
2026-09-27 16:23:16,167 [INFO] WebApp:900 - Register for checkConnection events
2026-09-27 16:23:16,167 [INFO] WebApp:463 - Apply proxy settings
2026-09-27 16:23:16,167 [INFO] WebApp:548 - Chromium requires no authentication
2026-09-27 16:23:16,169 [INFO] WebApp:491 - Direct internet connection detected
2026-09-27 16:23:16,340 [INFO] WebApp:225 - Starting web application
2026-09-27 16:23:16,341 [INFO] WebApp:593 - Web application path used C:\ST\STM32CubeIDE_1.19.0\STM32CubeIDE\plugins\com.st.stm32cube.common.mx_6.15.0.202507011659\db\plugins\mcufinder\reactClient1\index.html
2026-09-27 16:23:16,564 [WARN] MainUpdater:1193 - Updater busy. Cannot search thirdparties
2026-09-27 16:23:16,564 [INFO] ThirdPartyUpdaterWithRetryManager:96 - Updater plugin is busy. [1/15]
2026-09-27 16:23:16,588 [ERROR] LogOutputStream:75 - [STDERR_REDIRECT] [Fatal Error] :1:1: Premature end of file.
2026-09-27 16:23:16,588 [ERROR] LogOutputStream:75 - [STDERR_REDIRECT] 
2026-09-27 16:23:16,589 [INFO] WebApp:191 - Connection restablished
2026-09-27 16:23:17,566 [ERROR] LogOutputStream:75 - [STDERR_REDIRECT] [Fatal Error] :1:1: Premature end of file.
2026-09-27 16:23:17,566 [ERROR] LogOutputStream:75 - [STDERR_REDIRECT] 
2026-09-27 16:23:18,380 [INFO] ServerAccessManage:452 - Complete download http(s) 200
2026-09-27 16:23:18,380 [INFO] ServerAccessManage:509 - Download File Infineon.AIROC-Wi-Fi-Bluetooth-STM32.pdsc
2026-09-27 16:23:18,554 [ERROR] LogOutputStream:75 - [STDERR_REDIRECT] [Fatal Error] :1:1: Premature end of file.
2026-09-27 16:23:18,554 [ERROR] LogOutputStream:75 - [STDERR_REDIRECT] 
2026-09-27 16:23:19,566 [ERROR] LogOutputStream:75 - [STDERR_REDIRECT] [Fatal Error] :1:1: Premature end of file.
2026-09-27 16:23:19,566 [ERROR] LogOutputStream:75 - [STDERR_REDIRECT] 
2026-09-27 16:23:19,580 [WARN] MainUpdater:1193 - Updater busy. Cannot search thirdparties
2026-09-27 16:23:19,580 [INFO] ThirdPartyUpdaterWithRetryManager:96 - Updater plugin is busy. [2/15]
2026-09-27 16:23:20,563 [ERROR] LogOutputStream:75 - [STDERR_REDIRECT] [Fatal Error] :1:1: Premature end of file.
2026-09-27 16:23:20,563 [ERROR] LogOutputStream:75 - [STDERR_REDIRECT] 
2026-09-27 16:23:21,559 [ERROR] LogOutputStream:75 - [STDERR_REDIRECT] [Fatal Error] :1:1: Premature end of file.
2026-09-27 16:23:21,560 [ERROR] LogOutputStream:75 - [STDERR_REDIRECT] 
2026-09-27 16:23:22,559 [ERROR] LogOutputStream:75 - [STDERR_REDIRECT] [Fatal Error] :1:1: Premature end of file.
2026-09-27 16:23:22,559 [ERROR] LogOutputStream:75 - [STDERR_REDIRECT] 
2026-09-27 16:23:22,583 [WARN] MainUpdater:1193 - Updater busy. Cannot search thirdparties
2026-09-27 16:23:22,583 [INFO] ThirdPartyUpdaterWithRetryManager:96 - Updater plugin is busy. [3/15]
2026-09-27 16:23:23,558 [ERROR] LogOutputStream:75 - [STDERR_REDIRECT] [Fatal Error] :1:1: Premature end of file.
2026-09-27 16:23:23,562 [ERROR] LogOutputStream:75 - [STDERR_REDIRECT] 
2026-09-27 16:23:24,555 [ERROR] LogOutputStream:75 - [STDERR_REDIRECT] [Fatal Error] :1:1: Premature end of file.
2026-09-27 16:23:24,555 [ERROR] LogOutputStream:75 - [STDERR_REDIRECT] 
2026-09-27 16:23:25,212 [INFO] ServerAccessManage:452 - Complete download http(s) 200
2026-09-27 16:23:25,212 [INFO] ServerAccessManage:509 - Download File Cesanta.I-CUBE-Mongoose.pdsc
2026-09-27 16:23:25,558 [ERROR] LogOutputStream:75 - [STDERR_REDIRECT] [Fatal Error] :1:1: Premature end of file.
2026-09-27 16:23:25,558 [ERROR] LogOutputStream:75 - [STDERR_REDIRECT] 
2026-09-27 16:23:25,584 [WARN] MainUpdater:1193 - Updater busy. Cannot search thirdparties
2026-09-27 16:23:25,584 [INFO] ThirdPartyUpdaterWithRetryManager:96 - Updater plugin is busy. [4/15]
2026-09-27 16:23:26,557 [ERROR] LogOutputStream:75 - [STDERR_REDIRECT] [Fatal Error] :1:1: Premature end of file.
2026-09-27 16:23:26,557 [ERROR] LogOutputStream:75 - [STDERR_REDIRECT] 
2026-09-27 16:23:27,569 [ERROR] LogOutputStream:75 - [STDERR_REDIRECT] [Fatal Error] :1:1: Premature end of file.
2026-09-27 16:23:27,569 [ERROR] LogOutputStream:75 - [STDERR_REDIRECT] 
2026-09-27 16:23:28,562 [ERROR] LogOutputStream:75 - [STDERR_REDIRECT] [Fatal Error] :1:1: Premature end of file.
2026-09-27 16:23:28,564 [ERROR] LogOutputStream:75 - [STDERR_REDIRECT] 
2026-09-27 16:23:28,587 [WARN] MainUpdater:1193 - Updater busy. Cannot search thirdparties
2026-09-27 16:23:28,587 [INFO] ThirdPartyUpdaterWithRetryManager:96 - Updater plugin is busy. [5/15]
2026-09-27 16:23:29,561 [ERROR] LogOutputStream:75 - [STDERR_REDIRECT] [Fatal Error] :1:1: Premature end of file.
2026-09-27 16:23:29,561 [ERROR] LogOutputStream:75 - [STDERR_REDIRECT] 
2026-09-27 16:23:29,938 [WARN] PopulateThirdPartyThread:106 - Error when creating pack: C:/Users/HP/.stm32cubemx/thirdparties/pdsc/STMicroelectronics.FP-SNS-STAIOTCFT.pdsc
2026-09-27 16:23:29,999 [WARN] PackLoader:240 - Cannot read IP mode file for Infineon.AIROC-Wi-Fi-Bluetooth-STM32.1.8.0
2026-09-27 16:23:30,013 [WARN] PackLoader:240 - Cannot read IP mode file for Cesanta.I-CUBE-Mongoose.7.21.7
2026-09-27 16:23:30,013 [INFO] PopulateThirdPartyThread:66 - Ending populate Thread
2026-09-27 16:23:30,017 [INFO] ThirdParty:1030 - CMSIS Pack Vendor :Infineon AIROC-Wi-Fi-Bluetooth-STM32 1.8.0
2026-09-27 16:23:30,017 [INFO] ThirdParty:1030 - CMSIS Pack Vendor :Cesanta I-CUBE-Mongoose 7.21.7
2026-09-27 16:23:30,017 [INFO] LoadServerUpdatesThread:375 - End of LoadServerUpdate Thread
2026-09-27 16:23:30,096 [INFO] CheckServerUpdateThread:120 - End of CheckServer Thread
2026-09-27 16:23:30,558 [ERROR] LogOutputStream:75 - [STDERR_REDIRECT] [Fatal Error] :1:1: Premature end of file.
2026-09-27 16:23:30,558 [ERROR] LogOutputStream:75 - [STDERR_REDIRECT] 
2026-09-27 16:23:31,559 [ERROR] LogOutputStream:75 - [STDERR_REDIRECT] [Fatal Error] :1:1: Premature end of file.
2026-09-27 16:23:31,559 [ERROR] LogOutputStream:75 - [STDERR_REDIRECT] 
2026-09-27 16:23:31,831 [WARN] PackLoader:240 - Cannot read IP mode file for STMicroelectronics.X-CUBE-AZRTOS-H7.3.5.0
2026-09-27 16:23:31,838 [WARN] PackLoader:240 - Cannot read IP mode file for STMicroelectronics.FP-ATR-ASTRA1.2.0.3
2026-09-27 16:23:31,842 [ERROR] Engine:466 - C:\Users\HP\.stm32cubemx\thirdparties\pdsc\STMicroelectronics.X-CUBE-SMBUS.2.1.1.pdsc: PDSC version is not supported
2026-09-27 16:23:31,855 [WARN] PackLoader:240 - Cannot read IP mode file for STMicroelectronics.X-CUBE-AZRTOS-F7.1.1.0
2026-09-27 16:23:31,863 [WARN] PackLoader:240 - Cannot read IP mode file for STMicroelectronics.X-CUBE-FREERTOS.1.6.0
2026-09-27 16:23:31,867 [WARN] PackLoader:240 - Cannot read IP mode file for STMicroelectronics.FP-SNS-MOTENV1.5.1.0
2026-09-27 16:23:31,879 [WARN] PackLoader:240 - Cannot read IP mode file for STMicroelectronics.X-CUBE-AZRTOS-H7RS.1.3.0
2026-09-27 16:23:31,886 [WARN] PackLoader:240 - Cannot read IP mode file for WES.I-CUBE-Cesium.1.4.0
2026-09-27 16:23:31,891 [WARN] PackLoader:240 - Cannot read IP mode file for STMicroelectronics.X-CUBE-DISPLAY.3.0.0
2026-09-27 16:23:31,905 [WARN] PackLoader:240 - Cannot read IP mode file for STMicroelectronics.X-CUBE-GNSS1.7.1.1
2026-09-27 16:23:31,910 [WARN] PackLoader:240 - Cannot read IP mode file for STMicroelectronics.FP-SNS-MOTENVWB1.1.5.0
2026-09-27 16:23:31,914 [WARN] PackLoader:240 - Cannot read IP mode file for STMicroelectronics.X-CUBE-NFC10.1.0.0
2026-09-27 16:23:31,919 [WARN] PackLoader:240 - Cannot read IP mode file for STMicroelectronics.X-CUBE-ST60.1.1.0
2026-09-27 16:23:31,924 [WARN] PackLoader:240 - Cannot read IP mode file for emotas.I-CUBE-CANOPEN.1.3.0
2026-09-27 16:23:31,929 [WARN] PackLoader:240 - Cannot read IP mode file for wolfSSL.I-CUBE-wolfSSL.5.9.2
2026-09-27 16:23:31,930 [ERROR] Engine:466 - C:\Users\HP\.stm32cubemx\thirdparties\pdsc\STMicroelectronics.X-CUBE-WBA.1.1.0.pdsc: PDSC version is not supported
2026-09-27 16:23:31,936 [WARN] PackLoader:240 - Cannot read IP mode file for STMicroelectronics.FP-SNS-STBOX1.2.1.0
2026-09-27 16:23:31,939 [WARN] PackLoader:240 - Cannot read IP mode file for STMicroelectronics.FP-SNS-SMARTAG2.1.2.0
2026-09-27 16:23:31,943 [WARN] PackLoader:240 - Cannot read IP mode file for STMicroelectronics.FP-SNS-FLIGHT1.5.1.0
2026-09-27 16:23:31,948 [INFO] LogOutputStream:77 - [STDOUT_REDIRECT] 1 : Invalid condition id : UX_CORESTACK_Condition cause : null
2026-09-27 16:23:31,949 [INFO] LogOutputStream:77 - [STDOUT_REDIRECT] 1 : Invalid condition id : UX_CORESTACK_Condition cause : null
2026-09-27 16:23:31,949 [INFO] LogOutputStream:77 - [STDOUT_REDIRECT] 1 : Invalid condition id : UX_CORESTACK_Condition cause : null
2026-09-27 16:23:31,951 [INFO] LogOutputStream:77 - [STDOUT_REDIRECT] 1 : Invalid condition id : UX_CORESTACK_Condition cause : null
2026-09-27 16:23:31,951 [INFO] LogOutputStream:77 - [STDOUT_REDIRECT] 1 : Invalid condition id : UX_CORESTACK_Condition cause : null
2026-09-27 16:23:31,952 [WARN] PackLoader:240 - Cannot read IP mode file for STMicroelectronics.X-CUBE-AZRTOS-WL.2.0.0
2026-09-27 16:23:31,956 [WARN] PackLoader:240 - Cannot read IP mode file for STMicroelectronics.X-CUBE-BLE2.3.3.0
2026-09-27 16:23:31,978 [WARN] PackLoader:240 - Cannot read IP mode file for Infineon.AIROC-Wi-Fi-Bluetooth-STM32.1.8.0
2026-09-27 16:23:31,984 [WARN] PackLoader:240 - Cannot read IP mode file for STMicroelectronics.X-CUBE-NFC9.1.0.0
2026-09-27 16:23:31,989 [WARN] PackLoader:240 - Cannot read IP mode file for STMicroelectronics.X-CUBE-BLE1.7.1.0
2026-09-27 16:23:31,993 [WARN] PackLoader:240 - Cannot read IP mode file for wolfSSL.I-CUBE-wolfMQTT.1.19.2
2026-09-27 16:23:31,997 [WARN] PackLoader:240 - Cannot read IP mode file for STMicroelectronics.X-CUBE-EEPRMA1.5.2.0
2026-09-27 16:23:32,002 [WARN] PackLoader:240 - Cannot read IP mode file for STMicroelectronics.FP-SNS-STAIOTCFT.1.1.0
2026-09-27 16:23:32,010 [WARN] PackLoader:240 - Cannot read IP mode file for STMicroelectronics.X-CUBE-AZRTOS-G0.1.1.0
2026-09-27 16:23:32,014 [WARN] PackLoader:240 - Cannot read IP mode file for STMicroelectronics.X-CUBE-NFC4.3.0.0
2026-09-27 16:23:32,022 [WARN] PackLoader:240 - Cannot read IP mode file for EmbeddedOffice.I-CUBE-FS-RTOS.1.0.1
2026-09-27 16:23:32,024 [WARN] PackLoader:240 - Cannot read IP mode file for wolfSSL.I-CUBE-wolfTPM.3.8.0
2026-09-27 16:23:32,029 [WARN] PackLoader:240 - Cannot read IP mode file for STMicroelectronics.X-CUBE-TCPP.4.2.0
2026-09-27 16:23:32,033 [WARN] PackLoader:240 - Cannot read IP mode file for RealThread.X-CUBE-RT-Thread_Nano.4.1.1
2026-09-27 16:23:32,037 [WARN] PackLoader:240 - Cannot read IP mode file for STMicroelectronics.FP-ATR-SIGFOX1.3.2.0
2026-09-27 16:23:32,042 [WARN] PackLoader:240 - Cannot read IP mode file for ITTIA_DB.I-CUBE-ITTIADB.8.9.0
2026-09-27 16:23:32,044 [WARN] PackLoader:240 - Cannot read IP mode file for Cesanta.I-CUBE-Mongoose.7.21.7
2026-09-27 16:23:32,050 [WARN] PackLoader:240 - Cannot read IP mode file for STMicroelectronics.X-CUBE-NFC6.3.2.0
2026-09-27 16:23:32,055 [WARN] PackLoader:240 - Cannot read IP mode file for STMicroelectronics.X-CUBE-AI.10.2.1
2026-09-27 16:23:32,068 [WARN] PackLoader:240 - Cannot read IP mode file for SEGGER.I-CUBE-embOS.1.3.1
2026-09-27 16:23:32,087 [ERROR] Engine:466 - C:\Users\HP\.stm32cubemx\thirdparties\pdsc\STMicroelectronics.FP-SNS-STAIOTCFT.2.0.0.pdsc: PDSC version is not supported
2026-09-27 16:23:32,091 [WARN] PackLoader:240 - Cannot read IP mode file for STMicroelectronics.X-CUBE-NFC13.1.0.0
2026-09-27 16:23:32,095 [WARN] PackLoader:240 - Cannot read IP mode file for STMicroelectronics.X-CUBE-PM33A1.1.0.0
2026-09-27 16:23:32,103 [WARN] PackLoader:240 - Cannot read IP mode file for STMicroelectronics.X-CUBE-AZRTOS-F4.1.1.0
2026-09-27 16:23:32,107 [WARN] PackLoader:240 - Cannot read IP mode file for STMicroelectronics.X-CUBE-ISPU.2.1.0
2026-09-27 16:23:32,115 [WARN] PackLoader:240 - Cannot read IP mode file for STMicroelectronics.X-CUBE-IPS.3.2.0
2026-09-27 16:23:32,120 [WARN] PackLoader:240 - Cannot read IP mode file for STMicroelectronics.eDS-WB_DPC_TT-BIDIR.2.1.1
2026-09-27 16:23:32,125 [WARN] PackLoader:240 - Cannot read IP mode file for STMicroelectronics.X-CUBE-NFC12.1.0.0
2026-09-27 16:23:32,134 [WARN] PackLoader:240 - Cannot read IP mode file for STMicroelectronics.X-CUBE-AZRTOS-L5.2.0.0
2026-09-27 16:23:32,139 [WARN] PackLoader:240 - Cannot read IP mode file for STMicroelectronics.X-CUBE-ALGOBUILD.1.5.0
2026-09-27 16:23:32,142 [WARN] PackLoader:240 - Cannot read IP mode file for STMicroelectronics.eDS-WB_DPC_VIENNA.1.2.0
2026-09-27 16:23:32,161 [WARN] PackLoader:240 - Cannot read IP mode file for STMicroelectronics.X-CUBE-MEMS1.13.0.0
2026-09-27 16:23:32,194 [WARN] PackLoader:240 - Cannot read IP mode file for STMicroelectronics.eDS-WB_DPC_3PH2L-BIDIR.1.1.1
2026-09-27 16:23:32,196 [ERROR] Engine:466 - C:\Users\HP\.stm32cubemx\thirdparties\pdsc\STMicroelectronics.X-CUBE-ST67W61.1.3.0.pdsc: PDSC version is not supported
2026-09-27 16:23:32,200 [WARN] PackLoader:240 - Cannot read IP mode file for STMicroelectronics.X-CUBE-TOUCHGFX.4.26.1
2026-09-27 16:23:32,203 [WARN] PackLoader:240 - Cannot read IP mode file for STMicroelectronics.X-CUBE-DPower.1.3.0
2026-09-27 16:23:32,212 [WARN] ConditionMgr:438 - getConditionDescription Invalid condition id : LAN8742 Phy interface Condition cause : null
2026-09-27 16:23:32,213 [WARN] PackLoader:240 - Cannot read IP mode file for STMicroelectronics.X-CUBE-AZRTOS-L4.2.0.0
2026-09-27 16:23:32,213 [WARN] ConditionMgr:1044 - genDependencies : Invalid condition id : LAN8742 Phy interface Condition cause : null
2026-09-27 16:23:32,213 [WARN] ConditionMgr:1044 - genDependencies : Invalid condition id : LAN8742 Phy interface Condition cause : null
2026-09-27 16:23:32,213 [WARN] ConditionMgr:1044 - genDependencies : Invalid condition id : LAN8742 Phy interface Condition cause : null
2026-09-27 16:23:32,218 [WARN] PackLoader:240 - Cannot read IP mode file for STMicroelectronics.X-CUBE-SFXS2LP1.4.0.0
2026-09-27 16:23:32,227 [WARN] PackLoader:240 - Cannot read IP mode file for STMicroelectronics.X-CUBE-WB05N.2.1.0
2026-09-27 16:23:32,239 [WARN] ConditionMgr:438 - getConditionDescription Invalid condition id : UX DEVICE CLASS RTOS Condition cause : null
2026-09-27 16:23:32,239 [WARN] ConditionMgr:438 - getConditionDescription Invalid condition id : UX DEVICE CLASS RTOS Condition cause : null
2026-09-27 16:23:32,240 [WARN] PackLoader:240 - Cannot read IP mode file for STMicroelectronics.X-CUBE-AZRTOS-WB.2.0.0
2026-09-27 16:23:32,240 [WARN] ConditionMgr:1044 - genDependencies : Invalid condition id : UX DEVICE CLASS RTOS Condition cause : null
2026-09-27 16:23:32,240 [WARN] ConditionMgr:1044 - genDependencies : Invalid condition id : UX DEVICE CLASS RTOS Condition cause : null
2026-09-27 16:23:32,240 [WARN] ConditionMgr:1044 - genDependencies : Invalid condition id : UX DEVICE CLASS RTOS Condition cause : null
2026-09-27 16:23:32,240 [WARN] ConditionMgr:1044 - genDependencies : Invalid condition id : UX DEVICE CLASS RTOS Condition cause : null
2026-09-27 16:23:32,240 [WARN] ConditionMgr:1044 - genDependencies : Invalid condition id : UX DEVICE CLASS RTOS Condition cause : null
2026-09-27 16:23:32,245 [WARN] ConditionMgr:438 - getConditionDescription Invalid condition id : Cortex-A Device cause : null
2026-09-27 16:23:32,252 [WARN] ConditionMgr:1044 - genDependencies : Invalid condition id : Cortex-A Device cause : null
2026-09-27 16:23:32,252 [WARN] ConditionMgr:1044 - genDependencies : Invalid condition id : Cortex-A Device cause : null
2026-09-27 16:23:32,252 [WARN] ConditionMgr:1044 - genDependencies : Invalid condition id : Cortex-A Device cause : null
2026-09-27 16:23:32,257 [WARN] PackLoader:240 - Cannot read IP mode file for STMicroelectronics.X-CUBE-STSE01.2.0.0
2026-09-27 16:23:32,282 [WARN] PackLoader:240 - Cannot read IP mode file for STMicroelectronics.X-CUBE-SUBG2.5.0.0
2026-09-27 16:23:32,295 [WARN] PackLoader:240 - Cannot read IP mode file for STMicroelectronics.X-CUBE-AZRTOS-G4.2.0.0
2026-09-27 16:23:32,299 [WARN] PackLoader:240 - Cannot read IP mode file for wolfSSL.I-CUBE-wolfSSH.1.4.20
2026-09-27 16:23:32,302 [WARN] PackLoader:240 - Cannot read IP mode file for STMicroelectronics.X-CUBE-NFC7.2.0.0
2026-09-27 16:23:32,305 [ERROR] Engine:466 - C:\Users\HP\.stm32cubemx\thirdparties\pdsc\STMicroelectronics.X-CUBE-BLEMGR.4.2.0.pdsc: PDSC version is not supported
2026-09-27 16:23:32,308 [WARN] PackLoader:240 - Cannot read IP mode file for STMicroelectronics.X-CUBE-ALS.1.0.2
2026-09-27 16:23:32,314 [WARN] PackLoader:240 - Cannot read IP mode file for STMicroelectronics.X-CUBE-TOF1.3.4.3
2026-09-27 16:23:32,319 [INFO] ThirdParty:978 - Integrity check success = true
2026-09-27 16:23:32,319 [INFO] IntegrityCheckThread:100 - exiting critical section [integrity check]
2026-09-27 16:23:32,319 [INFO] IntegrityCheckThread:103 - End integrity checks thread
2026-09-27 16:23:32,571 [ERROR] LogOutputStream:75 - [STDERR_REDIRECT] [Fatal Error] :1:1: Premature end of file.
2026-09-27 16:23:32,571 [ERROR] LogOutputStream:75 - [STDERR_REDIRECT] 
2026-09-27 16:23:33,558 [ERROR] LogOutputStream:75 - [STDERR_REDIRECT] [Fatal Error] :1:1: Premature end of file.
2026-09-27 16:23:33,558 [ERROR] LogOutputStream:75 - [STDERR_REDIRECT] 
2026-09-27 16:23:34,553 [ERROR] LogOutputStream:75 - [STDERR_REDIRECT] [Fatal Error] :1:1: Premature end of file.
2026-09-27 16:23:34,553 [ERROR] LogOutputStream:75 - [STDERR_REDIRECT] 
2026-09-27 16:23:35,556 [ERROR] LogOutputStream:75 - [STDERR_REDIRECT] [Fatal Error] :1:1: Premature end of file.
2026-09-27 16:23:35,556 [ERROR] LogOutputStream:75 - [STDERR_REDIRECT] 
2026-09-27 16:23:36,557 [ERROR] LogOutputStream:75 - [STDERR_REDIRECT] [Fatal Error] :1:1: Premature end of file.
2026-09-27 16:23:36,558 [ERROR] LogOutputStream:75 - [STDERR_REDIRECT] 
2026-09-27 16:23:37,564 [ERROR] LogOutputStream:75 - [STDERR_REDIRECT] [Fatal Error] :1:1: Premature end of file.
2026-09-27 16:23:37,564 [ERROR] LogOutputStream:75 - [STDERR_REDIRECT] 
2026-09-27 16:23:38,557 [ERROR] LogOutputStream:75 - [STDERR_REDIRECT] [Fatal Error] :1:1: Premature end of file.
2026-09-27 16:23:38,557 [ERROR] LogOutputStream:75 - [STDERR_REDIRECT] 
2026-09-27 16:23:39,555 [ERROR] LogOutputStream:75 - [STDERR_REDIRECT] [Fatal Error] :1:1: Premature end of file.
2026-09-27 16:23:39,555 [ERROR] LogOutputStream:75 - [STDERR_REDIRECT] 
2026-09-27 16:23:40,555 [ERROR] LogOutputStream:75 - [STDERR_REDIRECT] [Fatal Error] :1:1: Premature end of file.
2026-09-27 16:23:40,555 [ERROR] LogOutputStream:75 - [STDERR_REDIRECT] 
2026-09-27 16:23:41,555 [ERROR] LogOutputStream:75 - [STDERR_REDIRECT] [Fatal Error] :1:1: Premature end of file.
2026-09-27 16:23:41,555 [ERROR] LogOutputStream:75 - [STDERR_REDIRECT] 
2026-09-27 16:23:42,559 [ERROR] LogOutputStream:75 - [STDERR_REDIRECT] [Fatal Error] :1:1: Premature end of file.
2026-09-27 16:23:42,559 [ERROR] LogOutputStream:75 - [STDERR_REDIRECT] 
2026-09-27 16:23:43,555 [ERROR] LogOutputStream:75 - [STDERR_REDIRECT] [Fatal Error] :1:1: Premature end of file.
2026-09-27 16:23:43,555 [ERROR] LogOutputStream:75 - [STDERR_REDIRECT] 
2026-09-27 16:23:44,555 [ERROR] LogOutputStream:75 - [STDERR_REDIRECT] [Fatal Error] :1:1: Premature end of file.
2026-09-27 16:23:44,555 [ERROR] LogOutputStream:75 - [STDERR_REDIRECT] 
2026-09-27 16:23:45,555 [ERROR] LogOutputStream:75 - [STDERR_REDIRECT] [Fatal Error] :1:1: Premature end of file.
2026-09-27 16:23:45,555 [ERROR] LogOutputStream:75 - [STDERR_REDIRECT] 
2026-09-27 16:23:46,556 [ERROR] LogOutputStream:75 - [STDERR_REDIRECT] [Fatal Error] :1:1: Premature end of file.
2026-09-27 16:23:46,556 [ERROR] LogOutputStream:75 - [STDERR_REDIRECT] 
2026-09-27 16:23:47,555 [ERROR] LogOutputStream:75 - [STDERR_REDIRECT] [Fatal Error] :1:1: Premature end of file.
2026-09-27 16:23:47,555 [ERROR] LogOutputStream:75 - [STDERR_REDIRECT] 
2026-09-27 16:23:48,556 [ERROR] LogOutputStream:75 - [STDERR_REDIRECT] [Fatal Error] :1:1: Premature end of file.
2026-09-27 16:23:48,557 [ERROR] LogOutputStream:75 - [STDERR_REDIRECT] 
2026-09-27 16:23:49,555 [ERROR] LogOutputStream:75 - [STDERR_REDIRECT] [Fatal Error] :1:1: Premature end of file.
2026-09-27 16:23:49,556 [ERROR] LogOutputStream:75 - [STDERR_REDIRECT] 
2026-09-27 16:23:50,552 [ERROR] LogOutputStream:75 - [STDERR_REDIRECT] [Fatal Error] :1:1: Premature end of file.
2026-09-27 16:23:50,552 [ERROR] LogOutputStream:75 - [STDERR_REDIRECT] 
2026-09-27 16:23:51,554 [ERROR] LogOutputStream:75 - [STDERR_REDIRECT] [Fatal Error] :1:1: Premature end of file.
2026-09-27 16:23:51,554 [ERROR] LogOutputStream:75 - [STDERR_REDIRECT] 
2026-09-27 16:23:52,557 [ERROR] LogOutputStream:75 - [STDERR_REDIRECT] [Fatal Error] :1:1: Premature end of file.
2026-09-27 16:23:52,557 [ERROR] LogOutputStream:75 - [STDERR_REDIRECT] 
2026-09-27 16:23:53,555 [ERROR] LogOutputStream:75 - [STDERR_REDIRECT] [Fatal Error] :1:1: Premature end of file.
2026-09-27 16:23:53,555 [ERROR] LogOutputStream:75 - [STDERR_REDIRECT] 
2026-09-27 16:23:54,555 [ERROR] LogOutputStream:75 - [STDERR_REDIRECT] [Fatal Error] :1:1: Premature end of file.
2026-09-27 16:23:54,556 [ERROR] LogOutputStream:75 - [STDERR_REDIRECT] 
2026-09-27 16:23:55,555 [ERROR] LogOutputStream:75 - [STDERR_REDIRECT] [Fatal Error] :1:1: Premature end of file.
2026-09-27 16:23:55,555 [ERROR] LogOutputStream:75 - [STDERR_REDIRECT] 
2026-09-27 16:23:56,559 [ERROR] LogOutputStream:75 - [STDERR_REDIRECT] [Fatal Error] :1:1: Premature end of file.
2026-09-27 16:23:56,559 [ERROR] LogOutputStream:75 - [STDERR_REDIRECT] 
2026-09-27 16:23:57,557 [ERROR] LogOutputStream:75 - [STDERR_REDIRECT] [Fatal Error] :1:1: Premature end of file.
2026-09-27 16:23:57,558 [ERROR] LogOutputStream:75 - [STDERR_REDIRECT] 
2026-09-27 16:23:58,558 [ERROR] LogOutputStream:75 - [STDERR_REDIRECT] [Fatal Error] :1:1: Premature end of file.
2026-09-27 16:23:58,558 [ERROR] LogOutputStream:75 - [STDERR_REDIRECT] 
2026-09-27 16:23:59,558 [ERROR] LogOutputStream:75 - [STDERR_REDIRECT] [Fatal Error] :1:1: Premature end of file.
2026-09-27 16:23:59,558 [ERROR] LogOutputStream:75 - [STDERR_REDIRECT] 
2026-09-27 16:24:00,558 [ERROR] LogOutputStream:75 - [STDERR_REDIRECT] [Fatal Error] :1:1: Premature end of file.
2026-09-27 16:24:00,558 [ERROR] LogOutputStream:75 - [STDERR_REDIRECT] 
2026-09-27 16:24:01,557 [ERROR] LogOutputStream:75 - [STDERR_REDIRECT] [Fatal Error] :1:1: Premature end of file.
2026-09-27 16:24:01,558 [ERROR] LogOutputStream:75 - [STDERR_REDIRECT] 
2026-09-27 16:24:02,555 [ERROR] LogOutputStream:75 - [STDERR_REDIRECT] [Fatal Error] :1:1: Premature end of file.
2026-09-27 16:24:02,555 [ERROR] LogOutputStream:75 - [STDERR_REDIRECT] 
2026-09-27 16:24:03,555 [ERROR] LogOutputStream:75 - [STDERR_REDIRECT] [Fatal Error] :1:1: Premature end of file.
2026-09-27 16:24:03,555 [ERROR] LogOutputStream:75 - [STDERR_REDIRECT] 
2026-09-27 16:24:04,557 [ERROR] LogOutputStream:75 - [STDERR_REDIRECT] [Fatal Error] :1:1: Premature end of file.
2026-09-27 16:24:04,558 [ERROR] LogOutputStream:75 - [STDERR_REDIRECT] 
2026-09-27 16:24:05,560 [ERROR] LogOutputStream:75 - [STDERR_REDIRECT] [Fatal Error] :1:1: Premature end of file.
2026-09-27 16:24:05,560 [ERROR] LogOutputStream:75 - [STDERR_REDIRECT] 
2026-09-27 16:24:06,557 [ERROR] LogOutputStream:75 - [STDERR_REDIRECT] [Fatal Error] :1:1: Premature end of file.
2026-09-27 16:24:06,558 [ERROR] LogOutputStream:75 - [STDERR_REDIRECT] 
2026-09-27 16:24:07,558 [ERROR] LogOutputStream:75 - [STDERR_REDIRECT] [Fatal Error] :1:1: Premature end of file.
2026-09-27 16:24:07,558 [ERROR] LogOutputStream:75 - [STDERR_REDIRECT] 
2026-09-27 16:24:08,556 [ERROR] LogOutputStream:75 - [STDERR_REDIRECT] [Fatal Error] :1:1: Premature end of file.
2026-09-27 16:24:08,556 [ERROR] LogOutputStream:75 - [STDERR_REDIRECT] 
2026-09-27 16:24:09,556 [ERROR] LogOutputStream:75 - [STDERR_REDIRECT] [Fatal Error] :1:1: Premature end of file.
2026-09-27 16:24:09,556 [ERROR] LogOutputStream:75 - [STDERR_REDIRECT] 
2026-09-27 16:24:10,559 [ERROR] LogOutputStream:75 - [STDERR_REDIRECT] [Fatal Error] :1:1: Premature end of file.
2026-09-27 16:24:10,560 [ERROR] LogOutputStream:75 - [STDERR_REDIRECT] 
2026-09-27 16:24:11,557 [ERROR] LogOutputStream:75 - [STDERR_REDIRECT] [Fatal Error] :1:1: Premature end of file.
2026-09-27 16:24:11,558 [ERROR] LogOutputStream:75 - [STDERR_REDIRECT] 
2026-09-27 16:24:12,556 [ERROR] LogOutputStream:75 - [STDERR_REDIRECT] [Fatal Error] :1:1: Premature end of file.
2026-09-27 16:24:12,556 [ERROR] LogOutputStream:75 - [STDERR_REDIRECT] 
2026-09-27 16:24:13,555 [ERROR] LogOutputStream:75 - [STDERR_REDIRECT] [Fatal Error] :1:1: Premature end of file.
2026-09-27 16:24:13,556 [ERROR] LogOutputStream:75 - [STDERR_REDIRECT] 
2026-09-27 16:24:14,556 [ERROR] LogOutputStream:75 - [STDERR_REDIRECT] [Fatal Error] :1:1: Premature end of file.
2026-09-27 16:24:14,556 [ERROR] LogOutputStream:75 - [STDERR_REDIRECT] 
2026-09-27 16:24:15,557 [ERROR] LogOutputStream:75 - [STDERR_REDIRECT] [Fatal Error] :1:1: Premature end of file.
2026-09-27 16:24:15,557 [ERROR] LogOutputStream:75 - [STDERR_REDIRECT] 
2026-09-27 16:24:16,555 [ERROR] LogOutputStream:75 - [STDERR_REDIRECT] [Fatal Error] :1:1: Premature end of file.
2026-09-27 16:24:16,555 [ERROR] LogOutputStream:75 - [STDERR_REDIRECT] 
2026-09-27 16:24:17,557 [ERROR] LogOutputStream:75 - [STDERR_REDIRECT] [Fatal Error] :1:1: Premature end of file.
2026-09-27 16:24:17,557 [ERROR] LogOutputStream:75 - [STDERR_REDIRECT] 
2026-09-27 16:24:18,557 [ERROR] LogOutputStream:75 - [STDERR_REDIRECT] [Fatal Error] :1:1: Premature end of file.
2026-09-27 16:24:18,557 [ERROR] LogOutputStream:75 - [STDERR_REDIRECT] 
2026-09-27 16:24:19,562 [ERROR] LogOutputStream:75 - [STDERR_REDIRECT] [Fatal Error] :1:1: Premature end of file.
2026-09-27 16:24:19,562 [ERROR] LogOutputStream:75 - [STDERR_REDIRECT] 
2026-09-27 16:24:20,559 [ERROR] LogOutputStream:75 - [STDERR_REDIRECT] [Fatal Error] :1:1: Premature end of file.
2026-09-27 16:24:20,559 [ERROR] LogOutputStream:75 - [STDERR_REDIRECT] 
2026-09-27 16:24:21,557 [ERROR] LogOutputStream:75 - [STDERR_REDIRECT] [Fatal Error] :1:1: Premature end of file.
2026-09-27 16:24:21,557 [ERROR] LogOutputStream:75 - [STDERR_REDIRECT] 
2026-09-27 16:24:22,562 [ERROR] LogOutputStream:75 - [STDERR_REDIRECT] [Fatal Error] :1:1: Premature end of file.
2026-09-27 16:24:22,562 [ERROR] LogOutputStream:75 - [STDERR_REDIRECT] 
2026-09-27 16:24:23,555 [ERROR] LogOutputStream:75 - [STDERR_REDIRECT] [Fatal Error] :1:1: Premature end of file.
2026-09-27 16:24:23,555 [ERROR] LogOutputStream:75 - [STDERR_REDIRECT] 
2026-09-27 16:24:24,559 [ERROR] LogOutputStream:75 - [STDERR_REDIRECT] [Fatal Error] :1:1: Premature end of file.
2026-09-27 16:24:24,560 [ERROR] LogOutputStream:75 - [STDERR_REDIRECT] 
2026-09-27 16:24:25,557 [ERROR] LogOutputStream:75 - [STDERR_REDIRECT] [Fatal Error] :1:1: Premature end of file.
2026-09-27 16:24:25,557 [ERROR] LogOutputStream:75 - [STDERR_REDIRECT] 
2026-09-27 16:24:26,558 [ERROR] LogOutputStream:75 - [STDERR_REDIRECT] [Fatal Error] :1:1: Premature end of file.
2026-09-27 16:24:26,558 [ERROR] LogOutputStream:75 - [STDERR_REDIRECT] 
2026-09-27 16:24:27,562 [ERROR] LogOutputStream:75 - [STDERR_REDIRECT] [Fatal Error] :1:1: Premature end of file.
2026-09-27 16:24:27,563 [ERROR] LogOutputStream:75 - [STDERR_REDIRECT] 
2026-09-27 16:24:28,556 [ERROR] LogOutputStream:75 - [STDERR_REDIRECT] [Fatal Error] :1:1: Premature end of file.
2026-09-27 16:24:28,556 [ERROR] LogOutputStream:75 - [STDERR_REDIRECT] 
2026-09-27 16:24:29,556 [ERROR] LogOutputStream:75 - [STDERR_REDIRECT] [Fatal Error] :1:1: Premature end of file.
2026-09-27 16:24:29,556 [ERROR] LogOutputStream:75 - [STDERR_REDIRECT] 
2026-09-27 16:24:30,556 [ERROR] LogOutputStream:75 - [STDERR_REDIRECT] [Fatal Error] :1:1: Premature end of file.
2026-09-27 16:24:30,556 [ERROR] LogOutputStream:75 - [STDERR_REDIRECT] 
2026-09-27 16:24:31,556 [ERROR] LogOutputStream:75 - [STDERR_REDIRECT] [Fatal Error] :1:1: Premature end of file.
2026-09-27 16:24:31,559 [ERROR] LogOutputStream:75 - [STDERR_REDIRECT] 
2026-09-27 16:24:32,559 [ERROR] LogOutputStream:75 - [STDERR_REDIRECT] [Fatal Error] :1:1: Premature end of file.
2026-09-27 16:24:32,559 [ERROR] LogOutputStream:75 - [STDERR_REDIRECT] 
2026-09-27 16:24:33,555 [ERROR] LogOutputStream:75 - [STDERR_REDIRECT] [Fatal Error] :1:1: Premature end of file.
2026-09-27 16:24:33,555 [ERROR] LogOutputStream:75 - [STDERR_REDIRECT] 
2026-09-27 16:24:34,556 [ERROR] LogOutputStream:75 - [STDERR_REDIRECT] [Fatal Error] :1:1: Premature end of file.
2026-09-27 16:24:34,556 [ERROR] LogOutputStream:75 - [STDERR_REDIRECT] 
2026-09-27 16:24:35,556 [ERROR] LogOutputStream:75 - [STDERR_REDIRECT] [Fatal Error] :1:1: Premature end of file.
2026-09-27 16:24:35,556 [ERROR] LogOutputStream:75 - [STDERR_REDIRECT] 
2026-09-27 16:24:36,557 [ERROR] LogOutputStream:75 - [STDERR_REDIRECT] [Fatal Error] :1:1: Premature end of file.
2026-09-27 16:24:36,557 [ERROR] LogOutputStream:75 - [STDERR_REDIRECT] 
2026-09-27 16:24:37,560 [ERROR] LogOutputStream:75 - [STDERR_REDIRECT] [Fatal Error] :1:1: Premature end of file.
2026-09-27 16:24:37,560 [ERROR] LogOutputStream:75 - [STDERR_REDIRECT] 
2026-09-27 16:24:38,555 [ERROR] LogOutputStream:75 - [STDERR_REDIRECT] [Fatal Error] :1:1: Premature end of file.
2026-09-27 16:24:38,555 [ERROR] LogOutputStream:75 - [STDERR_REDIRECT] 
2026-09-27 16:24:39,556 [ERROR] LogOutputStream:75 - [STDERR_REDIRECT] [Fatal Error] :1:1: Premature end of file.
2026-09-27 16:24:39,556 [ERROR] LogOutputStream:75 - [STDERR_REDIRECT] 
2026-09-27 16:24:40,557 [ERROR] LogOutputStream:75 - [STDERR_REDIRECT] [Fatal Error] :1:1: Premature end of file.
2026-09-27 16:24:40,557 [ERROR] LogOutputStream:75 - [STDERR_REDIRECT] 
2026-09-27 16:24:41,561 [ERROR] LogOutputStream:75 - [STDERR_REDIRECT] [Fatal Error] :1:1: Premature end of file.
2026-09-27 16:24:41,561 [ERROR] LogOutputStream:75 - [STDERR_REDIRECT] 
2026-09-27 16:24:42,561 [ERROR] LogOutputStream:75 - [STDERR_REDIRECT] [Fatal Error] :1:1: Premature end of file.
2026-09-27 16:24:42,561 [ERROR] LogOutputStream:75 - [STDERR_REDIRECT] 
2026-09-27 16:24:43,557 [ERROR] LogOutputStream:75 - [STDERR_REDIRECT] [Fatal Error] :1:1: Premature end of file.
2026-09-27 16:24:43,558 [ERROR] LogOutputStream:75 - [STDERR_REDIRECT] 
2026-09-27 16:24:44,557 [ERROR] LogOutputStream:75 - [STDERR_REDIRECT] [Fatal Error] :1:1: Premature end of file.
2026-09-27 16:24:44,557 [ERROR] LogOutputStream:75 - [STDERR_REDIRECT] 
2026-09-27 16:24:45,558 [ERROR] LogOutputStream:75 - [STDERR_REDIRECT] [Fatal Error] :1:1: Premature end of file.
2026-09-27 16:24:45,558 [ERROR] LogOutputStream:75 - [STDERR_REDIRECT] 
2026-09-27 16:24:46,558 [ERROR] LogOutputStream:75 - [STDERR_REDIRECT] [Fatal Error] :1:1: Premature end of file.
2026-09-27 16:24:46,558 [ERROR] LogOutputStream:75 - [STDERR_REDIRECT] 
2026-09-27 16:24:47,558 [ERROR] LogOutputStream:75 - [STDERR_REDIRECT] [Fatal Error] :1:1: Premature end of file.
2026-09-27 16:24:47,558 [ERROR] LogOutputStream:75 - [STDERR_REDIRECT] 
2026-09-27 16:24:48,558 [ERROR] LogOutputStream:75 - [STDERR_REDIRECT] [Fatal Error] :1:1: Premature end of file.
2026-09-27 16:24:48,558 [ERROR] LogOutputStream:75 - [STDERR_REDIRECT] 
2026-09-27 16:24:49,561 [ERROR] LogOutputStream:75 - [STDERR_REDIRECT] [Fatal Error] :1:1: Premature end of file.
2026-09-27 16:24:49,561 [ERROR] LogOutputStream:75 - [STDERR_REDIRECT] 
2026-09-27 16:24:50,555 [ERROR] LogOutputStream:75 - [STDERR_REDIRECT] [Fatal Error] :1:1: Premature end of file.
2026-09-27 16:24:50,555 [ERROR] LogOutputStream:75 - [STDERR_REDIRECT] 
2026-09-27 16:24:51,556 [ERROR] LogOutputStream:75 - [STDERR_REDIRECT] [Fatal Error] :1:1: Premature end of file.
2026-09-27 16:24:51,556 [ERROR] LogOutputStream:75 - [STDERR_REDIRECT] 
2026-09-27 16:24:52,558 [ERROR] LogOutputStream:75 - [STDERR_REDIRECT] [Fatal Error] :1:1: Premature end of file.
2026-09-27 16:24:52,559 [ERROR] LogOutputStream:75 - [STDERR_REDIRECT] 
2026-09-27 16:24:53,558 [ERROR] LogOutputStream:75 - [STDERR_REDIRECT] [Fatal Error] :1:1: Premature end of file.
2026-09-27 16:24:53,558 [ERROR] LogOutputStream:75 - [STDERR_REDIRECT] 
2026-09-27 16:24:54,561 [ERROR] LogOutputStream:75 - [STDERR_REDIRECT] [Fatal Error] :1:1: Premature end of file.
2026-09-27 16:24:54,561 [ERROR] LogOutputStream:75 - [STDERR_REDIRECT] 
2026-09-27 16:24:55,557 [ERROR] LogOutputStream:75 - [STDERR_REDIRECT] [Fatal Error] :1:1: Premature end of file.
2026-09-27 16:24:55,557 [ERROR] LogOutputStream:75 - [STDERR_REDIRECT] 
2026-09-27 16:24:56,557 [ERROR] LogOutputStream:75 - [STDERR_REDIRECT] [Fatal Error] :1:1: Premature end of file.
2026-09-27 16:24:56,557 [ERROR] LogOutputStream:75 - [STDERR_REDIRECT] 
2026-09-27 16:24:57,559 [ERROR] LogOutputStream:75 - [STDERR_REDIRECT] [Fatal Error] :1:1: Premature end of file.
2026-09-27 16:24:57,559 [ERROR] LogOutputStream:75 - [STDERR_REDIRECT] 
2026-09-27 16:24:58,557 [ERROR] LogOutputStream:75 - [STDERR_REDIRECT] [Fatal Error] :1:1: Premature end of file.
2026-09-27 16:24:58,558 [ERROR] LogOutputStream:75 - [STDERR_REDIRECT] 
2026-09-27 16:24:59,558 [ERROR] LogOutputStream:75 - [STDERR_REDIRECT] [Fatal Error] :1:1: Premature end of file.
2026-09-27 16:24:59,558 [ERROR] LogOutputStream:75 - [STDERR_REDIRECT] 
2026-09-27 16:25:00,558 [ERROR] LogOutputStream:75 - [STDERR_REDIRECT] [Fatal Error] :1:1: Premature end of file.
2026-09-27 16:25:00,558 [ERROR] LogOutputStream:75 - [STDERR_REDIRECT] 
2026-09-27 16:25:01,560 [ERROR] LogOutputStream:75 - [STDERR_REDIRECT] [Fatal Error] :1:1: Premature end of file.
2026-09-27 16:25:01,560 [ERROR] LogOutputStream:75 - [STDERR_REDIRECT] 
2026-09-27 16:25:02,560 [ERROR] LogOutputStream:75 - [STDERR_REDIRECT] [Fatal Error] :1:1: Premature end of file.
2026-09-27 16:25:02,560 [ERROR] LogOutputStream:75 - [STDERR_REDIRECT] 
2026-09-27 16:25:03,558 [ERROR] LogOutputStream:75 - [STDERR_REDIRECT] [Fatal Error] :1:1: Premature end of file.
2026-09-27 16:25:03,558 [ERROR] LogOutputStream:75 - [STDERR_REDIRECT] 
2026-09-27 16:25:04,558 [ERROR] LogOutputStream:75 - [STDERR_REDIRECT] [Fatal Error] :1:1: Premature end of file.
2026-09-27 16:25:04,558 [ERROR] LogOutputStream:75 - [STDERR_REDIRECT] 
2026-09-27 16:25:05,559 [ERROR] LogOutputStream:75 - [STDERR_REDIRECT] [Fatal Error] :1:1: Premature end of file.
2026-09-27 16:25:05,559 [ERROR] LogOutputStream:75 - [STDERR_REDIRECT] 
2026-09-27 16:25:06,559 [ERROR] LogOutputStream:75 - [STDERR_REDIRECT] [Fatal Error] :1:1: Premature end of file.
2026-09-27 16:25:06,559 [ERROR] LogOutputStream:75 - [STDERR_REDIRECT] 
2026-09-27 16:25:07,559 [ERROR] LogOutputStream:75 - [STDERR_REDIRECT] [Fatal Error] :1:1: Premature end of file.
2026-09-27 16:25:07,559 [ERROR] LogOutputStream:75 - [STDERR_REDIRECT] 
2026-09-27 16:25:08,558 [ERROR] LogOutputStream:75 - [STDERR_REDIRECT] [Fatal Error] :1:1: Premature end of file.
2026-09-27 16:25:08,559 [ERROR] LogOutputStream:75 - [STDERR_REDIRECT] 
2026-09-27 16:25:09,559 [ERROR] LogOutputStream:75 - [STDERR_REDIRECT] [Fatal Error] :1:1: Premature end of file.
2026-09-27 16:25:09,559 [ERROR] LogOutputStream:75 - [STDERR_REDIRECT] 
2026-09-27 16:25:10,558 [ERROR] LogOutputStream:75 - [STDERR_REDIRECT] [Fatal Error] :1:1: Premature end of file.
2026-09-27 16:25:10,558 [ERROR] LogOutputStream:75 - [STDERR_REDIRECT] 
2026-09-27 16:25:11,555 [ERROR] LogOutputStream:75 - [STDERR_REDIRECT] [Fatal Error] :1:1: Premature end of file.
2026-09-27 16:25:11,555 [ERROR] LogOutputStream:75 - [STDERR_REDIRECT] 
2026-09-27 16:25:12,558 [ERROR] LogOutputStream:75 - [STDERR_REDIRECT] [Fatal Error] :1:1: Premature end of file.
2026-09-27 16:25:12,558 [ERROR] LogOutputStream:75 - [STDERR_REDIRECT] 
2026-09-27 16:25:13,557 [ERROR] LogOutputStream:75 - [STDERR_REDIRECT] [Fatal Error] :1:1: Premature end of file.
2026-09-27 16:25:13,557 [ERROR] LogOutputStream:75 - [STDERR_REDIRECT] 
2026-09-27 16:25:14,559 [ERROR] LogOutputStream:75 - [STDERR_REDIRECT] [Fatal Error] :1:1: Premature end of file.
2026-09-27 16:25:14,559 [ERROR] LogOutputStream:75 - [STDERR_REDIRECT] 
2026-09-27 16:25:15,558 [ERROR] LogOutputStream:75 - [STDERR_REDIRECT] [Fatal Error] :1:1: Premature end of file.
2026-09-27 16:25:15,558 [ERROR] LogOutputStream:75 - [STDERR_REDIRECT] 
2026-09-27 16:25:16,558 [ERROR] LogOutputStream:75 - [STDERR_REDIRECT] [Fatal Error] :1:1: Premature end of file.
2026-09-27 16:25:16,559 [ERROR] LogOutputStream:75 - [STDERR_REDIRECT] 
2026-09-27 16:25:17,559 [ERROR] LogOutputStream:75 - [STDERR_REDIRECT] [Fatal Error] :1:1: Premature end of file.
2026-09-27 16:25:17,559 [ERROR] LogOutputStream:75 - [STDERR_REDIRECT] 
2026-09-27 16:25:18,558 [ERROR] LogOutputStream:75 - [STDERR_REDIRECT] [Fatal Error] :1:1: Premature end of file.
2026-09-27 16:25:18,558 [ERROR] LogOutputStream:75 - [STDERR_REDIRECT] 
2026-09-27 16:25:19,557 [ERROR] LogOutputStream:75 - [STDERR_REDIRECT] [Fatal Error] :1:1: Premature end of file.
2026-09-27 16:25:19,557 [ERROR] LogOutputStream:75 - [STDERR_REDIRECT] 
2026-09-27 16:25:20,557 [ERROR] LogOutputStream:75 - [STDERR_REDIRECT] [Fatal Error] :1:1: Premature end of file.
2026-09-27 16:25:20,557 [ERROR] LogOutputStream:75 - [STDERR_REDIRECT] 
2026-09-27 16:25:21,560 [ERROR] LogOutputStream:75 - [STDERR_REDIRECT] [Fatal Error] :1:1: Premature end of file.
2026-09-27 16:25:21,560 [ERROR] LogOutputStream:75 - [STDERR_REDIRECT] 
2026-09-27 16:25:22,558 [ERROR] LogOutputStream:75 - [STDERR_REDIRECT] [Fatal Error] :1:1: Premature end of file.
2026-09-27 16:25:22,558 [ERROR] LogOutputStream:75 - [STDERR_REDIRECT] 
2026-09-27 16:25:23,558 [ERROR] LogOutputStream:75 - [STDERR_REDIRECT] [Fatal Error] :1:1: Premature end of file.
2026-09-27 16:25:23,558 [ERROR] LogOutputStream:75 - [STDERR_REDIRECT] 
2026-09-27 16:25:24,559 [ERROR] LogOutputStream:75 - [STDERR_REDIRECT] [Fatal Error] :1:1: Premature end of file.
2026-09-27 16:25:24,559 [ERROR] LogOutputStream:75 - [STDERR_REDIRECT] 
2026-09-27 16:25:25,559 [ERROR] LogOutputStream:75 - [STDERR_REDIRECT] [Fatal Error] :1:1: Premature end of file.
2026-09-27 16:25:25,560 [ERROR] LogOutputStream:75 - [STDERR_REDIRECT] 
2026-09-27 16:25:26,557 [ERROR] LogOutputStream:75 - [STDERR_REDIRECT] [Fatal Error] :1:1: Premature end of file.
2026-09-27 16:25:26,557 [ERROR] LogOutputStream:75 - [STDERR_REDIRECT] 
2026-09-27 16:25:27,557 [ERROR] LogOutputStream:75 - [STDERR_REDIRECT] [Fatal Error] :1:1: Premature end of file.
2026-09-27 16:25:27,558 [ERROR] LogOutputStream:75 - [STDERR_REDIRECT] 
2026-09-27 16:25:28,557 [ERROR] LogOutputStream:75 - [STDERR_REDIRECT] [Fatal Error] :1:1: Premature end of file.
2026-09-27 16:25:28,557 [ERROR] LogOutputStream:75 - [STDERR_REDIRECT] 
2026-09-27 16:25:29,558 [ERROR] LogOutputStream:75 - [STDERR_REDIRECT] [Fatal Error] :1:1: Premature end of file.
2026-09-27 16:25:29,558 [ERROR] LogOutputStream:75 - [STDERR_REDIRECT] 
2026-09-27 16:25:30,557 [ERROR] LogOutputStream:75 - [STDERR_REDIRECT] [Fatal Error] :1:1: Premature end of file.
2026-09-27 16:25:30,558 [ERROR] LogOutputStream:75 - [STDERR_REDIRECT] 
2026-09-27 16:25:31,561 [ERROR] LogOutputStream:75 - [STDERR_REDIRECT] [Fatal Error] :1:1: Premature end of file.
2026-09-27 16:25:31,561 [ERROR] LogOutputStream:75 - [STDERR_REDIRECT] 
2026-09-27 16:25:32,567 [ERROR] LogOutputStream:75 - [STDERR_REDIRECT] [Fatal Error] :1:1: Premature end of file.
2026-09-27 16:25:32,567 [ERROR] LogOutputStream:75 - [STDERR_REDIRECT] 
2026-09-27 16:25:33,558 [ERROR] LogOutputStream:75 - [STDERR_REDIRECT] [Fatal Error] :1:1: Premature end of file.
2026-09-27 16:25:33,558 [ERROR] LogOutputStream:75 - [STDERR_REDIRECT] 
2026-09-27 16:25:34,557 [ERROR] LogOutputStream:75 - [STDERR_REDIRECT] [Fatal Error] :1:1: Premature end of file.
2026-09-27 16:25:34,558 [ERROR] LogOutputStream:75 - [STDERR_REDIRECT] 
2026-09-27 16:25:35,558 [ERROR] LogOutputStream:75 - [STDERR_REDIRECT] [Fatal Error] :1:1: Premature end of file.
2026-09-27 16:25:35,559 [ERROR] LogOutputStream:75 - [STDERR_REDIRECT] 
2026-09-27 16:25:36,558 [ERROR] LogOutputStream:75 - [STDERR_REDIRECT] [Fatal Error] :1:1: Premature end of file.
2026-09-27 16:25:36,558 [ERROR] LogOutputStream:75 - [STDERR_REDIRECT] 
2026-09-27 16:25:37,557 [ERROR] LogOutputStream:75 - [STDERR_REDIRECT] [Fatal Error] :1:1: Premature end of file.
2026-09-27 16:25:37,557 [ERROR] LogOutputStream:75 - [STDERR_REDIRECT] 
2026-09-27 16:25:38,558 [ERROR] LogOutputStream:75 - [STDERR_REDIRECT] [Fatal Error] :1:1: Premature end of file.
2026-09-27 16:25:38,559 [ERROR] LogOutputStream:75 - [STDERR_REDIRECT] 
2026-09-27 16:25:39,558 [ERROR] LogOutputStream:75 - [STDERR_REDIRECT] [Fatal Error] :1:1: Premature end of file.
2026-09-27 16:25:39,558 [ERROR] LogOutputStream:75 - [STDERR_REDIRECT] 
2026-09-27 16:25:40,557 [ERROR] LogOutputStream:75 - [STDERR_REDIRECT] [Fatal Error] :1:1: Premature end of file.
2026-09-27 16:25:40,557 [ERROR] LogOutputStream:75 - [STDERR_REDIRECT] 
2026-09-27 16:25:41,558 [ERROR] LogOutputStream:75 - [STDERR_REDIRECT] [Fatal Error] :1:1: Premature end of file.
2026-09-27 16:25:41,558 [ERROR] LogOutputStream:75 - [STDERR_REDIRECT] 
2026-09-27 16:25:42,558 [ERROR] LogOutputStream:75 - [STDERR_REDIRECT] [Fatal Error] :1:1: Premature end of file.
2026-09-27 16:25:42,558 [ERROR] LogOutputStream:75 - [STDERR_REDIRECT] 
2026-09-27 16:25:43,558 [ERROR] LogOutputStream:75 - [STDERR_REDIRECT] [Fatal Error] :1:1: Premature end of file.
2026-09-27 16:25:43,558 [ERROR] LogOutputStream:75 - [STDERR_REDIRECT] 
2026-09-27 16:25:44,557 [ERROR] LogOutputStream:75 - [STDERR_REDIRECT] [Fatal Error] :1:1: Premature end of file.
2026-09-27 16:25:44,557 [ERROR] LogOutputStream:75 - [STDERR_REDIRECT] 
2026-09-27 16:25:45,559 [ERROR] LogOutputStream:75 - [STDERR_REDIRECT] [Fatal Error] :1:1: Premature end of file.
2026-09-27 16:25:45,559 [ERROR] LogOutputStream:75 - [STDERR_REDIRECT] 
2026-09-27 16:25:46,556 [ERROR] LogOutputStream:75 - [STDERR_REDIRECT] [Fatal Error] :1:1: Premature end of file.
2026-09-27 16:25:46,556 [ERROR] LogOutputStream:75 - [STDERR_REDIRECT] 
2026-09-27 16:25:47,557 [ERROR] LogOutputStream:75 - [STDERR_REDIRECT] [Fatal Error] :1:1: Premature end of file.
2026-09-27 16:25:47,557 [ERROR] LogOutputStream:75 - [STDERR_REDIRECT] 
2026-09-27 16:25:48,556 [ERROR] LogOutputStream:75 - [STDERR_REDIRECT] [Fatal Error] :1:1: Premature end of file.
2026-09-27 16:25:48,556 [ERROR] LogOutputStream:75 - [STDERR_REDIRECT] 
2026-09-27 16:25:49,557 [ERROR] LogOutputStream:75 - [STDERR_REDIRECT] [Fatal Error] :1:1: Premature end of file.
2026-09-27 16:25:49,558 [ERROR] LogOutputStream:75 - [STDERR_REDIRECT] 
2026-09-27 16:25:50,558 [ERROR] LogOutputStream:75 - [STDERR_REDIRECT] [Fatal Error] :1:1: Premature end of file.
2026-09-27 16:25:50,558 [ERROR] LogOutputStream:75 - [STDERR_REDIRECT] 
2026-09-27 16:25:51,557 [ERROR] LogOutputStream:75 - [STDERR_REDIRECT] [Fatal Error] :1:1: Premature end of file.
2026-09-27 16:25:51,557 [ERROR] LogOutputStream:75 - [STDERR_REDIRECT] 
2026-09-27 16:25:52,555 [ERROR] LogOutputStream:75 - [STDERR_REDIRECT] [Fatal Error] :1:1: Premature end of file.
2026-09-27 16:25:52,555 [ERROR] LogOutputStream:75 - [STDERR_REDIRECT] 
2026-09-27 16:25:53,557 [ERROR] LogOutputStream:75 - [STDERR_REDIRECT] [Fatal Error] :1:1: Premature end of file.
2026-09-27 16:25:53,557 [ERROR] LogOutputStream:75 - [STDERR_REDIRECT] 
2026-09-27 16:25:54,556 [ERROR] LogOutputStream:75 - [STDERR_REDIRECT] [Fatal Error] :1:1: Premature end of file.
2026-09-27 16:25:54,557 [ERROR] LogOutputStream:75 - [STDERR_REDIRECT] 
2026-09-27 16:25:55,559 [ERROR] LogOutputStream:75 - [STDERR_REDIRECT] [Fatal Error] :1:1: Premature end of file.
2026-09-27 16:25:55,559 [ERROR] LogOutputStream:75 - [STDERR_REDIRECT] 
2026-09-27 16:25:56,555 [ERROR] LogOutputStream:75 - [STDERR_REDIRECT] [Fatal Error] :1:1: Premature end of file.
2026-09-27 16:25:56,555 [ERROR] LogOutputStream:75 - [STDERR_REDIRECT] 
2026-09-27 16:25:57,556 [ERROR] LogOutputStream:75 - [STDERR_REDIRECT] [Fatal Error] :1:1: Premature end of file.
2026-09-27 16:25:57,556 [ERROR] LogOutputStream:75 - [STDERR_REDIRECT] 
2026-09-27 16:25:58,557 [ERROR] LogOutputStream:75 - [STDERR_REDIRECT] [Fatal Error] :1:1: Premature end of file.
2026-09-27 16:25:58,557 [ERROR] LogOutputStream:75 - [STDERR_REDIRECT] 
2026-09-27 16:25:59,558 [ERROR] LogOutputStream:75 - [STDERR_REDIRECT] [Fatal Error] :1:1: Premature end of file.
2026-09-27 16:25:59,558 [ERROR] LogOutputStream:75 - [STDERR_REDIRECT] 
2026-09-27 16:26:00,557 [ERROR] LogOutputStream:75 - [STDERR_REDIRECT] [Fatal Error] :1:1: Premature end of file.
2026-09-27 16:26:00,558 [ERROR] LogOutputStream:75 - [STDERR_REDIRECT] 
2026-09-27 16:26:01,558 [ERROR] LogOutputStream:75 - [STDERR_REDIRECT] [Fatal Error] :1:1: Premature end of file.
2026-09-27 16:26:01,558 [ERROR] LogOutputStream:75 - [STDERR_REDIRECT] 
2026-09-27 16:26:02,564 [ERROR] LogOutputStream:75 - [STDERR_REDIRECT] [Fatal Error] :1:1: Premature end of file.
2026-09-27 16:26:02,564 [ERROR] LogOutputStream:75 - [STDERR_REDIRECT] 
2026-09-27 16:26:03,556 [ERROR] LogOutputStream:75 - [STDERR_REDIRECT] [Fatal Error] :1:1: Premature end of file.
2026-09-27 16:26:03,557 [ERROR] LogOutputStream:75 - [STDERR_REDIRECT] 
2026-09-27 16:26:04,557 [ERROR] LogOutputStream:75 - [STDERR_REDIRECT] [Fatal Error] :1:1: Premature end of file.
2026-09-27 16:26:04,557 [ERROR] LogOutputStream:75 - [STDERR_REDIRECT] 
2026-09-27 16:26:05,557 [ERROR] LogOutputStream:75 - [STDERR_REDIRECT] [Fatal Error] :1:1: Premature end of file.
2026-09-27 16:26:05,557 [ERROR] LogOutputStream:75 - [STDERR_REDIRECT] 
2026-09-27 16:26:06,557 [ERROR] LogOutputStream:75 - [STDERR_REDIRECT] [Fatal Error] :1:1: Premature end of file.
2026-09-27 16:26:06,558 [ERROR] LogOutputStream:75 - [STDERR_REDIRECT] 
2026-09-27 16:26:07,556 [ERROR] LogOutputStream:75 - [STDERR_REDIRECT] [Fatal Error] :1:1: Premature end of file.
2026-09-27 16:26:07,556 [ERROR] LogOutputStream:75 - [STDERR_REDIRECT] 
2026-09-27 16:26:08,555 [ERROR] LogOutputStream:75 - [STDERR_REDIRECT] [Fatal Error] :1:1: Premature end of file.
2026-09-27 16:26:08,555 [ERROR] LogOutputStream:75 - [STDERR_REDIRECT] 
2026-09-27 16:26:09,563 [ERROR] LogOutputStream:75 - [STDERR_REDIRECT] [Fatal Error] :1:1: Premature end of file.
2026-09-27 16:26:09,563 [ERROR] LogOutputStream:75 - [STDERR_REDIRECT] 
2026-09-27 16:26:10,555 [ERROR] LogOutputStream:75 - [STDERR_REDIRECT] [Fatal Error] :1:1: Premature end of file.
2026-09-27 16:26:10,555 [ERROR] LogOutputStream:75 - [STDERR_REDIRECT] 
2026-09-27 16:26:11,557 [ERROR] LogOutputStream:75 - [STDERR_REDIRECT] [Fatal Error] :1:1: Premature end of file.
2026-09-27 16:26:11,557 [ERROR] LogOutputStream:75 - [STDERR_REDIRECT] 
2026-09-27 16:26:12,555 [ERROR] LogOutputStream:75 - [STDERR_REDIRECT] [Fatal Error] :1:1: Premature end of file.
2026-09-27 16:26:12,556 [ERROR] LogOutputStream:75 - [STDERR_REDIRECT] 
2026-09-27 16:26:13,555 [ERROR] LogOutputStream:75 - [STDERR_REDIRECT] [Fatal Error] :1:1: Premature end of file.
2026-09-27 16:26:13,555 [ERROR] LogOutputStream:75 - [STDERR_REDIRECT] 
2026-09-27 16:26:14,558 [ERROR] LogOutputStream:75 - [STDERR_REDIRECT] [Fatal Error] :1:1: Premature end of file.
2026-09-27 16:26:14,558 [ERROR] LogOutputStream:75 - [STDERR_REDIRECT] 
2026-09-27 16:26:15,557 [ERROR] LogOutputStream:75 - [STDERR_REDIRECT] [Fatal Error] :1:1: Premature end of file.
2026-09-27 16:26:15,557 [ERROR] LogOutputStream:75 - [STDERR_REDIRECT] 
2026-09-27 16:26:16,557 [ERROR] LogOutputStream:75 - [STDERR_REDIRECT] [Fatal Error] :1:1: Premature end of file.
2026-09-27 16:26:16,557 [ERROR] LogOutputStream:75 - [STDERR_REDIRECT] 
2026-09-27 16:26:17,556 [ERROR] LogOutputStream:75 - [STDERR_REDIRECT] [Fatal Error] :1:1: Premature end of file.
2026-09-27 16:26:17,556 [ERROR] LogOutputStream:75 - [STDERR_REDIRECT] 
2026-09-27 16:26:18,557 [ERROR] LogOutputStream:75 - [STDERR_REDIRECT] [Fatal Error] :1:1: Premature end of file.
2026-09-27 16:26:18,557 [ERROR] LogOutputStream:75 - [STDERR_REDIRECT] 
2026-09-27 16:26:19,557 [ERROR] LogOutputStream:75 - [STDERR_REDIRECT] [Fatal Error] :1:1: Premature end of file.
2026-09-27 16:26:19,557 [ERROR] LogOutputStream:75 - [STDERR_REDIRECT] 
2026-09-27 16:26:20,559 [ERROR] LogOutputStream:75 - [STDERR_REDIRECT] [Fatal Error] :1:1: Premature end of file.
2026-09-27 16:26:20,559 [ERROR] LogOutputStream:75 - [STDERR_REDIRECT] 
2026-09-27 16:26:21,556 [ERROR] LogOutputStream:75 - [STDERR_REDIRECT] [Fatal Error] :1:1: Premature end of file.
2026-09-27 16:26:21,556 [ERROR] LogOutputStream:75 - [STDERR_REDIRECT] 
2026-09-27 16:26:22,557 [ERROR] LogOutputStream:75 - [STDERR_REDIRECT] [Fatal Error] :1:1: Premature end of file.
2026-09-27 16:26:22,557 [ERROR] LogOutputStream:75 - [STDERR_REDIRECT] 
2026-09-27 16:26:23,556 [ERROR] LogOutputStream:75 - [STDERR_REDIRECT] [Fatal Error] :1:1: Premature end of file.
2026-09-27 16:26:23,556 [ERROR] LogOutputStream:75 - [STDERR_REDIRECT] 
2026-09-27 16:26:24,554 [ERROR] LogOutputStream:75 - [STDERR_REDIRECT] [Fatal Error] :1:1: Premature end of file.
2026-09-27 16:26:24,554 [ERROR] LogOutputStream:75 - [STDERR_REDIRECT] 
2026-09-27 16:26:25,556 [ERROR] LogOutputStream:75 - [STDERR_REDIRECT] [Fatal Error] :1:1: Premature end of file.
2026-09-27 16:26:25,556 [ERROR] LogOutputStream:75 - [STDERR_REDIRECT] 
2026-09-27 16:26:26,556 [ERROR] LogOutputStream:75 - [STDERR_REDIRECT] [Fatal Error] :1:1: Premature end of file.
2026-09-27 16:26:26,556 [ERROR] LogOutputStream:75 - [STDERR_REDIRECT] 
2026-09-27 16:26:27,557 [ERROR] LogOutputStream:75 - [STDERR_REDIRECT] [Fatal Error] :1:1: Premature end of file.
2026-09-27 16:26:27,557 [ERROR] LogOutputStream:75 - [STDERR_REDIRECT] 
2026-09-27 16:26:28,556 [ERROR] LogOutputStream:75 - [STDERR_REDIRECT] [Fatal Error] :1:1: Premature end of file.
2026-09-27 16:26:28,556 [ERROR] LogOutputStream:75 - [STDERR_REDIRECT] 
2026-09-27 16:26:29,559 [ERROR] LogOutputStream:75 - [STDERR_REDIRECT] [Fatal Error] :1:1: Premature end of file.
2026-09-27 16:26:29,559 [ERROR] LogOutputStream:75 - [STDERR_REDIRECT] 
2026-09-27 16:26:30,557 [ERROR] LogOutputStream:75 - [STDERR_REDIRECT] [Fatal Error] :1:1: Premature end of file.
2026-09-27 16:26:30,557 [ERROR] LogOutputStream:75 - [STDERR_REDIRECT] 
2026-09-27 16:26:31,556 [ERROR] LogOutputStream:75 - [STDERR_REDIRECT] [Fatal Error] :1:1: Premature end of file.
2026-09-27 16:26:31,557 [ERROR] LogOutputStream:75 - [STDERR_REDIRECT] 
2026-09-27 16:26:32,557 [ERROR] LogOutputStream:75 - [STDERR_REDIRECT] [Fatal Error] :1:1: Premature end of file.
2026-09-27 16:26:32,557 [ERROR] LogOutputStream:75 - [STDERR_REDIRECT] 
2026-09-27 16:26:33,554 [ERROR] LogOutputStream:75 - [STDERR_REDIRECT] [Fatal Error] :1:1: Premature end of file.
2026-09-27 16:26:33,555 [ERROR] LogOutputStream:75 - [STDERR_REDIRECT] 
2026-09-27 16:26:34,556 [ERROR] LogOutputStream:75 - [STDERR_REDIRECT] [Fatal Error] :1:1: Premature end of file.
2026-09-27 16:26:34,556 [ERROR] LogOutputStream:75 - [STDERR_REDIRECT] 
2026-09-27 16:26:35,557 [ERROR] LogOutputStream:75 - [STDERR_REDIRECT] [Fatal Error] :1:1: Premature end of file.
2026-09-27 16:26:35,557 [ERROR] LogOutputStream:75 - [STDERR_REDIRECT] 
2026-09-27 16:26:36,556 [ERROR] LogOutputStream:75 - [STDERR_REDIRECT] [Fatal Error] :1:1: Premature end of file.
2026-09-27 16:26:36,556 [ERROR] LogOutputStream:75 - [STDERR_REDIRECT] 
2026-09-27 16:26:37,556 [ERROR] LogOutputStream:75 - [STDERR_REDIRECT] [Fatal Error] :1:1: Premature end of file.
2026-09-27 16:26:37,556 [ERROR] LogOutputStream:75 - [STDERR_REDIRECT] 
2026-09-27 16:26:38,558 [ERROR] LogOutputStream:75 - [STDERR_REDIRECT] [Fatal Error] :1:1: Premature end of file.
2026-09-27 16:26:38,558 [ERROR] LogOutputStream:75 - [STDERR_REDIRECT] 
2026-09-27 16:26:39,554 [ERROR] LogOutputStream:75 - [STDERR_REDIRECT] [Fatal Error] :1:1: Premature end of file.
2026-09-27 16:26:39,555 [ERROR] LogOutputStream:75 - [STDERR_REDIRECT] 
2026-09-27 16:26:40,557 [ERROR] LogOutputStream:75 - [STDERR_REDIRECT] [Fatal Error] :1:1: Premature end of file.
2026-09-27 16:26:40,557 [ERROR] LogOutputStream:75 - [STDERR_REDIRECT] 
2026-09-27 16:26:41,558 [ERROR] LogOutputStream:75 - [STDERR_REDIRECT] [Fatal Error] :1:1: Premature end of file.
2026-09-27 16:26:41,558 [ERROR] LogOutputStream:75 - [STDERR_REDIRECT] 
2026-09-27 16:26:42,558 [ERROR] LogOutputStream:75 - [STDERR_REDIRECT] [Fatal Error] :1:1: Premature end of file.
2026-09-27 16:26:42,558 [ERROR] LogOutputStream:75 - [STDERR_REDIRECT] 
2026-09-27 16:26:43,554 [ERROR] LogOutputStream:75 - [STDERR_REDIRECT] [Fatal Error] :1:1: Premature end of file.
2026-09-27 16:26:43,554 [ERROR] LogOutputStream:75 - [STDERR_REDIRECT] 
2026-09-27 16:26:44,557 [ERROR] LogOutputStream:75 - [STDERR_REDIRECT] [Fatal Error] :1:1: Premature end of file.
2026-09-27 16:26:44,558 [ERROR] LogOutputStream:75 - [STDERR_REDIRECT] 
2026-09-27 16:26:45,556 [ERROR] LogOutputStream:75 - [STDERR_REDIRECT] [Fatal Error] :1:1: Premature end of file.
2026-09-27 16:26:45,556 [ERROR] LogOutputStream:75 - [STDERR_REDIRECT] 
2026-09-27 16:26:46,556 [ERROR] LogOutputStream:75 - [STDERR_REDIRECT] [Fatal Error] :1:1: Premature end of file.
2026-09-27 16:26:46,556 [ERROR] LogOutputStream:75 - [STDERR_REDIRECT] 
2026-09-27 16:26:47,557 [ERROR] LogOutputStream:75 - [STDERR_REDIRECT] [Fatal Error] :1:1: Premature end of file.
2026-09-27 16:26:47,558 [ERROR] LogOutputStream:75 - [STDERR_REDIRECT] 
2026-09-27 16:26:48,555 [ERROR] LogOutputStream:75 - [STDERR_REDIRECT] [Fatal Error] :1:1: Premature end of file.
2026-09-27 16:26:48,555 [ERROR] LogOutputStream:75 - [STDERR_REDIRECT] 
2026-09-27 16:26:49,556 [ERROR] LogOutputStream:75 - [STDERR_REDIRECT] [Fatal Error] :1:1: Premature end of file.
2026-09-27 16:26:49,556 [ERROR] LogOutputStream:75 - [STDERR_REDIRECT] 
2026-09-27 16:26:50,556 [ERROR] LogOutputStream:75 - [STDERR_REDIRECT] [Fatal Error] :1:1: Premature end of file.
2026-09-27 16:26:50,556 [ERROR] LogOutputStream:75 - [STDERR_REDIRECT] 
2026-09-27 16:26:51,558 [ERROR] LogOutputStream:75 - [STDERR_REDIRECT] [Fatal Error] :1:1: Premature end of file.
2026-09-27 16:26:51,558 [ERROR] LogOutputStream:75 - [STDERR_REDIRECT] 
2026-09-27 16:26:52,557 [ERROR] LogOutputStream:75 - [STDERR_REDIRECT] [Fatal Error] :1:1: Premature end of file.
2026-09-27 16:26:52,558 [ERROR] LogOutputStream:75 - [STDERR_REDIRECT] 
2026-09-27 16:26:53,555 [ERROR] LogOutputStream:75 - [STDERR_REDIRECT] [Fatal Error] :1:1: Premature end of file.
2026-09-27 16:26:53,555 [ERROR] LogOutputStream:75 - [STDERR_REDIRECT] 
2026-09-27 16:26:54,558 [ERROR] LogOutputStream:75 - [STDERR_REDIRECT] [Fatal Error] :1:1: Premature end of file.
2026-09-27 16:26:54,558 [ERROR] LogOutputStream:75 - [STDERR_REDIRECT] 
2026-09-27 16:26:55,555 [ERROR] LogOutputStream:75 - [STDERR_REDIRECT] [Fatal Error] :1:1: Premature end of file.
2026-09-27 16:26:55,556 [ERROR] LogOutputStream:75 - [STDERR_REDIRECT] 
2026-09-27 16:26:56,556 [ERROR] LogOutputStream:75 - [STDERR_REDIRECT] [Fatal Error] :1:1: Premature end of file.
2026-09-27 16:26:56,556 [ERROR] LogOutputStream:75 - [STDERR_REDIRECT] 
2026-09-27 16:26:57,556 [ERROR] LogOutputStream:75 - [STDERR_REDIRECT] [Fatal Error] :1:1: Premature end of file.
2026-09-27 16:26:57,556 [ERROR] LogOutputStream:75 - [STDERR_REDIRECT] 
2026-09-27 16:26:58,555 [ERROR] LogOutputStream:75 - [STDERR_REDIRECT] [Fatal Error] :1:1: Premature end of file.
2026-09-27 16:26:58,555 [ERROR] LogOutputStream:75 - [STDERR_REDIRECT] 
2026-09-27 16:26:59,555 [ERROR] LogOutputStream:75 - [STDERR_REDIRECT] [Fatal Error] :1:1: Premature end of file.
2026-09-27 16:26:59,555 [ERROR] LogOutputStream:75 - [STDERR_REDIRECT] 
2026-09-27 16:27:00,559 [ERROR] LogOutputStream:75 - [STDERR_REDIRECT] [Fatal Error] :1:1: Premature end of file.
2026-09-27 16:27:00,559 [ERROR] LogOutputStream:75 - [STDERR_REDIRECT] 
2026-09-27 16:27:01,555 [ERROR] LogOutputStream:75 - [STDERR_REDIRECT] [Fatal Error] :1:1: Premature end of file.
2026-09-27 16:27:01,555 [ERROR] LogOutputStream:75 - [STDERR_REDIRECT] 
2026-09-27 16:27:02,555 [ERROR] LogOutputStream:75 - [STDERR_REDIRECT] [Fatal Error] :1:1: Premature end of file.
2026-09-27 16:27:02,555 [ERROR] LogOutputStream:75 - [STDERR_REDIRECT] 
2026-09-27 16:27:03,556 [ERROR] LogOutputStream:75 - [STDERR_REDIRECT] [Fatal Error] :1:1: Premature end of file.
2026-09-27 16:27:03,556 [ERROR] LogOutputStream:75 - [STDERR_REDIRECT] 
2026-09-27 16:27:04,560 [ERROR] LogOutputStream:75 - [STDERR_REDIRECT] [Fatal Error] :1:1: Premature end of file.
2026-09-27 16:27:04,560 [ERROR] LogOutputStream:75 - [STDERR_REDIRECT] 
2026-09-27 16:27:05,555 [ERROR] LogOutputStream:75 - [STDERR_REDIRECT] [Fatal Error] :1:1: Premature end of file.
2026-09-27 16:27:05,555 [ERROR] LogOutputStream:75 - [STDERR_REDIRECT] 
2026-09-27 16:27:06,561 [ERROR] LogOutputStream:75 - [STDERR_REDIRECT] [Fatal Error] :1:1: Premature end of file.
2026-09-27 16:27:06,561 [ERROR] LogOutputStream:75 - [STDERR_REDIRECT] 
2026-09-27 16:27:07,557 [ERROR] LogOutputStream:75 - [STDERR_REDIRECT] [Fatal Error] :1:1: Premature end of file.
2026-09-27 16:27:07,557 [ERROR] LogOutputStream:75 - [STDERR_REDIRECT] 
2026-09-27 16:27:08,559 [ERROR] LogOutputStream:75 - [STDERR_REDIRECT] [Fatal Error] :1:1: Premature end of file.
2026-09-27 16:27:08,559 [ERROR] LogOutputStream:75 - [STDERR_REDIRECT] 
2026-09-27 16:27:09,558 [ERROR] LogOutputStream:75 - [STDERR_REDIRECT] [Fatal Error] :1:1: Premature end of file.
2026-09-27 16:27:09,559 [ERROR] LogOutputStream:75 - [STDERR_REDIRECT] 
2026-09-27 16:27:10,559 [ERROR] LogOutputStream:75 - [STDERR_REDIRECT] [Fatal Error] :1:1: Premature end of file.
2026-09-27 16:27:10,559 [ERROR] LogOutputStream:75 - [STDERR_REDIRECT] 
2026-09-27 16:27:11,560 [ERROR] LogOutputStream:75 - [STDERR_REDIRECT] [Fatal Error] :1:1: Premature end of file.
2026-09-27 16:27:11,560 [ERROR] LogOutputStream:75 - [STDERR_REDIRECT] 
2026-09-27 16:27:12,560 [ERROR] LogOutputStream:75 - [STDERR_REDIRECT] [Fatal Error] :1:1: Premature end of file.
2026-09-27 16:27:12,560 [ERROR] LogOutputStream:75 - [STDERR_REDIRECT] 
2026-09-27 16:27:13,554 [ERROR] LogOutputStream:75 - [STDERR_REDIRECT] [Fatal Error] :1:1: Premature end of file.
2026-09-27 16:27:13,554 [ERROR] LogOutputStream:75 - [STDERR_REDIRECT] 
2026-09-27 16:27:14,555 [ERROR] LogOutputStream:75 - [STDERR_REDIRECT] [Fatal Error] :1:1: Premature end of file.
2026-09-27 16:27:14,555 [ERROR] LogOutputStream:75 - [STDERR_REDIRECT] 
2026-09-27 16:27:15,556 [ERROR] LogOutputStream:75 - [STDERR_REDIRECT] [Fatal Error] :1:1: Premature end of file.
2026-09-27 16:27:15,557 [ERROR] LogOutputStream:75 - [STDERR_REDIRECT] 
2026-09-27 16:27:16,555 [ERROR] LogOutputStream:75 - [STDERR_REDIRECT] [Fatal Error] :1:1: Premature end of file.
2026-09-27 16:27:16,555 [ERROR] LogOutputStream:75 - [STDERR_REDIRECT] 
2026-09-27 16:27:17,555 [ERROR] LogOutputStream:75 - [STDERR_REDIRECT] [Fatal Error] :1:1: Premature end of file.
2026-09-27 16:27:17,555 [ERROR] LogOutputStream:75 - [STDERR_REDIRECT] 
2026-09-27 16:27:18,556 [ERROR] LogOutputStream:75 - [STDERR_REDIRECT] [Fatal Error] :1:1: Premature end of file.
2026-09-27 16:27:18,557 [ERROR] LogOutputStream:75 - [STDERR_REDIRECT] 
2026-09-27 16:27:19,561 [ERROR] LogOutputStream:75 - [STDERR_REDIRECT] [Fatal Error] :1:1: Premature end of file.
2026-09-27 16:27:19,561 [ERROR] LogOutputStream:75 - [STDERR_REDIRECT] 
2026-09-27 16:27:20,558 [ERROR] LogOutputStream:75 - [STDERR_REDIRECT] [Fatal Error] :1:1: Premature end of file.
2026-09-27 16:27:20,559 [ERROR] LogOutputStream:75 - [STDERR_REDIRECT] 
2026-09-27 16:27:21,558 [ERROR] LogOutputStream:75 - [STDERR_REDIRECT] [Fatal Error] :1:1: Premature end of file.
2026-09-27 16:27:21,558 [ERROR] LogOutputStream:75 - [STDERR_REDIRECT] 
2026-09-27 16:27:22,559 [ERROR] LogOutputStream:75 - [STDERR_REDIRECT] [Fatal Error] :1:1: Premature end of file.
2026-09-27 16:27:22,559 [ERROR] LogOutputStream:75 - [STDERR_REDIRECT] 
2026-09-27 16:27:23,559 [ERROR] LogOutputStream:75 - [STDERR_REDIRECT] [Fatal Error] :1:1: Premature end of file.
2026-09-27 16:27:23,559 [ERROR] LogOutputStream:75 - [STDERR_REDIRECT] 
2026-09-27 16:27:24,555 [ERROR] LogOutputStream:75 - [STDERR_REDIRECT] [Fatal Error] :1:1: Premature end of file.
2026-09-27 16:27:24,556 [ERROR] LogOutputStream:75 - [STDERR_REDIRECT] 
2026-09-27 16:27:25,560 [ERROR] LogOutputStream:75 - [STDERR_REDIRECT] [Fatal Error] :1:1: Premature end of file.
2026-09-27 16:27:25,560 [ERROR] LogOutputStream:75 - [STDERR_REDIRECT] 
2026-09-27 16:27:26,556 [ERROR] LogOutputStream:75 - [STDERR_REDIRECT] [Fatal Error] :1:1: Premature end of file.
2026-09-27 16:27:26,557 [ERROR] LogOutputStream:75 - [STDERR_REDIRECT] 
2026-09-27 16:27:27,555 [ERROR] LogOutputStream:75 - [STDERR_REDIRECT] [Fatal Error] :1:1: Premature end of file.
2026-09-27 16:27:27,555 [ERROR] LogOutputStream:75 - [STDERR_REDIRECT] 
2026-09-27 16:27:28,560 [ERROR] LogOutputStream:75 - [STDERR_REDIRECT] [Fatal Error] :1:1: Premature end of file.
2026-09-27 16:27:28,560 [ERROR] LogOutputStream:75 - [STDERR_REDIRECT] 
2026-09-27 16:27:29,559 [ERROR] LogOutputStream:75 - [STDERR_REDIRECT] [Fatal Error] :1:1: Premature end of file.
2026-09-27 16:27:29,559 [ERROR] LogOutputStream:75 - [STDERR_REDIRECT] 
2026-09-27 16:27:30,566 [ERROR] LogOutputStream:75 - [STDERR_REDIRECT] [Fatal Error] :1:1: Premature end of file.
2026-09-27 16:27:30,567 [ERROR] LogOutputStream:75 - [STDERR_REDIRECT] 
2026-09-27 16:27:31,560 [ERROR] LogOutputStream:75 - [STDERR_REDIRECT] [Fatal Error] :1:1: Premature end of file.
2026-09-27 16:27:31,561 [ERROR] LogOutputStream:75 - [STDERR_REDIRECT] 
2026-09-27 16:27:32,558 [ERROR] LogOutputStream:75 - [STDERR_REDIRECT] [Fatal Error] :1:1: Premature end of file.
2026-09-27 16:27:32,558 [ERROR] LogOutputStream:75 - [STDERR_REDIRECT] 
2026-09-27 16:27:33,555 [ERROR] LogOutputStream:75 - [STDERR_REDIRECT] [Fatal Error] :1:1: Premature end of file.
2026-09-27 16:27:33,555 [ERROR] LogOutputStream:75 - [STDERR_REDIRECT] 
2026-09-27 16:27:34,555 [ERROR] LogOutputStream:75 - [STDERR_REDIRECT] [Fatal Error] :1:1: Premature end of file.
2026-09-27 16:27:34,555 [ERROR] LogOutputStream:75 - [STDERR_REDIRECT] 
2026-09-27 16:27:35,558 [ERROR] LogOutputStream:75 - [STDERR_REDIRECT] [Fatal Error] :1:1: Premature end of file.
2026-09-27 16:27:35,558 [ERROR] LogOutputStream:75 - [STDERR_REDIRECT] 
2026-09-27 16:27:36,559 [ERROR] LogOutputStream:75 - [STDERR_REDIRECT] [Fatal Error] :1:1: Premature end of file.
2026-09-27 16:27:36,559 [ERROR] LogOutputStream:75 - [STDERR_REDIRECT] 
2026-09-27 16:27:37,555 [ERROR] LogOutputStream:75 - [STDERR_REDIRECT] [Fatal Error] :1:1: Premature end of file.
2026-09-27 16:27:37,555 [ERROR] LogOutputStream:75 - [STDERR_REDIRECT] 
2026-09-27 16:27:38,568 [ERROR] LogOutputStream:75 - [STDERR_REDIRECT] [Fatal Error] :1:1: Premature end of file.
2026-09-27 16:27:38,568 [ERROR] LogOutputStream:75 - [STDERR_REDIRECT] 
2026-09-27 16:27:39,558 [ERROR] LogOutputStream:75 - [STDERR_REDIRECT] [Fatal Error] :1:1: Premature end of file.
2026-09-27 16:27:39,558 [ERROR] LogOutputStream:75 - [STDERR_REDIRECT] 
2026-09-27 16:27:40,558 [ERROR] LogOutputStream:75 - [STDERR_REDIRECT] [Fatal Error] :1:1: Premature end of file.
2026-09-27 16:27:40,558 [ERROR] LogOutputStream:75 - [STDERR_REDIRECT] 
2026-09-27 16:27:41,556 [ERROR] LogOutputStream:75 - [STDERR_REDIRECT] [Fatal Error] :1:1: Premature end of file.
2026-09-27 16:27:41,556 [ERROR] LogOutputStream:75 - [STDERR_REDIRECT] 
2026-09-27 16:27:42,558 [ERROR] LogOutputStream:75 - [STDERR_REDIRECT] [Fatal Error] :1:1: Premature end of file.
2026-09-27 16:27:42,560 [ERROR] LogOutputStream:75 - [STDERR_REDIRECT] 
2026-09-27 16:27:43,557 [ERROR] LogOutputStream:75 - [STDERR_REDIRECT] [Fatal Error] :1:1: Premature end of file.
2026-09-27 16:27:43,557 [ERROR] LogOutputStream:75 - [STDERR_REDIRECT] 
2026-09-27 16:27:44,556 [ERROR] LogOutputStream:75 - [STDERR_REDIRECT] [Fatal Error] :1:1: Premature end of file.
2026-09-27 16:27:44,556 [ERROR] LogOutputStream:75 - [STDERR_REDIRECT] 
2026-09-27 16:27:45,559 [ERROR] LogOutputStream:75 - [STDERR_REDIRECT] [Fatal Error] :1:1: Premature end of file.
2026-09-27 16:27:45,560 [ERROR] LogOutputStream:75 - [STDERR_REDIRECT] 
2026-09-27 16:27:46,559 [ERROR] LogOutputStream:75 - [STDERR_REDIRECT] [Fatal Error] :1:1: Premature end of file.
2026-09-27 16:27:46,559 [ERROR] LogOutputStream:75 - [STDERR_REDIRECT] 
2026-09-27 16:27:47,555 [ERROR] LogOutputStream:75 - [STDERR_REDIRECT] [Fatal Error] :1:1: Premature end of file.
2026-09-27 16:27:47,555 [ERROR] LogOutputStream:75 - [STDERR_REDIRECT] 
2026-09-27 16:27:48,556 [ERROR] LogOutputStream:75 - [STDERR_REDIRECT] [Fatal Error] :1:1: Premature end of file.
2026-09-27 16:27:48,556 [ERROR] LogOutputStream:75 - [STDERR_REDIRECT] 
2026-09-27 16:27:49,567 [ERROR] LogOutputStream:75 - [STDERR_REDIRECT] [Fatal Error] :1:1: Premature end of file.
2026-09-27 16:27:49,567 [ERROR] LogOutputStream:75 - [STDERR_REDIRECT] 
2026-09-27 16:27:50,556 [ERROR] LogOutputStream:75 - [STDERR_REDIRECT] [Fatal Error] :1:1: Premature end of file.
2026-09-27 16:27:50,556 [ERROR] LogOutputStream:75 - [STDERR_REDIRECT] 
2026-09-27 16:27:51,558 [ERROR] LogOutputStream:75 - [STDERR_REDIRECT] [Fatal Error] :1:1: Premature end of file.
2026-09-27 16:27:51,558 [ERROR] LogOutputStream:75 - [STDERR_REDIRECT] 
2026-09-27 16:27:52,555 [ERROR] LogOutputStream:75 - [STDERR_REDIRECT] [Fatal Error] :1:1: Premature end of file.
2026-09-27 16:27:52,555 [ERROR] LogOutputStream:75 - [STDERR_REDIRECT] 
2026-09-27 16:27:53,557 [ERROR] LogOutputStream:75 - [STDERR_REDIRECT] [Fatal Error] :1:1: Premature end of file.
2026-09-27 16:27:53,557 [ERROR] LogOutputStream:75 - [STDERR_REDIRECT] 
2026-09-27 16:27:54,558 [ERROR] LogOutputStream:75 - [STDERR_REDIRECT] [Fatal Error] :1:1: Premature end of file.
2026-09-27 16:27:54,558 [ERROR] LogOutputStream:75 - [STDERR_REDIRECT] 
2026-09-27 16:27:55,557 [ERROR] LogOutputStream:75 - [STDERR_REDIRECT] [Fatal Error] :1:1: Premature end of file.
2026-09-27 16:27:55,557 [ERROR] LogOutputStream:75 - [STDERR_REDIRECT] 
2026-09-27 16:27:56,558 [ERROR] LogOutputStream:75 - [STDERR_REDIRECT] [Fatal Error] :1:1: Premature end of file.
2026-09-27 16:27:56,558 [ERROR] LogOutputStream:75 - [STDERR_REDIRECT] 
2026-09-27 16:27:57,555 [ERROR] LogOutputStream:75 - [STDERR_REDIRECT] [Fatal Error] :1:1: Premature end of file.
2026-09-27 16:27:57,555 [ERROR] LogOutputStream:75 - [STDERR_REDIRECT] 
2026-09-27 16:27:58,557 [ERROR] LogOutputStream:75 - [STDERR_REDIRECT] [Fatal Error] :1:1: Premature end of file.
2026-09-27 16:27:58,557 [ERROR] LogOutputStream:75 - [STDERR_REDIRECT] 
2026-09-27 16:27:59,558 [ERROR] LogOutputStream:75 - [STDERR_REDIRECT] [Fatal Error] :1:1: Premature end of file.
2026-09-27 16:27:59,558 [ERROR] LogOutputStream:75 - [STDERR_REDIRECT] 
2026-09-27 16:28:00,560 [ERROR] LogOutputStream:75 - [STDERR_REDIRECT] [Fatal Error] :1:1: Premature end of file.
2026-09-27 16:28:00,560 [ERROR] LogOutputStream:75 - [STDERR_REDIRECT] 
2026-09-27 16:28:01,561 [ERROR] LogOutputStream:75 - [STDERR_REDIRECT] [Fatal Error] :1:1: Premature end of file.
2026-09-27 16:28:01,561 [ERROR] LogOutputStream:75 - [STDERR_REDIRECT] 
2026-09-27 16:28:02,558 [ERROR] LogOutputStream:75 - [STDERR_REDIRECT] [Fatal Error] :1:1: Premature end of file.
2026-09-27 16:28:02,560 [ERROR] LogOutputStream:75 - [STDERR_REDIRECT] 
2026-09-27 16:28:03,558 [ERROR] LogOutputStream:75 - [STDERR_REDIRECT] [Fatal Error] :1:1: Premature end of file.
2026-09-27 16:28:03,558 [ERROR] LogOutputStream:75 - [STDERR_REDIRECT] 
2026-09-27 16:28:04,549 [ERROR] LogOutputStream:75 - [STDERR_REDIRECT] [Fatal Error] :1:1: Premature end of file.
2026-09-27 16:28:04,555 [ERROR] LogOutputStream:75 - [STDERR_REDIRECT] 
2026-09-27 16:28:05,552 [ERROR] LogOutputStream:75 - [STDERR_REDIRECT] [Fatal Error] :1:1: Premature end of file.
2026-09-27 16:28:05,557 [ERROR] LogOutputStream:75 - [STDERR_REDIRECT] 
2026-09-27 16:28:06,555 [ERROR] LogOutputStream:75 - [STDERR_REDIRECT] [Fatal Error] :1:1: Premature end of file.
2026-09-27 16:28:06,556 [ERROR] LogOutputStream:75 - [STDERR_REDIRECT] 
2026-09-27 16:28:07,555 [ERROR] LogOutputStream:75 - [STDERR_REDIRECT] [Fatal Error] :1:1: Premature end of file.
2026-09-27 16:28:07,555 [ERROR] LogOutputStream:75 - [STDERR_REDIRECT] 
2026-09-27 16:28:08,559 [ERROR] LogOutputStream:75 - [STDERR_REDIRECT] [Fatal Error] :1:1: Premature end of file.
2026-09-27 16:28:08,559 [ERROR] LogOutputStream:75 - [STDERR_REDIRECT] 
2026-09-27 16:28:09,560 [ERROR] LogOutputStream:75 - [STDERR_REDIRECT] [Fatal Error] :1:1: Premature end of file.
2026-09-27 16:28:09,560 [ERROR] LogOutputStream:75 - [STDERR_REDIRECT] 
2026-09-27 16:28:10,556 [ERROR] LogOutputStream:75 - [STDERR_REDIRECT] [Fatal Error] :1:1: Premature end of file.
2026-09-27 16:28:10,556 [ERROR] LogOutputStream:75 - [STDERR_REDIRECT] 
2026-09-27 16:28:11,556 [ERROR] LogOutputStream:75 - [STDERR_REDIRECT] [Fatal Error] :1:1: Premature end of file.
2026-09-27 16:28:11,556 [ERROR] LogOutputStream:75 - [STDERR_REDIRECT] 
2026-09-27 16:28:12,558 [ERROR] LogOutputStream:75 - [STDERR_REDIRECT] [Fatal Error] :1:1: Premature end of file.
2026-09-27 16:28:12,558 [ERROR] LogOutputStream:75 - [STDERR_REDIRECT] 
2026-09-27 16:28:13,555 [ERROR] LogOutputStream:75 - [STDERR_REDIRECT] [Fatal Error] :1:1: Premature end of file.
2026-09-27 16:28:13,555 [ERROR] LogOutputStream:75 - [STDERR_REDIRECT] 
2026-09-27 16:28:14,558 [ERROR] LogOutputStream:75 - [STDERR_REDIRECT] [Fatal Error] :1:1: Premature end of file.
2026-09-27 16:28:14,558 [ERROR] LogOutputStream:75 - [STDERR_REDIRECT] 
2026-09-27 16:28:15,557 [ERROR] LogOutputStream:75 - [STDERR_REDIRECT] [Fatal Error] :1:1: Premature end of file.
2026-09-27 16:28:15,557 [ERROR] LogOutputStream:75 - [STDERR_REDIRECT] 
2026-09-27 16:28:15,573 [INFO] McuFinderGlobals:63 - Set McuFinder mode to 2 (CubeIDE integrated)
2026-09-27 16:28:15,576 [INFO] MainUpdater:2872 - connection check result : 10
2026-09-27 16:28:15,579 [INFO] McuFinderGlobals:76 - Set McuFinderConnectedMode to true
2026-09-27 16:28:16,027 [INFO] ServerAccessManage:452 - Complete download http(s) 200
2026-09-27 16:28:16,027 [INFO] ServerAccessManage:509 - Download File mcusAds.json._tmp_
2026-09-27 16:28:16,133 [INFO] LoadUrlFilesThread:156 - End of LoadUrlFiles Thread
2026-09-27 16:28:16,558 [ERROR] LogOutputStream:75 - [STDERR_REDIRECT] [Fatal Error] :1:1: Premature end of file.
2026-09-27 16:28:16,558 [ERROR] LogOutputStream:75 - [STDERR_REDIRECT] 
2026-09-27 16:28:16,607 [INFO] ServerAccessManage:452 - Complete download http(s) 200
2026-09-27 16:28:16,607 [INFO] ServerAccessManage:509 - Download File cube-finder-db.zip
2026-09-27 16:28:17,568 [ERROR] LogOutputStream:75 - [STDERR_REDIRECT] [Fatal Error] :1:1: Premature end of file.
2026-09-27 16:28:17,568 [ERROR] LogOutputStream:75 - [STDERR_REDIRECT] 
2026-09-27 16:28:18,560 [ERROR] LogOutputStream:75 - [STDERR_REDIRECT] [Fatal Error] :1:1: Premature end of file.
2026-09-27 16:28:18,560 [ERROR] LogOutputStream:75 - [STDERR_REDIRECT] 
2026-09-27 16:28:19,555 [ERROR] LogOutputStream:75 - [STDERR_REDIRECT] [Fatal Error] :1:1: Premature end of file.
2026-09-27 16:28:19,555 [ERROR] LogOutputStream:75 - [STDERR_REDIRECT] 
2026-09-27 16:28:20,556 [ERROR] LogOutputStream:75 - [STDERR_REDIRECT] [Fatal Error] :1:1: Premature end of file.
2026-09-27 16:28:20,556 [ERROR] LogOutputStream:75 - [STDERR_REDIRECT] 
2026-09-27 16:28:21,552 [ERROR] LogOutputStream:75 - [STDERR_REDIRECT] [Fatal Error] :1:1: Premature end of file.
2026-09-27 16:28:21,552 [ERROR] LogOutputStream:75 - [STDERR_REDIRECT] 
2026-09-27 16:28:22,560 [ERROR] LogOutputStream:75 - [STDERR_REDIRECT] [Fatal Error] :1:1: Premature end of file.
2026-09-27 16:28:22,560 [ERROR] LogOutputStream:75 - [STDERR_REDIRECT] 
2026-09-27 16:28:23,569 [ERROR] LogOutputStream:75 - [STDERR_REDIRECT] [Fatal Error] :1:1: Premature end of file.
2026-09-27 16:28:23,569 [ERROR] LogOutputStream:75 - [STDERR_REDIRECT] 
2026-09-27 16:28:24,556 [ERROR] LogOutputStream:75 - [STDERR_REDIRECT] [Fatal Error] :1:1: Premature end of file.
2026-09-27 16:28:24,556 [ERROR] LogOutputStream:75 - [STDERR_REDIRECT] 
2026-09-27 16:28:25,560 [ERROR] LogOutputStream:75 - [STDERR_REDIRECT] [Fatal Error] :1:1: Premature end of file.
2026-09-27 16:28:25,560 [ERROR] LogOutputStream:75 - [STDERR_REDIRECT] 
2026-09-27 16:28:26,564 [ERROR] LogOutputStream:75 - [STDERR_REDIRECT] [Fatal Error] :1:1: Premature end of file.
2026-09-27 16:28:26,564 [ERROR] LogOutputStream:75 - [STDERR_REDIRECT] 
2026-09-27 16:28:27,559 [ERROR] LogOutputStream:75 - [STDERR_REDIRECT] [Fatal Error] :1:1: Premature end of file.
2026-09-27 16:28:27,559 [ERROR] LogOutputStream:75 - [STDERR_REDIRECT] 
2026-09-27 16:28:28,559 [ERROR] LogOutputStream:75 - [STDERR_REDIRECT] [Fatal Error] :1:1: Premature end of file.
2026-09-27 16:28:28,559 [ERROR] LogOutputStream:75 - [STDERR_REDIRECT] 
2026-09-27 16:28:29,554 [ERROR] LogOutputStream:75 - [STDERR_REDIRECT] [Fatal Error] :1:1: Premature end of file.
2026-09-27 16:28:29,556 [ERROR] LogOutputStream:75 - [STDERR_REDIRECT] 
2026-09-27 16:28:30,556 [ERROR] LogOutputStream:75 - [STDERR_REDIRECT] [Fatal Error] :1:1: Premature end of file.
2026-09-27 16:28:30,556 [ERROR] LogOutputStream:75 - [STDERR_REDIRECT] 
2026-09-27 16:28:31,192 [INFO] FileExtend:248 - Unzip File : cube-finder-db.zip
2026-09-27 16:28:31,192 [INFO] FileExtend:263 - Standard Zip Deflate
2026-09-27 16:28:31,558 [ERROR] LogOutputStream:75 - [STDERR_REDIRECT] [Fatal Error] :1:1: Premature end of file.
2026-09-27 16:28:31,558 [ERROR] LogOutputStream:75 - [STDERR_REDIRECT] 
2026-09-27 16:28:31,738 [INFO] LoadUrlFilesThread:156 - End of LoadUrlFiles Thread
2026-09-27 16:28:32,556 [ERROR] LogOutputStream:75 - [STDERR_REDIRECT] [Fatal Error] :1:1: Premature end of file.
2026-09-27 16:28:32,556 [ERROR] LogOutputStream:75 - [STDERR_REDIRECT] 
2026-09-27 16:28:33,552 [ERROR] LogOutputStream:75 - [STDERR_REDIRECT] [Fatal Error] :1:1: Premature end of file.
2026-09-27 16:28:33,556 [ERROR] LogOutputStream:75 - [STDERR_REDIRECT] 
2026-09-27 16:28:34,556 [ERROR] LogOutputStream:75 - [STDERR_REDIRECT] [Fatal Error] :1:1: Premature end of file.
2026-09-27 16:28:34,556 [ERROR] LogOutputStream:75 - [STDERR_REDIRECT] 
2026-09-27 16:28:35,556 [ERROR] LogOutputStream:75 - [STDERR_REDIRECT] [Fatal Error] :1:1: Premature end of file.
2026-09-27 16:28:35,556 [ERROR] LogOutputStream:75 - [STDERR_REDIRECT] 
2026-09-27 16:28:36,552 [ERROR] LogOutputStream:75 - [STDERR_REDIRECT] [Fatal Error] :1:1: Premature end of file.
2026-09-27 16:28:36,552 [ERROR] LogOutputStream:75 - [STDERR_REDIRECT] 
2026-09-27 16:28:37,559 [ERROR] LogOutputStream:75 - [STDERR_REDIRECT] [Fatal Error] :1:1: Premature end of file.
2026-09-27 16:28:37,559 [ERROR] LogOutputStream:75 - [STDERR_REDIRECT] 
2026-09-27 16:28:38,556 [ERROR] LogOutputStream:75 - [STDERR_REDIRECT] [Fatal Error] :1:1: Premature end of file.
2026-09-27 16:28:38,556 [ERROR] LogOutputStream:75 - [STDERR_REDIRECT] 
2026-09-27 16:28:39,555 [ERROR] LogOutputStream:75 - [STDERR_REDIRECT] [Fatal Error] :1:1: Premature end of file.
2026-09-27 16:28:39,555 [ERROR] LogOutputStream:75 - [STDERR_REDIRECT] 
2026-09-27 16:28:40,552 [ERROR] LogOutputStream:75 - [STDERR_REDIRECT] [Fatal Error] :1:1: Premature end of file.
2026-09-27 16:28:40,552 [ERROR] LogOutputStream:75 - [STDERR_REDIRECT] 
2026-09-27 16:28:41,552 [ERROR] LogOutputStream:75 - [STDERR_REDIRECT] [Fatal Error] :1:1: Premature end of file.
2026-09-27 16:28:41,552 [ERROR] LogOutputStream:75 - [STDERR_REDIRECT] 
2026-09-27 16:28:42,563 [ERROR] LogOutputStream:75 - [STDERR_REDIRECT] [Fatal Error] :1:1: Premature end of file.
2026-09-27 16:28:42,563 [ERROR] LogOutputStream:75 - [STDERR_REDIRECT] 
2026-09-27 16:28:43,555 [ERROR] LogOutputStream:75 - [STDERR_REDIRECT] [Fatal Error] :1:1: Premature end of file.
2026-09-27 16:28:43,555 [ERROR] LogOutputStream:75 - [STDERR_REDIRECT] 
2026-09-27 16:28:44,552 [ERROR] LogOutputStream:75 - [STDERR_REDIRECT] [Fatal Error] :1:1: Premature end of file.
2026-09-27 16:28:44,552 [ERROR] LogOutputStream:75 - [STDERR_REDIRECT] 
2026-09-27 16:28:45,558 [ERROR] LogOutputStream:75 - [STDERR_REDIRECT] [Fatal Error] :1:1: Premature end of file.
2026-09-27 16:28:45,558 [ERROR] LogOutputStream:75 - [STDERR_REDIRECT] 
2026-09-27 16:28:46,556 [ERROR] LogOutputStream:75 - [STDERR_REDIRECT] [Fatal Error] :1:1: Premature end of file.
2026-09-27 16:28:46,556 [ERROR] LogOutputStream:75 - [STDERR_REDIRECT] 
2026-09-27 16:28:47,555 [ERROR] LogOutputStream:75 - [STDERR_REDIRECT] [Fatal Error] :1:1: Premature end of file.
2026-09-27 16:28:47,555 [ERROR] LogOutputStream:75 - [STDERR_REDIRECT] 
2026-09-27 16:28:48,553 [ERROR] LogOutputStream:75 - [STDERR_REDIRECT] [Fatal Error] :1:1: Premature end of file.
2026-09-27 16:28:48,555 [ERROR] LogOutputStream:75 - [STDERR_REDIRECT] 
2026-09-27 16:28:49,554 [ERROR] LogOutputStream:75 - [STDERR_REDIRECT] [Fatal Error] :1:1: Premature end of file.
2026-09-27 16:28:49,554 [ERROR] LogOutputStream:75 - [STDERR_REDIRECT] 
2026-09-27 16:28:50,554 [ERROR] LogOutputStream:75 - [STDERR_REDIRECT] [Fatal Error] :1:1: Premature end of file.
2026-09-27 16:28:50,554 [ERROR] LogOutputStream:75 - [STDERR_REDIRECT] 
2026-09-27 16:28:51,558 [ERROR] LogOutputStream:75 - [STDERR_REDIRECT] [Fatal Error] :1:1: Premature end of file.
2026-09-27 16:28:51,558 [ERROR] LogOutputStream:75 - [STDERR_REDIRECT] 
2026-09-27 16:28:52,566 [ERROR] LogOutputStream:75 - [STDERR_REDIRECT] [Fatal Error] :1:1: Premature end of file.
2026-09-27 16:28:52,566 [ERROR] LogOutputStream:75 - [STDERR_REDIRECT] 
2026-09-27 16:28:52,994 [ERROR] ServerAccessManage:1295 - Problem during Server Connection :  IO error Connection timed out: getsockopt
2026-09-27 16:28:52,994 [ERROR] ServerAccessManage:740 - Problem during Server Connection :  : crdb.zip.
2026-09-27 16:28:53,551 [ERROR] LogOutputStream:75 - [STDERR_REDIRECT] [Fatal Error] :1:1: Premature end of file.
2026-09-27 16:28:53,551 [ERROR] LogOutputStream:75 - [STDERR_REDIRECT] 
2026-09-27 16:28:54,561 [ERROR] LogOutputStream:75 - [STDERR_REDIRECT] [Fatal Error] :1:1: Premature end of file.
2026-09-27 16:28:54,561 [ERROR] LogOutputStream:75 - [STDERR_REDIRECT] 
2026-09-27 16:28:55,555 [ERROR] LogOutputStream:75 - [STDERR_REDIRECT] [Fatal Error] :1:1: Premature end of file.
2026-09-27 16:28:55,555 [ERROR] LogOutputStream:75 - [STDERR_REDIRECT] 
2026-09-27 16:28:56,502 [INFO] LoadUrlFilesThread:156 - End of LoadUrlFiles Thread
2026-09-27 16:28:56,559 [ERROR] LogOutputStream:75 - [STDERR_REDIRECT] [Fatal Error] :1:1: Premature end of file.
2026-09-27 16:28:56,564 [ERROR] LogOutputStream:75 - [STDERR_REDIRECT] 
2026-09-27 16:28:57,548 [ERROR] LogOutputStream:75 - [STDERR_REDIRECT] [Fatal Error] :1:1: Premature end of file.
2026-09-27 16:28:57,548 [ERROR] LogOutputStream:75 - [STDERR_REDIRECT] 
2026-09-27 16:28:57,989 [INFO] DbMcusAds:53 - JSON generation date=Tue Sep 22 15:25:16 TRT 2026 (1790079916640)
2026-09-27 16:28:57,994 [ERROR] TargetSelectorAdapter:267 - Unable to refresh data
2026-09-27 16:28:58,194 [INFO] ApiDb:581 - Connected to CubeFinder SQLite database (C:\Users\HP\.stmcufinder\plugins\mcufinder\mcu\cube-finder-db.db)
2026-09-27 16:28:58,261 [INFO] ApiDb:668 - CubeFinder database Data Model version=2.1
2026-09-27 16:28:58,261 [INFO] ApiDb:669 - CubeFinder database Configuration version=3.0.42
2026-09-27 16:28:58,261 [INFO] ApiDb:670 - CubeFinder database generation date=2026-08-04 (1785840812)
2026-09-27 16:28:58,261 [INFO] ApiDb:671 - CubeFinder database FW Pack versions=[FP-ATR-ASTRA1_V2.0.0, FP-SNS-FLIGHT1_V5.1.0, FP-SNS-MOTENV1_V5.1.0, FP-SNS-MOTENVWB1_V1.5.0, FP-SNS-SMARTAG2_V1.2.0, FP-SNS-STBOX1_V2.1.0, STM32Cube_FW_C0_V1.4.1, STM32Cube_FW_F4_V1.28.3, STM32Cube_FW_F7_V1.17.4, STM32Cube_FW_G0_V1.6.3, STM32Cube_FW_G4_V1.6.2, STM32Cube_FW_H5_V1.7.0, STM32Cube_FW_H7RS_V1.3.0, STM32Cube_FW_H7_V1.13.0, STM32Cube_FW_L0_V1.12.2, STM32Cube_FW_L4_V1.18.2, STM32Cube_FW_L5_V1.6.0, STM32Cube_FW_N6_V1.4.0, STM32Cube_FW_U0_V1.3.0, STM32Cube_FW_U3_V1.4.0, STM32Cube_FW_U5_V1.9.0, STM32Cube_FW_WB0_V1.5.0, STM32Cube_FW_WBA_V1.10.0, STM32Cube_FW_WB_V1.24.0, STM32Cube_FW_WL3_V1.5.0, STM32Cube_FW_WL_V1.6.0, X-CUBE-ALGOBUILD_V1.5.0, X-CUBE-ALS_V1.0.2, X-CUBE-AZRTOS-F4_V1.1.0, X-CUBE-AZRTOS-F7_V1.1.0, X-CUBE-AZRTOS-G0_V1.1.0, X-CUBE-AZRTOS-G4_V2.0.0, X-CUBE-AZRTOS-H7RS_V1.3.0, X-CUBE-AZRTOS-H7_V3.5.0, X-CUBE-AZRTOS-L4_V2.0.0, X-CUBE-AZRTOS-L5_V2.0.0, X-CUBE-AZRTOS-WB_V2.0.0, X-CUBE-AZRTOS-WL_V2.0.0, X-CUBE-BLE1_V7.1.0, X-CUBE-BLE2_V3.3.0, X-CUBE-BLEMGR_V4.2.0, X-CUBE-EEPRMA1_V5.2.0, X-CUBE-FREERTOS_V1.6.0, X-CUBE-GNSS1_V7.1.1, X-CUBE-MEMS1_V13.0.0, X-CUBE-NFC4_V3.0.0, X-CUBE-NFC7_V2.0.0, X-CUBE-SFXS2LP1_V4.0.0, X-CUBE-ST67W61_V1.3.0, X-CUBE-SUBG2_V5.0.0, X-CUBE-TOF1_V3.4.3]
2026-09-27 16:28:58,566 [ERROR] LogOutputStream:75 - [STDERR_REDIRECT] [Fatal Error] :1:1: Premature end of file.
2026-09-27 16:28:58,566 [ERROR] LogOutputStream:75 - [STDERR_REDIRECT] 
2026-09-27 16:28:59,554 [ERROR] LogOutputStream:75 - [STDERR_REDIRECT] [Fatal Error] :1:1: Premature end of file.
2026-09-27 16:28:59,554 [ERROR] LogOutputStream:75 - [STDERR_REDIRECT] 
2026-09-27 16:29:00,374 [INFO] ApiDb:240 - Found 880 in-development CPN: [B-G473E-ZEST1S, B-WB1M-WPAN1, B-WBA5M-WPAN, B-WL5M-SUBG1, NUCLEO-C031C6, NUCLEO-C051C8, NUCLEO-C071RB, NUCLEO-C092RC, NUCLEO-H503RB, NUCLEO-H533RE, NUCLEO-H563ZI, NUCLEO-H7S3L8, NUCLEO-N657X0-Q, NUCLEO-U031R8, NUCLEO-U083RC, NUCLEO-U385RG-Q, NUCLEO-U545RE-Q, NUCLEO-U5A5ZJ-Q, NUCLEO-WB05KZ, NUCLEO-WB07CC, NUCLEO-WB09KE, NUCLEO-WBA52CG, NUCLEO-WBA55CG, NUCLEO-WL33CC1, NUCLEO-WL33CC2, STEVAL-PROTEUS1, STEVAL-SMARTAG2, STEVAL-STWINBX1, STM320518-EVAL, STM32C0116-DK, STM32C011D6Y3TR, STM32C011D6Y6TR, STM32C011F4P3, STM32C011F4P6, STM32C011F4U3, STM32C011F4U6TR, STM32C011F6P3, STM32C011F6P6, STM32C011F6U3, STM32C011F6U6TR, STM32C011J4M3, STM32C011J4M6, STM32C011J6M3, STM32C011J6M6, STM32C0316-DK, STM32C031C4T3, STM32C031C4T6, STM32C031C4U3, STM32C031C4U6, STM32C031C6T3, STM32C031C6T6, STM32C031C6U3, STM32C031C6U6, STM32C031F4P3, STM32C031F4P6, STM32C031F6P3, STM32C031F6P6, STM32C031G4U3, STM32C031G4U6, STM32C031G6U3, STM32C031G6U6, STM32C031K4T3, STM32C031K4T6, STM32C031K4U3, STM32C031K4U6, STM32C031K6T3, STM32C031K6T6, STM32C031K6U3, STM32C031K6U6, STM32C051C6T6, STM32C051C6U6, STM32C051C8T6, STM32C051C8U6, STM32C051D8Y6TR, STM32C051F6P6, STM32C051F8P6, STM32C051G6U6, STM32C051G8U6, STM32C051K6T6, STM32C051K6U6, STM32C051K8T6, STM32C071C8T6, STM32C071C8T6N, STM32C071C8U6, STM32C071C8U6N, STM32C071CBT6, STM32C071CBT6N, STM32C071CBU6, STM32C071CBU6N, STM32C071F8P6, STM32C071F8P6N, STM32C071FBP6, STM32C071FBP6N, STM32C071FBY6TR, STM32C071G8U6, STM32C071G8U6N, STM32C071GBU6, STM32C071GBU6N, STM32C071K8T6, STM32C071K8T6N, STM32C071K8U6, STM32C071K8U6N, STM32C071KBT6, STM32C071KBT6N, STM32C071KBU6, STM32C071KBU6N, STM32C071R8T6, STM32C071R8T6N, STM32C071RBI6N, STM32C071RBT6, STM32C071RBT6N, STM32C091CBT6, STM32C091CBU6, STM32C091CCT6, STM32C091CCU6, STM32C091ECY6TR, STM32C091FBP6, STM32C091FCP6, STM32C091GBU6, STM32C091GCU6, STM32C091KBT6, STM32C091KBU6, STM32C091KCT6, STM32C091KCU6, STM32C091RBT6, STM32C091RCI6, STM32C091RCT6, STM32C092CBT6, STM32C092CBU6, STM32C092CCT6, STM32C092CCU6, STM32C092ECY6TR, STM32C092FBP6, STM32C092FCP6, STM32C092GBU6, STM32C092GCU6, STM32C092KBT6, STM32C092KBU6, STM32C092KCT6, STM32C092KCU6, STM32C092RBT6, STM32C092RCI6, STM32C092RCT6, STM32G071K8TXN, STM32G071K8UXN, STM32G081GBU6N, STM32G081KBT6N, STM32G081KBUXN, STM32G0B1CCT6N, STM32G0B1KCT6, STM32G0B1NEY6TR, STM32G0B1RCT6N, STM32G0C1CCT6, STM32G0C1CCT6N, STM32G0C1CCU6N, STM32G0C1CET6N, STM32G0C1CEU6N, STM32G0C1KCT6, STM32G0C1NEY6TR, STM32G0C1RCI6N, STM32G0C1RCT6N, STM32G0C1REI6N, STM32G0C1RET6N, STM32G0C1VCI6, STM32G0C1VEI6, STM32G411C6T3, STM32G411C6T6, STM32G411C6U3, STM32G411C6U6, STM32G411C8T3, STM32G411C8T6, STM32G411C8U3, STM32G411C8U6, STM32G411CBT3, STM32G411CBT6, STM32G411CBU3, STM32G411CBU6, STM32G411K6T3, STM32G411K6T6, STM32G411K6U3, STM32G411K6U6, STM32G411K8T3, STM32G411K8T6, STM32G411K8U3, STM32G411K8U6, STM32G411KBT3, STM32G411KBT6, STM32G411KBU3, STM32G411KBU6, STM32G411M6T3, STM32G411M6T6, STM32G411M8T3, STM32G411M8T6, STM32G411MBT3, STM32G411MBT6, STM32G411R6T3, STM32G411R6T6, STM32G411R8T3, STM32G411R8T6, STM32G411RBT3, STM32G411RBT6, STM32G414CBT3, STM32G414CBT6, STM32G414CBU3, STM32G414CBU6, STM32G414CCT3, STM32G414CCT6, STM32G414CCU3, STM32G414CCU6, STM32G414MBT3, STM32G414MBT6, STM32G414MCT3, STM32G414MCT6, STM32G414RBT3, STM32G414RBT6, STM32G414RCT3, STM32G414RCT6, STM32G414VBT3, STM32G414VBT6, STM32G414VCT3, STM32G414VCT6, STM32G431CBT3Z, STM32G431RBT3Z, STM32G471CCT6, STM32G471CCU6, STM32G471CET3, STM32G471CET6, STM32G471CEU3, STM32G471CEU6, STM32G471MCT6, STM32G471MET3, STM32G471MET6, STM32G471MEY6TR, STM32G471QCT6, STM32G471QET3, STM32G471RCT6, STM32G471RET3, STM32G471RET6, STM32G471VCH6, STM32G471VCI6, STM32G471VCT6, STM32G471VEH3, STM32G471VEH6, STM32G471VEI3, STM32G471VEI6, STM32G471VET3, STM32G471VET6, STM32G473QET3Z, STM32G473RET3Z, STM32G474CCT6, STM32G491RET3Z, STM32H503CBT6, STM32H503CBU6, STM32H503EBY6TR, STM32H503KBU6, STM32H503RBT6, STM32H523CCT6, STM32H523CCU6, STM32H523CET6, STM32H523CEU6, STM32H523HEY6TR, STM32H523RCT6, STM32H523RET6, STM32H523VCI6, STM32H523VCT6, STM32H523VEI6, STM32H523VET6, STM32H523ZCJ6, STM32H523ZCT6, STM32H523ZEJ6, STM32H523ZET6, STM32H533CET6, STM32H533CEU6, STM32H533HEY6TR, STM32H533RET6, STM32H533VEI6, STM32H533VET6, STM32H533ZEJ6, STM32H533ZET6, STM32H562AGI6, STM32H562AII6, STM32H562IGK6, STM32H562IGT6, STM32H562IIK6, STM32H562IIT6, STM32H562RGT6, STM32H562RGV6, STM32H562RIT6, STM32H562RIV6, STM32H562VGT6, STM32H562VIT6, STM32H562ZGT6, STM32H562ZIT6, STM32H563AGI6, STM32H563AII3Q, STM32H563AII6, STM32H563IGK6, STM32H563IGT6, STM32H563IIK3Q, STM32H563IIK6, STM32H563IIT3Q, STM32H563IIT6, STM32H563MIY3QTR, STM32H563RGT6, STM32H563RGV6, STM32H563RIT6, STM32H563RIV6, STM32H563VGT6, STM32H563VIT3Q, STM32H563VIT6, STM32H563ZGT6, STM32H563ZIT3Q, STM32H563ZIT6, STM32H573AII3Q, STM32H573AII6, STM32H573I-DK, STM32H573IIK3Q, STM32H573IIK6, STM32H573IIT3Q, STM32H573IIT6, STM32H573MIY3QTR, STM32H573RIT6, STM32H573RIV6, STM32H573VIT3Q, STM32H573VIT6, STM32H573ZIT3Q, STM32H573ZIT6, STM32H7R3A8I6, STM32H7R3I8K6, STM32H7R3I8T6, STM32H7R3L8H6, STM32H7R3L8H6H, STM32H7R3R8V6, STM32H7R3V8H6, STM32H7R3V8T6, STM32H7R3V8Y6TR, STM32H7R3Z8J6, STM32H7R3Z8T6, STM32H7R7A8I6, STM32H7R7I8K6, STM32H7R7I8T6, STM32H7R7L8H6, STM32H7R7L8H6H, STM32H7R7Z8J6, STM32H7S3A8I6, STM32H7S3I8K6, STM32H7S3I8T6, STM32H7S3L8H6, STM32H7S3L8H6H, STM32H7S3R8V6, STM32H7S3V8H6, STM32H7S3V8T6, STM32H7S3V8Y6TR, STM32H7S3Z8J6, STM32H7S3Z8T6, STM32H7S78-DK, STM32H7S7A8I6, STM32H7S7I8K6, STM32H7S7I8T6, STM32H7S7L8H6, STM32H7S7L8H6H, STM32H7S7Z8J6, STM32L4R5QGI6STR, STM32MP131AAE3, STM32MP131AAF3, STM32MP131AAG3, STM32MP131CAE3, STM32MP131CAF3, STM32MP131CAG3, STM32MP131DAE7, STM32MP131DAF7, STM32MP131DAG7, STM32MP131FAE7, STM32MP131FAF7, STM32MP131FAG7, STM32MP133AAE3, STM32MP133AAF3, STM32MP133AAG3, STM32MP133CAE3, STM32MP133CAF3, STM32MP133CAG3, STM32MP133DAE7, STM32MP133DAF7, STM32MP133DAG7, STM32MP133FAE7, STM32MP133FAF7, STM32MP133FAG7, STM32MP135AAE3, STM32MP135AAF3, STM32MP135AAG3, STM32MP135CAE3, STM32MP135CAF3, STM32MP135CAG3, STM32MP135DAE7, STM32MP135DAF7, STM32MP135DAG7, STM32MP135F-DK, STM32MP135FAE7, STM32MP135FAF7, STM32MP135FAF7T, STM32MP135FAF7U, STM32MP135FAG7, STM32MP211AAL3, STM32MP211AAM3, STM32MP211AAN3, STM32MP211AAO3, STM32MP211CAL3, STM32MP211CAM3, STM32MP211CAN3, STM32MP211CAO3, STM32MP211DAL3, STM32MP211DAM3, STM32MP211DAN3, STM32MP211DAO3, STM32MP211FAL3, STM32MP211FAM3, STM32MP211FAN3, STM32MP211FAO3, STM32MP213AAL3, STM32MP213AAM3, STM32MP213AAN3, STM32MP213AAO3, STM32MP213CAL3, STM32MP213CAM3, STM32MP213CAN3, STM32MP213CAO3, STM32MP213DAL3, STM32MP213DAM3, STM32MP213DAN3, STM32MP213DAO3, STM32MP213FAL3, STM32MP213FAM3, STM32MP213FAN3, STM32MP213FAO3, STM32MP215AAL3, STM32MP215AAM3, STM32MP215AAN3, STM32MP215AAO3, STM32MP215CAL3, STM32MP215CAM3, STM32MP215CAN3, STM32MP215CAO3, STM32MP215DAL3, STM32MP215DAM3, STM32MP215DAN3, STM32MP215DAO3, STM32MP215F-DK, STM32MP215FAL3, STM32MP215FAM3, STM32MP215FAN3, STM32MP215FAO3, STM32MP231AAJ3, STM32MP231AAK3, STM32MP231AAL3, STM32MP231CAJ3, STM32MP231CAK3, STM32MP231CAL3, STM32MP231DAJ3, STM32MP231DAK3, STM32MP231DAL3, STM32MP231FAJ3, STM32MP231FAK3, STM32MP231FAL3, STM32MP233AAJ3, STM32MP233AAK3, STM32MP233AAL3, STM32MP233CAJ3, STM32MP233CAK3, STM32MP233CAL3, STM32MP233DAJ3, STM32MP233DAK3, STM32MP233DAL3, STM32MP233FAJ3, STM32MP233FAK3, STM32MP233FAL3, STM32MP235AAJ3, STM32MP235AAK3, STM32MP235AAL3, STM32MP235CAJ3, STM32MP235CAK3, STM32MP235CAL3, STM32MP235DAJ3, STM32MP235DAK3, STM32MP235DAL3, STM32MP235FAJ3, STM32MP235FAK3, STM32MP235FAL3, STM32MP251AAI3, STM32MP251AAK3, STM32MP251AAL3, STM32MP251CAI3, STM32MP251CAK3, STM32MP251CAL3, STM32MP251DAI3, STM32MP251DAK3, STM32MP251DAL3, STM32MP251FAI3, STM32MP251FAK3, STM32MP251FAL3, STM32MP253AAI3, STM32MP253AAK3, STM32MP253AAL3, STM32MP253CAI3, STM32MP253CAK3, STM32MP253CAL3, STM32MP253DAI3, STM32MP253DAK3, STM32MP253DAL3, STM32MP253FAI3, STM32MP253FAK3, STM32MP253FAL3, STM32MP255AAI3, STM32MP255AAK3, STM32MP255AAL3, STM32MP255CAI3, STM32MP255CAK3, STM32MP255CAL3, STM32MP255DAI3, STM32MP255DAK3, STM32MP255DAL3, STM32MP255FAI3, STM32MP255FAK3, STM32MP255FAL3, STM32MP257AAI3, STM32MP257AAK3, STM32MP257AAL3, STM32MP257CAI3, STM32MP257CAK3, STM32MP257CAL3, STM32MP257DAI3, STM32MP257DAK3, STM32MP257DAL3, STM32MP257F-DK, STM32MP257F-EV1, STM32MP257FAI3, STM32MP257FAK3, STM32MP257FAL3, STM32N645A0H3Q, STM32N645B0H3Q, STM32N645I0H3Q, STM32N645L0H3Q, STM32N645X0H3Q, STM32N645Z0H3Q, STM32N647A0H3Q, STM32N647B0H3Q, STM32N647I0H3Q, STM32N647L0H3Q, STM32N647X0H3Q, STM32N647Z0H3Q, STM32N655A0H3Q, STM32N655B0H3Q, STM32N655I0H3Q, STM32N655L0H3Q, STM32N655X0H3Q, STM32N655Z0H3Q, STM32N6570-DK, STM32N657A0H3Q, STM32N657B0H3Q, STM32N657I0H3Q, STM32N657L0H3Q, STM32N657X0H3Q, STM32N657Z0H3Q, STM32U031C6T6, STM32U031C6U6, STM32U031C8T6, STM32U031C8U6, STM32U031F4P6, STM32U031F6P6, STM32U031F8P6, STM32U031G6Y6TR, STM32U031G8Y6TR, STM32U031K4U6, STM32U031K6U6, STM32U031K8U6, STM32U031R6I6, STM32U031R6T6, STM32U031R8I6, STM32U031R8T6, STM32U073C8T6, STM32U073C8U6, STM32U073CBT6, STM32U073CBU6, STM32U073CCT6, STM32U073CCU6, STM32U073H8Y6TR, STM32U073HBY6TR, STM32U073HCY6TR, STM32U073K8U6, STM32U073KBU6, STM32U073KCU6, STM32U073M8I6, STM32U073M8T6, STM32U073MBI6, STM32U073MBT6, STM32U073MCI6, STM32U073MCT6, STM32U073R8I6, STM32U073R8T6, STM32U073RBI6, STM32U073RBT6, STM32U073RCI6, STM32U073RCT6, STM32U083C-DK, STM32U083CCT6, STM32U083CCU6, STM32U083HCY6TR, STM32U083KCU6, STM32U083MCI6, STM32U083MCT6, STM32U083RCI6, STM32U083RCT6, STM32U375CET6, STM32U375CET6Q, STM32U375CEU6, STM32U375CEU6Q, STM32U375CEY6QTR, STM32U375CGT6, STM32U375CGT6Q, STM32U375CGU6, STM32U375CGU6Q, STM32U375CGY6QTR, STM32U375KEU6, STM32U375KGU6, STM32U375REI6, STM32U375REI6Q, STM32U375RET6, STM32U375RET6Q, STM32U375REY6GTR, STM32U375REY6QTR, STM32U375RGI6, STM32U375RGI6Q, STM32U375RGT6, STM32U375RGT6Q, STM32U375RGY6GTR, STM32U375RGY6QTR, STM32U375VEI6, STM32U375VEI6Q, STM32U375VET6, STM32U375VET6Q, STM32U375VGI6, STM32U375VGI6Q, STM32U375VGT6, STM32U375VGT6Q, STM32U385CGT6, STM32U385CGT6Q, STM32U385CGU6, STM32U385CGU6Q, STM32U385CGY6QTR, STM32U385KGU6, STM32U385RGI6, STM32U385RGI6Q, STM32U385RGT6, STM32U385RGT6Q, STM32U385RGY6GTR, STM32U385RGY6QTR, STM32U385VGI6, STM32U385VGI6Q, STM32U385VGT6, STM32U385VGT6Q, STM32U535CBT6, STM32U535CBT6Q, STM32U535CBU6, STM32U535CBU6Q, STM32U535CCT6, STM32U535CCT6Q, STM32U535CCU6, STM32U535CCU6Q, STM32U535CET6, STM32U535CET6Q, STM32U535CEU6, STM32U535CEU6Q, STM32U535JEY6QTR, STM32U535NCY6QTR, STM32U535NEY6QTR, STM32U535RBI6, STM32U535RBI6Q, STM32U535RBT6, STM32U535RBT6Q, STM32U535RCI6, STM32U535RCI6Q, STM32U535RCT6, STM32U535RCT6Q, STM32U535REI6, STM32U535REI6Q, STM32U535RET6, STM32U535RET6Q, STM32U535VCI6, STM32U535VCI6Q, STM32U535VCT6, STM32U535VCT6Q, STM32U535VEI6, STM32U535VEI6Q, STM32U535VET6, STM32U535VET6Q, STM32U545CET6, STM32U545CET6Q, STM32U545CEU6, STM32U545CEU6Q, STM32U545JEY6QTR, STM32U545NEY6QTR, STM32U545REI6, STM32U545REI6Q, STM32U545RET6, STM32U545RET6Q, STM32U545VEI6, STM32U545VEI6Q, STM32U545VET6, STM32U545VET6Q, STM32U595AIH6, STM32U595AIH6Q, STM32U595AJH6, STM32U595AJH6Q, STM32U595QII6, STM32U595QII6Q, STM32U595QJI6, STM32U595QJI6Q, STM32U595RIT6, STM32U595RIT6Q, STM32U595RJT6, STM32U595RJT6Q, STM32U595VIT6, STM32U595VIT6Q, STM32U595VJT6, STM32U595VJT6Q, STM32U595ZIT6, STM32U595ZIT6Q, STM32U595ZIY6QTR, STM32U595ZJT6, STM32U595ZJT6Q, STM32U595ZJY6QTR, STM32U599BJY6QTR, STM32U599NIH6Q, STM32U599NJH6Q, STM32U599VIT6Q, STM32U599VJT6, STM32U599VJT6Q, STM32U599ZIT6Q, STM32U599ZIY6QTR, STM32U599ZJT6Q, STM32U599ZJY6QTR, STM32U5A5AJH6, STM32U5A5AJH6Q, STM32U5A5QII3Q , STM32U5A5QJI6, STM32U5A5QJI6Q, STM32U5A5RJT6, STM32U5A5RJT6Q, STM32U5A5VJT6, STM32U5A5VJT6Q, STM32U5A5ZJT6, STM32U5A5ZJT6Q, STM32U5A5ZJY6QTR, STM32U5A9BJY6QTR, STM32U5A9J-DK, STM32U5A9NJH6Q, STM32U5A9VJT6Q, STM32U5A9ZJT6Q, STM32U5A9ZJY6QTR, STM32U5F7VIT6, STM32U5F7VIT6Q, STM32U5F7VJT6, STM32U5F7VJT6Q, STM32U5F9BJY6QTR, STM32U5F9NJH6Q, STM32U5F9VIT6Q, STM32U5F9VJT6Q, STM32U5F9ZIJ6QTR, STM32U5F9ZIT6Q, STM32U5F9ZJJ6QTR, STM32U5F9ZJT6Q, STM32U5G7VJT6, STM32U5G7VJT6Q, STM32U5G9BJY6QTR, STM32U5G9J-DK1, STM32U5G9J-DK2, STM32U5G9NJH6Q, STM32U5G9VJT6Q, STM32U5G9ZJJ6QTR, STM32U5G9ZJT6Q, STM32WB05KZV6TR, STM32WB05KZV7TR, STM32WB05TZF6TR, STM32WB05TZF7TR, STM32WB06CCF6TR, STM32WB06CCF7TR, STM32WB06CCV6TR, STM32WB06CCV7TR, STM32WB06KCV6TR, STM32WB06KCV7TR, STM32WB07CCF6TR, STM32WB07CCF7TR, STM32WB07CCV6TR, STM32WB07CCV7TR, STM32WB07KCV6TR, STM32WB07KCV7TR, STM32WB09KEV6TR, STM32WB09KEV7TR, STM32WB09TEF6TR, STM32WB09TEF7TR, STM32WB1MMCH6, STM32WBA50KGU6, STM32WBA50KGU6TR, STM32WBA52CEU6, STM32WBA52CEU6TR, STM32WBA52CEU7, STM32WBA52CEU7TR, STM32WBA52CGU6, STM32WBA52CGU6TR, STM32WBA52CGU6U, STM32WBA52CGU7, STM32WBA52CGU7TR, STM32WBA52KEU6, STM32WBA52KEU6TR, STM32WBA52KGU6, STM32WBA52KGU6TR, STM32WBA54CEU6, STM32WBA54CEU6TR, STM32WBA54CEU7, STM32WBA54CEU7TR, STM32WBA54CGU6, STM32WBA54CGU6TR, STM32WBA54CGU7, STM32WBA54CGU7TR, STM32WBA54KEU6, STM32WBA54KEU6TR, STM32WBA54KEU7, STM32WBA54KEU7TR, STM32WBA54KGU6, STM32WBA54KGU6TR, STM32WBA54KGU7, STM32WBA54KGU7TR, STM32WBA55CEU6, STM32WBA55CEU6TR, STM32WBA55CEU7, STM32WBA55CEU7TR, STM32WBA55CGU6, STM32WBA55CGU6TR, STM32WBA55CGU6U, STM32WBA55CGU7, STM32WBA55CGU7TR, STM32WBA55G-DK1, STM32WBA55HEF6, STM32WBA55HEF7, STM32WBA55HGF6, STM32WBA55HGF7, STM32WBA55UEI6, STM32WBA55UEI6TR, STM32WBA55UEI7, STM32WBA55UEI7TR, STM32WBA55UGI6, STM32WBA55UGI6TR, STM32WBA55UGI7, STM32WBA55UGI7TR, STM32WBA5MMGH6TR, STM32WBA62MGF6, STM32WBA62MIF6, STM32WBA65MGF7, STM32WBA65MIF6, STM32WBA65MIF7, STM32WL30K8V6, STM32WL30KBV6, STM32WL31C8V6, STM32WL31CBV6, STM32WL31K8V6, STM32WL31KBV6, STM32WL33C8V6, STM32WL33C8V6X, STM32WL33CBV6, STM32WL33CBV6X, STM32WL33CCV6, STM32WL33CCV6A, STM32WL33CCV6X, STM32WL33K8V7, STM32WL33K8V7X, STM32WL33KBV7 , STM32WL33KBV7X, STM32WL33KCV7, STM32WL33KCV7X, STM32WL5MOCH6, STM32WL5MOCH6TR]
2026-09-27 16:29:00,379 [INFO] DbMcus:218 - Found 5314 MCUs, 5126 are supported
2026-09-27 16:29:00,389 [INFO] ApiDb:423 - Load user favorites file C:\Users\HP/.stm32cubeide/favorites.mcus.txt: 0 item(s)
2026-09-27 16:29:00,389 [INFO] ApiDb:427 - User favorites MCUs=[]
2026-09-27 16:29:00,389 [INFO] DbMcus:224 - Set 0 / 0 favorites MCUs
2026-09-27 16:29:00,558 [ERROR] LogOutputStream:75 - [STDERR_REDIRECT] [Fatal Error] :1:1: Premature end of file.
2026-09-27 16:29:00,558 [ERROR] LogOutputStream:75 - [STDERR_REDIRECT] 
2026-09-27 16:29:00,657 [INFO] ApiDb:668 - CubeFinder database Data Model version=2.1
2026-09-27 16:29:00,657 [INFO] ApiDb:669 - CubeFinder database Configuration version=3.0.42
2026-09-27 16:29:00,657 [INFO] ApiDb:670 - CubeFinder database generation date=2026-08-04 (1785840812)
2026-09-27 16:29:00,657 [INFO] ApiDb:671 - CubeFinder database FW Pack versions=[FP-ATR-ASTRA1_V2.0.0, FP-SNS-FLIGHT1_V5.1.0, FP-SNS-MOTENV1_V5.1.0, FP-SNS-MOTENVWB1_V1.5.0, FP-SNS-SMARTAG2_V1.2.0, FP-SNS-STBOX1_V2.1.0, STM32Cube_FW_C0_V1.4.1, STM32Cube_FW_F4_V1.28.3, STM32Cube_FW_F7_V1.17.4, STM32Cube_FW_G0_V1.6.3, STM32Cube_FW_G4_V1.6.2, STM32Cube_FW_H5_V1.7.0, STM32Cube_FW_H7RS_V1.3.0, STM32Cube_FW_H7_V1.13.0, STM32Cube_FW_L0_V1.12.2, STM32Cube_FW_L4_V1.18.2, STM32Cube_FW_L5_V1.6.0, STM32Cube_FW_N6_V1.4.0, STM32Cube_FW_U0_V1.3.0, STM32Cube_FW_U3_V1.4.0, STM32Cube_FW_U5_V1.9.0, STM32Cube_FW_WB0_V1.5.0, STM32Cube_FW_WBA_V1.10.0, STM32Cube_FW_WB_V1.24.0, STM32Cube_FW_WL3_V1.5.0, STM32Cube_FW_WL_V1.6.0, X-CUBE-ALGOBUILD_V1.5.0, X-CUBE-ALS_V1.0.2, X-CUBE-AZRTOS-F4_V1.1.0, X-CUBE-AZRTOS-F7_V1.1.0, X-CUBE-AZRTOS-G0_V1.1.0, X-CUBE-AZRTOS-G4_V2.0.0, X-CUBE-AZRTOS-H7RS_V1.3.0, X-CUBE-AZRTOS-H7_V3.5.0, X-CUBE-AZRTOS-L4_V2.0.0, X-CUBE-AZRTOS-L5_V2.0.0, X-CUBE-AZRTOS-WB_V2.0.0, X-CUBE-AZRTOS-WL_V2.0.0, X-CUBE-BLE1_V7.1.0, X-CUBE-BLE2_V3.3.0, X-CUBE-BLEMGR_V4.2.0, X-CUBE-EEPRMA1_V5.2.0, X-CUBE-FREERTOS_V1.6.0, X-CUBE-GNSS1_V7.1.1, X-CUBE-MEMS1_V13.0.0, X-CUBE-NFC4_V3.0.0, X-CUBE-NFC7_V2.0.0, X-CUBE-SFXS2LP1_V4.0.0, X-CUBE-ST67W61_V1.3.0, X-CUBE-SUBG2_V5.0.0, X-CUBE-TOF1_V3.4.3]
2026-09-27 16:29:00,696 [INFO] DbBoardsSqlite:226 - include board P-NUCLEO-WB55-NUCLEO as a kit item of type 'Nucleo-64'
2026-09-27 16:29:00,696 [INFO] DbBoardsSqlite:226 - include board P-NUCLEO-WB55-USBDONGLE as a kit item of type 'Nucleo USB Dongle'
2026-09-27 16:29:00,696 [INFO] DbBoardsSqlite:226 - include board STEVAL-IDP005V1 as a kit item of type 'Evaluation Board'
2026-09-27 16:29:00,697 [INFO] DbBoardsSqlite:226 - include board STEVAL-IDP005V2 as a kit item of type 'Evaluation Board'
2026-09-27 16:29:00,748 [INFO] ApiDb:240 - Found 880 in-development CPN: [B-G473E-ZEST1S, B-WB1M-WPAN1, B-WBA5M-WPAN, B-WL5M-SUBG1, NUCLEO-C031C6, NUCLEO-C051C8, NUCLEO-C071RB, NUCLEO-C092RC, NUCLEO-H503RB, NUCLEO-H533RE, NUCLEO-H563ZI, NUCLEO-H7S3L8, NUCLEO-N657X0-Q, NUCLEO-U031R8, NUCLEO-U083RC, NUCLEO-U385RG-Q, NUCLEO-U545RE-Q, NUCLEO-U5A5ZJ-Q, NUCLEO-WB05KZ, NUCLEO-WB07CC, NUCLEO-WB09KE, NUCLEO-WBA52CG, NUCLEO-WBA55CG, NUCLEO-WL33CC1, NUCLEO-WL33CC2, STEVAL-PROTEUS1, STEVAL-SMARTAG2, STEVAL-STWINBX1, STM320518-EVAL, STM32C0116-DK, STM32C011D6Y3TR, STM32C011D6Y6TR, STM32C011F4P3, STM32C011F4P6, STM32C011F4U3, STM32C011F4U6TR, STM32C011F6P3, STM32C011F6P6, STM32C011F6U3, STM32C011F6U6TR, STM32C011J4M3, STM32C011J4M6, STM32C011J6M3, STM32C011J6M6, STM32C0316-DK, STM32C031C4T3, STM32C031C4T6, STM32C031C4U3, STM32C031C4U6, STM32C031C6T3, STM32C031C6T6, STM32C031C6U3, STM32C031C6U6, STM32C031F4P3, STM32C031F4P6, STM32C031F6P3, STM32C031F6P6, STM32C031G4U3, STM32C031G4U6, STM32C031G6U3, STM32C031G6U6, STM32C031K4T3, STM32C031K4T6, STM32C031K4U3, STM32C031K4U6, STM32C031K6T3, STM32C031K6T6, STM32C031K6U3, STM32C031K6U6, STM32C051C6T6, STM32C051C6U6, STM32C051C8T6, STM32C051C8U6, STM32C051D8Y6TR, STM32C051F6P6, STM32C051F8P6, STM32C051G6U6, STM32C051G8U6, STM32C051K6T6, STM32C051K6U6, STM32C051K8T6, STM32C071C8T6, STM32C071C8T6N, STM32C071C8U6, STM32C071C8U6N, STM32C071CBT6, STM32C071CBT6N, STM32C071CBU6, STM32C071CBU6N, STM32C071F8P6, STM32C071F8P6N, STM32C071FBP6, STM32C071FBP6N, STM32C071FBY6TR, STM32C071G8U6, STM32C071G8U6N, STM32C071GBU6, STM32C071GBU6N, STM32C071K8T6, STM32C071K8T6N, STM32C071K8U6, STM32C071K8U6N, STM32C071KBT6, STM32C071KBT6N, STM32C071KBU6, STM32C071KBU6N, STM32C071R8T6, STM32C071R8T6N, STM32C071RBI6N, STM32C071RBT6, STM32C071RBT6N, STM32C091CBT6, STM32C091CBU6, STM32C091CCT6, STM32C091CCU6, STM32C091ECY6TR, STM32C091FBP6, STM32C091FCP6, STM32C091GBU6, STM32C091GCU6, STM32C091KBT6, STM32C091KBU6, STM32C091KCT6, STM32C091KCU6, STM32C091RBT6, STM32C091RCI6, STM32C091RCT6, STM32C092CBT6, STM32C092CBU6, STM32C092CCT6, STM32C092CCU6, STM32C092ECY6TR, STM32C092FBP6, STM32C092FCP6, STM32C092GBU6, STM32C092GCU6, STM32C092KBT6, STM32C092KBU6, STM32C092KCT6, STM32C092KCU6, STM32C092RBT6, STM32C092RCI6, STM32C092RCT6, STM32G071K8TXN, STM32G071K8UXN, STM32G081GBU6N, STM32G081KBT6N, STM32G081KBUXN, STM32G0B1CCT6N, STM32G0B1KCT6, STM32G0B1NEY6TR, STM32G0B1RCT6N, STM32G0C1CCT6, STM32G0C1CCT6N, STM32G0C1CCU6N, STM32G0C1CET6N, STM32G0C1CEU6N, STM32G0C1KCT6, STM32G0C1NEY6TR, STM32G0C1RCI6N, STM32G0C1RCT6N, STM32G0C1REI6N, STM32G0C1RET6N, STM32G0C1VCI6, STM32G0C1VEI6, STM32G411C6T3, STM32G411C6T6, STM32G411C6U3, STM32G411C6U6, STM32G411C8T3, STM32G411C8T6, STM32G411C8U3, STM32G411C8U6, STM32G411CBT3, STM32G411CBT6, STM32G411CBU3, STM32G411CBU6, STM32G411K6T3, STM32G411K6T6, STM32G411K6U3, STM32G411K6U6, STM32G411K8T3, STM32G411K8T6, STM32G411K8U3, STM32G411K8U6, STM32G411KBT3, STM32G411KBT6, STM32G411KBU3, STM32G411KBU6, STM32G411M6T3, STM32G411M6T6, STM32G411M8T3, STM32G411M8T6, STM32G411MBT3, STM32G411MBT6, STM32G411R6T3, STM32G411R6T6, STM32G411R8T3, STM32G411R8T6, STM32G411RBT3, STM32G411RBT6, STM32G414CBT3, STM32G414CBT6, STM32G414CBU3, STM32G414CBU6, STM32G414CCT3, STM32G414CCT6, STM32G414CCU3, STM32G414CCU6, STM32G414MBT3, STM32G414MBT6, STM32G414MCT3, STM32G414MCT6, STM32G414RBT3, STM32G414RBT6, STM32G414RCT3, STM32G414RCT6, STM32G414VBT3, STM32G414VBT6, STM32G414VCT3, STM32G414VCT6, STM32G431CBT3Z, STM32G431RBT3Z, STM32G471CCT6, STM32G471CCU6, STM32G471CET3, STM32G471CET6, STM32G471CEU3, STM32G471CEU6, STM32G471MCT6, STM32G471MET3, STM32G471MET6, STM32G471MEY6TR, STM32G471QCT6, STM32G471QET3, STM32G471RCT6, STM32G471RET3, STM32G471RET6, STM32G471VCH6, STM32G471VCI6, STM32G471VCT6, STM32G471VEH3, STM32G471VEH6, STM32G471VEI3, STM32G471VEI6, STM32G471VET3, STM32G471VET6, STM32G473QET3Z, STM32G473RET3Z, STM32G474CCT6, STM32G491RET3Z, STM32H503CBT6, STM32H503CBU6, STM32H503EBY6TR, STM32H503KBU6, STM32H503RBT6, STM32H523CCT6, STM32H523CCU6, STM32H523CET6, STM32H523CEU6, STM32H523HEY6TR, STM32H523RCT6, STM32H523RET6, STM32H523VCI6, STM32H523VCT6, STM32H523VEI6, STM32H523VET6, STM32H523ZCJ6, STM32H523ZCT6, STM32H523ZEJ6, STM32H523ZET6, STM32H533CET6, STM32H533CEU6, STM32H533HEY6TR, STM32H533RET6, STM32H533VEI6, STM32H533VET6, STM32H533ZEJ6, STM32H533ZET6, STM32H562AGI6, STM32H562AII6, STM32H562IGK6, STM32H562IGT6, STM32H562IIK6, STM32H562IIT6, STM32H562RGT6, STM32H562RGV6, STM32H562RIT6, STM32H562RIV6, STM32H562VGT6, STM32H562VIT6, STM32H562ZGT6, STM32H562ZIT6, STM32H563AGI6, STM32H563AII3Q, STM32H563AII6, STM32H563IGK6, STM32H563IGT6, STM32H563IIK3Q, STM32H563IIK6, STM32H563IIT3Q, STM32H563IIT6, STM32H563MIY3QTR, STM32H563RGT6, STM32H563RGV6, STM32H563RIT6, STM32H563RIV6, STM32H563VGT6, STM32H563VIT3Q, STM32H563VIT6, STM32H563ZGT6, STM32H563ZIT3Q, STM32H563ZIT6, STM32H573AII3Q, STM32H573AII6, STM32H573I-DK, STM32H573IIK3Q, STM32H573IIK6, STM32H573IIT3Q, STM32H573IIT6, STM32H573MIY3QTR, STM32H573RIT6, STM32H573RIV6, STM32H573VIT3Q, STM32H573VIT6, STM32H573ZIT3Q, STM32H573ZIT6, STM32H7R3A8I6, STM32H7R3I8K6, STM32H7R3I8T6, STM32H7R3L8H6, STM32H7R3L8H6H, STM32H7R3R8V6, STM32H7R3V8H6, STM32H7R3V8T6, STM32H7R3V8Y6TR, STM32H7R3Z8J6, STM32H7R3Z8T6, STM32H7R7A8I6, STM32H7R7I8K6, STM32H7R7I8T6, STM32H7R7L8H6, STM32H7R7L8H6H, STM32H7R7Z8J6, STM32H7S3A8I6, STM32H7S3I8K6, STM32H7S3I8T6, STM32H7S3L8H6, STM32H7S3L8H6H, STM32H7S3R8V6, STM32H7S3V8H6, STM32H7S3V8T6, STM32H7S3V8Y6TR, STM32H7S3Z8J6, STM32H7S3Z8T6, STM32H7S78-DK, STM32H7S7A8I6, STM32H7S7I8K6, STM32H7S7I8T6, STM32H7S7L8H6, STM32H7S7L8H6H, STM32H7S7Z8J6, STM32L4R5QGI6STR, STM32MP131AAE3, STM32MP131AAF3, STM32MP131AAG3, STM32MP131CAE3, STM32MP131CAF3, STM32MP131CAG3, STM32MP131DAE7, STM32MP131DAF7, STM32MP131DAG7, STM32MP131FAE7, STM32MP131FAF7, STM32MP131FAG7, STM32MP133AAE3, STM32MP133AAF3, STM32MP133AAG3, STM32MP133CAE3, STM32MP133CAF3, STM32MP133CAG3, STM32MP133DAE7, STM32MP133DAF7, STM32MP133DAG7, STM32MP133FAE7, STM32MP133FAF7, STM32MP133FAG7, STM32MP135AAE3, STM32MP135AAF3, STM32MP135AAG3, STM32MP135CAE3, STM32MP135CAF3, STM32MP135CAG3, STM32MP135DAE7, STM32MP135DAF7, STM32MP135DAG7, STM32MP135F-DK, STM32MP135FAE7, STM32MP135FAF7, STM32MP135FAF7T, STM32MP135FAF7U, STM32MP135FAG7, STM32MP211AAL3, STM32MP211AAM3, STM32MP211AAN3, STM32MP211AAO3, STM32MP211CAL3, STM32MP211CAM3, STM32MP211CAN3, STM32MP211CAO3, STM32MP211DAL3, STM32MP211DAM3, STM32MP211DAN3, STM32MP211DAO3, STM32MP211FAL3, STM32MP211FAM3, STM32MP211FAN3, STM32MP211FAO3, STM32MP213AAL3, STM32MP213AAM3, STM32MP213AAN3, STM32MP213AAO3, STM32MP213CAL3, STM32MP213CAM3, STM32MP213CAN3, STM32MP213CAO3, STM32MP213DAL3, STM32MP213DAM3, STM32MP213DAN3, STM32MP213DAO3, STM32MP213FAL3, STM32MP213FAM3, STM32MP213FAN3, STM32MP213FAO3, STM32MP215AAL3, STM32MP215AAM3, STM32MP215AAN3, STM32MP215AAO3, STM32MP215CAL3, STM32MP215CAM3, STM32MP215CAN3, STM32MP215CAO3, STM32MP215DAL3, STM32MP215DAM3, STM32MP215DAN3, STM32MP215DAO3, STM32MP215F-DK, STM32MP215FAL3, STM32MP215FAM3, STM32MP215FAN3, STM32MP215FAO3, STM32MP231AAJ3, STM32MP231AAK3, STM32MP231AAL3, STM32MP231CAJ3, STM32MP231CAK3, STM32MP231CAL3, STM32MP231DAJ3, STM32MP231DAK3, STM32MP231DAL3, STM32MP231FAJ3, STM32MP231FAK3, STM32MP231FAL3, STM32MP233AAJ3, STM32MP233AAK3, STM32MP233AAL3, STM32MP233CAJ3, STM32MP233CAK3, STM32MP233CAL3, STM32MP233DAJ3, STM32MP233DAK3, STM32MP233DAL3, STM32MP233FAJ3, STM32MP233FAK3, STM32MP233FAL3, STM32MP235AAJ3, STM32MP235AAK3, STM32MP235AAL3, STM32MP235CAJ3, STM32MP235CAK3, STM32MP235CAL3, STM32MP235DAJ3, STM32MP235DAK3, STM32MP235DAL3, STM32MP235FAJ3, STM32MP235FAK3, STM32MP235FAL3, STM32MP251AAI3, STM32MP251AAK3, STM32MP251AAL3, STM32MP251CAI3, STM32MP251CAK3, STM32MP251CAL3, STM32MP251DAI3, STM32MP251DAK3, STM32MP251DAL3, STM32MP251FAI3, STM32MP251FAK3, STM32MP251FAL3, STM32MP253AAI3, STM32MP253AAK3, STM32MP253AAL3, STM32MP253CAI3, STM32MP253CAK3, STM32MP253CAL3, STM32MP253DAI3, STM32MP253DAK3, STM32MP253DAL3, STM32MP253FAI3, STM32MP253FAK3, STM32MP253FAL3, STM32MP255AAI3, STM32MP255AAK3, STM32MP255AAL3, STM32MP255CAI3, STM32MP255CAK3, STM32MP255CAL3, STM32MP255DAI3, STM32MP255DAK3, STM32MP255DAL3, STM32MP255FAI3, STM32MP255FAK3, STM32MP255FAL3, STM32MP257AAI3, STM32MP257AAK3, STM32MP257AAL3, STM32MP257CAI3, STM32MP257CAK3, STM32MP257CAL3, STM32MP257DAI3, STM32MP257DAK3, STM32MP257DAL3, STM32MP257F-DK, STM32MP257F-EV1, STM32MP257FAI3, STM32MP257FAK3, STM32MP257FAL3, STM32N645A0H3Q, STM32N645B0H3Q, STM32N645I0H3Q, STM32N645L0H3Q, STM32N645X0H3Q, STM32N645Z0H3Q, STM32N647A0H3Q, STM32N647B0H3Q, STM32N647I0H3Q, STM32N647L0H3Q, STM32N647X0H3Q, STM32N647Z0H3Q, STM32N655A0H3Q, STM32N655B0H3Q, STM32N655I0H3Q, STM32N655L0H3Q, STM32N655X0H3Q, STM32N655Z0H3Q, STM32N6570-DK, STM32N657A0H3Q, STM32N657B0H3Q, STM32N657I0H3Q, STM32N657L0H3Q, STM32N657X0H3Q, STM32N657Z0H3Q, STM32U031C6T6, STM32U031C6U6, STM32U031C8T6, STM32U031C8U6, STM32U031F4P6, STM32U031F6P6, STM32U031F8P6, STM32U031G6Y6TR, STM32U031G8Y6TR, STM32U031K4U6, STM32U031K6U6, STM32U031K8U6, STM32U031R6I6, STM32U031R6T6, STM32U031R8I6, STM32U031R8T6, STM32U073C8T6, STM32U073C8U6, STM32U073CBT6, STM32U073CBU6, STM32U073CCT6, STM32U073CCU6, STM32U073H8Y6TR, STM32U073HBY6TR, STM32U073HCY6TR, STM32U073K8U6, STM32U073KBU6, STM32U073KCU6, STM32U073M8I6, STM32U073M8T6, STM32U073MBI6, STM32U073MBT6, STM32U073MCI6, STM32U073MCT6, STM32U073R8I6, STM32U073R8T6, STM32U073RBI6, STM32U073RBT6, STM32U073RCI6, STM32U073RCT6, STM32U083C-DK, STM32U083CCT6, STM32U083CCU6, STM32U083HCY6TR, STM32U083KCU6, STM32U083MCI6, STM32U083MCT6, STM32U083RCI6, STM32U083RCT6, STM32U375CET6, STM32U375CET6Q, STM32U375CEU6, STM32U375CEU6Q, STM32U375CEY6QTR, STM32U375CGT6, STM32U375CGT6Q, STM32U375CGU6, STM32U375CGU6Q, STM32U375CGY6QTR, STM32U375KEU6, STM32U375KGU6, STM32U375REI6, STM32U375REI6Q, STM32U375RET6, STM32U375RET6Q, STM32U375REY6GTR, STM32U375REY6QTR, STM32U375RGI6, STM32U375RGI6Q, STM32U375RGT6, STM32U375RGT6Q, STM32U375RGY6GTR, STM32U375RGY6QTR, STM32U375VEI6, STM32U375VEI6Q, STM32U375VET6, STM32U375VET6Q, STM32U375VGI6, STM32U375VGI6Q, STM32U375VGT6, STM32U375VGT6Q, STM32U385CGT6, STM32U385CGT6Q, STM32U385CGU6, STM32U385CGU6Q, STM32U385CGY6QTR, STM32U385KGU6, STM32U385RGI6, STM32U385RGI6Q, STM32U385RGT6, STM32U385RGT6Q, STM32U385RGY6GTR, STM32U385RGY6QTR, STM32U385VGI6, STM32U385VGI6Q, STM32U385VGT6, STM32U385VGT6Q, STM32U535CBT6, STM32U535CBT6Q, STM32U535CBU6, STM32U535CBU6Q, STM32U535CCT6, STM32U535CCT6Q, STM32U535CCU6, STM32U535CCU6Q, STM32U535CET6, STM32U535CET6Q, STM32U535CEU6, STM32U535CEU6Q, STM32U535JEY6QTR, STM32U535NCY6QTR, STM32U535NEY6QTR, STM32U535RBI6, STM32U535RBI6Q, STM32U535RBT6, STM32U535RBT6Q, STM32U535RCI6, STM32U535RCI6Q, STM32U535RCT6, STM32U535RCT6Q, STM32U535REI6, STM32U535REI6Q, STM32U535RET6, STM32U535RET6Q, STM32U535VCI6, STM32U535VCI6Q, STM32U535VCT6, STM32U535VCT6Q, STM32U535VEI6, STM32U535VEI6Q, STM32U535VET6, STM32U535VET6Q, STM32U545CET6, STM32U545CET6Q, STM32U545CEU6, STM32U545CEU6Q, STM32U545JEY6QTR, STM32U545NEY6QTR, STM32U545REI6, STM32U545REI6Q, STM32U545RET6, STM32U545RET6Q, STM32U545VEI6, STM32U545VEI6Q, STM32U545VET6, STM32U545VET6Q, STM32U595AIH6, STM32U595AIH6Q, STM32U595AJH6, STM32U595AJH6Q, STM32U595QII6, STM32U595QII6Q, STM32U595QJI6, STM32U595QJI6Q, STM32U595RIT6, STM32U595RIT6Q, STM32U595RJT6, STM32U595RJT6Q, STM32U595VIT6, STM32U595VIT6Q, STM32U595VJT6, STM32U595VJT6Q, STM32U595ZIT6, STM32U595ZIT6Q, STM32U595ZIY6QTR, STM32U595ZJT6, STM32U595ZJT6Q, STM32U595ZJY6QTR, STM32U599BJY6QTR, STM32U599NIH6Q, STM32U599NJH6Q, STM32U599VIT6Q, STM32U599VJT6, STM32U599VJT6Q, STM32U599ZIT6Q, STM32U599ZIY6QTR, STM32U599ZJT6Q, STM32U599ZJY6QTR, STM32U5A5AJH6, STM32U5A5AJH6Q, STM32U5A5QII3Q , STM32U5A5QJI6, STM32U5A5QJI6Q, STM32U5A5RJT6, STM32U5A5RJT6Q, STM32U5A5VJT6, STM32U5A5VJT6Q, STM32U5A5ZJT6, STM32U5A5ZJT6Q, STM32U5A5ZJY6QTR, STM32U5A9BJY6QTR, STM32U5A9J-DK, STM32U5A9NJH6Q, STM32U5A9VJT6Q, STM32U5A9ZJT6Q, STM32U5A9ZJY6QTR, STM32U5F7VIT6, STM32U5F7VIT6Q, STM32U5F7VJT6, STM32U5F7VJT6Q, STM32U5F9BJY6QTR, STM32U5F9NJH6Q, STM32U5F9VIT6Q, STM32U5F9VJT6Q, STM32U5F9ZIJ6QTR, STM32U5F9ZIT6Q, STM32U5F9ZJJ6QTR, STM32U5F9ZJT6Q, STM32U5G7VJT6, STM32U5G7VJT6Q, STM32U5G9BJY6QTR, STM32U5G9J-DK1, STM32U5G9J-DK2, STM32U5G9NJH6Q, STM32U5G9VJT6Q, STM32U5G9ZJJ6QTR, STM32U5G9ZJT6Q, STM32WB05KZV6TR, STM32WB05KZV7TR, STM32WB05TZF6TR, STM32WB05TZF7TR, STM32WB06CCF6TR, STM32WB06CCF7TR, STM32WB06CCV6TR, STM32WB06CCV7TR, STM32WB06KCV6TR, STM32WB06KCV7TR, STM32WB07CCF6TR, STM32WB07CCF7TR, STM32WB07CCV6TR, STM32WB07CCV7TR, STM32WB07KCV6TR, STM32WB07KCV7TR, STM32WB09KEV6TR, STM32WB09KEV7TR, STM32WB09TEF6TR, STM32WB09TEF7TR, STM32WB1MMCH6, STM32WBA50KGU6, STM32WBA50KGU6TR, STM32WBA52CEU6, STM32WBA52CEU6TR, STM32WBA52CEU7, STM32WBA52CEU7TR, STM32WBA52CGU6, STM32WBA52CGU6TR, STM32WBA52CGU6U, STM32WBA52CGU7, STM32WBA52CGU7TR, STM32WBA52KEU6, STM32WBA52KEU6TR, STM32WBA52KGU6, STM32WBA52KGU6TR, STM32WBA54CEU6, STM32WBA54CEU6TR, STM32WBA54CEU7, STM32WBA54CEU7TR, STM32WBA54CGU6, STM32WBA54CGU6TR, STM32WBA54CGU7, STM32WBA54CGU7TR, STM32WBA54KEU6, STM32WBA54KEU6TR, STM32WBA54KEU7, STM32WBA54KEU7TR, STM32WBA54KGU6, STM32WBA54KGU6TR, STM32WBA54KGU7, STM32WBA54KGU7TR, STM32WBA55CEU6, STM32WBA55CEU6TR, STM32WBA55CEU7, STM32WBA55CEU7TR, STM32WBA55CGU6, STM32WBA55CGU6TR, STM32WBA55CGU6U, STM32WBA55CGU7, STM32WBA55CGU7TR, STM32WBA55G-DK1, STM32WBA55HEF6, STM32WBA55HEF7, STM32WBA55HGF6, STM32WBA55HGF7, STM32WBA55UEI6, STM32WBA55UEI6TR, STM32WBA55UEI7, STM32WBA55UEI7TR, STM32WBA55UGI6, STM32WBA55UGI6TR, STM32WBA55UGI7, STM32WBA55UGI7TR, STM32WBA5MMGH6TR, STM32WBA62MGF6, STM32WBA62MIF6, STM32WBA65MGF7, STM32WBA65MIF6, STM32WBA65MIF7, STM32WL30K8V6, STM32WL30KBV6, STM32WL31C8V6, STM32WL31CBV6, STM32WL31K8V6, STM32WL31KBV6, STM32WL33C8V6, STM32WL33C8V6X, STM32WL33CBV6, STM32WL33CBV6X, STM32WL33CCV6, STM32WL33CCV6A, STM32WL33CCV6X, STM32WL33K8V7, STM32WL33K8V7X, STM32WL33KBV7 , STM32WL33KBV7X, STM32WL33KCV7, STM32WL33KCV7X, STM32WL5MOCH6, STM32WL5MOCH6TR]
2026-09-27 16:29:00,875 [INFO] BoardInfo:889 - No configuration file found for board NUCLEO-H553ZG
2026-09-27 16:29:00,876 [INFO] DbBoards:161 - Board is not supported: NUCLEO-H553ZG
2026-09-27 16:29:00,879 [INFO] BoardInfo:889 - No configuration file found for board NUCLEO-H5E5ZJ
2026-09-27 16:29:00,880 [INFO] DbBoards:161 - Board is not supported: NUCLEO-H5E5ZJ
2026-09-27 16:29:00,930 [INFO] BoardInfo:889 - No configuration file found for board NUCLEO-U3C5ZI-Q
2026-09-27 16:29:00,931 [INFO] DbBoards:161 - Board is not supported: NUCLEO-U3C5ZI-Q
2026-09-27 16:29:00,945 [INFO] BoardInfo:889 - No configuration file found for board NUCLEO-WBA25CE1
2026-09-27 16:29:00,946 [INFO] DbBoards:161 - Board is not supported: NUCLEO-WBA25CE1
2026-09-27 16:29:00,956 [INFO] BoardInfo:889 - No configuration file found for board NUCLEO-WL3RKB1
2026-09-27 16:29:00,958 [INFO] DbBoards:161 - Board is not supported: NUCLEO-WL3RKB1
2026-09-27 16:29:00,959 [INFO] BoardInfo:889 - No configuration file found for board NUCLEO-WL3RKB2
2026-09-27 16:29:00,960 [INFO] DbBoards:161 - Board is not supported: NUCLEO-WL3RKB2
2026-09-27 16:29:00,967 [INFO] BoardInfo:889 - No configuration file found for board P-NUCLEO-WB55
2026-09-27 16:29:00,968 [INFO] DbBoards:161 - Kit is not supported: P-NUCLEO-WB55
2026-09-27 16:29:00,974 [INFO] BoardInfo:889 - No configuration file found for board STEVAL-BFA001V1B
2026-09-27 16:29:00,975 [INFO] DbBoards:161 - Kit is not supported: STEVAL-BFA001V1B
2026-09-27 16:29:00,976 [INFO] BoardInfo:889 - No configuration file found for board STEVAL-BFA001V2B
2026-09-27 16:29:00,977 [INFO] DbBoards:161 - Kit is not supported: STEVAL-BFA001V2B
2026-09-27 16:29:01,076 [INFO] BoardInfo:889 - No configuration file found for board STM32H5F5J-DK
2026-09-27 16:29:01,077 [INFO] DbBoards:161 - Board is not supported: STM32H5F5J-DK
2026-09-27 16:29:01,148 [INFO] DbBoards:168 - Found 219 boards, 209 are supported
2026-09-27 16:29:01,149 [INFO] DbBoards:169 - Found 219 boards, 43 of them is supported for  Bsp
2026-09-27 16:29:01,151 [INFO] ApiDb:423 - Load user favorites file C:\Users\HP/.stm32cubeide/favorites.boards.txt: 0 item(s)
2026-09-27 16:29:01,151 [INFO] ApiDb:427 - User favorites Boards=[]
2026-09-27 16:29:01,151 [INFO] DbBoards:198 - Set 0 / 0 favorites Boards
2026-09-27 16:29:01,151 [INFO] McuFinderGlobals:76 - Set McuFinderConnectedMode to true
2026-09-27 16:29:01,166 [INFO] MultiScanPanel:200 - Auto-refresh data requested => check proxy status ongoing
2026-09-27 16:29:01,168 [INFO] FinderPluginLoader:96 - Searching for filters in installed packs
2026-09-27 16:29:01,558 [ERROR] LogOutputStream:75 - [STDERR_REDIRECT] [Fatal Error] :1:1: Premature end of file.
2026-09-27 16:29:01,558 [ERROR] LogOutputStream:75 - [STDERR_REDIRECT] 
2026-09-27 16:29:02,340 [INFO] ServerAccessManage:452 - Complete download http(s) 200
2026-09-27 16:29:02,341 [INFO] ServerAccessManage:509 - Download File 
2026-09-27 16:29:02,426 [INFO] LoadUrlFilesThread:185 - End of LoadServerUrlFiles without Thread
2026-09-27 16:29:02,452 [INFO] DetailPanel:341 - Set advertising image to C:/Users/HP/STM32Cube/Repository/\en.banner-sidekick.jpg
2026-09-27 16:29:02,567 [ERROR] LogOutputStream:75 - [STDERR_REDIRECT] [Fatal Error] :1:1: Premature end of file.
2026-09-27 16:29:02,567 [ERROR] LogOutputStream:75 - [STDERR_REDIRECT] 
2026-09-27 16:29:03,565 [ERROR] LogOutputStream:75 - [STDERR_REDIRECT] [Fatal Error] :1:1: Premature end of file.
2026-09-27 16:29:03,567 [ERROR] LogOutputStream:75 - [STDERR_REDIRECT] 
2026-09-27 16:29:04,555 [ERROR] LogOutputStream:75 - [STDERR_REDIRECT] [Fatal Error] :1:1: Premature end of file.
2026-09-27 16:29:04,555 [ERROR] LogOutputStream:75 - [STDERR_REDIRECT] 
2026-09-27 16:29:05,554 [ERROR] LogOutputStream:75 - [STDERR_REDIRECT] [Fatal Error] :1:1: Premature end of file.
2026-09-27 16:29:05,557 [ERROR] LogOutputStream:75 - [STDERR_REDIRECT] 
2026-09-27 16:29:06,411 [INFO] MultiScanPanel:200 - Auto-refresh data requested => check proxy status ongoing
2026-09-27 16:29:06,498 [INFO] LoadUrlFilesThread:185 - End of LoadServerUrlFiles without Thread
2026-09-27 16:29:06,498 [INFO] DetailPanel:341 - Set advertising image to C:/Users/HP/STM32Cube/Repository/\en.banner-sidekick.jpg
2026-09-27 16:29:06,509 [INFO] DbBoards:642 - Loading board mini-images...
2026-09-27 16:29:06,558 [ERROR] LogOutputStream:75 - [STDERR_REDIRECT] [Fatal Error] :1:1: Premature end of file.
2026-09-27 16:29:06,558 [ERROR] LogOutputStream:75 - [STDERR_REDIRECT] 
2026-09-27 16:29:06,887 [ERROR] DbBoards:659 - Image file not found for board NUCLEO-H553ZG: C:\Users\HP\.stmcufinder\plugins\mcufinder//mcu//boards_images/NUCLEO-H553ZG.jpg
2026-09-27 16:29:07,564 [ERROR] LogOutputStream:75 - [STDERR_REDIRECT] [Fatal Error] :1:1: Premature end of file.
2026-09-27 16:29:07,564 [ERROR] LogOutputStream:75 - [STDERR_REDIRECT] 
2026-09-27 16:29:08,179 [INFO] DbBoards:665 - Loaded 218 board mini-images
2026-09-27 16:29:08,555 [ERROR] LogOutputStream:75 - [STDERR_REDIRECT] [Fatal Error] :1:1: Premature end of file.
2026-09-27 16:29:08,555 [ERROR] LogOutputStream:75 - [STDERR_REDIRECT] 
2026-09-27 16:29:09,556 [ERROR] LogOutputStream:75 - [STDERR_REDIRECT] [Fatal Error] :1:1: Premature end of file.
2026-09-27 16:29:09,556 [ERROR] LogOutputStream:75 - [STDERR_REDIRECT] 
2026-09-27 16:29:10,555 [ERROR] LogOutputStream:75 - [STDERR_REDIRECT] [Fatal Error] :1:1: Premature end of file.
2026-09-27 16:29:10,555 [ERROR] LogOutputStream:75 - [STDERR_REDIRECT] 
2026-09-27 16:29:11,554 [ERROR] LogOutputStream:75 - [STDERR_REDIRECT] [Fatal Error] :1:1: Premature end of file.
2026-09-27 16:29:11,554 [ERROR] LogOutputStream:75 - [STDERR_REDIRECT] 
2026-09-27 16:29:12,571 [ERROR] LogOutputStream:75 - [STDERR_REDIRECT] [Fatal Error] :1:1: Premature end of file.
2026-09-27 16:29:12,571 [ERROR] LogOutputStream:75 - [STDERR_REDIRECT] 
2026-09-27 16:29:13,559 [ERROR] LogOutputStream:75 - [STDERR_REDIRECT] [Fatal Error] :1:1: Premature end of file.
2026-09-27 16:29:13,559 [ERROR] LogOutputStream:75 - [STDERR_REDIRECT] 
2026-09-27 16:29:14,558 [ERROR] LogOutputStream:75 - [STDERR_REDIRECT] [Fatal Error] :1:1: Premature end of file.
2026-09-27 16:29:14,558 [ERROR] LogOutputStream:75 - [STDERR_REDIRECT] 
2026-09-27 16:29:15,560 [ERROR] LogOutputStream:75 - [STDERR_REDIRECT] [Fatal Error] :1:1: Premature end of file.
2026-09-27 16:29:15,560 [ERROR] LogOutputStream:75 - [STDERR_REDIRECT] 
2026-09-27 16:29:16,564 [ERROR] LogOutputStream:75 - [STDERR_REDIRECT] [Fatal Error] :1:1: Premature end of file.
2026-09-27 16:29:16,564 [ERROR] LogOutputStream:75 - [STDERR_REDIRECT] 
2026-09-27 16:29:17,558 [ERROR] LogOutputStream:75 - [STDERR_REDIRECT] [Fatal Error] :1:1: Premature end of file.
2026-09-27 16:29:17,558 [ERROR] LogOutputStream:75 - [STDERR_REDIRECT] 
2026-09-27 16:29:18,559 [ERROR] LogOutputStream:75 - [STDERR_REDIRECT] [Fatal Error] :1:1: Premature end of file.
2026-09-27 16:29:18,559 [ERROR] LogOutputStream:75 - [STDERR_REDIRECT] 
2026-09-27 16:29:19,555 [ERROR] LogOutputStream:75 - [STDERR_REDIRECT] [Fatal Error] :1:1: Premature end of file.
2026-09-27 16:29:19,555 [ERROR] LogOutputStream:75 - [STDERR_REDIRECT] 
2026-09-27 16:29:20,548 [ERROR] LogOutputStream:75 - [STDERR_REDIRECT] [Fatal Error] :1:1: Premature end of file.
2026-09-27 16:29:20,556 [ERROR] LogOutputStream:75 - [STDERR_REDIRECT] 
2026-09-27 16:29:21,555 [ERROR] LogOutputStream:75 - [STDERR_REDIRECT] [Fatal Error] :1:1: Premature end of file.
2026-09-27 16:29:21,555 [ERROR] LogOutputStream:75 - [STDERR_REDIRECT] 
2026-09-27 16:29:22,556 [ERROR] LogOutputStream:75 - [STDERR_REDIRECT] [Fatal Error] :1:1: Premature end of file.
2026-09-27 16:29:22,556 [ERROR] LogOutputStream:75 - [STDERR_REDIRECT] 
2026-09-27 16:29:23,557 [ERROR] LogOutputStream:75 - [STDERR_REDIRECT] [Fatal Error] :1:1: Premature end of file.
2026-09-27 16:29:23,557 [ERROR] LogOutputStream:75 - [STDERR_REDIRECT] 
2026-09-27 16:29:24,555 [ERROR] LogOutputStream:75 - [STDERR_REDIRECT] [Fatal Error] :1:1: Premature end of file.
2026-09-27 16:29:24,555 [ERROR] LogOutputStream:75 - [STDERR_REDIRECT] 
2026-09-27 16:29:25,558 [ERROR] LogOutputStream:75 - [STDERR_REDIRECT] [Fatal Error] :1:1: Premature end of file.
2026-09-27 16:29:25,558 [ERROR] LogOutputStream:75 - [STDERR_REDIRECT] 
2026-09-27 16:29:26,547 [ERROR] LogOutputStream:75 - [STDERR_REDIRECT] [Fatal Error] :1:1: Premature end of file.
2026-09-27 16:29:26,547 [ERROR] LogOutputStream:75 - [STDERR_REDIRECT] 
2026-09-27 16:29:27,565 [ERROR] LogOutputStream:75 - [STDERR_REDIRECT] [Fatal Error] :1:1: Premature end of file.
2026-09-27 16:29:27,565 [ERROR] LogOutputStream:75 - [STDERR_REDIRECT] 
2026-09-27 16:29:28,557 [ERROR] LogOutputStream:75 - [STDERR_REDIRECT] [Fatal Error] :1:1: Premature end of file.
2026-09-27 16:29:28,557 [ERROR] LogOutputStream:75 - [STDERR_REDIRECT] 
2026-09-27 16:29:29,337 [INFO] MetaSearchPanel:254 - search for filter with key=STM32F4
2026-09-27 16:29:29,339 [INFO] MetaSearchPanel:355 - search for filter component McuSeries
2026-09-27 16:29:29,339 [INFO] MetaSearchPanel:329 - Collapse all filters sections
2026-09-27 16:29:29,555 [ERROR] LogOutputStream:75 - [STDERR_REDIRECT] [Fatal Error] :1:1: Premature end of file.
2026-09-27 16:29:29,555 [ERROR] LogOutputStream:75 - [STDERR_REDIRECT] 
2026-09-27 16:29:30,555 [ERROR] LogOutputStream:75 - [STDERR_REDIRECT] [Fatal Error] :1:1: Premature end of file.
2026-09-27 16:29:30,555 [ERROR] LogOutputStream:75 - [STDERR_REDIRECT] 
2026-09-27 16:29:31,555 [ERROR] LogOutputStream:75 - [STDERR_REDIRECT] [Fatal Error] :1:1: Premature end of file.
2026-09-27 16:29:31,555 [ERROR] LogOutputStream:75 - [STDERR_REDIRECT] 
2026-09-27 16:29:32,556 [ERROR] LogOutputStream:75 - [STDERR_REDIRECT] [Fatal Error] :1:1: Premature end of file.
2026-09-27 16:29:32,556 [ERROR] LogOutputStream:75 - [STDERR_REDIRECT] 
2026-09-27 16:29:33,555 [ERROR] LogOutputStream:75 - [STDERR_REDIRECT] [Fatal Error] :1:1: Premature end of file.
2026-09-27 16:29:33,555 [ERROR] LogOutputStream:75 - [STDERR_REDIRECT] 
2026-09-27 16:29:34,554 [ERROR] LogOutputStream:75 - [STDERR_REDIRECT] [Fatal Error] :1:1: Premature end of file.
2026-09-27 16:29:34,554 [ERROR] LogOutputStream:75 - [STDERR_REDIRECT] 
2026-09-27 16:29:35,556 [ERROR] LogOutputStream:75 - [STDERR_REDIRECT] [Fatal Error] :1:1: Premature end of file.
2026-09-27 16:29:35,556 [ERROR] LogOutputStream:75 - [STDERR_REDIRECT] 
2026-09-27 16:29:36,558 [ERROR] LogOutputStream:75 - [STDERR_REDIRECT] [Fatal Error] :1:1: Premature end of file.
2026-09-27 16:29:36,558 [ERROR] LogOutputStream:75 - [STDERR_REDIRECT] 
2026-09-27 16:29:37,559 [ERROR] LogOutputStream:75 - [STDERR_REDIRECT] [Fatal Error] :1:1: Premature end of file.
2026-09-27 16:29:37,559 [ERROR] LogOutputStream:75 - [STDERR_REDIRECT] 
2026-09-27 16:29:38,554 [ERROR] LogOutputStream:75 - [STDERR_REDIRECT] [Fatal Error] :1:1: Premature end of file.
2026-09-27 16:29:38,554 [ERROR] LogOutputStream:75 - [STDERR_REDIRECT] 
2026-09-27 16:29:39,556 [ERROR] LogOutputStream:75 - [STDERR_REDIRECT] [Fatal Error] :1:1: Premature end of file.
2026-09-27 16:29:39,556 [ERROR] LogOutputStream:75 - [STDERR_REDIRECT] 
2026-09-27 16:29:40,550 [ERROR] LogOutputStream:75 - [STDERR_REDIRECT] [Fatal Error] :1:1: Premature end of file.
2026-09-27 16:29:40,550 [ERROR] LogOutputStream:75 - [STDERR_REDIRECT] 
2026-09-27 16:29:41,557 [ERROR] LogOutputStream:75 - [STDERR_REDIRECT] [Fatal Error] :1:1: Premature end of file.
2026-09-27 16:29:41,557 [ERROR] LogOutputStream:75 - [STDERR_REDIRECT] 
2026-09-27 16:29:42,554 [ERROR] LogOutputStream:75 - [STDERR_REDIRECT] [Fatal Error] :1:1: Premature end of file.
2026-09-27 16:29:42,554 [ERROR] LogOutputStream:75 - [STDERR_REDIRECT] 
2026-09-27 16:29:43,557 [ERROR] LogOutputStream:75 - [STDERR_REDIRECT] [Fatal Error] :1:1: Premature end of file.
2026-09-27 16:29:43,557 [ERROR] LogOutputStream:75 - [STDERR_REDIRECT] 
2026-09-27 16:29:44,550 [ERROR] LogOutputStream:75 - [STDERR_REDIRECT] [Fatal Error] :1:1: Premature end of file.
2026-09-27 16:29:44,550 [ERROR] LogOutputStream:75 - [STDERR_REDIRECT] 
2026-09-27 16:29:45,556 [ERROR] LogOutputStream:75 - [STDERR_REDIRECT] [Fatal Error] :1:1: Premature end of file.
2026-09-27 16:29:45,556 [ERROR] LogOutputStream:75 - [STDERR_REDIRECT] 
2026-09-27 16:29:46,547 [ERROR] LogOutputStream:75 - [STDERR_REDIRECT] [Fatal Error] :1:1: Premature end of file.
2026-09-27 16:29:46,547 [ERROR] LogOutputStream:75 - [STDERR_REDIRECT] 
2026-09-27 16:29:47,554 [ERROR] LogOutputStream:75 - [STDERR_REDIRECT] [Fatal Error] :1:1: Premature end of file.
2026-09-27 16:29:47,554 [ERROR] LogOutputStream:75 - [STDERR_REDIRECT] 
2026-09-27 16:29:48,555 [ERROR] LogOutputStream:75 - [STDERR_REDIRECT] [Fatal Error] :1:1: Premature end of file.
2026-09-27 16:29:48,555 [ERROR] LogOutputStream:75 - [STDERR_REDIRECT] 
2026-09-27 16:29:49,554 [ERROR] LogOutputStream:75 - [STDERR_REDIRECT] [Fatal Error] :1:1: Premature end of file.
2026-09-27 16:29:49,554 [ERROR] LogOutputStream:75 - [STDERR_REDIRECT] 
2026-09-27 16:29:50,554 [ERROR] LogOutputStream:75 - [STDERR_REDIRECT] [Fatal Error] :1:1: Premature end of file.
2026-09-27 16:29:50,554 [ERROR] LogOutputStream:75 - [STDERR_REDIRECT] 
2026-09-27 16:29:51,554 [ERROR] LogOutputStream:75 - [STDERR_REDIRECT] [Fatal Error] :1:1: Premature end of file.
2026-09-27 16:29:51,554 [ERROR] LogOutputStream:75 - [STDERR_REDIRECT] 
2026-09-27 16:29:52,551 [ERROR] LogOutputStream:75 - [STDERR_REDIRECT] [Fatal Error] :1:1: Premature end of file.
2026-09-27 16:29:52,551 [ERROR] LogOutputStream:75 - [STDERR_REDIRECT] 
2026-09-27 16:29:53,556 [ERROR] LogOutputStream:75 - [STDERR_REDIRECT] [Fatal Error] :1:1: Premature end of file.
2026-09-27 16:29:53,556 [ERROR] LogOutputStream:75 - [STDERR_REDIRECT] 
2026-09-27 16:29:54,547 [ERROR] LogOutputStream:75 - [STDERR_REDIRECT] [Fatal Error] :1:1: Premature end of file.
2026-09-27 16:29:54,547 [ERROR] LogOutputStream:75 - [STDERR_REDIRECT] 
2026-09-27 16:29:55,562 [ERROR] LogOutputStream:75 - [STDERR_REDIRECT] [Fatal Error] :1:1: Premature end of file.
2026-09-27 16:29:55,562 [ERROR] LogOutputStream:75 - [STDERR_REDIRECT] 
2026-09-27 16:29:56,556 [ERROR] LogOutputStream:75 - [STDERR_REDIRECT] [Fatal Error] :1:1: Premature end of file.
2026-09-27 16:29:56,556 [ERROR] LogOutputStream:75 - [STDERR_REDIRECT] 
2026-09-27 16:29:57,554 [ERROR] LogOutputStream:75 - [STDERR_REDIRECT] [Fatal Error] :1:1: Premature end of file.
2026-09-27 16:29:57,554 [ERROR] LogOutputStream:75 - [STDERR_REDIRECT] 
2026-09-27 16:29:58,562 [ERROR] LogOutputStream:75 - [STDERR_REDIRECT] [Fatal Error] :1:1: Premature end of file.
2026-09-27 16:29:58,562 [ERROR] LogOutputStream:75 - [STDERR_REDIRECT] 
2026-09-27 16:29:59,558 [ERROR] LogOutputStream:75 - [STDERR_REDIRECT] [Fatal Error] :1:1: Premature end of file.
2026-09-27 16:29:59,558 [ERROR] LogOutputStream:75 - [STDERR_REDIRECT] 
2026-09-27 16:30:00,556 [ERROR] LogOutputStream:75 - [STDERR_REDIRECT] [Fatal Error] :1:1: Premature end of file.
2026-09-27 16:30:00,556 [ERROR] LogOutputStream:75 - [STDERR_REDIRECT] 
2026-09-27 16:30:01,459 [INFO] McuFinderGlobals:76 - Set McuFinderConnectedMode to true
2026-09-27 16:30:01,461 [INFO] ApiDb:448 - Save user favorites file C:\Users\HP/.stm32cubeide/favorites.mcus.txt: 0 item(s)
2026-09-27 16:30:01,461 [INFO] ApiDb:452 - User favorites MCUs=[]
2026-09-27 16:30:01,463 [INFO] ApiDb:448 - Save user favorites file C:\Users\HP/.stm32cubeide/favorites.boards.txt: 0 item(s)
2026-09-27 16:30:01,463 [INFO] ApiDb:452 - User favorites Boards=[]
2026-09-27 16:30:01,640 [ERROR] LogOutputStream:75 - [STDERR_REDIRECT] [Fatal Error] :1:1: Premature end of file.
2026-09-27 16:30:01,642 [ERROR] LogOutputStream:75 - [STDERR_REDIRECT] 
2026-09-27 16:30:02,557 [ERROR] LogOutputStream:75 - [STDERR_REDIRECT] [Fatal Error] :1:1: Premature end of file.
2026-09-27 16:30:02,557 [ERROR] LogOutputStream:75 - [STDERR_REDIRECT] 
2026-09-27 16:30:03,554 [ERROR] LogOutputStream:75 - [STDERR_REDIRECT] [Fatal Error] :1:1: Premature end of file.
2026-09-27 16:30:03,555 [ERROR] LogOutputStream:75 - [STDERR_REDIRECT] 
2026-09-27 16:30:04,556 [ERROR] LogOutputStream:75 - [STDERR_REDIRECT] [Fatal Error] :1:1: Premature end of file.
2026-09-27 16:30:04,556 [ERROR] LogOutputStream:75 - [STDERR_REDIRECT] 
2026-09-27 16:30:05,555 [ERROR] LogOutputStream:75 - [STDERR_REDIRECT] [Fatal Error] :1:1: Premature end of file.
2026-09-27 16:30:05,555 [ERROR] LogOutputStream:75 - [STDERR_REDIRECT] 
2026-09-27 16:30:06,557 [ERROR] LogOutputStream:75 - [STDERR_REDIRECT] [Fatal Error] :1:1: Premature end of file.
2026-09-27 16:30:06,557 [ERROR] LogOutputStream:75 - [STDERR_REDIRECT] 
2026-09-27 16:30:07,555 [ERROR] LogOutputStream:75 - [STDERR_REDIRECT] [Fatal Error] :1:1: Premature end of file.
2026-09-27 16:30:07,555 [ERROR] LogOutputStream:75 - [STDERR_REDIRECT] 
2026-09-27 16:30:08,557 [ERROR] LogOutputStream:75 - [STDERR_REDIRECT] [Fatal Error] :1:1: Premature end of file.
2026-09-27 16:30:08,557 [ERROR] LogOutputStream:75 - [STDERR_REDIRECT] 
2026-09-27 16:30:09,559 [ERROR] LogOutputStream:75 - [STDERR_REDIRECT] [Fatal Error] :1:1: Premature end of file.
2026-09-27 16:30:09,559 [ERROR] LogOutputStream:75 - [STDERR_REDIRECT] 
2026-09-27 16:30:10,554 [ERROR] LogOutputStream:75 - [STDERR_REDIRECT] [Fatal Error] :1:1: Premature end of file.
2026-09-27 16:30:10,557 [ERROR] LogOutputStream:75 - [STDERR_REDIRECT] 
2026-09-27 16:30:11,554 [ERROR] LogOutputStream:75 - [STDERR_REDIRECT] [Fatal Error] :1:1: Premature end of file.
2026-09-27 16:30:11,554 [ERROR] LogOutputStream:75 - [STDERR_REDIRECT] 
2026-09-27 16:30:12,554 [ERROR] LogOutputStream:75 - [STDERR_REDIRECT] [Fatal Error] :1:1: Premature end of file.
2026-09-27 16:30:12,554 [ERROR] LogOutputStream:75 - [STDERR_REDIRECT] 
2026-09-27 16:30:13,557 [ERROR] LogOutputStream:75 - [STDERR_REDIRECT] [Fatal Error] :1:1: Premature end of file.
2026-09-27 16:30:13,557 [ERROR] LogOutputStream:75 - [STDERR_REDIRECT] 
2026-09-27 16:30:14,553 [ERROR] LogOutputStream:75 - [STDERR_REDIRECT] [Fatal Error] :1:1: Premature end of file.
2026-09-27 16:30:14,553 [ERROR] LogOutputStream:75 - [STDERR_REDIRECT] 
2026-09-27 16:30:15,559 [ERROR] LogOutputStream:75 - [STDERR_REDIRECT] [Fatal Error] :1:1: Premature end of file.
2026-09-27 16:30:15,559 [ERROR] LogOutputStream:75 - [STDERR_REDIRECT] 
2026-09-27 16:30:16,565 [ERROR] LogOutputStream:75 - [STDERR_REDIRECT] [Fatal Error] :1:1: Premature end of file.
2026-09-27 16:30:16,565 [ERROR] LogOutputStream:75 - [STDERR_REDIRECT] 
2026-09-27 16:30:17,562 [ERROR] LogOutputStream:75 - [STDERR_REDIRECT] [Fatal Error] :1:1: Premature end of file.
2026-09-27 16:30:17,562 [ERROR] LogOutputStream:75 - [STDERR_REDIRECT] 
2026-09-27 16:30:18,566 [ERROR] LogOutputStream:75 - [STDERR_REDIRECT] [Fatal Error] :1:1: Premature end of file.
2026-09-27 16:30:18,566 [ERROR] LogOutputStream:75 - [STDERR_REDIRECT] 
2026-09-27 16:30:19,567 [ERROR] LogOutputStream:75 - [STDERR_REDIRECT] [Fatal Error] :1:1: Premature end of file.
2026-09-27 16:30:19,568 [ERROR] LogOutputStream:75 - [STDERR_REDIRECT] 
2026-09-27 16:30:20,566 [ERROR] LogOutputStream:75 - [STDERR_REDIRECT] [Fatal Error] :1:1: Premature end of file.
2026-09-27 16:30:20,566 [ERROR] LogOutputStream:75 - [STDERR_REDIRECT] 
2026-09-27 16:30:21,560 [ERROR] LogOutputStream:75 - [STDERR_REDIRECT] [Fatal Error] :1:1: Premature end of file.
2026-09-27 16:30:21,560 [ERROR] LogOutputStream:75 - [STDERR_REDIRECT] 
2026-09-27 16:30:22,568 [ERROR] LogOutputStream:75 - [STDERR_REDIRECT] [Fatal Error] :1:1: Premature end of file.
2026-09-27 16:30:22,568 [ERROR] LogOutputStream:75 - [STDERR_REDIRECT] 
2026-09-27 16:30:23,565 [ERROR] LogOutputStream:75 - [STDERR_REDIRECT] [Fatal Error] :1:1: Premature end of file.
2026-09-27 16:30:23,565 [ERROR] LogOutputStream:75 - [STDERR_REDIRECT] 
2026-09-27 16:30:24,561 [ERROR] LogOutputStream:75 - [STDERR_REDIRECT] [Fatal Error] :1:1: Premature end of file.
2026-09-27 16:30:24,561 [ERROR] LogOutputStream:75 - [STDERR_REDIRECT] 
2026-09-27 16:30:25,566 [ERROR] LogOutputStream:75 - [STDERR_REDIRECT] [Fatal Error] :1:1: Premature end of file.
2026-09-27 16:30:25,567 [ERROR] LogOutputStream:75 - [STDERR_REDIRECT] 
2026-09-27 16:30:26,564 [ERROR] LogOutputStream:75 - [STDERR_REDIRECT] [Fatal Error] :1:1: Premature end of file.
2026-09-27 16:30:26,564 [ERROR] LogOutputStream:75 - [STDERR_REDIRECT] 
2026-09-27 16:30:27,565 [ERROR] LogOutputStream:75 - [STDERR_REDIRECT] [Fatal Error] :1:1: Premature end of file.
2026-09-27 16:30:27,565 [ERROR] LogOutputStream:75 - [STDERR_REDIRECT] 
2026-09-27 16:30:28,556 [ERROR] LogOutputStream:75 - [STDERR_REDIRECT] [Fatal Error] :1:1: Premature end of file.
2026-09-27 16:30:28,556 [ERROR] LogOutputStream:75 - [STDERR_REDIRECT] 
2026-09-27 16:30:29,566 [ERROR] LogOutputStream:75 - [STDERR_REDIRECT] [Fatal Error] :1:1: Premature end of file.
2026-09-27 16:30:29,566 [ERROR] LogOutputStream:75 - [STDERR_REDIRECT] 
2026-09-27 16:30:30,565 [ERROR] LogOutputStream:75 - [STDERR_REDIRECT] [Fatal Error] :1:1: Premature end of file.
2026-09-27 16:30:30,565 [ERROR] LogOutputStream:75 - [STDERR_REDIRECT] 
2026-09-27 16:30:31,569 [ERROR] LogOutputStream:75 - [STDERR_REDIRECT] [Fatal Error] :1:1: Premature end of file.
2026-09-27 16:30:31,569 [ERROR] LogOutputStream:75 - [STDERR_REDIRECT] 
2026-09-27 16:30:32,563 [ERROR] LogOutputStream:75 - [STDERR_REDIRECT] [Fatal Error] :1:1: Premature end of file.
2026-09-27 16:30:32,563 [ERROR] LogOutputStream:75 - [STDERR_REDIRECT] 
2026-09-27 16:30:33,566 [ERROR] LogOutputStream:75 - [STDERR_REDIRECT] [Fatal Error] :1:1: Premature end of file.
2026-09-27 16:30:33,567 [ERROR] LogOutputStream:75 - [STDERR_REDIRECT] 
2026-09-27 16:30:34,566 [ERROR] LogOutputStream:75 - [STDERR_REDIRECT] [Fatal Error] :1:1: Premature end of file.
2026-09-27 16:30:34,566 [ERROR] LogOutputStream:75 - [STDERR_REDIRECT] 
2026-09-27 16:30:35,566 [ERROR] LogOutputStream:75 - [STDERR_REDIRECT] [Fatal Error] :1:1: Premature end of file.
2026-09-27 16:30:35,566 [ERROR] LogOutputStream:75 - [STDERR_REDIRECT] 
2026-09-27 16:30:36,566 [ERROR] LogOutputStream:75 - [STDERR_REDIRECT] [Fatal Error] :1:1: Premature end of file.
2026-09-27 16:30:36,566 [ERROR] LogOutputStream:75 - [STDERR_REDIRECT] 
2026-09-27 16:30:37,564 [ERROR] LogOutputStream:75 - [STDERR_REDIRECT] [Fatal Error] :1:1: Premature end of file.
2026-09-27 16:30:37,564 [ERROR] LogOutputStream:75 - [STDERR_REDIRECT] 
2026-09-27 16:30:38,552 [ERROR] LogOutputStream:75 - [STDERR_REDIRECT] [Fatal Error] :1:1: Premature end of file.
2026-09-27 16:30:38,552 [ERROR] LogOutputStream:75 - [STDERR_REDIRECT] 
2026-09-27 16:30:39,556 [ERROR] LogOutputStream:75 - [STDERR_REDIRECT] [Fatal Error] :1:1: Premature end of file.
2026-09-27 16:30:39,556 [ERROR] LogOutputStream:75 - [STDERR_REDIRECT] 
2026-09-27 16:30:40,559 [ERROR] LogOutputStream:75 - [STDERR_REDIRECT] [Fatal Error] :1:1: Premature end of file.
2026-09-27 16:30:40,559 [ERROR] LogOutputStream:75 - [STDERR_REDIRECT] 
2026-09-27 16:30:41,576 [ERROR] LogOutputStream:75 - [STDERR_REDIRECT] [Fatal Error] :1:1: Premature end of file.
2026-09-27 16:30:41,576 [ERROR] LogOutputStream:75 - [STDERR_REDIRECT] 
2026-09-27 16:30:42,555 [ERROR] LogOutputStream:75 - [STDERR_REDIRECT] [Fatal Error] :1:1: Premature end of file.
2026-09-27 16:30:42,555 [ERROR] LogOutputStream:75 - [STDERR_REDIRECT] 
2026-09-27 16:30:43,554 [ERROR] LogOutputStream:75 - [STDERR_REDIRECT] [Fatal Error] :1:1: Premature end of file.
2026-09-27 16:30:43,554 [ERROR] LogOutputStream:75 - [STDERR_REDIRECT] 
2026-09-27 16:30:44,556 [ERROR] LogOutputStream:75 - [STDERR_REDIRECT] [Fatal Error] :1:1: Premature end of file.
2026-09-27 16:30:44,556 [ERROR] LogOutputStream:75 - [STDERR_REDIRECT] 
2026-09-27 16:30:45,566 [ERROR] LogOutputStream:75 - [STDERR_REDIRECT] [Fatal Error] :1:1: Premature end of file.
2026-09-27 16:30:45,566 [ERROR] LogOutputStream:75 - [STDERR_REDIRECT] 
2026-09-27 16:30:46,569 [ERROR] LogOutputStream:75 - [STDERR_REDIRECT] [Fatal Error] :1:1: Premature end of file.
2026-09-27 16:30:46,569 [ERROR] LogOutputStream:75 - [STDERR_REDIRECT] 
2026-09-27 16:30:47,556 [ERROR] LogOutputStream:75 - [STDERR_REDIRECT] [Fatal Error] :1:1: Premature end of file.
2026-09-27 16:30:47,556 [ERROR] LogOutputStream:75 - [STDERR_REDIRECT] 
2026-09-27 16:30:48,555 [ERROR] LogOutputStream:75 - [STDERR_REDIRECT] [Fatal Error] :1:1: Premature end of file.
2026-09-27 16:30:48,555 [ERROR] LogOutputStream:75 - [STDERR_REDIRECT] 
2026-09-27 16:30:49,555 [ERROR] LogOutputStream:75 - [STDERR_REDIRECT] [Fatal Error] :1:1: Premature end of file.
2026-09-27 16:30:49,555 [ERROR] LogOutputStream:75 - [STDERR_REDIRECT] 
2026-09-27 16:30:50,554 [ERROR] LogOutputStream:75 - [STDERR_REDIRECT] [Fatal Error] :1:1: Premature end of file.
2026-09-27 16:30:50,554 [ERROR] LogOutputStream:75 - [STDERR_REDIRECT] 
2026-09-27 16:30:51,559 [ERROR] LogOutputStream:75 - [STDERR_REDIRECT] [Fatal Error] :1:1: Premature end of file.
2026-09-27 16:30:51,559 [ERROR] LogOutputStream:75 - [STDERR_REDIRECT] 
2026-09-27 16:30:52,566 [ERROR] LogOutputStream:75 - [STDERR_REDIRECT] [Fatal Error] :1:1: Premature end of file.
2026-09-27 16:30:52,566 [ERROR] LogOutputStream:75 - [STDERR_REDIRECT] 
2026-09-27 16:30:53,555 [ERROR] LogOutputStream:75 - [STDERR_REDIRECT] [Fatal Error] :1:1: Premature end of file.
2026-09-27 16:30:53,555 [ERROR] LogOutputStream:75 - [STDERR_REDIRECT] 
2026-09-27 16:30:54,554 [ERROR] LogOutputStream:75 - [STDERR_REDIRECT] [Fatal Error] :1:1: Premature end of file.
2026-09-27 16:30:54,554 [ERROR] LogOutputStream:75 - [STDERR_REDIRECT] 
2026-09-27 16:30:55,555 [ERROR] LogOutputStream:75 - [STDERR_REDIRECT] [Fatal Error] :1:1: Premature end of file.
2026-09-27 16:30:55,555 [ERROR] LogOutputStream:75 - [STDERR_REDIRECT] 
2026-09-27 16:30:56,556 [ERROR] LogOutputStream:75 - [STDERR_REDIRECT] [Fatal Error] :1:1: Premature end of file.
2026-09-27 16:30:56,557 [ERROR] LogOutputStream:75 - [STDERR_REDIRECT] 
2026-09-27 16:30:57,555 [ERROR] LogOutputStream:75 - [STDERR_REDIRECT] [Fatal Error] :1:1: Premature end of file.
2026-09-27 16:30:57,555 [ERROR] LogOutputStream:75 - [STDERR_REDIRECT] 
2026-09-27 16:30:58,560 [ERROR] LogOutputStream:75 - [STDERR_REDIRECT] [Fatal Error] :1:1: Premature end of file.
2026-09-27 16:30:58,560 [ERROR] LogOutputStream:75 - [STDERR_REDIRECT] 
2026-09-27 16:30:59,558 [ERROR] LogOutputStream:75 - [STDERR_REDIRECT] [Fatal Error] :1:1: Premature end of file.
2026-09-27 16:30:59,558 [ERROR] LogOutputStream:75 - [STDERR_REDIRECT] 
2026-09-27 16:31:00,556 [ERROR] LogOutputStream:75 - [STDERR_REDIRECT] [Fatal Error] :1:1: Premature end of file.
2026-09-27 16:31:00,556 [ERROR] LogOutputStream:75 - [STDERR_REDIRECT] 
2026-09-27 16:31:01,556 [ERROR] LogOutputStream:75 - [STDERR_REDIRECT] [Fatal Error] :1:1: Premature end of file.
2026-09-27 16:31:01,556 [ERROR] LogOutputStream:75 - [STDERR_REDIRECT] 
2026-09-27 16:31:02,565 [ERROR] LogOutputStream:75 - [STDERR_REDIRECT] [Fatal Error] :1:1: Premature end of file.
2026-09-27 16:31:02,565 [ERROR] LogOutputStream:75 - [STDERR_REDIRECT] 
2026-09-27 16:31:03,554 [ERROR] LogOutputStream:75 - [STDERR_REDIRECT] [Fatal Error] :1:1: Premature end of file.
2026-09-27 16:31:03,554 [ERROR] LogOutputStream:75 - [STDERR_REDIRECT] 
2026-09-27 16:31:04,555 [ERROR] LogOutputStream:75 - [STDERR_REDIRECT] [Fatal Error] :1:1: Premature end of file.
2026-09-27 16:31:04,555 [ERROR] LogOutputStream:75 - [STDERR_REDIRECT] 
2026-09-27 16:31:05,561 [ERROR] LogOutputStream:75 - [STDERR_REDIRECT] [Fatal Error] :1:1: Premature end of file.
2026-09-27 16:31:05,561 [ERROR] LogOutputStream:75 - [STDERR_REDIRECT] 
2026-09-27 16:31:06,556 [ERROR] LogOutputStream:75 - [STDERR_REDIRECT] [Fatal Error] :1:1: Premature end of file.
2026-09-27 16:31:06,556 [ERROR] LogOutputStream:75 - [STDERR_REDIRECT] 
2026-09-27 16:31:07,556 [ERROR] LogOutputStream:75 - [STDERR_REDIRECT] [Fatal Error] :1:1: Premature end of file.
2026-09-27 16:31:07,557 [ERROR] LogOutputStream:75 - [STDERR_REDIRECT] 
2026-09-27 16:31:08,556 [ERROR] LogOutputStream:75 - [STDERR_REDIRECT] [Fatal Error] :1:1: Premature end of file.
2026-09-27 16:31:08,556 [ERROR] LogOutputStream:75 - [STDERR_REDIRECT] 
2026-09-27 16:31:09,556 [ERROR] LogOutputStream:75 - [STDERR_REDIRECT] [Fatal Error] :1:1: Premature end of file.
2026-09-27 16:31:09,556 [ERROR] LogOutputStream:75 - [STDERR_REDIRECT] 
2026-09-27 16:31:10,556 [ERROR] LogOutputStream:75 - [STDERR_REDIRECT] [Fatal Error] :1:1: Premature end of file.
2026-09-27 16:31:10,556 [ERROR] LogOutputStream:75 - [STDERR_REDIRECT] 
2026-09-27 16:31:11,555 [ERROR] LogOutputStream:75 - [STDERR_REDIRECT] [Fatal Error] :1:1: Premature end of file.
2026-09-27 16:31:11,555 [ERROR] LogOutputStream:75 - [STDERR_REDIRECT] 
2026-09-27 16:31:12,558 [ERROR] LogOutputStream:75 - [STDERR_REDIRECT] [Fatal Error] :1:1: Premature end of file.
2026-09-27 16:31:12,558 [ERROR] LogOutputStream:75 - [STDERR_REDIRECT] 
2026-09-27 16:31:13,557 [ERROR] LogOutputStream:75 - [STDERR_REDIRECT] [Fatal Error] :1:1: Premature end of file.
2026-09-27 16:31:13,557 [ERROR] LogOutputStream:75 - [STDERR_REDIRECT] 
2026-09-27 16:31:14,557 [ERROR] LogOutputStream:75 - [STDERR_REDIRECT] [Fatal Error] :1:1: Premature end of file.
2026-09-27 16:31:14,557 [ERROR] LogOutputStream:75 - [STDERR_REDIRECT] 
2026-09-27 16:31:15,563 [ERROR] LogOutputStream:75 - [STDERR_REDIRECT] [Fatal Error] :1:1: Premature end of file.
2026-09-27 16:31:15,564 [ERROR] LogOutputStream:75 - [STDERR_REDIRECT] 
2026-09-27 16:31:16,558 [ERROR] LogOutputStream:75 - [STDERR_REDIRECT] [Fatal Error] :1:1: Premature end of file.
2026-09-27 16:31:16,558 [ERROR] LogOutputStream:75 - [STDERR_REDIRECT] 
2026-09-27 16:31:17,557 [ERROR] LogOutputStream:75 - [STDERR_REDIRECT] [Fatal Error] :1:1: Premature end of file.
2026-09-27 16:31:17,557 [ERROR] LogOutputStream:75 - [STDERR_REDIRECT] 
2026-09-27 16:31:18,560 [ERROR] LogOutputStream:75 - [STDERR_REDIRECT] [Fatal Error] :1:1: Premature end of file.
2026-09-27 16:31:18,560 [ERROR] LogOutputStream:75 - [STDERR_REDIRECT] 
2026-09-27 16:31:19,554 [ERROR] LogOutputStream:75 - [STDERR_REDIRECT] [Fatal Error] :1:1: Premature end of file.
2026-09-27 16:31:19,555 [ERROR] LogOutputStream:75 - [STDERR_REDIRECT] 
2026-09-27 16:31:20,559 [ERROR] LogOutputStream:75 - [STDERR_REDIRECT] [Fatal Error] :1:1: Premature end of file.
2026-09-27 16:31:20,560 [ERROR] LogOutputStream:75 - [STDERR_REDIRECT] 
2026-09-27 16:31:21,553 [ERROR] LogOutputStream:75 - [STDERR_REDIRECT] [Fatal Error] :1:1: Premature end of file.
2026-09-27 16:31:21,555 [ERROR] LogOutputStream:75 - [STDERR_REDIRECT] 
2026-09-27 16:31:22,557 [ERROR] LogOutputStream:75 - [STDERR_REDIRECT] [Fatal Error] :1:1: Premature end of file.
2026-09-27 16:31:22,557 [ERROR] LogOutputStream:75 - [STDERR_REDIRECT] 
2026-09-27 16:31:23,558 [ERROR] LogOutputStream:75 - [STDERR_REDIRECT] [Fatal Error] :1:1: Premature end of file.
2026-09-27 16:31:23,558 [ERROR] LogOutputStream:75 - [STDERR_REDIRECT] 
2026-09-27 16:31:24,569 [ERROR] LogOutputStream:75 - [STDERR_REDIRECT] [Fatal Error] :1:1: Premature end of file.
2026-09-27 16:31:24,569 [ERROR] LogOutputStream:75 - [STDERR_REDIRECT] 
2026-09-27 16:31:25,557 [ERROR] LogOutputStream:75 - [STDERR_REDIRECT] [Fatal Error] :1:1: Premature end of file.
2026-09-27 16:31:25,557 [ERROR] LogOutputStream:75 - [STDERR_REDIRECT] 
2026-09-27 16:31:26,559 [ERROR] LogOutputStream:75 - [STDERR_REDIRECT] [Fatal Error] :1:1: Premature end of file.
2026-09-27 16:31:26,559 [ERROR] LogOutputStream:75 - [STDERR_REDIRECT] 
2026-09-27 16:31:27,556 [ERROR] LogOutputStream:75 - [STDERR_REDIRECT] [Fatal Error] :1:1: Premature end of file.
2026-09-27 16:31:27,556 [ERROR] LogOutputStream:75 - [STDERR_REDIRECT] 
2026-09-27 16:31:28,558 [ERROR] LogOutputStream:75 - [STDERR_REDIRECT] [Fatal Error] :1:1: Premature end of file.
2026-09-27 16:31:28,558 [ERROR] LogOutputStream:75 - [STDERR_REDIRECT] 
2026-09-27 16:31:29,557 [ERROR] LogOutputStream:75 - [STDERR_REDIRECT] [Fatal Error] :1:1: Premature end of file.
2026-09-27 16:31:29,558 [ERROR] LogOutputStream:75 - [STDERR_REDIRECT] 
2026-09-27 16:31:30,555 [ERROR] LogOutputStream:75 - [STDERR_REDIRECT] [Fatal Error] :1:1: Premature end of file.
2026-09-27 16:31:30,556 [ERROR] LogOutputStream:75 - [STDERR_REDIRECT] 
2026-09-27 16:31:31,555 [ERROR] LogOutputStream:75 - [STDERR_REDIRECT] [Fatal Error] :1:1: Premature end of file.
2026-09-27 16:31:31,555 [ERROR] LogOutputStream:75 - [STDERR_REDIRECT] 
2026-09-27 16:31:31,755 [INFO] WebApp:194 - Connection lost
2026-09-27 16:31:31,989 [INFO] WebApp:191 - Connection restablished
2026-09-27 16:31:32,561 [ERROR] LogOutputStream:75 - [STDERR_REDIRECT] [Fatal Error] :1:1: Premature end of file.
2026-09-27 16:31:32,561 [ERROR] LogOutputStream:75 - [STDERR_REDIRECT] 
2026-09-27 16:31:33,556 [ERROR] LogOutputStream:75 - [STDERR_REDIRECT] [Fatal Error] :1:1: Premature end of file.
2026-09-27 16:31:33,556 [ERROR] LogOutputStream:75 - [STDERR_REDIRECT] 
2026-09-27 16:31:34,558 [ERROR] LogOutputStream:75 - [STDERR_REDIRECT] [Fatal Error] :1:1: Premature end of file.
2026-09-27 16:31:34,558 [ERROR] LogOutputStream:75 - [STDERR_REDIRECT] 
2026-09-27 16:31:35,561 [ERROR] LogOutputStream:75 - [STDERR_REDIRECT] [Fatal Error] :1:1: Premature end of file.
2026-09-27 16:31:35,561 [ERROR] LogOutputStream:75 - [STDERR_REDIRECT] 
2026-09-27 16:31:36,558 [ERROR] LogOutputStream:75 - [STDERR_REDIRECT] [Fatal Error] :1:1: Premature end of file.
2026-09-27 16:31:36,558 [ERROR] LogOutputStream:75 - [STDERR_REDIRECT] 
2026-09-27 16:31:37,567 [ERROR] LogOutputStream:75 - [STDERR_REDIRECT] [Fatal Error] :1:1: Premature end of file.
2026-09-27 16:31:37,567 [ERROR] LogOutputStream:75 - [STDERR_REDIRECT] 
2026-09-27 16:31:38,567 [ERROR] LogOutputStream:75 - [STDERR_REDIRECT] [Fatal Error] :1:1: Premature end of file.
2026-09-27 16:31:38,569 [ERROR] LogOutputStream:75 - [STDERR_REDIRECT] 
2026-09-27 16:31:39,565 [ERROR] LogOutputStream:75 - [STDERR_REDIRECT] [Fatal Error] :1:1: Premature end of file.
2026-09-27 16:31:39,565 [ERROR] LogOutputStream:75 - [STDERR_REDIRECT] 
2026-09-27 16:31:40,568 [ERROR] LogOutputStream:75 - [STDERR_REDIRECT] [Fatal Error] :1:1: Premature end of file.
2026-09-27 16:31:40,568 [ERROR] LogOutputStream:75 - [STDERR_REDIRECT] 
2026-09-27 16:31:41,559 [ERROR] LogOutputStream:75 - [STDERR_REDIRECT] [Fatal Error] :1:1: Premature end of file.
2026-09-27 16:31:41,560 [ERROR] LogOutputStream:75 - [STDERR_REDIRECT] 
2026-09-27 16:31:42,565 [ERROR] LogOutputStream:75 - [STDERR_REDIRECT] [Fatal Error] :1:1: Premature end of file.
2026-09-27 16:31:42,565 [ERROR] LogOutputStream:75 - [STDERR_REDIRECT] 
2026-09-27 16:31:43,555 [ERROR] LogOutputStream:75 - [STDERR_REDIRECT] [Fatal Error] :1:1: Premature end of file.
2026-09-27 16:31:43,556 [ERROR] LogOutputStream:75 - [STDERR_REDIRECT] 
2026-09-27 16:31:44,557 [ERROR] LogOutputStream:75 - [STDERR_REDIRECT] [Fatal Error] :1:1: Premature end of file.
2026-09-27 16:31:44,557 [ERROR] LogOutputStream:75 - [STDERR_REDIRECT] 
2026-09-27 16:31:45,569 [ERROR] LogOutputStream:75 - [STDERR_REDIRECT] [Fatal Error] :1:1: Premature end of file.
2026-09-27 16:31:45,569 [ERROR] LogOutputStream:75 - [STDERR_REDIRECT] 
2026-09-27 16:31:46,568 [ERROR] LogOutputStream:75 - [STDERR_REDIRECT] [Fatal Error] :1:1: Premature end of file.
2026-09-27 16:31:46,568 [ERROR] LogOutputStream:75 - [STDERR_REDIRECT] 
2026-09-27 16:31:47,570 [ERROR] LogOutputStream:75 - [STDERR_REDIRECT] [Fatal Error] :1:1: Premature end of file.
2026-09-27 16:31:47,571 [ERROR] LogOutputStream:75 - [STDERR_REDIRECT] 
2026-09-27 16:31:48,567 [ERROR] LogOutputStream:75 - [STDERR_REDIRECT] [Fatal Error] :1:1: Premature end of file.
2026-09-27 16:31:48,567 [ERROR] LogOutputStream:75 - [STDERR_REDIRECT] 
2026-09-27 16:31:49,569 [ERROR] LogOutputStream:75 - [STDERR_REDIRECT] [Fatal Error] :1:1: Premature end of file.
2026-09-27 16:31:49,569 [ERROR] LogOutputStream:75 - [STDERR_REDIRECT] 
2026-09-27 16:31:50,563 [ERROR] LogOutputStream:75 - [STDERR_REDIRECT] [Fatal Error] :1:1: Premature end of file.
2026-09-27 16:31:50,563 [ERROR] LogOutputStream:75 - [STDERR_REDIRECT] 
2026-09-27 16:31:51,568 [ERROR] LogOutputStream:75 - [STDERR_REDIRECT] [Fatal Error] :1:1: Premature end of file.
2026-09-27 16:31:51,568 [ERROR] LogOutputStream:75 - [STDERR_REDIRECT] 
2026-09-27 16:31:52,564 [ERROR] LogOutputStream:75 - [STDERR_REDIRECT] [Fatal Error] :1:1: Premature end of file.
2026-09-27 16:31:52,564 [ERROR] LogOutputStream:75 - [STDERR_REDIRECT] 
2026-09-27 16:31:53,569 [ERROR] LogOutputStream:75 - [STDERR_REDIRECT] [Fatal Error] :1:1: Premature end of file.
2026-09-27 16:31:53,569 [ERROR] LogOutputStream:75 - [STDERR_REDIRECT] 
2026-09-27 16:31:54,567 [ERROR] LogOutputStream:75 - [STDERR_REDIRECT] [Fatal Error] :1:1: Premature end of file.
2026-09-27 16:31:54,567 [ERROR] LogOutputStream:75 - [STDERR_REDIRECT] 
2026-09-27 16:31:55,573 [ERROR] LogOutputStream:75 - [STDERR_REDIRECT] [Fatal Error] :1:1: Premature end of file.
2026-09-27 16:31:55,573 [ERROR] LogOutputStream:75 - [STDERR_REDIRECT] 
2026-09-27 16:31:56,569 [ERROR] LogOutputStream:75 - [STDERR_REDIRECT] [Fatal Error] :1:1: Premature end of file.
2026-09-27 16:31:56,569 [ERROR] LogOutputStream:75 - [STDERR_REDIRECT] 
2026-09-27 16:31:57,558 [ERROR] LogOutputStream:75 - [STDERR_REDIRECT] [Fatal Error] :1:1: Premature end of file.
2026-09-27 16:31:57,558 [ERROR] LogOutputStream:75 - [STDERR_REDIRECT] 
2026-09-27 16:31:58,567 [ERROR] LogOutputStream:75 - [STDERR_REDIRECT] [Fatal Error] :1:1: Premature end of file.
2026-09-27 16:31:58,567 [ERROR] LogOutputStream:75 - [STDERR_REDIRECT] 
2026-09-27 16:31:59,569 [ERROR] LogOutputStream:75 - [STDERR_REDIRECT] [Fatal Error] :1:1: Premature end of file.
2026-09-27 16:31:59,569 [ERROR] LogOutputStream:75 - [STDERR_REDIRECT] 
2026-09-27 16:32:00,568 [ERROR] LogOutputStream:75 - [STDERR_REDIRECT] [Fatal Error] :1:1: Premature end of file.
2026-09-27 16:32:00,568 [ERROR] LogOutputStream:75 - [STDERR_REDIRECT] 
2026-09-27 16:32:01,571 [ERROR] LogOutputStream:75 - [STDERR_REDIRECT] [Fatal Error] :1:1: Premature end of file.
2026-09-27 16:32:01,571 [ERROR] LogOutputStream:75 - [STDERR_REDIRECT] 
2026-09-27 16:32:02,564 [ERROR] LogOutputStream:75 - [STDERR_REDIRECT] [Fatal Error] :1:1: Premature end of file.
2026-09-27 16:32:02,564 [ERROR] LogOutputStream:75 - [STDERR_REDIRECT] 
2026-09-27 16:32:03,567 [ERROR] LogOutputStream:75 - [STDERR_REDIRECT] [Fatal Error] :1:1: Premature end of file.
2026-09-27 16:32:03,567 [ERROR] LogOutputStream:75 - [STDERR_REDIRECT] 
2026-09-27 16:32:04,568 [ERROR] LogOutputStream:75 - [STDERR_REDIRECT] [Fatal Error] :1:1: Premature end of file.
2026-09-27 16:32:04,568 [ERROR] LogOutputStream:75 - [STDERR_REDIRECT] 
2026-09-27 16:32:05,569 [ERROR] LogOutputStream:75 - [STDERR_REDIRECT] [Fatal Error] :1:1: Premature end of file.
2026-09-27 16:32:05,569 [ERROR] LogOutputStream:75 - [STDERR_REDIRECT] 
2026-09-27 16:32:06,568 [ERROR] LogOutputStream:75 - [STDERR_REDIRECT] [Fatal Error] :1:1: Premature end of file.
2026-09-27 16:32:06,568 [ERROR] LogOutputStream:75 - [STDERR_REDIRECT] 
2026-09-27 16:32:07,557 [ERROR] LogOutputStream:75 - [STDERR_REDIRECT] [Fatal Error] :1:1: Premature end of file.
2026-09-27 16:32:07,558 [ERROR] LogOutputStream:75 - [STDERR_REDIRECT] 
2026-09-27 16:32:08,568 [ERROR] LogOutputStream:75 - [STDERR_REDIRECT] [Fatal Error] :1:1: Premature end of file.
2026-09-27 16:32:08,568 [ERROR] LogOutputStream:75 - [STDERR_REDIRECT] 
2026-09-27 16:32:09,568 [ERROR] LogOutputStream:75 - [STDERR_REDIRECT] [Fatal Error] :1:1: Premature end of file.
2026-09-27 16:32:09,568 [ERROR] LogOutputStream:75 - [STDERR_REDIRECT] 
2026-09-27 16:32:10,568 [ERROR] LogOutputStream:75 - [STDERR_REDIRECT] [Fatal Error] :1:1: Premature end of file.
2026-09-27 16:32:10,568 [ERROR] LogOutputStream:75 - [STDERR_REDIRECT] 
2026-09-27 16:32:11,562 [ERROR] LogOutputStream:75 - [STDERR_REDIRECT] [Fatal Error] :1:1: Premature end of file.
2026-09-27 16:32:11,562 [ERROR] LogOutputStream:75 - [STDERR_REDIRECT] 
2026-09-27 16:32:12,570 [ERROR] LogOutputStream:75 - [STDERR_REDIRECT] [Fatal Error] :1:1: Premature end of file.
2026-09-27 16:32:12,570 [ERROR] LogOutputStream:75 - [STDERR_REDIRECT] 
2026-09-27 16:32:13,568 [ERROR] LogOutputStream:75 - [STDERR_REDIRECT] [Fatal Error] :1:1: Premature end of file.
2026-09-27 16:32:13,568 [ERROR] LogOutputStream:75 - [STDERR_REDIRECT] 
2026-09-27 16:32:14,568 [ERROR] LogOutputStream:75 - [STDERR_REDIRECT] [Fatal Error] :1:1: Premature end of file.
2026-09-27 16:32:14,568 [ERROR] LogOutputStream:75 - [STDERR_REDIRECT] 
2026-09-27 16:32:15,568 [ERROR] LogOutputStream:75 - [STDERR_REDIRECT] [Fatal Error] :1:1: Premature end of file.
2026-09-27 16:32:15,568 [ERROR] LogOutputStream:75 - [STDERR_REDIRECT] 
2026-09-27 16:32:16,568 [ERROR] LogOutputStream:75 - [STDERR_REDIRECT] [Fatal Error] :1:1: Premature end of file.
2026-09-27 16:32:16,568 [ERROR] LogOutputStream:75 - [STDERR_REDIRECT] 
2026-09-27 16:32:17,558 [ERROR] LogOutputStream:75 - [STDERR_REDIRECT] [Fatal Error] :1:1: Premature end of file.
2026-09-27 16:32:17,558 [ERROR] LogOutputStream:75 - [STDERR_REDIRECT] 
2026-09-27 16:32:18,567 [ERROR] LogOutputStream:75 - [STDERR_REDIRECT] [Fatal Error] :1:1: Premature end of file.
2026-09-27 16:32:18,567 [ERROR] LogOutputStream:75 - [STDERR_REDIRECT] 
2026-09-27 16:32:19,568 [ERROR] LogOutputStream:75 - [STDERR_REDIRECT] [Fatal Error] :1:1: Premature end of file.
2026-09-27 16:32:19,568 [ERROR] LogOutputStream:75 - [STDERR_REDIRECT] 
2026-09-27 16:32:20,568 [ERROR] LogOutputStream:75 - [STDERR_REDIRECT] [Fatal Error] :1:1: Premature end of file.
2026-09-27 16:32:20,568 [ERROR] LogOutputStream:75 - [STDERR_REDIRECT] 
2026-09-27 16:32:21,567 [ERROR] LogOutputStream:75 - [STDERR_REDIRECT] [Fatal Error] :1:1: Premature end of file.
2026-09-27 16:32:21,567 [ERROR] LogOutputStream:75 - [STDERR_REDIRECT] 
2026-09-27 16:32:22,567 [ERROR] LogOutputStream:75 - [STDERR_REDIRECT] [Fatal Error] :1:1: Premature end of file.
2026-09-27 16:32:22,567 [ERROR] LogOutputStream:75 - [STDERR_REDIRECT] 
2026-09-27 16:32:23,568 [ERROR] LogOutputStream:75 - [STDERR_REDIRECT] [Fatal Error] :1:1: Premature end of file.
2026-09-27 16:32:23,569 [ERROR] LogOutputStream:75 - [STDERR_REDIRECT] 
2026-09-27 16:32:24,567 [ERROR] LogOutputStream:75 - [STDERR_REDIRECT] [Fatal Error] :1:1: Premature end of file.
2026-09-27 16:32:24,567 [ERROR] LogOutputStream:75 - [STDERR_REDIRECT] 
2026-09-27 16:32:25,568 [ERROR] LogOutputStream:75 - [STDERR_REDIRECT] [Fatal Error] :1:1: Premature end of file.
2026-09-27 16:32:25,568 [ERROR] LogOutputStream:75 - [STDERR_REDIRECT] 
2026-09-27 16:32:26,567 [ERROR] LogOutputStream:75 - [STDERR_REDIRECT] [Fatal Error] :1:1: Premature end of file.
2026-09-27 16:32:26,567 [ERROR] LogOutputStream:75 - [STDERR_REDIRECT] 
2026-09-27 16:32:27,567 [ERROR] LogOutputStream:75 - [STDERR_REDIRECT] [Fatal Error] :1:1: Premature end of file.
2026-09-27 16:32:27,568 [ERROR] LogOutputStream:75 - [STDERR_REDIRECT] 
2026-09-27 16:32:28,568 [ERROR] LogOutputStream:75 - [STDERR_REDIRECT] [Fatal Error] :1:1: Premature end of file.
2026-09-27 16:32:28,568 [ERROR] LogOutputStream:75 - [STDERR_REDIRECT] 
2026-09-27 16:32:29,566 [ERROR] LogOutputStream:75 - [STDERR_REDIRECT] [Fatal Error] :1:1: Premature end of file.
2026-09-27 16:32:29,566 [ERROR] LogOutputStream:75 - [STDERR_REDIRECT] 
2026-09-27 16:32:30,568 [ERROR] LogOutputStream:75 - [STDERR_REDIRECT] [Fatal Error] :1:1: Premature end of file.
2026-09-27 16:32:30,568 [ERROR] LogOutputStream:75 - [STDERR_REDIRECT] 
2026-09-27 16:32:31,567 [ERROR] LogOutputStream:75 - [STDERR_REDIRECT] [Fatal Error] :1:1: Premature end of file.
2026-09-27 16:32:31,567 [ERROR] LogOutputStream:75 - [STDERR_REDIRECT] 
2026-09-27 16:32:32,567 [ERROR] LogOutputStream:75 - [STDERR_REDIRECT] [Fatal Error] :1:1: Premature end of file.
2026-09-27 16:32:32,567 [ERROR] LogOutputStream:75 - [STDERR_REDIRECT] 
2026-09-27 16:32:33,567 [ERROR] LogOutputStream:75 - [STDERR_REDIRECT] [Fatal Error] :1:1: Premature end of file.
2026-09-27 16:32:33,568 [ERROR] LogOutputStream:75 - [STDERR_REDIRECT] 
2026-09-27 16:32:34,558 [ERROR] LogOutputStream:75 - [STDERR_REDIRECT] [Fatal Error] :1:1: Premature end of file.
2026-09-27 16:32:34,558 [ERROR] LogOutputStream:75 - [STDERR_REDIRECT] 
2026-09-27 16:32:35,574 [ERROR] LogOutputStream:75 - [STDERR_REDIRECT] [Fatal Error] :1:1: Premature end of file.
2026-09-27 16:32:35,574 [ERROR] LogOutputStream:75 - [STDERR_REDIRECT] 
2026-09-27 16:32:36,567 [ERROR] LogOutputStream:75 - [STDERR_REDIRECT] [Fatal Error] :1:1: Premature end of file.
2026-09-27 16:32:36,567 [ERROR] LogOutputStream:75 - [STDERR_REDIRECT] 
2026-09-27 16:32:37,555 [ERROR] LogOutputStream:75 - [STDERR_REDIRECT] [Fatal Error] :1:1: Premature end of file.
2026-09-27 16:32:37,555 [ERROR] LogOutputStream:75 - [STDERR_REDIRECT] 
2026-09-27 16:32:38,555 [ERROR] LogOutputStream:75 - [STDERR_REDIRECT] [Fatal Error] :1:1: Premature end of file.
2026-09-27 16:32:38,555 [ERROR] LogOutputStream:75 - [STDERR_REDIRECT] 
2026-09-27 16:32:39,554 [ERROR] LogOutputStream:75 - [STDERR_REDIRECT] [Fatal Error] :1:1: Premature end of file.
2026-09-27 16:32:39,554 [ERROR] LogOutputStream:75 - [STDERR_REDIRECT] 
2026-09-27 16:32:40,555 [ERROR] LogOutputStream:75 - [STDERR_REDIRECT] [Fatal Error] :1:1: Premature end of file.
2026-09-27 16:32:40,555 [ERROR] LogOutputStream:75 - [STDERR_REDIRECT] 
2026-09-27 16:32:41,555 [ERROR] LogOutputStream:75 - [STDERR_REDIRECT] [Fatal Error] :1:1: Premature end of file.
2026-09-27 16:32:41,555 [ERROR] LogOutputStream:75 - [STDERR_REDIRECT] 
2026-09-27 16:32:42,555 [ERROR] LogOutputStream:75 - [STDERR_REDIRECT] [Fatal Error] :1:1: Premature end of file.
2026-09-27 16:32:42,555 [ERROR] LogOutputStream:75 - [STDERR_REDIRECT] 
2026-09-27 16:32:43,555 [ERROR] LogOutputStream:75 - [STDERR_REDIRECT] [Fatal Error] :1:1: Premature end of file.
2026-09-27 16:32:43,555 [ERROR] LogOutputStream:75 - [STDERR_REDIRECT] 
2026-09-27 16:32:44,553 [ERROR] LogOutputStream:75 - [STDERR_REDIRECT] [Fatal Error] :1:1: Premature end of file.
2026-09-27 16:32:44,553 [ERROR] LogOutputStream:75 - [STDERR_REDIRECT] 
2026-09-27 16:32:45,554 [ERROR] LogOutputStream:75 - [STDERR_REDIRECT] [Fatal Error] :1:1: Premature end of file.
2026-09-27 16:32:45,554 [ERROR] LogOutputStream:75 - [STDERR_REDIRECT] 
2026-09-27 16:32:46,556 [ERROR] LogOutputStream:75 - [STDERR_REDIRECT] [Fatal Error] :1:1: Premature end of file.
2026-09-27 16:32:46,556 [ERROR] LogOutputStream:75 - [STDERR_REDIRECT] 
2026-09-27 16:32:47,556 [ERROR] LogOutputStream:75 - [STDERR_REDIRECT] [Fatal Error] :1:1: Premature end of file.
2026-09-27 16:32:47,556 [ERROR] LogOutputStream:75 - [STDERR_REDIRECT] 
2026-09-27 16:32:48,553 [ERROR] LogOutputStream:75 - [STDERR_REDIRECT] [Fatal Error] :1:1: Premature end of file.
2026-09-27 16:32:48,553 [ERROR] LogOutputStream:75 - [STDERR_REDIRECT] 
2026-09-27 16:32:49,554 [ERROR] LogOutputStream:75 - [STDERR_REDIRECT] [Fatal Error] :1:1: Premature end of file.
2026-09-27 16:32:49,554 [ERROR] LogOutputStream:75 - [STDERR_REDIRECT] 
2026-09-27 16:32:50,553 [ERROR] LogOutputStream:75 - [STDERR_REDIRECT] [Fatal Error] :1:1: Premature end of file.
2026-09-27 16:32:50,553 [ERROR] LogOutputStream:75 - [STDERR_REDIRECT] 
2026-09-27 16:32:51,558 [ERROR] LogOutputStream:75 - [STDERR_REDIRECT] [Fatal Error] :1:1: Premature end of file.
2026-09-27 16:32:51,558 [ERROR] LogOutputStream:75 - [STDERR_REDIRECT] 
2026-09-27 16:32:52,553 [ERROR] LogOutputStream:75 - [STDERR_REDIRECT] [Fatal Error] :1:1: Premature end of file.
2026-09-27 16:32:52,553 [ERROR] LogOutputStream:75 - [STDERR_REDIRECT] 
2026-09-27 16:32:53,554 [ERROR] LogOutputStream:75 - [STDERR_REDIRECT] [Fatal Error] :1:1: Premature end of file.
2026-09-27 16:32:53,554 [ERROR] LogOutputStream:75 - [STDERR_REDIRECT] 
2026-09-27 16:32:54,555 [ERROR] LogOutputStream:75 - [STDERR_REDIRECT] [Fatal Error] :1:1: Premature end of file.
2026-09-27 16:32:54,555 [ERROR] LogOutputStream:75 - [STDERR_REDIRECT] 
2026-09-27 16:32:55,555 [ERROR] LogOutputStream:75 - [STDERR_REDIRECT] [Fatal Error] :1:1: Premature end of file.
2026-09-27 16:32:55,555 [ERROR] LogOutputStream:75 - [STDERR_REDIRECT] 
2026-09-27 16:32:56,562 [ERROR] LogOutputStream:75 - [STDERR_REDIRECT] [Fatal Error] :1:1: Premature end of file.
2026-09-27 16:32:56,562 [ERROR] LogOutputStream:75 - [STDERR_REDIRECT] 
2026-09-27 16:32:57,561 [ERROR] LogOutputStream:75 - [STDERR_REDIRECT] [Fatal Error] :1:1: Premature end of file.
2026-09-27 16:32:57,561 [ERROR] LogOutputStream:75 - [STDERR_REDIRECT] 
2026-09-27 16:32:58,570 [ERROR] LogOutputStream:75 - [STDERR_REDIRECT] [Fatal Error] :1:1: Premature end of file.
2026-09-27 16:32:58,570 [ERROR] LogOutputStream:75 - [STDERR_REDIRECT] 
2026-09-27 16:32:59,553 [ERROR] LogOutputStream:75 - [STDERR_REDIRECT] [Fatal Error] :1:1: Premature end of file.
2026-09-27 16:32:59,553 [ERROR] LogOutputStream:75 - [STDERR_REDIRECT] 
2026-09-27 16:33:00,557 [ERROR] LogOutputStream:75 - [STDERR_REDIRECT] [Fatal Error] :1:1: Premature end of file.
2026-09-27 16:33:00,557 [ERROR] LogOutputStream:75 - [STDERR_REDIRECT] 
2026-09-27 16:33:01,554 [ERROR] LogOutputStream:75 - [STDERR_REDIRECT] [Fatal Error] :1:1: Premature end of file.
2026-09-27 16:33:01,554 [ERROR] LogOutputStream:75 - [STDERR_REDIRECT] 
2026-09-27 16:33:02,555 [ERROR] LogOutputStream:75 - [STDERR_REDIRECT] [Fatal Error] :1:1: Premature end of file.
2026-09-27 16:33:02,555 [ERROR] LogOutputStream:75 - [STDERR_REDIRECT] 
2026-09-27 16:33:03,556 [ERROR] LogOutputStream:75 - [STDERR_REDIRECT] [Fatal Error] :1:1: Premature end of file.
2026-09-27 16:33:03,556 [ERROR] LogOutputStream:75 - [STDERR_REDIRECT] 
2026-09-27 16:33:04,556 [ERROR] LogOutputStream:75 - [STDERR_REDIRECT] [Fatal Error] :1:1: Premature end of file.
2026-09-27 16:33:04,556 [ERROR] LogOutputStream:75 - [STDERR_REDIRECT] 
2026-09-27 16:33:05,557 [ERROR] LogOutputStream:75 - [STDERR_REDIRECT] [Fatal Error] :1:1: Premature end of file.
2026-09-27 16:33:05,557 [ERROR] LogOutputStream:75 - [STDERR_REDIRECT] 
2026-09-27 16:33:06,548 [ERROR] LogOutputStream:75 - [STDERR_REDIRECT] [Fatal Error] :1:1: Premature end of file.
2026-09-27 16:33:06,548 [ERROR] LogOutputStream:75 - [STDERR_REDIRECT] 
2026-09-27 16:33:07,556 [ERROR] LogOutputStream:75 - [STDERR_REDIRECT] [Fatal Error] :1:1: Premature end of file.
2026-09-27 16:33:07,556 [ERROR] LogOutputStream:75 - [STDERR_REDIRECT] 
2026-09-27 16:33:08,559 [ERROR] LogOutputStream:75 - [STDERR_REDIRECT] [Fatal Error] :1:1: Premature end of file.
2026-09-27 16:33:08,559 [ERROR] LogOutputStream:75 - [STDERR_REDIRECT] 
2026-09-27 16:33:09,553 [ERROR] LogOutputStream:75 - [STDERR_REDIRECT] [Fatal Error] :1:1: Premature end of file.
2026-09-27 16:33:09,553 [ERROR] LogOutputStream:75 - [STDERR_REDIRECT] 
2026-09-27 16:33:10,556 [ERROR] LogOutputStream:75 - [STDERR_REDIRECT] [Fatal Error] :1:1: Premature end of file.
2026-09-27 16:33:10,556 [ERROR] LogOutputStream:75 - [STDERR_REDIRECT] 
2026-09-27 16:33:11,557 [ERROR] LogOutputStream:75 - [STDERR_REDIRECT] [Fatal Error] :1:1: Premature end of file.
2026-09-27 16:33:11,557 [ERROR] LogOutputStream:75 - [STDERR_REDIRECT] 
2026-09-27 16:33:12,556 [ERROR] LogOutputStream:75 - [STDERR_REDIRECT] [Fatal Error] :1:1: Premature end of file.
2026-09-27 16:33:12,556 [ERROR] LogOutputStream:75 - [STDERR_REDIRECT] 
2026-09-27 16:33:13,561 [ERROR] LogOutputStream:75 - [STDERR_REDIRECT] [Fatal Error] :1:1: Premature end of file.
2026-09-27 16:33:13,561 [ERROR] LogOutputStream:75 - [STDERR_REDIRECT] 
2026-09-27 16:33:14,558 [ERROR] LogOutputStream:75 - [STDERR_REDIRECT] [Fatal Error] :1:1: Premature end of file.
2026-09-27 16:33:14,558 [ERROR] LogOutputStream:75 - [STDERR_REDIRECT] 
2026-09-27 16:33:15,556 [ERROR] LogOutputStream:75 - [STDERR_REDIRECT] [Fatal Error] :1:1: Premature end of file.
2026-09-27 16:33:15,556 [ERROR] LogOutputStream:75 - [STDERR_REDIRECT] 
2026-09-27 16:33:16,557 [ERROR] LogOutputStream:75 - [STDERR_REDIRECT] [Fatal Error] :1:1: Premature end of file.
2026-09-27 16:33:16,557 [ERROR] LogOutputStream:75 - [STDERR_REDIRECT] 
2026-09-27 16:33:17,554 [ERROR] LogOutputStream:75 - [STDERR_REDIRECT] [Fatal Error] :1:1: Premature end of file.
2026-09-27 16:33:17,554 [ERROR] LogOutputStream:75 - [STDERR_REDIRECT] 
2026-09-27 16:33:18,556 [ERROR] LogOutputStream:75 - [STDERR_REDIRECT] [Fatal Error] :1:1: Premature end of file.
2026-09-27 16:33:18,556 [ERROR] LogOutputStream:75 - [STDERR_REDIRECT] 
2026-09-27 16:33:19,558 [ERROR] LogOutputStream:75 - [STDERR_REDIRECT] [Fatal Error] :1:1: Premature end of file.
2026-09-27 16:33:19,558 [ERROR] LogOutputStream:75 - [STDERR_REDIRECT] 
2026-09-27 16:33:20,555 [ERROR] LogOutputStream:75 - [STDERR_REDIRECT] [Fatal Error] :1:1: Premature end of file.
2026-09-27 16:33:20,556 [ERROR] LogOutputStream:75 - [STDERR_REDIRECT] 
2026-09-27 16:33:21,559 [ERROR] LogOutputStream:75 - [STDERR_REDIRECT] [Fatal Error] :1:1: Premature end of file.
2026-09-27 16:33:21,560 [ERROR] LogOutputStream:75 - [STDERR_REDIRECT] 
2026-09-27 16:33:22,553 [ERROR] LogOutputStream:75 - [STDERR_REDIRECT] [Fatal Error] :1:1: Premature end of file.
2026-09-27 16:33:22,553 [ERROR] LogOutputStream:75 - [STDERR_REDIRECT] 
2026-09-27 16:33:23,557 [ERROR] LogOutputStream:75 - [STDERR_REDIRECT] [Fatal Error] :1:1: Premature end of file.
2026-09-27 16:33:23,557 [ERROR] LogOutputStream:75 - [STDERR_REDIRECT] 
2026-09-27 16:33:24,560 [ERROR] LogOutputStream:75 - [STDERR_REDIRECT] [Fatal Error] :1:1: Premature end of file.
2026-09-27 16:33:24,560 [ERROR] LogOutputStream:75 - [STDERR_REDIRECT] 
2026-09-27 16:33:25,554 [ERROR] LogOutputStream:75 - [STDERR_REDIRECT] [Fatal Error] :1:1: Premature end of file.
2026-09-27 16:33:25,554 [ERROR] LogOutputStream:75 - [STDERR_REDIRECT] 
2026-09-27 16:33:26,555 [ERROR] LogOutputStream:75 - [STDERR_REDIRECT] [Fatal Error] :1:1: Premature end of file.
2026-09-27 16:33:26,555 [ERROR] LogOutputStream:75 - [STDERR_REDIRECT] 
2026-09-27 16:33:27,559 [ERROR] LogOutputStream:75 - [STDERR_REDIRECT] [Fatal Error] :1:1: Premature end of file.
2026-09-27 16:33:27,559 [ERROR] LogOutputStream:75 - [STDERR_REDIRECT] 
2026-09-27 16:33:28,555 [ERROR] LogOutputStream:75 - [STDERR_REDIRECT] [Fatal Error] :1:1: Premature end of file.
2026-09-27 16:33:28,555 [ERROR] LogOutputStream:75 - [STDERR_REDIRECT] 
2026-09-27 16:33:29,555 [ERROR] LogOutputStream:75 - [STDERR_REDIRECT] [Fatal Error] :1:1: Premature end of file.
2026-09-27 16:33:29,555 [ERROR] LogOutputStream:75 - [STDERR_REDIRECT] 
2026-09-27 16:33:30,555 [ERROR] LogOutputStream:75 - [STDERR_REDIRECT] [Fatal Error] :1:1: Premature end of file.
2026-09-27 16:33:30,555 [ERROR] LogOutputStream:75 - [STDERR_REDIRECT] 
2026-09-27 16:33:31,559 [ERROR] LogOutputStream:75 - [STDERR_REDIRECT] [Fatal Error] :1:1: Premature end of file.
2026-09-27 16:33:31,560 [ERROR] LogOutputStream:75 - [STDERR_REDIRECT] 
2026-09-27 16:33:32,566 [ERROR] LogOutputStream:75 - [STDERR_REDIRECT] [Fatal Error] :1:1: Premature end of file.
2026-09-27 16:33:32,566 [ERROR] LogOutputStream:75 - [STDERR_REDIRECT] 
2026-09-27 16:33:33,554 [ERROR] LogOutputStream:75 - [STDERR_REDIRECT] [Fatal Error] :1:1: Premature end of file.
2026-09-27 16:33:33,554 [ERROR] LogOutputStream:75 - [STDERR_REDIRECT] 
2026-09-27 16:33:34,559 [ERROR] LogOutputStream:75 - [STDERR_REDIRECT] [Fatal Error] :1:1: Premature end of file.
2026-09-27 16:33:34,559 [ERROR] LogOutputStream:75 - [STDERR_REDIRECT] 
2026-09-27 16:33:35,559 [ERROR] LogOutputStream:75 - [STDERR_REDIRECT] [Fatal Error] :1:1: Premature end of file.
2026-09-27 16:33:35,559 [ERROR] LogOutputStream:75 - [STDERR_REDIRECT] 
2026-09-27 16:33:36,558 [ERROR] LogOutputStream:75 - [STDERR_REDIRECT] [Fatal Error] :1:1: Premature end of file.
2026-09-27 16:33:36,558 [ERROR] LogOutputStream:75 - [STDERR_REDIRECT] 
2026-09-27 16:33:37,558 [ERROR] LogOutputStream:75 - [STDERR_REDIRECT] [Fatal Error] :1:1: Premature end of file.
2026-09-27 16:33:37,558 [ERROR] LogOutputStream:75 - [STDERR_REDIRECT] 
2026-09-27 16:33:38,557 [ERROR] LogOutputStream:75 - [STDERR_REDIRECT] [Fatal Error] :1:1: Premature end of file.
2026-09-27 16:33:38,557 [ERROR] LogOutputStream:75 - [STDERR_REDIRECT] 
2026-09-27 16:33:39,555 [ERROR] LogOutputStream:75 - [STDERR_REDIRECT] [Fatal Error] :1:1: Premature end of file.
2026-09-27 16:33:39,555 [ERROR] LogOutputStream:75 - [STDERR_REDIRECT] 
2026-09-27 16:33:40,557 [ERROR] LogOutputStream:75 - [STDERR_REDIRECT] [Fatal Error] :1:1: Premature end of file.
2026-09-27 16:33:40,557 [ERROR] LogOutputStream:75 - [STDERR_REDIRECT] 
2026-09-27 16:33:41,559 [ERROR] LogOutputStream:75 - [STDERR_REDIRECT] [Fatal Error] :1:1: Premature end of file.
2026-09-27 16:33:41,559 [ERROR] LogOutputStream:75 - [STDERR_REDIRECT] 
2026-09-27 16:33:42,553 [ERROR] LogOutputStream:75 - [STDERR_REDIRECT] [Fatal Error] :1:1: Premature end of file.
2026-09-27 16:33:42,553 [ERROR] LogOutputStream:75 - [STDERR_REDIRECT] 
2026-09-27 16:33:43,555 [ERROR] LogOutputStream:75 - [STDERR_REDIRECT] [Fatal Error] :1:1: Premature end of file.
2026-09-27 16:33:43,555 [ERROR] LogOutputStream:75 - [STDERR_REDIRECT] 
2026-09-27 16:33:44,555 [ERROR] LogOutputStream:75 - [STDERR_REDIRECT] [Fatal Error] :1:1: Premature end of file.
2026-09-27 16:33:44,555 [ERROR] LogOutputStream:75 - [STDERR_REDIRECT] 
2026-09-27 16:33:45,555 [ERROR] LogOutputStream:75 - [STDERR_REDIRECT] [Fatal Error] :1:1: Premature end of file.
2026-09-27 16:33:45,555 [ERROR] LogOutputStream:75 - [STDERR_REDIRECT] 
2026-09-27 16:33:46,555 [ERROR] LogOutputStream:75 - [STDERR_REDIRECT] [Fatal Error] :1:1: Premature end of file.
2026-09-27 16:33:46,555 [ERROR] LogOutputStream:75 - [STDERR_REDIRECT] 
2026-09-27 16:33:47,553 [ERROR] LogOutputStream:75 - [STDERR_REDIRECT] [Fatal Error] :1:1: Premature end of file.
2026-09-27 16:33:47,555 [ERROR] LogOutputStream:75 - [STDERR_REDIRECT] 
2026-09-27 16:33:48,555 [ERROR] LogOutputStream:75 - [STDERR_REDIRECT] [Fatal Error] :1:1: Premature end of file.
2026-09-27 16:33:48,555 [ERROR] LogOutputStream:75 - [STDERR_REDIRECT] 
2026-09-27 16:33:49,555 [ERROR] LogOutputStream:75 - [STDERR_REDIRECT] [Fatal Error] :1:1: Premature end of file.
2026-09-27 16:33:49,555 [ERROR] LogOutputStream:75 - [STDERR_REDIRECT] 
2026-09-27 16:33:50,556 [ERROR] LogOutputStream:75 - [STDERR_REDIRECT] [Fatal Error] :1:1: Premature end of file.
2026-09-27 16:33:50,556 [ERROR] LogOutputStream:75 - [STDERR_REDIRECT] 
2026-09-27 16:33:51,557 [ERROR] LogOutputStream:75 - [STDERR_REDIRECT] [Fatal Error] :1:1: Premature end of file.
2026-09-27 16:33:51,557 [ERROR] LogOutputStream:75 - [STDERR_REDIRECT] 
2026-09-27 16:33:52,556 [ERROR] LogOutputStream:75 - [STDERR_REDIRECT] [Fatal Error] :1:1: Premature end of file.
2026-09-27 16:33:52,556 [ERROR] LogOutputStream:75 - [STDERR_REDIRECT] 
2026-09-27 16:33:53,557 [ERROR] LogOutputStream:75 - [STDERR_REDIRECT] [Fatal Error] :1:1: Premature end of file.
2026-09-27 16:33:53,557 [ERROR] LogOutputStream:75 - [STDERR_REDIRECT] 
2026-09-27 16:33:54,556 [ERROR] LogOutputStream:75 - [STDERR_REDIRECT] [Fatal Error] :1:1: Premature end of file.
2026-09-27 16:33:54,556 [ERROR] LogOutputStream:75 - [STDERR_REDIRECT] 
2026-09-27 16:33:55,555 [ERROR] LogOutputStream:75 - [STDERR_REDIRECT] [Fatal Error] :1:1: Premature end of file.
2026-09-27 16:33:55,555 [ERROR] LogOutputStream:75 - [STDERR_REDIRECT] 
2026-09-27 16:33:56,555 [ERROR] LogOutputStream:75 - [STDERR_REDIRECT] [Fatal Error] :1:1: Premature end of file.
2026-09-27 16:33:56,555 [ERROR] LogOutputStream:75 - [STDERR_REDIRECT] 
2026-09-27 16:33:57,555 [ERROR] LogOutputStream:75 - [STDERR_REDIRECT] [Fatal Error] :1:1: Premature end of file.
2026-09-27 16:33:57,555 [ERROR] LogOutputStream:75 - [STDERR_REDIRECT] 
2026-09-27 16:33:58,555 [ERROR] LogOutputStream:75 - [STDERR_REDIRECT] [Fatal Error] :1:1: Premature end of file.
2026-09-27 16:33:58,555 [ERROR] LogOutputStream:75 - [STDERR_REDIRECT] 
2026-09-27 16:33:59,556 [ERROR] LogOutputStream:75 - [STDERR_REDIRECT] [Fatal Error] :1:1: Premature end of file.
2026-09-27 16:33:59,556 [ERROR] LogOutputStream:75 - [STDERR_REDIRECT] 
2026-09-27 16:34:00,556 [ERROR] LogOutputStream:75 - [STDERR_REDIRECT] [Fatal Error] :1:1: Premature end of file.
2026-09-27 16:34:00,557 [ERROR] LogOutputStream:75 - [STDERR_REDIRECT] 
2026-09-27 16:34:01,556 [ERROR] LogOutputStream:75 - [STDERR_REDIRECT] [Fatal Error] :1:1: Premature end of file.
2026-09-27 16:34:01,556 [ERROR] LogOutputStream:75 - [STDERR_REDIRECT] 
2026-09-27 16:34:02,557 [ERROR] LogOutputStream:75 - [STDERR_REDIRECT] [Fatal Error] :1:1: Premature end of file.
2026-09-27 16:34:02,557 [ERROR] LogOutputStream:75 - [STDERR_REDIRECT] 
2026-09-27 16:34:03,555 [ERROR] LogOutputStream:75 - [STDERR_REDIRECT] [Fatal Error] :1:1: Premature end of file.
2026-09-27 16:34:03,555 [ERROR] LogOutputStream:75 - [STDERR_REDIRECT] 
2026-09-27 16:34:04,556 [ERROR] LogOutputStream:75 - [STDERR_REDIRECT] [Fatal Error] :1:1: Premature end of file.
2026-09-27 16:34:04,556 [ERROR] LogOutputStream:75 - [STDERR_REDIRECT] 
2026-09-27 16:34:05,554 [ERROR] LogOutputStream:75 - [STDERR_REDIRECT] [Fatal Error] :1:1: Premature end of file.
2026-09-27 16:34:05,554 [ERROR] LogOutputStream:75 - [STDERR_REDIRECT] 
2026-09-27 16:34:06,556 [ERROR] LogOutputStream:75 - [STDERR_REDIRECT] [Fatal Error] :1:1: Premature end of file.
2026-09-27 16:34:06,556 [ERROR] LogOutputStream:75 - [STDERR_REDIRECT] 
2026-09-27 16:34:07,555 [ERROR] LogOutputStream:75 - [STDERR_REDIRECT] [Fatal Error] :1:1: Premature end of file.
2026-09-27 16:34:07,555 [ERROR] LogOutputStream:75 - [STDERR_REDIRECT] 
2026-09-27 16:34:08,556 [ERROR] LogOutputStream:75 - [STDERR_REDIRECT] [Fatal Error] :1:1: Premature end of file.
2026-09-27 16:34:08,556 [ERROR] LogOutputStream:75 - [STDERR_REDIRECT] 
2026-09-27 16:34:09,559 [ERROR] LogOutputStream:75 - [STDERR_REDIRECT] [Fatal Error] :1:1: Premature end of file.
2026-09-27 16:34:09,559 [ERROR] LogOutputStream:75 - [STDERR_REDIRECT] 
2026-09-27 16:34:10,556 [ERROR] LogOutputStream:75 - [STDERR_REDIRECT] [Fatal Error] :1:1: Premature end of file.
2026-09-27 16:34:10,556 [ERROR] LogOutputStream:75 - [STDERR_REDIRECT] 
2026-09-27 16:34:11,555 [ERROR] LogOutputStream:75 - [STDERR_REDIRECT] [Fatal Error] :1:1: Premature end of file.
2026-09-27 16:34:11,555 [ERROR] LogOutputStream:75 - [STDERR_REDIRECT] 
2026-09-27 16:34:12,557 [ERROR] LogOutputStream:75 - [STDERR_REDIRECT] [Fatal Error] :1:1: Premature end of file.
2026-09-27 16:34:12,557 [ERROR] LogOutputStream:75 - [STDERR_REDIRECT] 
2026-09-27 16:34:13,556 [ERROR] LogOutputStream:75 - [STDERR_REDIRECT] [Fatal Error] :1:1: Premature end of file.
2026-09-27 16:34:13,556 [ERROR] LogOutputStream:75 - [STDERR_REDIRECT] 
2026-09-27 16:34:14,555 [ERROR] LogOutputStream:75 - [STDERR_REDIRECT] [Fatal Error] :1:1: Premature end of file.
2026-09-27 16:34:14,555 [ERROR] LogOutputStream:75 - [STDERR_REDIRECT] 
2026-09-27 16:34:15,555 [ERROR] LogOutputStream:75 - [STDERR_REDIRECT] [Fatal Error] :1:1: Premature end of file.
2026-09-27 16:34:15,555 [ERROR] LogOutputStream:75 - [STDERR_REDIRECT] 
2026-09-27 16:34:16,556 [ERROR] LogOutputStream:75 - [STDERR_REDIRECT] [Fatal Error] :1:1: Premature end of file.
2026-09-27 16:34:16,556 [ERROR] LogOutputStream:75 - [STDERR_REDIRECT] 
2026-09-27 16:34:17,554 [ERROR] LogOutputStream:75 - [STDERR_REDIRECT] [Fatal Error] :1:1: Premature end of file.
2026-09-27 16:34:17,554 [ERROR] LogOutputStream:75 - [STDERR_REDIRECT] 
2026-09-27 16:34:18,556 [ERROR] LogOutputStream:75 - [STDERR_REDIRECT] [Fatal Error] :1:1: Premature end of file.
2026-09-27 16:34:18,563 [ERROR] LogOutputStream:75 - [STDERR_REDIRECT] 
2026-09-27 16:34:19,555 [ERROR] LogOutputStream:75 - [STDERR_REDIRECT] [Fatal Error] :1:1: Premature end of file.
2026-09-27 16:34:19,555 [ERROR] LogOutputStream:75 - [STDERR_REDIRECT] 
2026-09-27 16:34:20,555 [ERROR] LogOutputStream:75 - [STDERR_REDIRECT] [Fatal Error] :1:1: Premature end of file.
2026-09-27 16:34:20,557 [ERROR] LogOutputStream:75 - [STDERR_REDIRECT] 
2026-09-27 16:34:21,555 [ERROR] LogOutputStream:75 - [STDERR_REDIRECT] [Fatal Error] :1:1: Premature end of file.
2026-09-27 16:34:21,555 [ERROR] LogOutputStream:75 - [STDERR_REDIRECT] 
2026-09-27 16:34:22,554 [ERROR] LogOutputStream:75 - [STDERR_REDIRECT] [Fatal Error] :1:1: Premature end of file.
2026-09-27 16:34:22,554 [ERROR] LogOutputStream:75 - [STDERR_REDIRECT] 
2026-09-27 16:34:23,558 [ERROR] LogOutputStream:75 - [STDERR_REDIRECT] [Fatal Error] :1:1: Premature end of file.
2026-09-27 16:34:23,558 [ERROR] LogOutputStream:75 - [STDERR_REDIRECT] 
2026-09-27 16:34:24,558 [ERROR] LogOutputStream:75 - [STDERR_REDIRECT] [Fatal Error] :1:1: Premature end of file.
2026-09-27 16:34:24,558 [ERROR] LogOutputStream:75 - [STDERR_REDIRECT] 
2026-09-27 16:34:25,555 [ERROR] LogOutputStream:75 - [STDERR_REDIRECT] [Fatal Error] :1:1: Premature end of file.
2026-09-27 16:34:25,555 [ERROR] LogOutputStream:75 - [STDERR_REDIRECT] 
2026-09-27 16:34:26,556 [ERROR] LogOutputStream:75 - [STDERR_REDIRECT] [Fatal Error] :1:1: Premature end of file.
2026-09-27 16:34:26,556 [ERROR] LogOutputStream:75 - [STDERR_REDIRECT] 
2026-09-27 16:34:27,555 [ERROR] LogOutputStream:75 - [STDERR_REDIRECT] [Fatal Error] :1:1: Premature end of file.
2026-09-27 16:34:27,555 [ERROR] LogOutputStream:75 - [STDERR_REDIRECT] 
2026-09-27 16:34:28,555 [ERROR] LogOutputStream:75 - [STDERR_REDIRECT] [Fatal Error] :1:1: Premature end of file.
2026-09-27 16:34:28,555 [ERROR] LogOutputStream:75 - [STDERR_REDIRECT] 
2026-09-27 16:34:29,558 [ERROR] LogOutputStream:75 - [STDERR_REDIRECT] [Fatal Error] :1:1: Premature end of file.
2026-09-27 16:34:29,558 [ERROR] LogOutputStream:75 - [STDERR_REDIRECT] 
2026-09-27 16:34:30,554 [ERROR] LogOutputStream:75 - [STDERR_REDIRECT] [Fatal Error] :1:1: Premature end of file.
2026-09-27 16:34:30,554 [ERROR] LogOutputStream:75 - [STDERR_REDIRECT] 
2026-09-27 16:34:31,554 [ERROR] LogOutputStream:75 - [STDERR_REDIRECT] [Fatal Error] :1:1: Premature end of file.
2026-09-27 16:34:31,554 [ERROR] LogOutputStream:75 - [STDERR_REDIRECT] 
2026-09-27 16:34:32,557 [ERROR] LogOutputStream:75 - [STDERR_REDIRECT] [Fatal Error] :1:1: Premature end of file.
2026-09-27 16:34:32,557 [ERROR] LogOutputStream:75 - [STDERR_REDIRECT] 
2026-09-27 16:34:33,556 [ERROR] LogOutputStream:75 - [STDERR_REDIRECT] [Fatal Error] :1:1: Premature end of file.
2026-09-27 16:34:33,556 [ERROR] LogOutputStream:75 - [STDERR_REDIRECT] 
2026-09-27 16:34:34,558 [ERROR] LogOutputStream:75 - [STDERR_REDIRECT] [Fatal Error] :1:1: Premature end of file.
2026-09-27 16:34:34,559 [ERROR] LogOutputStream:75 - [STDERR_REDIRECT] 
2026-09-27 16:34:35,555 [ERROR] LogOutputStream:75 - [STDERR_REDIRECT] [Fatal Error] :1:1: Premature end of file.
2026-09-27 16:34:35,555 [ERROR] LogOutputStream:75 - [STDERR_REDIRECT] 
2026-09-27 16:34:36,556 [ERROR] LogOutputStream:75 - [STDERR_REDIRECT] [Fatal Error] :1:1: Premature end of file.
2026-09-27 16:34:36,556 [ERROR] LogOutputStream:75 - [STDERR_REDIRECT] 
2026-09-27 16:34:37,558 [ERROR] LogOutputStream:75 - [STDERR_REDIRECT] [Fatal Error] :1:1: Premature end of file.
2026-09-27 16:34:37,559 [ERROR] LogOutputStream:75 - [STDERR_REDIRECT] 
2026-09-27 16:34:38,557 [ERROR] LogOutputStream:75 - [STDERR_REDIRECT] [Fatal Error] :1:1: Premature end of file.
2026-09-27 16:34:38,557 [ERROR] LogOutputStream:75 - [STDERR_REDIRECT] 
2026-09-27 16:34:39,556 [ERROR] LogOutputStream:75 - [STDERR_REDIRECT] [Fatal Error] :1:1: Premature end of file.
2026-09-27 16:34:39,556 [ERROR] LogOutputStream:75 - [STDERR_REDIRECT] 
2026-09-27 16:34:40,557 [ERROR] LogOutputStream:75 - [STDERR_REDIRECT] [Fatal Error] :1:1: Premature end of file.
2026-09-27 16:34:40,557 [ERROR] LogOutputStream:75 - [STDERR_REDIRECT] 
2026-09-27 16:34:41,559 [ERROR] LogOutputStream:75 - [STDERR_REDIRECT] [Fatal Error] :1:1: Premature end of file.
2026-09-27 16:34:41,559 [ERROR] LogOutputStream:75 - [STDERR_REDIRECT] 
2026-09-27 16:34:42,558 [ERROR] LogOutputStream:75 - [STDERR_REDIRECT] [Fatal Error] :1:1: Premature end of file.
2026-09-27 16:34:42,558 [ERROR] LogOutputStream:75 - [STDERR_REDIRECT] 
2026-09-27 16:34:43,555 [ERROR] LogOutputStream:75 - [STDERR_REDIRECT] [Fatal Error] :1:1: Premature end of file.
2026-09-27 16:34:43,555 [ERROR] LogOutputStream:75 - [STDERR_REDIRECT] 
2026-09-27 16:34:44,558 [ERROR] LogOutputStream:75 - [STDERR_REDIRECT] [Fatal Error] :1:1: Premature end of file.
2026-09-27 16:34:44,558 [ERROR] LogOutputStream:75 - [STDERR_REDIRECT] 
2026-09-27 16:34:45,556 [ERROR] LogOutputStream:75 - [STDERR_REDIRECT] [Fatal Error] :1:1: Premature end of file.
2026-09-27 16:34:45,556 [ERROR] LogOutputStream:75 - [STDERR_REDIRECT] 
2026-09-27 16:34:46,556 [ERROR] LogOutputStream:75 - [STDERR_REDIRECT] [Fatal Error] :1:1: Premature end of file.
2026-09-27 16:34:46,556 [ERROR] LogOutputStream:75 - [STDERR_REDIRECT] 
2026-09-27 16:34:47,556 [ERROR] LogOutputStream:75 - [STDERR_REDIRECT] [Fatal Error] :1:1: Premature end of file.
2026-09-27 16:34:47,556 [ERROR] LogOutputStream:75 - [STDERR_REDIRECT] 
2026-09-27 16:34:48,556 [ERROR] LogOutputStream:75 - [STDERR_REDIRECT] [Fatal Error] :1:1: Premature end of file.
2026-09-27 16:34:48,557 [ERROR] LogOutputStream:75 - [STDERR_REDIRECT] 
2026-09-27 16:34:49,557 [ERROR] LogOutputStream:75 - [STDERR_REDIRECT] [Fatal Error] :1:1: Premature end of file.
2026-09-27 16:34:49,557 [ERROR] LogOutputStream:75 - [STDERR_REDIRECT] 
2026-09-27 16:34:50,554 [ERROR] LogOutputStream:75 - [STDERR_REDIRECT] [Fatal Error] :1:1: Premature end of file.
2026-09-27 16:34:50,555 [ERROR] LogOutputStream:75 - [STDERR_REDIRECT] 
2026-09-27 16:34:51,560 [ERROR] LogOutputStream:75 - [STDERR_REDIRECT] [Fatal Error] :1:1: Premature end of file.
2026-09-27 16:34:51,560 [ERROR] LogOutputStream:75 - [STDERR_REDIRECT] 
2026-09-27 16:34:52,556 [ERROR] LogOutputStream:75 - [STDERR_REDIRECT] [Fatal Error] :1:1: Premature end of file.
2026-09-27 16:34:52,556 [ERROR] LogOutputStream:75 - [STDERR_REDIRECT] 
2026-09-27 16:34:53,558 [ERROR] LogOutputStream:75 - [STDERR_REDIRECT] [Fatal Error] :1:1: Premature end of file.
2026-09-27 16:34:53,558 [ERROR] LogOutputStream:75 - [STDERR_REDIRECT] 
2026-09-27 16:34:54,558 [ERROR] LogOutputStream:75 - [STDERR_REDIRECT] [Fatal Error] :1:1: Premature end of file.
2026-09-27 16:34:54,558 [ERROR] LogOutputStream:75 - [STDERR_REDIRECT] 
2026-09-27 16:34:55,567 [ERROR] LogOutputStream:75 - [STDERR_REDIRECT] [Fatal Error] :1:1: Premature end of file.
2026-09-27 16:34:55,567 [ERROR] LogOutputStream:75 - [STDERR_REDIRECT] 
2026-09-27 16:34:56,563 [ERROR] LogOutputStream:75 - [STDERR_REDIRECT] [Fatal Error] :1:1: Premature end of file.
2026-09-27 16:34:56,563 [ERROR] LogOutputStream:75 - [STDERR_REDIRECT] 
2026-09-27 16:34:57,565 [ERROR] LogOutputStream:75 - [STDERR_REDIRECT] [Fatal Error] :1:1: Premature end of file.
2026-09-27 16:34:57,565 [ERROR] LogOutputStream:75 - [STDERR_REDIRECT] 
2026-09-27 16:34:58,574 [ERROR] LogOutputStream:75 - [STDERR_REDIRECT] [Fatal Error] :1:1: Premature end of file.
2026-09-27 16:34:58,574 [ERROR] LogOutputStream:75 - [STDERR_REDIRECT] 
2026-09-27 16:34:59,568 [ERROR] LogOutputStream:75 - [STDERR_REDIRECT] [Fatal Error] :1:1: Premature end of file.
2026-09-27 16:34:59,568 [ERROR] LogOutputStream:75 - [STDERR_REDIRECT] 
2026-09-27 16:35:00,559 [ERROR] LogOutputStream:75 - [STDERR_REDIRECT] [Fatal Error] :1:1: Premature end of file.
2026-09-27 16:35:00,559 [ERROR] LogOutputStream:75 - [STDERR_REDIRECT] 
2026-09-27 16:35:01,559 [ERROR] LogOutputStream:75 - [STDERR_REDIRECT] [Fatal Error] :1:1: Premature end of file.
2026-09-27 16:35:01,560 [ERROR] LogOutputStream:75 - [STDERR_REDIRECT] 
2026-09-27 16:35:02,568 [ERROR] LogOutputStream:75 - [STDERR_REDIRECT] [Fatal Error] :1:1: Premature end of file.
2026-09-27 16:35:02,568 [ERROR] LogOutputStream:75 - [STDERR_REDIRECT] 
2026-09-27 16:35:03,567 [ERROR] LogOutputStream:75 - [STDERR_REDIRECT] [Fatal Error] :1:1: Premature end of file.
2026-09-27 16:35:03,567 [ERROR] LogOutputStream:75 - [STDERR_REDIRECT] 
2026-09-27 16:35:04,565 [ERROR] LogOutputStream:75 - [STDERR_REDIRECT] [Fatal Error] :1:1: Premature end of file.
2026-09-27 16:35:04,565 [ERROR] LogOutputStream:75 - [STDERR_REDIRECT] 
2026-09-27 16:35:05,564 [ERROR] LogOutputStream:75 - [STDERR_REDIRECT] [Fatal Error] :1:1: Premature end of file.
2026-09-27 16:35:05,564 [ERROR] LogOutputStream:75 - [STDERR_REDIRECT] 
2026-09-27 16:35:06,568 [ERROR] LogOutputStream:75 - [STDERR_REDIRECT] [Fatal Error] :1:1: Premature end of file.
2026-09-27 16:35:06,568 [ERROR] LogOutputStream:75 - [STDERR_REDIRECT] 
2026-09-27 16:35:07,562 [ERROR] LogOutputStream:75 - [STDERR_REDIRECT] [Fatal Error] :1:1: Premature end of file.
2026-09-27 16:35:07,562 [ERROR] LogOutputStream:75 - [STDERR_REDIRECT] 
2026-09-27 16:35:08,568 [ERROR] LogOutputStream:75 - [STDERR_REDIRECT] [Fatal Error] :1:1: Premature end of file.
2026-09-27 16:35:08,568 [ERROR] LogOutputStream:75 - [STDERR_REDIRECT] 
2026-09-27 16:35:09,558 [ERROR] LogOutputStream:75 - [STDERR_REDIRECT] [Fatal Error] :1:1: Premature end of file.
2026-09-27 16:35:09,558 [ERROR] LogOutputStream:75 - [STDERR_REDIRECT] 
2026-09-27 16:35:10,567 [ERROR] LogOutputStream:75 - [STDERR_REDIRECT] [Fatal Error] :1:1: Premature end of file.
2026-09-27 16:35:10,567 [ERROR] LogOutputStream:75 - [STDERR_REDIRECT] 
2026-09-27 16:35:11,570 [ERROR] LogOutputStream:75 - [STDERR_REDIRECT] [Fatal Error] :1:1: Premature end of file.
2026-09-27 16:35:11,571 [ERROR] LogOutputStream:75 - [STDERR_REDIRECT] 
2026-09-27 16:35:12,560 [ERROR] LogOutputStream:75 - [STDERR_REDIRECT] [Fatal Error] :1:1: Premature end of file.
2026-09-27 16:35:12,561 [ERROR] LogOutputStream:75 - [STDERR_REDIRECT] 
2026-09-27 16:35:13,558 [ERROR] LogOutputStream:75 - [STDERR_REDIRECT] [Fatal Error] :1:1: Premature end of file.
2026-09-27 16:35:13,558 [ERROR] LogOutputStream:75 - [STDERR_REDIRECT] 
2026-09-27 16:35:14,560 [ERROR] LogOutputStream:75 - [STDERR_REDIRECT] [Fatal Error] :1:1: Premature end of file.
2026-09-27 16:35:14,560 [ERROR] LogOutputStream:75 - [STDERR_REDIRECT] 
2026-09-27 16:35:15,566 [ERROR] LogOutputStream:75 - [STDERR_REDIRECT] [Fatal Error] :1:1: Premature end of file.
2026-09-27 16:35:15,566 [ERROR] LogOutputStream:75 - [STDERR_REDIRECT] 
2026-09-27 16:35:16,555 [ERROR] LogOutputStream:75 - [STDERR_REDIRECT] [Fatal Error] :1:1: Premature end of file.
2026-09-27 16:35:16,563 [ERROR] LogOutputStream:75 - [STDERR_REDIRECT] 
2026-09-27 16:35:17,557 [ERROR] LogOutputStream:75 - [STDERR_REDIRECT] [Fatal Error] :1:1: Premature end of file.
2026-09-27 16:35:17,557 [ERROR] LogOutputStream:75 - [STDERR_REDIRECT] 
2026-09-27 16:35:18,561 [ERROR] LogOutputStream:75 - [STDERR_REDIRECT] [Fatal Error] :1:1: Premature end of file.
2026-09-27 16:35:18,561 [ERROR] LogOutputStream:75 - [STDERR_REDIRECT] 
2026-09-27 16:35:19,555 [ERROR] LogOutputStream:75 - [STDERR_REDIRECT] [Fatal Error] :1:1: Premature end of file.
2026-09-27 16:35:19,555 [ERROR] LogOutputStream:75 - [STDERR_REDIRECT] 
2026-09-27 16:35:20,555 [ERROR] LogOutputStream:75 - [STDERR_REDIRECT] [Fatal Error] :1:1: Premature end of file.
2026-09-27 16:35:20,555 [ERROR] LogOutputStream:75 - [STDERR_REDIRECT] 
2026-09-27 16:35:21,555 [ERROR] LogOutputStream:75 - [STDERR_REDIRECT] [Fatal Error] :1:1: Premature end of file.
2026-09-27 16:35:21,555 [ERROR] LogOutputStream:75 - [STDERR_REDIRECT] 
2026-09-27 16:35:22,558 [ERROR] LogOutputStream:75 - [STDERR_REDIRECT] [Fatal Error] :1:1: Premature end of file.
2026-09-27 16:35:22,558 [ERROR] LogOutputStream:75 - [STDERR_REDIRECT] 
2026-09-27 16:35:23,555 [ERROR] LogOutputStream:75 - [STDERR_REDIRECT] [Fatal Error] :1:1: Premature end of file.
2026-09-27 16:35:23,555 [ERROR] LogOutputStream:75 - [STDERR_REDIRECT] 
2026-09-27 16:35:24,558 [ERROR] LogOutputStream:75 - [STDERR_REDIRECT] [Fatal Error] :1:1: Premature end of file.
2026-09-27 16:35:24,559 [ERROR] LogOutputStream:75 - [STDERR_REDIRECT] 
2026-09-27 16:35:25,556 [ERROR] LogOutputStream:75 - [STDERR_REDIRECT] [Fatal Error] :1:1: Premature end of file.
2026-09-27 16:35:25,556 [ERROR] LogOutputStream:75 - [STDERR_REDIRECT] 
2026-09-27 16:35:26,554 [ERROR] LogOutputStream:75 - [STDERR_REDIRECT] [Fatal Error] :1:1: Premature end of file.
2026-09-27 16:35:26,554 [ERROR] LogOutputStream:75 - [STDERR_REDIRECT] 
2026-09-27 16:35:27,557 [ERROR] LogOutputStream:75 - [STDERR_REDIRECT] [Fatal Error] :1:1: Premature end of file.
2026-09-27 16:35:27,557 [ERROR] LogOutputStream:75 - [STDERR_REDIRECT] 
2026-09-27 16:35:28,559 [ERROR] LogOutputStream:75 - [STDERR_REDIRECT] [Fatal Error] :1:1: Premature end of file.
2026-09-27 16:35:28,559 [ERROR] LogOutputStream:75 - [STDERR_REDIRECT] 
2026-09-27 16:35:29,558 [ERROR] LogOutputStream:75 - [STDERR_REDIRECT] [Fatal Error] :1:1: Premature end of file.
2026-09-27 16:35:29,558 [ERROR] LogOutputStream:75 - [STDERR_REDIRECT] 
2026-09-27 16:35:30,564 [ERROR] LogOutputStream:75 - [STDERR_REDIRECT] [Fatal Error] :1:1: Premature end of file.
2026-09-27 16:35:30,564 [ERROR] LogOutputStream:75 - [STDERR_REDIRECT] 
2026-09-27 16:35:31,554 [ERROR] LogOutputStream:75 - [STDERR_REDIRECT] [Fatal Error] :1:1: Premature end of file.
2026-09-27 16:35:31,554 [ERROR] LogOutputStream:75 - [STDERR_REDIRECT] 
2026-09-27 16:35:32,558 [ERROR] LogOutputStream:75 - [STDERR_REDIRECT] [Fatal Error] :1:1: Premature end of file.
2026-09-27 16:35:32,559 [ERROR] LogOutputStream:75 - [STDERR_REDIRECT] 
2026-09-27 16:35:33,555 [ERROR] LogOutputStream:75 - [STDERR_REDIRECT] [Fatal Error] :1:1: Premature end of file.
2026-09-27 16:35:33,555 [ERROR] LogOutputStream:75 - [STDERR_REDIRECT] 
2026-09-27 16:35:34,556 [ERROR] LogOutputStream:75 - [STDERR_REDIRECT] [Fatal Error] :1:1: Premature end of file.
2026-09-27 16:35:34,556 [ERROR] LogOutputStream:75 - [STDERR_REDIRECT] 
2026-09-27 16:35:35,557 [ERROR] LogOutputStream:75 - [STDERR_REDIRECT] [Fatal Error] :1:1: Premature end of file.
2026-09-27 16:35:35,557 [ERROR] LogOutputStream:75 - [STDERR_REDIRECT] 
2026-09-27 16:35:36,558 [ERROR] LogOutputStream:75 - [STDERR_REDIRECT] [Fatal Error] :1:1: Premature end of file.
2026-09-27 16:35:36,558 [ERROR] LogOutputStream:75 - [STDERR_REDIRECT] 
2026-09-27 16:35:37,557 [ERROR] LogOutputStream:75 - [STDERR_REDIRECT] [Fatal Error] :1:1: Premature end of file.
2026-09-27 16:35:37,557 [ERROR] LogOutputStream:75 - [STDERR_REDIRECT] 
2026-09-27 16:35:38,557 [ERROR] LogOutputStream:75 - [STDERR_REDIRECT] [Fatal Error] :1:1: Premature end of file.
2026-09-27 16:35:38,557 [ERROR] LogOutputStream:75 - [STDERR_REDIRECT] 
2026-09-27 16:35:39,557 [ERROR] LogOutputStream:75 - [STDERR_REDIRECT] [Fatal Error] :1:1: Premature end of file.
2026-09-27 16:35:39,557 [ERROR] LogOutputStream:75 - [STDERR_REDIRECT] 
2026-09-27 16:35:40,556 [ERROR] LogOutputStream:75 - [STDERR_REDIRECT] [Fatal Error] :1:1: Premature end of file.
2026-09-27 16:35:40,557 [ERROR] LogOutputStream:75 - [STDERR_REDIRECT] 
2026-09-27 16:35:41,558 [ERROR] LogOutputStream:75 - [STDERR_REDIRECT] [Fatal Error] :1:1: Premature end of file.
2026-09-27 16:35:41,558 [ERROR] LogOutputStream:75 - [STDERR_REDIRECT] 
2026-09-27 16:35:42,556 [ERROR] LogOutputStream:75 - [STDERR_REDIRECT] [Fatal Error] :1:1: Premature end of file.
2026-09-27 16:35:42,556 [ERROR] LogOutputStream:75 - [STDERR_REDIRECT] 
2026-09-27 16:35:43,555 [ERROR] LogOutputStream:75 - [STDERR_REDIRECT] [Fatal Error] :1:1: Premature end of file.
2026-09-27 16:35:43,555 [ERROR] LogOutputStream:75 - [STDERR_REDIRECT] 
2026-09-27 16:35:44,557 [ERROR] LogOutputStream:75 - [STDERR_REDIRECT] [Fatal Error] :1:1: Premature end of file.
2026-09-27 16:35:44,557 [ERROR] LogOutputStream:75 - [STDERR_REDIRECT] 
2026-09-27 16:35:45,558 [ERROR] LogOutputStream:75 - [STDERR_REDIRECT] [Fatal Error] :1:1: Premature end of file.
2026-09-27 16:35:45,558 [ERROR] LogOutputStream:75 - [STDERR_REDIRECT] 
2026-09-27 16:35:46,558 [ERROR] LogOutputStream:75 - [STDERR_REDIRECT] [Fatal Error] :1:1: Premature end of file.
2026-09-27 16:35:46,558 [ERROR] LogOutputStream:75 - [STDERR_REDIRECT] 
2026-09-27 16:35:47,555 [ERROR] LogOutputStream:75 - [STDERR_REDIRECT] [Fatal Error] :1:1: Premature end of file.
2026-09-27 16:35:47,555 [ERROR] LogOutputStream:75 - [STDERR_REDIRECT] 
2026-09-27 16:35:48,558 [ERROR] LogOutputStream:75 - [STDERR_REDIRECT] [Fatal Error] :1:1: Premature end of file.
2026-09-27 16:35:48,558 [ERROR] LogOutputStream:75 - [STDERR_REDIRECT] 
2026-09-27 16:35:49,558 [ERROR] LogOutputStream:75 - [STDERR_REDIRECT] [Fatal Error] :1:1: Premature end of file.
2026-09-27 16:35:49,558 [ERROR] LogOutputStream:75 - [STDERR_REDIRECT] 
2026-09-27 16:35:50,555 [ERROR] LogOutputStream:75 - [STDERR_REDIRECT] [Fatal Error] :1:1: Premature end of file.
2026-09-27 16:35:50,555 [ERROR] LogOutputStream:75 - [STDERR_REDIRECT] 
2026-09-27 16:35:51,558 [ERROR] LogOutputStream:75 - [STDERR_REDIRECT] [Fatal Error] :1:1: Premature end of file.
2026-09-27 16:35:51,559 [ERROR] LogOutputStream:75 - [STDERR_REDIRECT] 
2026-09-27 16:35:52,557 [ERROR] LogOutputStream:75 - [STDERR_REDIRECT] [Fatal Error] :1:1: Premature end of file.
2026-09-27 16:35:52,557 [ERROR] LogOutputStream:75 - [STDERR_REDIRECT] 
2026-09-27 16:35:53,554 [ERROR] LogOutputStream:75 - [STDERR_REDIRECT] [Fatal Error] :1:1: Premature end of file.
2026-09-27 16:35:53,554 [ERROR] LogOutputStream:75 - [STDERR_REDIRECT] 
2026-09-27 16:35:54,557 [ERROR] LogOutputStream:75 - [STDERR_REDIRECT] [Fatal Error] :1:1: Premature end of file.
2026-09-27 16:35:54,557 [ERROR] LogOutputStream:75 - [STDERR_REDIRECT] 
2026-09-27 16:35:55,557 [ERROR] LogOutputStream:75 - [STDERR_REDIRECT] [Fatal Error] :1:1: Premature end of file.
2026-09-27 16:35:55,558 [ERROR] LogOutputStream:75 - [STDERR_REDIRECT] 
2026-09-27 16:35:56,553 [ERROR] LogOutputStream:75 - [STDERR_REDIRECT] [Fatal Error] :1:1: Premature end of file.
2026-09-27 16:35:56,554 [ERROR] LogOutputStream:75 - [STDERR_REDIRECT] 
2026-09-27 16:35:57,556 [ERROR] LogOutputStream:75 - [STDERR_REDIRECT] [Fatal Error] :1:1: Premature end of file.
2026-09-27 16:35:57,556 [ERROR] LogOutputStream:75 - [STDERR_REDIRECT] 
2026-09-27 16:35:58,556 [ERROR] LogOutputStream:75 - [STDERR_REDIRECT] [Fatal Error] :1:1: Premature end of file.
2026-09-27 16:35:58,556 [ERROR] LogOutputStream:75 - [STDERR_REDIRECT] 
2026-09-27 16:35:59,556 [ERROR] LogOutputStream:75 - [STDERR_REDIRECT] [Fatal Error] :1:1: Premature end of file.
2026-09-27 16:35:59,556 [ERROR] LogOutputStream:75 - [STDERR_REDIRECT] 
2026-09-27 16:36:00,557 [ERROR] LogOutputStream:75 - [STDERR_REDIRECT] [Fatal Error] :1:1: Premature end of file.
2026-09-27 16:36:00,557 [ERROR] LogOutputStream:75 - [STDERR_REDIRECT] 
2026-09-27 16:36:01,558 [ERROR] LogOutputStream:75 - [STDERR_REDIRECT] [Fatal Error] :1:1: Premature end of file.
2026-09-27 16:36:01,558 [ERROR] LogOutputStream:75 - [STDERR_REDIRECT] 
2026-09-27 16:36:02,559 [ERROR] LogOutputStream:75 - [STDERR_REDIRECT] [Fatal Error] :1:1: Premature end of file.
2026-09-27 16:36:02,559 [ERROR] LogOutputStream:75 - [STDERR_REDIRECT] 
2026-09-27 16:36:03,555 [ERROR] LogOutputStream:75 - [STDERR_REDIRECT] [Fatal Error] :1:1: Premature end of file.
2026-09-27 16:36:03,555 [ERROR] LogOutputStream:75 - [STDERR_REDIRECT] 
2026-09-27 16:36:04,555 [ERROR] LogOutputStream:75 - [STDERR_REDIRECT] [Fatal Error] :1:1: Premature end of file.
2026-09-27 16:36:04,555 [ERROR] LogOutputStream:75 - [STDERR_REDIRECT] 
2026-09-27 16:36:05,559 [ERROR] LogOutputStream:75 - [STDERR_REDIRECT] [Fatal Error] :1:1: Premature end of file.
2026-09-27 16:36:05,559 [ERROR] LogOutputStream:75 - [STDERR_REDIRECT] 
2026-09-27 16:36:06,553 [ERROR] LogOutputStream:75 - [STDERR_REDIRECT] [Fatal Error] :1:1: Premature end of file.
2026-09-27 16:36:06,554 [ERROR] LogOutputStream:75 - [STDERR_REDIRECT] 
2026-09-27 16:36:07,557 [ERROR] LogOutputStream:75 - [STDERR_REDIRECT] [Fatal Error] :1:1: Premature end of file.
2026-09-27 16:36:07,557 [ERROR] LogOutputStream:75 - [STDERR_REDIRECT] 
2026-09-27 16:36:08,556 [ERROR] LogOutputStream:75 - [STDERR_REDIRECT] [Fatal Error] :1:1: Premature end of file.
2026-09-27 16:36:08,556 [ERROR] LogOutputStream:75 - [STDERR_REDIRECT] 
2026-09-27 16:36:09,557 [ERROR] LogOutputStream:75 - [STDERR_REDIRECT] [Fatal Error] :1:1: Premature end of file.
2026-09-27 16:36:09,557 [ERROR] LogOutputStream:75 - [STDERR_REDIRECT] 
2026-09-27 16:36:10,557 [ERROR] LogOutputStream:75 - [STDERR_REDIRECT] [Fatal Error] :1:1: Premature end of file.
2026-09-27 16:36:10,557 [ERROR] LogOutputStream:75 - [STDERR_REDIRECT] 
2026-09-27 16:36:11,557 [ERROR] LogOutputStream:75 - [STDERR_REDIRECT] [Fatal Error] :1:1: Premature end of file.
2026-09-27 16:36:11,557 [ERROR] LogOutputStream:75 - [STDERR_REDIRECT] 
2026-09-27 16:36:12,557 [ERROR] LogOutputStream:75 - [STDERR_REDIRECT] [Fatal Error] :1:1: Premature end of file.
2026-09-27 16:36:12,557 [ERROR] LogOutputStream:75 - [STDERR_REDIRECT] 
2026-09-27 16:36:13,556 [ERROR] LogOutputStream:75 - [STDERR_REDIRECT] [Fatal Error] :1:1: Premature end of file.
2026-09-27 16:36:13,556 [ERROR] LogOutputStream:75 - [STDERR_REDIRECT] 
2026-09-27 16:36:14,556 [ERROR] LogOutputStream:75 - [STDERR_REDIRECT] [Fatal Error] :1:1: Premature end of file.
2026-09-27 16:36:14,556 [ERROR] LogOutputStream:75 - [STDERR_REDIRECT] 
2026-09-27 16:36:15,557 [ERROR] LogOutputStream:75 - [STDERR_REDIRECT] [Fatal Error] :1:1: Premature end of file.
2026-09-27 16:36:15,557 [ERROR] LogOutputStream:75 - [STDERR_REDIRECT] 
2026-09-27 16:36:16,555 [ERROR] LogOutputStream:75 - [STDERR_REDIRECT] [Fatal Error] :1:1: Premature end of file.
2026-09-27 16:36:16,555 [ERROR] LogOutputStream:75 - [STDERR_REDIRECT] 
2026-09-27 16:36:17,555 [ERROR] LogOutputStream:75 - [STDERR_REDIRECT] [Fatal Error] :1:1: Premature end of file.
2026-09-27 16:36:17,557 [ERROR] LogOutputStream:75 - [STDERR_REDIRECT] 
2026-09-27 16:36:18,557 [ERROR] LogOutputStream:75 - [STDERR_REDIRECT] [Fatal Error] :1:1: Premature end of file.
2026-09-27 16:36:18,557 [ERROR] LogOutputStream:75 - [STDERR_REDIRECT] 
2026-09-27 16:36:19,561 [ERROR] LogOutputStream:75 - [STDERR_REDIRECT] [Fatal Error] :1:1: Premature end of file.
2026-09-27 16:36:19,561 [ERROR] LogOutputStream:75 - [STDERR_REDIRECT] 
2026-09-27 16:36:20,559 [ERROR] LogOutputStream:75 - [STDERR_REDIRECT] [Fatal Error] :1:1: Premature end of file.
2026-09-27 16:36:20,559 [ERROR] LogOutputStream:75 - [STDERR_REDIRECT] 
2026-09-27 16:36:21,558 [ERROR] LogOutputStream:75 - [STDERR_REDIRECT] [Fatal Error] :1:1: Premature end of file.
2026-09-27 16:36:21,558 [ERROR] LogOutputStream:75 - [STDERR_REDIRECT] 
2026-09-27 16:36:22,556 [ERROR] LogOutputStream:75 - [STDERR_REDIRECT] [Fatal Error] :1:1: Premature end of file.
2026-09-27 16:36:22,556 [ERROR] LogOutputStream:75 - [STDERR_REDIRECT] 
2026-09-27 16:36:23,556 [ERROR] LogOutputStream:75 - [STDERR_REDIRECT] [Fatal Error] :1:1: Premature end of file.
2026-09-27 16:36:23,556 [ERROR] LogOutputStream:75 - [STDERR_REDIRECT] 
2026-09-27 16:36:24,555 [ERROR] LogOutputStream:75 - [STDERR_REDIRECT] [Fatal Error] :1:1: Premature end of file.
2026-09-27 16:36:24,555 [ERROR] LogOutputStream:75 - [STDERR_REDIRECT] 
2026-09-27 16:36:25,557 [ERROR] LogOutputStream:75 - [STDERR_REDIRECT] [Fatal Error] :1:1: Premature end of file.
2026-09-27 16:36:25,557 [ERROR] LogOutputStream:75 - [STDERR_REDIRECT] 
2026-09-27 16:36:26,556 [ERROR] LogOutputStream:75 - [STDERR_REDIRECT] [Fatal Error] :1:1: Premature end of file.
2026-09-27 16:36:26,556 [ERROR] LogOutputStream:75 - [STDERR_REDIRECT] 
2026-09-27 16:36:27,556 [ERROR] LogOutputStream:75 - [STDERR_REDIRECT] [Fatal Error] :1:1: Premature end of file.
2026-09-27 16:36:27,556 [ERROR] LogOutputStream:75 - [STDERR_REDIRECT] 
2026-09-27 16:36:28,557 [ERROR] LogOutputStream:75 - [STDERR_REDIRECT] [Fatal Error] :1:1: Premature end of file.
2026-09-27 16:36:28,557 [ERROR] LogOutputStream:75 - [STDERR_REDIRECT] 
2026-09-27 16:36:29,556 [ERROR] LogOutputStream:75 - [STDERR_REDIRECT] [Fatal Error] :1:1: Premature end of file.
2026-09-27 16:36:29,556 [ERROR] LogOutputStream:75 - [STDERR_REDIRECT] 
2026-09-27 16:36:30,556 [ERROR] LogOutputStream:75 - [STDERR_REDIRECT] [Fatal Error] :1:1: Premature end of file.
2026-09-27 16:36:30,556 [ERROR] LogOutputStream:75 - [STDERR_REDIRECT] 
2026-09-27 16:36:31,555 [ERROR] LogOutputStream:75 - [STDERR_REDIRECT] [Fatal Error] :1:1: Premature end of file.
2026-09-27 16:36:31,555 [ERROR] LogOutputStream:75 - [STDERR_REDIRECT] 
2026-09-27 16:36:32,556 [ERROR] LogOutputStream:75 - [STDERR_REDIRECT] [Fatal Error] :1:1: Premature end of file.
2026-09-27 16:36:32,556 [ERROR] LogOutputStream:75 - [STDERR_REDIRECT] 
2026-09-27 16:36:33,556 [ERROR] LogOutputStream:75 - [STDERR_REDIRECT] [Fatal Error] :1:1: Premature end of file.
2026-09-27 16:36:33,556 [ERROR] LogOutputStream:75 - [STDERR_REDIRECT] 
2026-09-27 16:36:34,558 [ERROR] LogOutputStream:75 - [STDERR_REDIRECT] [Fatal Error] :1:1: Premature end of file.
2026-09-27 16:36:34,558 [ERROR] LogOutputStream:75 - [STDERR_REDIRECT] 
2026-09-27 16:36:35,556 [ERROR] LogOutputStream:75 - [STDERR_REDIRECT] [Fatal Error] :1:1: Premature end of file.
2026-09-27 16:36:35,556 [ERROR] LogOutputStream:75 - [STDERR_REDIRECT] 
2026-09-27 16:36:36,558 [ERROR] LogOutputStream:75 - [STDERR_REDIRECT] [Fatal Error] :1:1: Premature end of file.
2026-09-27 16:36:36,558 [ERROR] LogOutputStream:75 - [STDERR_REDIRECT] 
2026-09-27 16:36:37,559 [ERROR] LogOutputStream:75 - [STDERR_REDIRECT] [Fatal Error] :1:1: Premature end of file.
2026-09-27 16:36:37,559 [ERROR] LogOutputStream:75 - [STDERR_REDIRECT] 
2026-09-27 16:36:38,556 [ERROR] LogOutputStream:75 - [STDERR_REDIRECT] [Fatal Error] :1:1: Premature end of file.
2026-09-27 16:36:38,556 [ERROR] LogOutputStream:75 - [STDERR_REDIRECT] 
2026-09-27 16:36:39,557 [ERROR] LogOutputStream:75 - [STDERR_REDIRECT] [Fatal Error] :1:1: Premature end of file.
2026-09-27 16:36:39,557 [ERROR] LogOutputStream:75 - [STDERR_REDIRECT] 
2026-09-27 16:36:40,557 [ERROR] LogOutputStream:75 - [STDERR_REDIRECT] [Fatal Error] :1:1: Premature end of file.
2026-09-27 16:36:40,557 [ERROR] LogOutputStream:75 - [STDERR_REDIRECT] 
2026-09-27 16:36:41,557 [ERROR] LogOutputStream:75 - [STDERR_REDIRECT] [Fatal Error] :1:1: Premature end of file.
2026-09-27 16:36:41,557 [ERROR] LogOutputStream:75 - [STDERR_REDIRECT] 
2026-09-27 16:36:42,556 [ERROR] LogOutputStream:75 - [STDERR_REDIRECT] [Fatal Error] :1:1: Premature end of file.
2026-09-27 16:36:42,557 [ERROR] LogOutputStream:75 - [STDERR_REDIRECT] 
2026-09-27 16:36:43,555 [ERROR] LogOutputStream:75 - [STDERR_REDIRECT] [Fatal Error] :1:1: Premature end of file.
2026-09-27 16:36:43,555 [ERROR] LogOutputStream:75 - [STDERR_REDIRECT] 
2026-09-27 16:36:44,555 [ERROR] LogOutputStream:75 - [STDERR_REDIRECT] [Fatal Error] :1:1: Premature end of file.
2026-09-27 16:36:44,555 [ERROR] LogOutputStream:75 - [STDERR_REDIRECT] 
2026-09-27 16:36:45,556 [ERROR] LogOutputStream:75 - [STDERR_REDIRECT] [Fatal Error] :1:1: Premature end of file.
2026-09-27 16:36:45,556 [ERROR] LogOutputStream:75 - [STDERR_REDIRECT] 
2026-09-27 16:36:46,557 [ERROR] LogOutputStream:75 - [STDERR_REDIRECT] [Fatal Error] :1:1: Premature end of file.
2026-09-27 16:36:46,557 [ERROR] LogOutputStream:75 - [STDERR_REDIRECT] 
2026-09-27 16:36:47,555 [ERROR] LogOutputStream:75 - [STDERR_REDIRECT] [Fatal Error] :1:1: Premature end of file.
2026-09-27 16:36:47,555 [ERROR] LogOutputStream:75 - [STDERR_REDIRECT] 
2026-09-27 16:36:48,555 [ERROR] LogOutputStream:75 - [STDERR_REDIRECT] [Fatal Error] :1:1: Premature end of file.
2026-09-27 16:36:48,555 [ERROR] LogOutputStream:75 - [STDERR_REDIRECT] 
2026-09-27 16:36:49,555 [ERROR] LogOutputStream:75 - [STDERR_REDIRECT] [Fatal Error] :1:1: Premature end of file.
2026-09-27 16:36:49,555 [ERROR] LogOutputStream:75 - [STDERR_REDIRECT] 
2026-09-27 16:36:50,556 [ERROR] LogOutputStream:75 - [STDERR_REDIRECT] [Fatal Error] :1:1: Premature end of file.
2026-09-27 16:36:50,556 [ERROR] LogOutputStream:75 - [STDERR_REDIRECT] 
2026-09-27 16:36:51,556 [ERROR] LogOutputStream:75 - [STDERR_REDIRECT] [Fatal Error] :1:1: Premature end of file.
2026-09-27 16:36:51,556 [ERROR] LogOutputStream:75 - [STDERR_REDIRECT] 
2026-09-27 16:36:52,556 [ERROR] LogOutputStream:75 - [STDERR_REDIRECT] [Fatal Error] :1:1: Premature end of file.
2026-09-27 16:36:52,556 [ERROR] LogOutputStream:75 - [STDERR_REDIRECT] 
2026-09-27 16:36:53,556 [ERROR] LogOutputStream:75 - [STDERR_REDIRECT] [Fatal Error] :1:1: Premature end of file.
2026-09-27 16:36:53,556 [ERROR] LogOutputStream:75 - [STDERR_REDIRECT] 
2026-09-27 16:36:54,557 [ERROR] LogOutputStream:75 - [STDERR_REDIRECT] [Fatal Error] :1:1: Premature end of file.
2026-09-27 16:36:54,557 [ERROR] LogOutputStream:75 - [STDERR_REDIRECT] 
2026-09-27 16:36:55,556 [ERROR] LogOutputStream:75 - [STDERR_REDIRECT] [Fatal Error] :1:1: Premature end of file.
2026-09-27 16:36:55,556 [ERROR] LogOutputStream:75 - [STDERR_REDIRECT] 
2026-09-27 16:36:56,555 [ERROR] LogOutputStream:75 - [STDERR_REDIRECT] [Fatal Error] :1:1: Premature end of file.
2026-09-27 16:36:56,555 [ERROR] LogOutputStream:75 - [STDERR_REDIRECT] 
2026-09-27 16:36:57,556 [ERROR] LogOutputStream:75 - [STDERR_REDIRECT] [Fatal Error] :1:1: Premature end of file.
2026-09-27 16:36:57,556 [ERROR] LogOutputStream:75 - [STDERR_REDIRECT] 
2026-09-27 16:36:58,569 [ERROR] LogOutputStream:75 - [STDERR_REDIRECT] [Fatal Error] :1:1: Premature end of file.
2026-09-27 16:36:58,569 [ERROR] LogOutputStream:75 - [STDERR_REDIRECT] 
2026-09-27 16:36:59,553 [ERROR] LogOutputStream:75 - [STDERR_REDIRECT] [Fatal Error] :1:1: Premature end of file.
2026-09-27 16:36:59,553 [ERROR] LogOutputStream:75 - [STDERR_REDIRECT] 
2026-09-27 16:37:00,558 [ERROR] LogOutputStream:75 - [STDERR_REDIRECT] [Fatal Error] :1:1: Premature end of file.
2026-09-27 16:37:00,558 [ERROR] LogOutputStream:75 - [STDERR_REDIRECT] 
2026-09-27 16:37:01,553 [ERROR] LogOutputStream:75 - [STDERR_REDIRECT] [Fatal Error] :1:1: Premature end of file.
2026-09-27 16:37:01,553 [ERROR] LogOutputStream:75 - [STDERR_REDIRECT] 
2026-09-27 16:37:02,557 [ERROR] LogOutputStream:75 - [STDERR_REDIRECT] [Fatal Error] :1:1: Premature end of file.
2026-09-27 16:37:02,557 [ERROR] LogOutputStream:75 - [STDERR_REDIRECT] 
2026-09-27 16:37:03,552 [ERROR] LogOutputStream:75 - [STDERR_REDIRECT] [Fatal Error] :1:1: Premature end of file.
2026-09-27 16:37:03,552 [ERROR] LogOutputStream:75 - [STDERR_REDIRECT] 
2026-09-27 16:37:04,555 [ERROR] LogOutputStream:75 - [STDERR_REDIRECT] [Fatal Error] :1:1: Premature end of file.
2026-09-27 16:37:04,555 [ERROR] LogOutputStream:75 - [STDERR_REDIRECT] 
2026-09-27 16:37:05,556 [ERROR] LogOutputStream:75 - [STDERR_REDIRECT] [Fatal Error] :1:1: Premature end of file.
2026-09-27 16:37:05,556 [ERROR] LogOutputStream:75 - [STDERR_REDIRECT] 
2026-09-27 16:37:06,557 [ERROR] LogOutputStream:75 - [STDERR_REDIRECT] [Fatal Error] :1:1: Premature end of file.
2026-09-27 16:37:06,557 [ERROR] LogOutputStream:75 - [STDERR_REDIRECT] 
2026-09-27 16:37:07,554 [ERROR] LogOutputStream:75 - [STDERR_REDIRECT] [Fatal Error] :1:1: Premature end of file.
2026-09-27 16:37:07,554 [ERROR] LogOutputStream:75 - [STDERR_REDIRECT] 
2026-09-27 16:37:08,560 [ERROR] LogOutputStream:75 - [STDERR_REDIRECT] [Fatal Error] :1:1: Premature end of file.
2026-09-27 16:37:08,560 [ERROR] LogOutputStream:75 - [STDERR_REDIRECT] 
2026-09-27 16:37:09,555 [ERROR] LogOutputStream:75 - [STDERR_REDIRECT] [Fatal Error] :1:1: Premature end of file.
2026-09-27 16:37:09,555 [ERROR] LogOutputStream:75 - [STDERR_REDIRECT] 
2026-09-27 16:37:10,561 [ERROR] LogOutputStream:75 - [STDERR_REDIRECT] [Fatal Error] :1:1: Premature end of file.
2026-09-27 16:37:10,561 [ERROR] LogOutputStream:75 - [STDERR_REDIRECT] 
2026-09-27 16:37:11,558 [ERROR] LogOutputStream:75 - [STDERR_REDIRECT] [Fatal Error] :1:1: Premature end of file.
2026-09-27 16:37:11,558 [ERROR] LogOutputStream:75 - [STDERR_REDIRECT] 
2026-09-27 16:37:12,556 [ERROR] LogOutputStream:75 - [STDERR_REDIRECT] [Fatal Error] :1:1: Premature end of file.
2026-09-27 16:37:12,556 [ERROR] LogOutputStream:75 - [STDERR_REDIRECT] 
2026-09-27 16:37:13,559 [ERROR] LogOutputStream:75 - [STDERR_REDIRECT] [Fatal Error] :1:1: Premature end of file.
2026-09-27 16:37:13,559 [ERROR] LogOutputStream:75 - [STDERR_REDIRECT] 
2026-09-27 16:37:14,557 [ERROR] LogOutputStream:75 - [STDERR_REDIRECT] [Fatal Error] :1:1: Premature end of file.
2026-09-27 16:37:14,557 [ERROR] LogOutputStream:75 - [STDERR_REDIRECT] 
2026-09-27 16:37:15,562 [ERROR] LogOutputStream:75 - [STDERR_REDIRECT] [Fatal Error] :1:1: Premature end of file.
2026-09-27 16:37:15,562 [ERROR] LogOutputStream:75 - [STDERR_REDIRECT] 
2026-09-27 16:37:16,564 [ERROR] LogOutputStream:75 - [STDERR_REDIRECT] [Fatal Error] :1:1: Premature end of file.
2026-09-27 16:37:16,564 [ERROR] LogOutputStream:75 - [STDERR_REDIRECT] 
2026-09-27 16:37:17,558 [ERROR] LogOutputStream:75 - [STDERR_REDIRECT] [Fatal Error] :1:1: Premature end of file.
2026-09-27 16:37:17,558 [ERROR] LogOutputStream:75 - [STDERR_REDIRECT] 
2026-09-27 16:37:18,562 [ERROR] LogOutputStream:75 - [STDERR_REDIRECT] [Fatal Error] :1:1: Premature end of file.
2026-09-27 16:37:18,563 [ERROR] LogOutputStream:75 - [STDERR_REDIRECT] 
2026-09-27 16:37:19,555 [ERROR] LogOutputStream:75 - [STDERR_REDIRECT] [Fatal Error] :1:1: Premature end of file.
2026-09-27 16:37:19,555 [ERROR] LogOutputStream:75 - [STDERR_REDIRECT] 
2026-09-27 16:37:20,562 [ERROR] LogOutputStream:75 - [STDERR_REDIRECT] [Fatal Error] :1:1: Premature end of file.
2026-09-27 16:37:20,562 [ERROR] LogOutputStream:75 - [STDERR_REDIRECT] 
2026-09-27 16:37:21,562 [ERROR] LogOutputStream:75 - [STDERR_REDIRECT] [Fatal Error] :1:1: Premature end of file.
2026-09-27 16:37:21,562 [ERROR] LogOutputStream:75 - [STDERR_REDIRECT] 
2026-09-27 16:37:22,561 [ERROR] LogOutputStream:75 - [STDERR_REDIRECT] [Fatal Error] :1:1: Premature end of file.
2026-09-27 16:37:22,561 [ERROR] LogOutputStream:75 - [STDERR_REDIRECT] 
2026-09-27 16:37:23,563 [ERROR] LogOutputStream:75 - [STDERR_REDIRECT] [Fatal Error] :1:1: Premature end of file.
2026-09-27 16:37:23,563 [ERROR] LogOutputStream:75 - [STDERR_REDIRECT] 
2026-09-27 16:37:24,562 [ERROR] LogOutputStream:75 - [STDERR_REDIRECT] [Fatal Error] :1:1: Premature end of file.
2026-09-27 16:37:24,562 [ERROR] LogOutputStream:75 - [STDERR_REDIRECT] 
2026-09-27 16:37:25,562 [ERROR] LogOutputStream:75 - [STDERR_REDIRECT] [Fatal Error] :1:1: Premature end of file.
2026-09-27 16:37:25,562 [ERROR] LogOutputStream:75 - [STDERR_REDIRECT] 
2026-09-27 16:37:26,562 [ERROR] LogOutputStream:75 - [STDERR_REDIRECT] [Fatal Error] :1:1: Premature end of file.
2026-09-27 16:37:26,563 [ERROR] LogOutputStream:75 - [STDERR_REDIRECT] 
2026-09-27 16:37:27,559 [ERROR] LogOutputStream:75 - [STDERR_REDIRECT] [Fatal Error] :1:1: Premature end of file.
2026-09-27 16:37:27,559 [ERROR] LogOutputStream:75 - [STDERR_REDIRECT] 
2026-09-27 16:37:28,559 [ERROR] LogOutputStream:75 - [STDERR_REDIRECT] [Fatal Error] :1:1: Premature end of file.
2026-09-27 16:37:28,559 [ERROR] LogOutputStream:75 - [STDERR_REDIRECT] 
2026-09-27 16:37:29,564 [ERROR] LogOutputStream:75 - [STDERR_REDIRECT] [Fatal Error] :1:1: Premature end of file.
2026-09-27 16:37:29,564 [ERROR] LogOutputStream:75 - [STDERR_REDIRECT] 
2026-09-27 16:37:30,556 [ERROR] LogOutputStream:75 - [STDERR_REDIRECT] [Fatal Error] :1:1: Premature end of file.
2026-09-27 16:37:30,556 [ERROR] LogOutputStream:75 - [STDERR_REDIRECT] 
2026-09-27 16:37:31,559 [ERROR] LogOutputStream:75 - [STDERR_REDIRECT] [Fatal Error] :1:1: Premature end of file.
2026-09-27 16:37:31,559 [ERROR] LogOutputStream:75 - [STDERR_REDIRECT] 
2026-09-27 16:37:32,561 [ERROR] LogOutputStream:75 - [STDERR_REDIRECT] [Fatal Error] :1:1: Premature end of file.
2026-09-27 16:37:32,561 [ERROR] LogOutputStream:75 - [STDERR_REDIRECT] 
2026-09-27 16:37:33,562 [ERROR] LogOutputStream:75 - [STDERR_REDIRECT] [Fatal Error] :1:1: Premature end of file.
2026-09-27 16:37:33,562 [ERROR] LogOutputStream:75 - [STDERR_REDIRECT] 
2026-09-27 16:37:34,562 [ERROR] LogOutputStream:75 - [STDERR_REDIRECT] [Fatal Error] :1:1: Premature end of file.
2026-09-27 16:37:34,562 [ERROR] LogOutputStream:75 - [STDERR_REDIRECT] 
2026-09-27 16:37:35,555 [ERROR] LogOutputStream:75 - [STDERR_REDIRECT] [Fatal Error] :1:1: Premature end of file.
2026-09-27 16:37:35,555 [ERROR] LogOutputStream:75 - [STDERR_REDIRECT] 
2026-09-27 16:37:36,558 [ERROR] LogOutputStream:75 - [STDERR_REDIRECT] [Fatal Error] :1:1: Premature end of file.
2026-09-27 16:37:36,558 [ERROR] LogOutputStream:75 - [STDERR_REDIRECT] 
2026-09-27 16:37:37,553 [ERROR] LogOutputStream:75 - [STDERR_REDIRECT] [Fatal Error] :1:1: Premature end of file.
2026-09-27 16:37:37,553 [ERROR] LogOutputStream:75 - [STDERR_REDIRECT] 
2026-09-27 16:37:38,555 [ERROR] LogOutputStream:75 - [STDERR_REDIRECT] [Fatal Error] :1:1: Premature end of file.
2026-09-27 16:37:38,556 [ERROR] LogOutputStream:75 - [STDERR_REDIRECT] 
2026-09-27 16:37:39,555 [ERROR] LogOutputStream:75 - [STDERR_REDIRECT] [Fatal Error] :1:1: Premature end of file.
2026-09-27 16:37:39,556 [ERROR] LogOutputStream:75 - [STDERR_REDIRECT] 
2026-09-27 16:37:40,555 [ERROR] LogOutputStream:75 - [STDERR_REDIRECT] [Fatal Error] :1:1: Premature end of file.
2026-09-27 16:37:40,555 [ERROR] LogOutputStream:75 - [STDERR_REDIRECT] 
2026-09-27 16:37:41,554 [ERROR] LogOutputStream:75 - [STDERR_REDIRECT] [Fatal Error] :1:1: Premature end of file.
2026-09-27 16:37:41,554 [ERROR] LogOutputStream:75 - [STDERR_REDIRECT] 
2026-09-27 16:37:42,555 [ERROR] LogOutputStream:75 - [STDERR_REDIRECT] [Fatal Error] :1:1: Premature end of file.
2026-09-27 16:37:42,555 [ERROR] LogOutputStream:75 - [STDERR_REDIRECT] 
2026-09-27 16:37:43,555 [ERROR] LogOutputStream:75 - [STDERR_REDIRECT] [Fatal Error] :1:1: Premature end of file.
2026-09-27 16:37:43,555 [ERROR] LogOutputStream:75 - [STDERR_REDIRECT] 
2026-09-27 16:37:44,556 [ERROR] LogOutputStream:75 - [STDERR_REDIRECT] [Fatal Error] :1:1: Premature end of file.
2026-09-27 16:37:44,556 [ERROR] LogOutputStream:75 - [STDERR_REDIRECT] 
2026-09-27 16:37:45,556 [ERROR] LogOutputStream:75 - [STDERR_REDIRECT] [Fatal Error] :1:1: Premature end of file.
2026-09-27 16:37:45,556 [ERROR] LogOutputStream:75 - [STDERR_REDIRECT] 
2026-09-27 16:37:46,564 [ERROR] LogOutputStream:75 - [STDERR_REDIRECT] [Fatal Error] :1:1: Premature end of file.
2026-09-27 16:37:46,564 [ERROR] LogOutputStream:75 - [STDERR_REDIRECT] 
2026-09-27 16:37:47,561 [ERROR] LogOutputStream:75 - [STDERR_REDIRECT] [Fatal Error] :1:1: Premature end of file.
2026-09-27 16:37:47,561 [ERROR] LogOutputStream:75 - [STDERR_REDIRECT] 
2026-09-27 16:37:48,564 [ERROR] LogOutputStream:75 - [STDERR_REDIRECT] [Fatal Error] :1:1: Premature end of file.
2026-09-27 16:37:48,564 [ERROR] LogOutputStream:75 - [STDERR_REDIRECT] 
2026-09-27 16:37:49,561 [ERROR] LogOutputStream:75 - [STDERR_REDIRECT] [Fatal Error] :1:1: Premature end of file.
2026-09-27 16:37:49,561 [ERROR] LogOutputStream:75 - [STDERR_REDIRECT] 
2026-09-27 16:37:50,564 [ERROR] LogOutputStream:75 - [STDERR_REDIRECT] [Fatal Error] :1:1: Premature end of file.
2026-09-27 16:37:50,566 [ERROR] LogOutputStream:75 - [STDERR_REDIRECT] 
2026-09-27 16:37:51,561 [ERROR] LogOutputStream:75 - [STDERR_REDIRECT] [Fatal Error] :1:1: Premature end of file.
2026-09-27 16:37:51,561 [ERROR] LogOutputStream:75 - [STDERR_REDIRECT] 
2026-09-27 16:37:52,565 [ERROR] LogOutputStream:75 - [STDERR_REDIRECT] [Fatal Error] :1:1: Premature end of file.
2026-09-27 16:37:52,565 [ERROR] LogOutputStream:75 - [STDERR_REDIRECT] 
2026-09-27 16:37:53,566 [ERROR] LogOutputStream:75 - [STDERR_REDIRECT] [Fatal Error] :1:1: Premature end of file.
2026-09-27 16:37:53,566 [ERROR] LogOutputStream:75 - [STDERR_REDIRECT] 
2026-09-27 16:37:54,564 [ERROR] LogOutputStream:75 - [STDERR_REDIRECT] [Fatal Error] :1:1: Premature end of file.
2026-09-27 16:37:54,564 [ERROR] LogOutputStream:75 - [STDERR_REDIRECT] 
2026-09-27 16:37:55,564 [ERROR] LogOutputStream:75 - [STDERR_REDIRECT] [Fatal Error] :1:1: Premature end of file.
2026-09-27 16:37:55,564 [ERROR] LogOutputStream:75 - [STDERR_REDIRECT] 
2026-09-27 16:37:56,564 [ERROR] LogOutputStream:75 - [STDERR_REDIRECT] [Fatal Error] :1:1: Premature end of file.
2026-09-27 16:37:56,564 [ERROR] LogOutputStream:75 - [STDERR_REDIRECT] 
2026-09-27 16:37:57,566 [ERROR] LogOutputStream:75 - [STDERR_REDIRECT] [Fatal Error] :1:1: Premature end of file.
2026-09-27 16:37:57,566 [ERROR] LogOutputStream:75 - [STDERR_REDIRECT] 
2026-09-27 16:37:58,560 [ERROR] LogOutputStream:75 - [STDERR_REDIRECT] [Fatal Error] :1:1: Premature end of file.
2026-09-27 16:37:58,560 [ERROR] LogOutputStream:75 - [STDERR_REDIRECT] 
2026-09-27 16:37:59,565 [ERROR] LogOutputStream:75 - [STDERR_REDIRECT] [Fatal Error] :1:1: Premature end of file.
2026-09-27 16:37:59,565 [ERROR] LogOutputStream:75 - [STDERR_REDIRECT] 
2026-09-27 16:38:00,566 [ERROR] LogOutputStream:75 - [STDERR_REDIRECT] [Fatal Error] :1:1: Premature end of file.
2026-09-27 16:38:00,566 [ERROR] LogOutputStream:75 - [STDERR_REDIRECT] 
2026-09-27 16:38:01,565 [ERROR] LogOutputStream:75 - [STDERR_REDIRECT] [Fatal Error] :1:1: Premature end of file.
2026-09-27 16:38:01,565 [ERROR] LogOutputStream:75 - [STDERR_REDIRECT] 
2026-09-27 16:38:02,566 [ERROR] LogOutputStream:75 - [STDERR_REDIRECT] [Fatal Error] :1:1: Premature end of file.
2026-09-27 16:38:02,566 [ERROR] LogOutputStream:75 - [STDERR_REDIRECT] 
2026-09-27 16:38:03,565 [ERROR] LogOutputStream:75 - [STDERR_REDIRECT] [Fatal Error] :1:1: Premature end of file.
2026-09-27 16:38:03,565 [ERROR] LogOutputStream:75 - [STDERR_REDIRECT] 
2026-09-27 16:38:04,561 [ERROR] LogOutputStream:75 - [STDERR_REDIRECT] [Fatal Error] :1:1: Premature end of file.
2026-09-27 16:38:04,561 [ERROR] LogOutputStream:75 - [STDERR_REDIRECT] 
2026-09-27 16:38:05,560 [ERROR] LogOutputStream:75 - [STDERR_REDIRECT] [Fatal Error] :1:1: Premature end of file.
2026-09-27 16:38:05,560 [ERROR] LogOutputStream:75 - [STDERR_REDIRECT] 
2026-09-27 16:38:06,571 [ERROR] LogOutputStream:75 - [STDERR_REDIRECT] [Fatal Error] :1:1: Premature end of file.
2026-09-27 16:38:06,571 [ERROR] LogOutputStream:75 - [STDERR_REDIRECT] 
2026-09-27 16:38:07,565 [ERROR] LogOutputStream:75 - [STDERR_REDIRECT] [Fatal Error] :1:1: Premature end of file.
2026-09-27 16:38:07,565 [ERROR] LogOutputStream:75 - [STDERR_REDIRECT] 
2026-09-27 16:38:08,566 [ERROR] LogOutputStream:75 - [STDERR_REDIRECT] [Fatal Error] :1:1: Premature end of file.
2026-09-27 16:38:08,566 [ERROR] LogOutputStream:75 - [STDERR_REDIRECT] 
2026-09-27 16:38:09,562 [ERROR] LogOutputStream:75 - [STDERR_REDIRECT] [Fatal Error] :1:1: Premature end of file.
2026-09-27 16:38:09,563 [ERROR] LogOutputStream:75 - [STDERR_REDIRECT] 
2026-09-27 16:38:10,555 [ERROR] LogOutputStream:75 - [STDERR_REDIRECT] [Fatal Error] :1:1: Premature end of file.
2026-09-27 16:38:10,555 [ERROR] LogOutputStream:75 - [STDERR_REDIRECT] 
2026-09-27 16:38:11,557 [ERROR] LogOutputStream:75 - [STDERR_REDIRECT] [Fatal Error] :1:1: Premature end of file.
2026-09-27 16:38:11,557 [ERROR] LogOutputStream:75 - [STDERR_REDIRECT] 
2026-09-27 16:38:12,564 [ERROR] LogOutputStream:75 - [STDERR_REDIRECT] [Fatal Error] :1:1: Premature end of file.
2026-09-27 16:38:12,566 [ERROR] LogOutputStream:75 - [STDERR_REDIRECT] 
2026-09-27 16:38:13,561 [ERROR] LogOutputStream:75 - [STDERR_REDIRECT] [Fatal Error] :1:1: Premature end of file.
2026-09-27 16:38:13,561 [ERROR] LogOutputStream:75 - [STDERR_REDIRECT] 
2026-09-27 16:38:14,562 [ERROR] LogOutputStream:75 - [STDERR_REDIRECT] [Fatal Error] :1:1: Premature end of file.
2026-09-27 16:38:14,562 [ERROR] LogOutputStream:75 - [STDERR_REDIRECT] 
2026-09-27 16:38:15,557 [ERROR] LogOutputStream:75 - [STDERR_REDIRECT] [Fatal Error] :1:1: Premature end of file.
2026-09-27 16:38:15,557 [ERROR] LogOutputStream:75 - [STDERR_REDIRECT] 
2026-09-27 16:38:16,555 [ERROR] LogOutputStream:75 - [STDERR_REDIRECT] [Fatal Error] :1:1: Premature end of file.
2026-09-27 16:38:16,555 [ERROR] LogOutputStream:75 - [STDERR_REDIRECT] 
2026-09-27 16:38:17,554 [ERROR] LogOutputStream:75 - [STDERR_REDIRECT] [Fatal Error] :1:1: Premature end of file.
2026-09-27 16:38:17,554 [ERROR] LogOutputStream:75 - [STDERR_REDIRECT] 
2026-09-27 16:38:18,554 [ERROR] LogOutputStream:75 - [STDERR_REDIRECT] [Fatal Error] :1:1: Premature end of file.
2026-09-27 16:38:18,554 [ERROR] LogOutputStream:75 - [STDERR_REDIRECT] 
2026-09-27 16:38:19,564 [ERROR] LogOutputStream:75 - [STDERR_REDIRECT] [Fatal Error] :1:1: Premature end of file.
2026-09-27 16:38:19,564 [ERROR] LogOutputStream:75 - [STDERR_REDIRECT] 
2026-09-27 16:38:20,564 [ERROR] LogOutputStream:75 - [STDERR_REDIRECT] [Fatal Error] :1:1: Premature end of file.
2026-09-27 16:38:20,564 [ERROR] LogOutputStream:75 - [STDERR_REDIRECT] 
2026-09-27 16:38:21,564 [ERROR] LogOutputStream:75 - [STDERR_REDIRECT] [Fatal Error] :1:1: Premature end of file.
2026-09-27 16:38:21,564 [ERROR] LogOutputStream:75 - [STDERR_REDIRECT] 
2026-09-27 16:38:22,560 [ERROR] LogOutputStream:75 - [STDERR_REDIRECT] [Fatal Error] :1:1: Premature end of file.
2026-09-27 16:38:22,560 [ERROR] LogOutputStream:75 - [STDERR_REDIRECT] 
2026-09-27 16:38:23,561 [ERROR] LogOutputStream:75 - [STDERR_REDIRECT] [Fatal Error] :1:1: Premature end of file.
2026-09-27 16:38:23,561 [ERROR] LogOutputStream:75 - [STDERR_REDIRECT] 
2026-09-27 16:38:24,557 [ERROR] LogOutputStream:75 - [STDERR_REDIRECT] [Fatal Error] :1:1: Premature end of file.
2026-09-27 16:38:24,557 [ERROR] LogOutputStream:75 - [STDERR_REDIRECT] 
2026-09-27 16:38:25,561 [ERROR] LogOutputStream:75 - [STDERR_REDIRECT] [Fatal Error] :1:1: Premature end of file.
2026-09-27 16:38:25,561 [ERROR] LogOutputStream:75 - [STDERR_REDIRECT] 
2026-09-27 16:38:26,564 [ERROR] LogOutputStream:75 - [STDERR_REDIRECT] [Fatal Error] :1:1: Premature end of file.
2026-09-27 16:38:26,564 [ERROR] LogOutputStream:75 - [STDERR_REDIRECT] 
2026-09-27 16:38:27,561 [ERROR] LogOutputStream:75 - [STDERR_REDIRECT] [Fatal Error] :1:1: Premature end of file.
2026-09-27 16:38:27,561 [ERROR] LogOutputStream:75 - [STDERR_REDIRECT] 
2026-09-27 16:38:28,555 [ERROR] LogOutputStream:75 - [STDERR_REDIRECT] [Fatal Error] :1:1: Premature end of file.
2026-09-27 16:38:28,556 [ERROR] LogOutputStream:75 - [STDERR_REDIRECT] 
2026-09-27 16:38:29,555 [ERROR] LogOutputStream:75 - [STDERR_REDIRECT] [Fatal Error] :1:1: Premature end of file.
2026-09-27 16:38:29,555 [ERROR] LogOutputStream:75 - [STDERR_REDIRECT] 
2026-09-27 16:38:30,568 [ERROR] LogOutputStream:75 - [STDERR_REDIRECT] [Fatal Error] :1:1: Premature end of file.
2026-09-27 16:38:30,568 [ERROR] LogOutputStream:75 - [STDERR_REDIRECT] 
2026-09-27 16:38:31,554 [ERROR] LogOutputStream:75 - [STDERR_REDIRECT] [Fatal Error] :1:1: Premature end of file.
2026-09-27 16:38:31,554 [ERROR] LogOutputStream:75 - [STDERR_REDIRECT] 
2026-09-27 16:38:32,555 [ERROR] LogOutputStream:75 - [STDERR_REDIRECT] [Fatal Error] :1:1: Premature end of file.
2026-09-27 16:38:32,555 [ERROR] LogOutputStream:75 - [STDERR_REDIRECT] 
2026-09-27 16:38:33,556 [ERROR] LogOutputStream:75 - [STDERR_REDIRECT] [Fatal Error] :1:1: Premature end of file.
2026-09-27 16:38:33,556 [ERROR] LogOutputStream:75 - [STDERR_REDIRECT] 
2026-09-27 16:38:34,572 [ERROR] LogOutputStream:75 - [STDERR_REDIRECT] [Fatal Error] :1:1: Premature end of file.
2026-09-27 16:38:34,572 [ERROR] LogOutputStream:75 - [STDERR_REDIRECT] 
2026-09-27 16:38:35,554 [ERROR] LogOutputStream:75 - [STDERR_REDIRECT] [Fatal Error] :1:1: Premature end of file.
2026-09-27 16:38:35,554 [ERROR] LogOutputStream:75 - [STDERR_REDIRECT] 
2026-09-27 16:38:36,558 [ERROR] LogOutputStream:75 - [STDERR_REDIRECT] [Fatal Error] :1:1: Premature end of file.
2026-09-27 16:38:36,558 [ERROR] LogOutputStream:75 - [STDERR_REDIRECT] 
2026-09-27 16:38:37,565 [ERROR] LogOutputStream:75 - [STDERR_REDIRECT] [Fatal Error] :1:1: Premature end of file.
2026-09-27 16:38:37,565 [ERROR] LogOutputStream:75 - [STDERR_REDIRECT] 
2026-09-27 16:38:38,556 [ERROR] LogOutputStream:75 - [STDERR_REDIRECT] [Fatal Error] :1:1: Premature end of file.
2026-09-27 16:38:38,556 [ERROR] LogOutputStream:75 - [STDERR_REDIRECT] 
2026-09-27 16:38:39,555 [ERROR] LogOutputStream:75 - [STDERR_REDIRECT] [Fatal Error] :1:1: Premature end of file.
2026-09-27 16:38:39,555 [ERROR] LogOutputStream:75 - [STDERR_REDIRECT] 
2026-09-27 16:38:40,554 [ERROR] LogOutputStream:75 - [STDERR_REDIRECT] [Fatal Error] :1:1: Premature end of file.
2026-09-27 16:38:40,554 [ERROR] LogOutputStream:75 - [STDERR_REDIRECT] 
2026-09-27 16:38:41,554 [ERROR] LogOutputStream:75 - [STDERR_REDIRECT] [Fatal Error] :1:1: Premature end of file.
2026-09-27 16:38:41,554 [ERROR] LogOutputStream:75 - [STDERR_REDIRECT] 
2026-09-27 16:38:42,553 [ERROR] LogOutputStream:75 - [STDERR_REDIRECT] [Fatal Error] :1:1: Premature end of file.
2026-09-27 16:38:42,553 [ERROR] LogOutputStream:75 - [STDERR_REDIRECT] 
2026-09-27 16:38:43,556 [ERROR] LogOutputStream:75 - [STDERR_REDIRECT] [Fatal Error] :1:1: Premature end of file.
2026-09-27 16:38:43,556 [ERROR] LogOutputStream:75 - [STDERR_REDIRECT] 
2026-09-27 16:38:44,556 [ERROR] LogOutputStream:75 - [STDERR_REDIRECT] [Fatal Error] :1:1: Premature end of file.
2026-09-27 16:38:44,556 [ERROR] LogOutputStream:75 - [STDERR_REDIRECT] 
2026-09-27 16:38:45,553 [ERROR] LogOutputStream:75 - [STDERR_REDIRECT] [Fatal Error] :1:1: Premature end of file.
2026-09-27 16:38:45,553 [ERROR] LogOutputStream:75 - [STDERR_REDIRECT] 
2026-09-27 16:38:46,560 [ERROR] LogOutputStream:75 - [STDERR_REDIRECT] [Fatal Error] :1:1: Premature end of file.
2026-09-27 16:38:46,560 [ERROR] LogOutputStream:75 - [STDERR_REDIRECT] 
2026-09-27 16:38:47,565 [ERROR] LogOutputStream:75 - [STDERR_REDIRECT] [Fatal Error] :1:1: Premature end of file.
2026-09-27 16:38:47,565 [ERROR] LogOutputStream:75 - [STDERR_REDIRECT] 
2026-09-27 16:38:48,555 [ERROR] LogOutputStream:75 - [STDERR_REDIRECT] [Fatal Error] :1:1: Premature end of file.
2026-09-27 16:38:48,555 [ERROR] LogOutputStream:75 - [STDERR_REDIRECT] 
2026-09-27 16:38:49,567 [ERROR] LogOutputStream:75 - [STDERR_REDIRECT] [Fatal Error] :1:1: Premature end of file.
2026-09-27 16:38:49,567 [ERROR] LogOutputStream:75 - [STDERR_REDIRECT] 
2026-09-27 16:38:50,555 [ERROR] LogOutputStream:75 - [STDERR_REDIRECT] [Fatal Error] :1:1: Premature end of file.
2026-09-27 16:38:50,555 [ERROR] LogOutputStream:75 - [STDERR_REDIRECT] 
2026-09-27 16:38:51,556 [ERROR] LogOutputStream:75 - [STDERR_REDIRECT] [Fatal Error] :1:1: Premature end of file.
2026-09-27 16:38:51,556 [ERROR] LogOutputStream:75 - [STDERR_REDIRECT] 
2026-09-27 16:38:52,558 [ERROR] LogOutputStream:75 - [STDERR_REDIRECT] [Fatal Error] :1:1: Premature end of file.
2026-09-27 16:38:52,558 [ERROR] LogOutputStream:75 - [STDERR_REDIRECT] 
2026-09-27 16:38:53,556 [ERROR] LogOutputStream:75 - [STDERR_REDIRECT] [Fatal Error] :1:1: Premature end of file.
2026-09-27 16:38:53,556 [ERROR] LogOutputStream:75 - [STDERR_REDIRECT] 
2026-09-27 16:38:54,551 [ERROR] LogOutputStream:75 - [STDERR_REDIRECT] [Fatal Error] :1:1: Premature end of file.
2026-09-27 16:38:54,557 [ERROR] LogOutputStream:75 - [STDERR_REDIRECT] 
2026-09-27 16:38:55,555 [ERROR] LogOutputStream:75 - [STDERR_REDIRECT] [Fatal Error] :1:1: Premature end of file.
2026-09-27 16:38:55,555 [ERROR] LogOutputStream:75 - [STDERR_REDIRECT] 
2026-09-27 16:38:56,555 [ERROR] LogOutputStream:75 - [STDERR_REDIRECT] [Fatal Error] :1:1: Premature end of file.
2026-09-27 16:38:56,555 [ERROR] LogOutputStream:75 - [STDERR_REDIRECT] 
2026-09-27 16:38:57,553 [ERROR] LogOutputStream:75 - [STDERR_REDIRECT] [Fatal Error] :1:1: Premature end of file.
2026-09-27 16:38:57,553 [ERROR] LogOutputStream:75 - [STDERR_REDIRECT] 
2026-09-27 16:38:58,551 [ERROR] LogOutputStream:75 - [STDERR_REDIRECT] [Fatal Error] :1:1: Premature end of file.
2026-09-27 16:38:58,551 [ERROR] LogOutputStream:75 - [STDERR_REDIRECT] 
2026-09-27 16:38:59,559 [ERROR] LogOutputStream:75 - [STDERR_REDIRECT] [Fatal Error] :1:1: Premature end of file.
2026-09-27 16:38:59,559 [ERROR] LogOutputStream:75 - [STDERR_REDIRECT] 
2026-09-27 16:39:00,555 [ERROR] LogOutputStream:75 - [STDERR_REDIRECT] [Fatal Error] :1:1: Premature end of file.
2026-09-27 16:39:00,555 [ERROR] LogOutputStream:75 - [STDERR_REDIRECT] 
2026-09-27 16:39:01,554 [ERROR] LogOutputStream:75 - [STDERR_REDIRECT] [Fatal Error] :1:1: Premature end of file.
2026-09-27 16:39:01,554 [ERROR] LogOutputStream:75 - [STDERR_REDIRECT] 
2026-09-27 16:39:02,557 [ERROR] LogOutputStream:75 - [STDERR_REDIRECT] [Fatal Error] :1:1: Premature end of file.
2026-09-27 16:39:02,557 [ERROR] LogOutputStream:75 - [STDERR_REDIRECT] 
2026-09-27 16:39:03,554 [ERROR] LogOutputStream:75 - [STDERR_REDIRECT] [Fatal Error] :1:1: Premature end of file.
2026-09-27 16:39:03,554 [ERROR] LogOutputStream:75 - [STDERR_REDIRECT] 
2026-09-27 16:39:04,555 [ERROR] LogOutputStream:75 - [STDERR_REDIRECT] [Fatal Error] :1:1: Premature end of file.
2026-09-27 16:39:04,555 [ERROR] LogOutputStream:75 - [STDERR_REDIRECT] 
2026-09-27 16:39:05,551 [ERROR] LogOutputStream:75 - [STDERR_REDIRECT] [Fatal Error] :1:1: Premature end of file.
2026-09-27 16:39:05,551 [ERROR] LogOutputStream:75 - [STDERR_REDIRECT] 
2026-09-27 16:39:06,555 [ERROR] LogOutputStream:75 - [STDERR_REDIRECT] [Fatal Error] :1:1: Premature end of file.
2026-09-27 16:39:06,555 [ERROR] LogOutputStream:75 - [STDERR_REDIRECT] 
2026-09-27 16:39:07,562 [ERROR] LogOutputStream:75 - [STDERR_REDIRECT] [Fatal Error] :1:1: Premature end of file.
2026-09-27 16:39:07,562 [ERROR] LogOutputStream:75 - [STDERR_REDIRECT] 
2026-09-27 16:39:08,555 [ERROR] LogOutputStream:75 - [STDERR_REDIRECT] [Fatal Error] :1:1: Premature end of file.
2026-09-27 16:39:08,555 [ERROR] LogOutputStream:75 - [STDERR_REDIRECT] 
2026-09-27 16:39:09,555 [ERROR] LogOutputStream:75 - [STDERR_REDIRECT] [Fatal Error] :1:1: Premature end of file.
2026-09-27 16:39:09,555 [ERROR] LogOutputStream:75 - [STDERR_REDIRECT] 
2026-09-27 16:39:10,563 [ERROR] LogOutputStream:75 - [STDERR_REDIRECT] [Fatal Error] :1:1: Premature end of file.
2026-09-27 16:39:10,563 [ERROR] LogOutputStream:75 - [STDERR_REDIRECT] 
2026-09-27 16:39:11,558 [ERROR] LogOutputStream:75 - [STDERR_REDIRECT] [Fatal Error] :1:1: Premature end of file.
2026-09-27 16:39:11,558 [ERROR] LogOutputStream:75 - [STDERR_REDIRECT] 
2026-09-27 16:39:12,556 [ERROR] LogOutputStream:75 - [STDERR_REDIRECT] [Fatal Error] :1:1: Premature end of file.
2026-09-27 16:39:12,556 [ERROR] LogOutputStream:75 - [STDERR_REDIRECT] 
2026-09-27 16:39:13,557 [ERROR] LogOutputStream:75 - [STDERR_REDIRECT] [Fatal Error] :1:1: Premature end of file.
2026-09-27 16:39:13,557 [ERROR] LogOutputStream:75 - [STDERR_REDIRECT] 
2026-09-27 16:39:14,554 [ERROR] LogOutputStream:75 - [STDERR_REDIRECT] [Fatal Error] :1:1: Premature end of file.
2026-09-27 16:39:14,554 [ERROR] LogOutputStream:75 - [STDERR_REDIRECT] 
2026-09-27 16:39:15,554 [ERROR] LogOutputStream:75 - [STDERR_REDIRECT] [Fatal Error] :1:1: Premature end of file.
2026-09-27 16:39:15,554 [ERROR] LogOutputStream:75 - [STDERR_REDIRECT] 
2026-09-27 16:39:16,555 [ERROR] LogOutputStream:75 - [STDERR_REDIRECT] [Fatal Error] :1:1: Premature end of file.
2026-09-27 16:39:16,555 [ERROR] LogOutputStream:75 - [STDERR_REDIRECT] 
2026-09-27 16:39:17,555 [ERROR] LogOutputStream:75 - [STDERR_REDIRECT] [Fatal Error] :1:1: Premature end of file.
2026-09-27 16:39:17,555 [ERROR] LogOutputStream:75 - [STDERR_REDIRECT] 
2026-09-27 16:39:18,548 [ERROR] LogOutputStream:75 - [STDERR_REDIRECT] [Fatal Error] :1:1: Premature end of file.
2026-09-27 16:39:18,548 [ERROR] LogOutputStream:75 - [STDERR_REDIRECT] 
2026-09-27 16:39:19,549 [ERROR] LogOutputStream:75 - [STDERR_REDIRECT] [Fatal Error] :1:1: Premature end of file.
2026-09-27 16:39:19,549 [ERROR] LogOutputStream:75 - [STDERR_REDIRECT] 
2026-09-27 16:39:20,561 [ERROR] LogOutputStream:75 - [STDERR_REDIRECT] [Fatal Error] :1:1: Premature end of file.
2026-09-27 16:39:20,561 [ERROR] LogOutputStream:75 - [STDERR_REDIRECT] 
2026-09-27 16:39:21,556 [ERROR] LogOutputStream:75 - [STDERR_REDIRECT] [Fatal Error] :1:1: Premature end of file.
2026-09-27 16:39:21,556 [ERROR] LogOutputStream:75 - [STDERR_REDIRECT] 
2026-09-27 16:39:22,558 [ERROR] LogOutputStream:75 - [STDERR_REDIRECT] [Fatal Error] :1:1: Premature end of file.
2026-09-27 16:39:22,558 [ERROR] LogOutputStream:75 - [STDERR_REDIRECT] 
2026-09-27 16:39:23,552 [ERROR] LogOutputStream:75 - [STDERR_REDIRECT] [Fatal Error] :1:1: Premature end of file.
2026-09-27 16:39:23,552 [ERROR] LogOutputStream:75 - [STDERR_REDIRECT] 
2026-09-27 16:39:24,560 [ERROR] LogOutputStream:75 - [STDERR_REDIRECT] [Fatal Error] :1:1: Premature end of file.
2026-09-27 16:39:24,560 [ERROR] LogOutputStream:75 - [STDERR_REDIRECT] 
2026-09-27 16:39:25,556 [ERROR] LogOutputStream:75 - [STDERR_REDIRECT] [Fatal Error] :1:1: Premature end of file.
2026-09-27 16:39:25,556 [ERROR] LogOutputStream:75 - [STDERR_REDIRECT] 
2026-09-27 16:39:26,550 [ERROR] LogOutputStream:75 - [STDERR_REDIRECT] [Fatal Error] :1:1: Premature end of file.
2026-09-27 16:39:26,558 [ERROR] LogOutputStream:75 - [STDERR_REDIRECT] 
2026-09-27 16:39:27,555 [ERROR] LogOutputStream:75 - [STDERR_REDIRECT] [Fatal Error] :1:1: Premature end of file.
2026-09-27 16:39:27,555 [ERROR] LogOutputStream:75 - [STDERR_REDIRECT] 
2026-09-27 16:39:28,554 [ERROR] LogOutputStream:75 - [STDERR_REDIRECT] [Fatal Error] :1:1: Premature end of file.
2026-09-27 16:39:28,554 [ERROR] LogOutputStream:75 - [STDERR_REDIRECT] 
2026-09-27 16:39:29,558 [ERROR] LogOutputStream:75 - [STDERR_REDIRECT] [Fatal Error] :1:1: Premature end of file.
2026-09-27 16:39:29,558 [ERROR] LogOutputStream:75 - [STDERR_REDIRECT] 
2026-09-27 16:39:30,557 [ERROR] LogOutputStream:75 - [STDERR_REDIRECT] [Fatal Error] :1:1: Premature end of file.
2026-09-27 16:39:30,557 [ERROR] LogOutputStream:75 - [STDERR_REDIRECT] 
2026-09-27 16:39:31,553 [ERROR] LogOutputStream:75 - [STDERR_REDIRECT] [Fatal Error] :1:1: Premature end of file.
2026-09-27 16:39:31,553 [ERROR] LogOutputStream:75 - [STDERR_REDIRECT] 
2026-09-27 16:39:32,557 [ERROR] LogOutputStream:75 - [STDERR_REDIRECT] [Fatal Error] :1:1: Premature end of file.
2026-09-27 16:39:32,557 [ERROR] LogOutputStream:75 - [STDERR_REDIRECT] 
2026-09-27 16:39:33,548 [ERROR] LogOutputStream:75 - [STDERR_REDIRECT] [Fatal Error] :1:1: Premature end of file.
2026-09-27 16:39:33,548 [ERROR] LogOutputStream:75 - [STDERR_REDIRECT] 
2026-09-27 16:39:34,562 [ERROR] LogOutputStream:75 - [STDERR_REDIRECT] [Fatal Error] :1:1: Premature end of file.
2026-09-27 16:39:34,562 [ERROR] LogOutputStream:75 - [STDERR_REDIRECT] 
2026-09-27 16:39:35,555 [ERROR] LogOutputStream:75 - [STDERR_REDIRECT] [Fatal Error] :1:1: Premature end of file.
2026-09-27 16:39:35,555 [ERROR] LogOutputStream:75 - [STDERR_REDIRECT] 
2026-09-27 16:39:36,557 [ERROR] LogOutputStream:75 - [STDERR_REDIRECT] [Fatal Error] :1:1: Premature end of file.
2026-09-27 16:39:36,557 [ERROR] LogOutputStream:75 - [STDERR_REDIRECT] 
2026-09-27 16:39:37,557 [ERROR] LogOutputStream:75 - [STDERR_REDIRECT] [Fatal Error] :1:1: Premature end of file.
2026-09-27 16:39:37,557 [ERROR] LogOutputStream:75 - [STDERR_REDIRECT] 
2026-09-27 16:39:38,554 [ERROR] LogOutputStream:75 - [STDERR_REDIRECT] [Fatal Error] :1:1: Premature end of file.
2026-09-27 16:39:38,554 [ERROR] LogOutputStream:75 - [STDERR_REDIRECT] 
2026-09-27 16:39:39,557 [ERROR] LogOutputStream:75 - [STDERR_REDIRECT] [Fatal Error] :1:1: Premature end of file.
2026-09-27 16:39:39,557 [ERROR] LogOutputStream:75 - [STDERR_REDIRECT] 
2026-09-27 16:39:40,559 [ERROR] LogOutputStream:75 - [STDERR_REDIRECT] [Fatal Error] :1:1: Premature end of file.
2026-09-27 16:39:40,559 [ERROR] LogOutputStream:75 - [STDERR_REDIRECT] 
2026-09-27 16:39:41,570 [ERROR] LogOutputStream:75 - [STDERR_REDIRECT] [Fatal Error] :1:1: Premature end of file.
2026-09-27 16:39:41,570 [ERROR] LogOutputStream:75 - [STDERR_REDIRECT] 
2026-09-27 16:39:42,570 [ERROR] LogOutputStream:75 - [STDERR_REDIRECT] [Fatal Error] :1:1: Premature end of file.
2026-09-27 16:39:42,570 [ERROR] LogOutputStream:75 - [STDERR_REDIRECT] 
2026-09-27 16:39:43,554 [ERROR] LogOutputStream:75 - [STDERR_REDIRECT] [Fatal Error] :1:1: Premature end of file.
2026-09-27 16:39:43,554 [ERROR] LogOutputStream:75 - [STDERR_REDIRECT] 
2026-09-27 16:39:44,554 [ERROR] LogOutputStream:75 - [STDERR_REDIRECT] [Fatal Error] :1:1: Premature end of file.
2026-09-27 16:39:44,554 [ERROR] LogOutputStream:75 - [STDERR_REDIRECT] 
2026-09-27 16:39:45,558 [ERROR] LogOutputStream:75 - [STDERR_REDIRECT] [Fatal Error] :1:1: Premature end of file.
2026-09-27 16:39:45,558 [ERROR] LogOutputStream:75 - [STDERR_REDIRECT] 
2026-09-27 16:39:46,555 [ERROR] LogOutputStream:75 - [STDERR_REDIRECT] [Fatal Error] :1:1: Premature end of file.
2026-09-27 16:39:46,555 [ERROR] LogOutputStream:75 - [STDERR_REDIRECT] 
2026-09-27 16:39:47,554 [ERROR] LogOutputStream:75 - [STDERR_REDIRECT] [Fatal Error] :1:1: Premature end of file.
2026-09-27 16:39:47,554 [ERROR] LogOutputStream:75 - [STDERR_REDIRECT] 
2026-09-27 16:39:48,554 [ERROR] LogOutputStream:75 - [STDERR_REDIRECT] [Fatal Error] :1:1: Premature end of file.
2026-09-27 16:39:48,554 [ERROR] LogOutputStream:75 - [STDERR_REDIRECT] 
2026-09-27 16:39:49,551 [ERROR] LogOutputStream:75 - [STDERR_REDIRECT] [Fatal Error] :1:1: Premature end of file.
2026-09-27 16:39:49,551 [ERROR] LogOutputStream:75 - [STDERR_REDIRECT] 
2026-09-27 16:39:50,562 [ERROR] LogOutputStream:75 - [STDERR_REDIRECT] [Fatal Error] :1:1: Premature end of file.
2026-09-27 16:39:50,562 [ERROR] LogOutputStream:75 - [STDERR_REDIRECT] 
2026-09-27 16:39:51,554 [ERROR] LogOutputStream:75 - [STDERR_REDIRECT] [Fatal Error] :1:1: Premature end of file.
2026-09-27 16:39:51,554 [ERROR] LogOutputStream:75 - [STDERR_REDIRECT] 
2026-09-27 16:39:52,556 [ERROR] LogOutputStream:75 - [STDERR_REDIRECT] [Fatal Error] :1:1: Premature end of file.
2026-09-27 16:39:52,556 [ERROR] LogOutputStream:75 - [STDERR_REDIRECT] 
2026-09-27 16:39:53,556 [ERROR] LogOutputStream:75 - [STDERR_REDIRECT] [Fatal Error] :1:1: Premature end of file.
2026-09-27 16:39:53,556 [ERROR] LogOutputStream:75 - [STDERR_REDIRECT] 
2026-09-27 16:39:54,556 [ERROR] LogOutputStream:75 - [STDERR_REDIRECT] [Fatal Error] :1:1: Premature end of file.
2026-09-27 16:39:54,556 [ERROR] LogOutputStream:75 - [STDERR_REDIRECT] 
2026-09-27 16:39:55,553 [ERROR] LogOutputStream:75 - [STDERR_REDIRECT] [Fatal Error] :1:1: Premature end of file.
2026-09-27 16:39:55,553 [ERROR] LogOutputStream:75 - [STDERR_REDIRECT] 
2026-09-27 16:39:56,553 [ERROR] LogOutputStream:75 - [STDERR_REDIRECT] [Fatal Error] :1:1: Premature end of file.
2026-09-27 16:39:56,553 [ERROR] LogOutputStream:75 - [STDERR_REDIRECT] 
2026-09-27 16:39:57,556 [ERROR] LogOutputStream:75 - [STDERR_REDIRECT] [Fatal Error] :1:1: Premature end of file.
2026-09-27 16:39:57,556 [ERROR] LogOutputStream:75 - [STDERR_REDIRECT] 
2026-09-27 16:39:58,556 [ERROR] LogOutputStream:75 - [STDERR_REDIRECT] [Fatal Error] :1:1: Premature end of file.
2026-09-27 16:39:58,556 [ERROR] LogOutputStream:75 - [STDERR_REDIRECT] 
2026-09-27 16:39:59,555 [ERROR] LogOutputStream:75 - [STDERR_REDIRECT] [Fatal Error] :1:1: Premature end of file.
2026-09-27 16:39:59,555 [ERROR] LogOutputStream:75 - [STDERR_REDIRECT] 
2026-09-27 16:40:00,556 [ERROR] LogOutputStream:75 - [STDERR_REDIRECT] [Fatal Error] :1:1: Premature end of file.
2026-09-27 16:40:00,556 [ERROR] LogOutputStream:75 - [STDERR_REDIRECT] 
2026-09-27 16:40:01,556 [ERROR] LogOutputStream:75 - [STDERR_REDIRECT] [Fatal Error] :1:1: Premature end of file.
2026-09-27 16:40:01,556 [ERROR] LogOutputStream:75 - [STDERR_REDIRECT] 
2026-09-27 16:40:02,553 [ERROR] LogOutputStream:75 - [STDERR_REDIRECT] [Fatal Error] :1:1: Premature end of file.
2026-09-27 16:40:02,553 [ERROR] LogOutputStream:75 - [STDERR_REDIRECT] 
2026-09-27 16:40:03,560 [ERROR] LogOutputStream:75 - [STDERR_REDIRECT] [Fatal Error] :1:1: Premature end of file.
2026-09-27 16:40:03,560 [ERROR] LogOutputStream:75 - [STDERR_REDIRECT] 
2026-09-27 16:40:04,555 [ERROR] LogOutputStream:75 - [STDERR_REDIRECT] [Fatal Error] :1:1: Premature end of file.
2026-09-27 16:40:04,555 [ERROR] LogOutputStream:75 - [STDERR_REDIRECT] 
2026-09-27 16:40:05,561 [ERROR] LogOutputStream:75 - [STDERR_REDIRECT] [Fatal Error] :1:1: Premature end of file.
2026-09-27 16:40:05,561 [ERROR] LogOutputStream:75 - [STDERR_REDIRECT] 
2026-09-27 16:40:06,560 [ERROR] LogOutputStream:75 - [STDERR_REDIRECT] [Fatal Error] :1:1: Premature end of file.
2026-09-27 16:40:06,560 [ERROR] LogOutputStream:75 - [STDERR_REDIRECT] 
2026-09-27 16:40:07,559 [ERROR] LogOutputStream:75 - [STDERR_REDIRECT] [Fatal Error] :1:1: Premature end of file.
2026-09-27 16:40:07,560 [ERROR] LogOutputStream:75 - [STDERR_REDIRECT] 
2026-09-27 16:40:08,560 [ERROR] LogOutputStream:75 - [STDERR_REDIRECT] [Fatal Error] :1:1: Premature end of file.
2026-09-27 16:40:08,560 [ERROR] LogOutputStream:75 - [STDERR_REDIRECT] 
2026-09-27 16:40:09,557 [ERROR] LogOutputStream:75 - [STDERR_REDIRECT] [Fatal Error] :1:1: Premature end of file.
2026-09-27 16:40:09,557 [ERROR] LogOutputStream:75 - [STDERR_REDIRECT] 
2026-09-27 16:40:10,558 [ERROR] LogOutputStream:75 - [STDERR_REDIRECT] [Fatal Error] :1:1: Premature end of file.
2026-09-27 16:40:10,558 [ERROR] LogOutputStream:75 - [STDERR_REDIRECT] 
2026-09-27 16:40:11,557 [ERROR] LogOutputStream:75 - [STDERR_REDIRECT] [Fatal Error] :1:1: Premature end of file.
2026-09-27 16:40:11,557 [ERROR] LogOutputStream:75 - [STDERR_REDIRECT] 
2026-09-27 16:40:12,557 [ERROR] LogOutputStream:75 - [STDERR_REDIRECT] [Fatal Error] :1:1: Premature end of file.
2026-09-27 16:40:12,557 [ERROR] LogOutputStream:75 - [STDERR_REDIRECT] 
2026-09-27 16:40:13,557 [ERROR] LogOutputStream:75 - [STDERR_REDIRECT] [Fatal Error] :1:1: Premature end of file.
2026-09-27 16:40:13,557 [ERROR] LogOutputStream:75 - [STDERR_REDIRECT] 
2026-09-27 16:40:14,559 [ERROR] LogOutputStream:75 - [STDERR_REDIRECT] [Fatal Error] :1:1: Premature end of file.
2026-09-27 16:40:14,559 [ERROR] LogOutputStream:75 - [STDERR_REDIRECT] 
2026-09-27 16:40:15,556 [ERROR] LogOutputStream:75 - [STDERR_REDIRECT] [Fatal Error] :1:1: Premature end of file.
2026-09-27 16:40:15,556 [ERROR] LogOutputStream:75 - [STDERR_REDIRECT] 
2026-09-27 16:40:16,557 [ERROR] LogOutputStream:75 - [STDERR_REDIRECT] [Fatal Error] :1:1: Premature end of file.
2026-09-27 16:40:16,557 [ERROR] LogOutputStream:75 - [STDERR_REDIRECT] 
2026-09-27 16:40:17,559 [ERROR] LogOutputStream:75 - [STDERR_REDIRECT] [Fatal Error] :1:1: Premature end of file.
2026-09-27 16:40:17,559 [ERROR] LogOutputStream:75 - [STDERR_REDIRECT] 
2026-09-27 16:40:18,557 [ERROR] LogOutputStream:75 - [STDERR_REDIRECT] [Fatal Error] :1:1: Premature end of file.
2026-09-27 16:40:18,557 [ERROR] LogOutputStream:75 - [STDERR_REDIRECT] 
2026-09-27 16:40:19,557 [ERROR] LogOutputStream:75 - [STDERR_REDIRECT] [Fatal Error] :1:1: Premature end of file.
2026-09-27 16:40:19,557 [ERROR] LogOutputStream:75 - [STDERR_REDIRECT] 
2026-09-27 16:40:20,555 [ERROR] LogOutputStream:75 - [STDERR_REDIRECT] [Fatal Error] :1:1: Premature end of file.
2026-09-27 16:40:20,555 [ERROR] LogOutputStream:75 - [STDERR_REDIRECT] 
2026-09-27 16:40:21,558 [ERROR] LogOutputStream:75 - [STDERR_REDIRECT] [Fatal Error] :1:1: Premature end of file.
2026-09-27 16:40:21,559 [ERROR] LogOutputStream:75 - [STDERR_REDIRECT] 
2026-09-27 16:40:22,557 [ERROR] LogOutputStream:75 - [STDERR_REDIRECT] [Fatal Error] :1:1: Premature end of file.
2026-09-27 16:40:22,557 [ERROR] LogOutputStream:75 - [STDERR_REDIRECT] 
2026-09-27 16:40:23,561 [ERROR] LogOutputStream:75 - [STDERR_REDIRECT] [Fatal Error] :1:1: Premature end of file.
2026-09-27 16:40:23,561 [ERROR] LogOutputStream:75 - [STDERR_REDIRECT] 
2026-09-27 16:40:24,554 [ERROR] LogOutputStream:75 - [STDERR_REDIRECT] [Fatal Error] :1:1: Premature end of file.
2026-09-27 16:40:24,554 [ERROR] LogOutputStream:75 - [STDERR_REDIRECT] 
2026-09-27 16:40:25,554 [ERROR] LogOutputStream:75 - [STDERR_REDIRECT] [Fatal Error] :1:1: Premature end of file.
2026-09-27 16:40:25,554 [ERROR] LogOutputStream:75 - [STDERR_REDIRECT] 
2026-09-27 16:40:26,554 [ERROR] LogOutputStream:75 - [STDERR_REDIRECT] [Fatal Error] :1:1: Premature end of file.
2026-09-27 16:40:26,554 [ERROR] LogOutputStream:75 - [STDERR_REDIRECT] 
2026-09-27 16:40:27,555 [ERROR] LogOutputStream:75 - [STDERR_REDIRECT] [Fatal Error] :1:1: Premature end of file.
2026-09-27 16:40:27,555 [ERROR] LogOutputStream:75 - [STDERR_REDIRECT] 
2026-09-27 16:40:28,556 [ERROR] LogOutputStream:75 - [STDERR_REDIRECT] [Fatal Error] :1:1: Premature end of file.
2026-09-27 16:40:28,556 [ERROR] LogOutputStream:75 - [STDERR_REDIRECT] 
2026-09-27 16:40:29,554 [ERROR] LogOutputStream:75 - [STDERR_REDIRECT] [Fatal Error] :1:1: Premature end of file.
2026-09-27 16:40:29,554 [ERROR] LogOutputStream:75 - [STDERR_REDIRECT] 
2026-09-27 16:40:30,556 [ERROR] LogOutputStream:75 - [STDERR_REDIRECT] [Fatal Error] :1:1: Premature end of file.
2026-09-27 16:40:30,556 [ERROR] LogOutputStream:75 - [STDERR_REDIRECT] 
2026-09-27 16:40:31,565 [ERROR] LogOutputStream:75 - [STDERR_REDIRECT] [Fatal Error] :1:1: Premature end of file.
2026-09-27 16:40:31,566 [ERROR] LogOutputStream:75 - [STDERR_REDIRECT] 
2026-09-27 16:40:32,560 [ERROR] LogOutputStream:75 - [STDERR_REDIRECT] [Fatal Error] :1:1: Premature end of file.
2026-09-27 16:40:32,560 [ERROR] LogOutputStream:75 - [STDERR_REDIRECT] 
2026-09-27 16:40:33,558 [ERROR] LogOutputStream:75 - [STDERR_REDIRECT] [Fatal Error] :1:1: Premature end of file.
2026-09-27 16:40:33,559 [ERROR] LogOutputStream:75 - [STDERR_REDIRECT] 
2026-09-27 16:40:34,560 [ERROR] LogOutputStream:75 - [STDERR_REDIRECT] [Fatal Error] :1:1: Premature end of file.
2026-09-27 16:40:34,560 [ERROR] LogOutputStream:75 - [STDERR_REDIRECT] 
2026-09-27 16:40:35,562 [ERROR] LogOutputStream:75 - [STDERR_REDIRECT] [Fatal Error] :1:1: Premature end of file.
2026-09-27 16:40:35,562 [ERROR] LogOutputStream:75 - [STDERR_REDIRECT] 
2026-09-27 16:40:36,555 [ERROR] LogOutputStream:75 - [STDERR_REDIRECT] [Fatal Error] :1:1: Premature end of file.
2026-09-27 16:40:36,555 [ERROR] LogOutputStream:75 - [STDERR_REDIRECT] 
2026-09-27 16:40:37,560 [ERROR] LogOutputStream:75 - [STDERR_REDIRECT] [Fatal Error] :1:1: Premature end of file.
2026-09-27 16:40:37,560 [ERROR] LogOutputStream:75 - [STDERR_REDIRECT] 
2026-09-27 16:40:38,568 [ERROR] LogOutputStream:75 - [STDERR_REDIRECT] [Fatal Error] :1:1: Premature end of file.
2026-09-27 16:40:38,569 [ERROR] LogOutputStream:75 - [STDERR_REDIRECT] 
2026-09-27 16:40:39,553 [ERROR] LogOutputStream:75 - [STDERR_REDIRECT] [Fatal Error] :1:1: Premature end of file.
2026-09-27 16:40:39,553 [ERROR] LogOutputStream:75 - [STDERR_REDIRECT] 
2026-09-27 16:40:40,558 [ERROR] LogOutputStream:75 - [STDERR_REDIRECT] [Fatal Error] :1:1: Premature end of file.
2026-09-27 16:40:40,559 [ERROR] LogOutputStream:75 - [STDERR_REDIRECT] 
2026-09-27 16:40:41,556 [ERROR] LogOutputStream:75 - [STDERR_REDIRECT] [Fatal Error] :1:1: Premature end of file.
2026-09-27 16:40:41,556 [ERROR] LogOutputStream:75 - [STDERR_REDIRECT] 
2026-09-27 16:40:42,550 [ERROR] LogOutputStream:75 - [STDERR_REDIRECT] [Fatal Error] :1:1: Premature end of file.
2026-09-27 16:40:42,550 [ERROR] LogOutputStream:75 - [STDERR_REDIRECT] 
2026-09-27 16:40:43,562 [ERROR] LogOutputStream:75 - [STDERR_REDIRECT] [Fatal Error] :1:1: Premature end of file.
2026-09-27 16:40:43,562 [ERROR] LogOutputStream:75 - [STDERR_REDIRECT] 
2026-09-27 16:40:44,557 [ERROR] LogOutputStream:75 - [STDERR_REDIRECT] [Fatal Error] :1:1: Premature end of file.
2026-09-27 16:40:44,557 [ERROR] LogOutputStream:75 - [STDERR_REDIRECT] 
2026-09-27 16:40:45,554 [ERROR] LogOutputStream:75 - [STDERR_REDIRECT] [Fatal Error] :1:1: Premature end of file.
2026-09-27 16:40:45,554 [ERROR] LogOutputStream:75 - [STDERR_REDIRECT] 
2026-09-27 16:40:46,555 [ERROR] LogOutputStream:75 - [STDERR_REDIRECT] [Fatal Error] :1:1: Premature end of file.
2026-09-27 16:40:46,555 [ERROR] LogOutputStream:75 - [STDERR_REDIRECT] 
2026-09-27 16:40:47,555 [ERROR] LogOutputStream:75 - [STDERR_REDIRECT] [Fatal Error] :1:1: Premature end of file.
2026-09-27 16:40:47,555 [ERROR] LogOutputStream:75 - [STDERR_REDIRECT] 
2026-09-27 16:40:48,556 [ERROR] LogOutputStream:75 - [STDERR_REDIRECT] [Fatal Error] :1:1: Premature end of file.
2026-09-27 16:40:48,556 [ERROR] LogOutputStream:75 - [STDERR_REDIRECT] 
2026-09-27 16:40:49,555 [ERROR] LogOutputStream:75 - [STDERR_REDIRECT] [Fatal Error] :1:1: Premature end of file.
2026-09-27 16:40:49,555 [ERROR] LogOutputStream:75 - [STDERR_REDIRECT] 
2026-09-27 16:40:50,548 [ERROR] LogOutputStream:75 - [STDERR_REDIRECT] [Fatal Error] :1:1: Premature end of file.
2026-09-27 16:40:50,556 [ERROR] LogOutputStream:75 - [STDERR_REDIRECT] 
2026-09-27 16:40:51,557 [ERROR] LogOutputStream:75 - [STDERR_REDIRECT] [Fatal Error] :1:1: Premature end of file.
2026-09-27 16:40:51,557 [ERROR] LogOutputStream:75 - [STDERR_REDIRECT] 
2026-09-27 16:40:52,554 [ERROR] LogOutputStream:75 - [STDERR_REDIRECT] [Fatal Error] :1:1: Premature end of file.
2026-09-27 16:40:52,554 [ERROR] LogOutputStream:75 - [STDERR_REDIRECT] 
2026-09-27 16:40:53,555 [ERROR] LogOutputStream:75 - [STDERR_REDIRECT] [Fatal Error] :1:1: Premature end of file.
2026-09-27 16:40:53,555 [ERROR] LogOutputStream:75 - [STDERR_REDIRECT] 
2026-09-27 16:40:54,556 [ERROR] LogOutputStream:75 - [STDERR_REDIRECT] [Fatal Error] :1:1: Premature end of file.
2026-09-27 16:40:54,556 [ERROR] LogOutputStream:75 - [STDERR_REDIRECT] 
2026-09-27 16:40:55,556 [ERROR] LogOutputStream:75 - [STDERR_REDIRECT] [Fatal Error] :1:1: Premature end of file.
2026-09-27 16:40:55,556 [ERROR] LogOutputStream:75 - [STDERR_REDIRECT] 
2026-09-27 16:40:56,555 [ERROR] LogOutputStream:75 - [STDERR_REDIRECT] [Fatal Error] :1:1: Premature end of file.
2026-09-27 16:40:56,555 [ERROR] LogOutputStream:75 - [STDERR_REDIRECT] 
2026-09-27 16:40:57,557 [ERROR] LogOutputStream:75 - [STDERR_REDIRECT] [Fatal Error] :1:1: Premature end of file.
2026-09-27 16:40:57,558 [ERROR] LogOutputStream:75 - [STDERR_REDIRECT] 
2026-09-27 16:40:58,558 [ERROR] LogOutputStream:75 - [STDERR_REDIRECT] [Fatal Error] :1:1: Premature end of file.
2026-09-27 16:40:58,558 [ERROR] LogOutputStream:75 - [STDERR_REDIRECT] 
2026-09-27 16:40:59,558 [ERROR] LogOutputStream:75 - [STDERR_REDIRECT] [Fatal Error] :1:1: Premature end of file.
2026-09-27 16:40:59,558 [ERROR] LogOutputStream:75 - [STDERR_REDIRECT] 
2026-09-27 16:41:00,559 [ERROR] LogOutputStream:75 - [STDERR_REDIRECT] [Fatal Error] :1:1: Premature end of file.
2026-09-27 16:41:00,559 [ERROR] LogOutputStream:75 - [STDERR_REDIRECT] 
2026-09-27 16:41:01,560 [ERROR] LogOutputStream:75 - [STDERR_REDIRECT] [Fatal Error] :1:1: Premature end of file.
2026-09-27 16:41:01,560 [ERROR] LogOutputStream:75 - [STDERR_REDIRECT] 
2026-09-27 16:41:02,558 [ERROR] LogOutputStream:75 - [STDERR_REDIRECT] [Fatal Error] :1:1: Premature end of file.
2026-09-27 16:41:02,558 [ERROR] LogOutputStream:75 - [STDERR_REDIRECT] 
2026-09-27 16:41:03,559 [ERROR] LogOutputStream:75 - [STDERR_REDIRECT] [Fatal Error] :1:1: Premature end of file.
2026-09-27 16:41:03,560 [ERROR] LogOutputStream:75 - [STDERR_REDIRECT] 
2026-09-27 16:41:04,558 [ERROR] LogOutputStream:75 - [STDERR_REDIRECT] [Fatal Error] :1:1: Premature end of file.
2026-09-27 16:41:04,558 [ERROR] LogOutputStream:75 - [STDERR_REDIRECT] 
2026-09-27 16:41:05,557 [ERROR] LogOutputStream:75 - [STDERR_REDIRECT] [Fatal Error] :1:1: Premature end of file.
2026-09-27 16:41:05,557 [ERROR] LogOutputStream:75 - [STDERR_REDIRECT] 
2026-09-27 16:41:06,557 [ERROR] LogOutputStream:75 - [STDERR_REDIRECT] [Fatal Error] :1:1: Premature end of file.
2026-09-27 16:41:06,557 [ERROR] LogOutputStream:75 - [STDERR_REDIRECT] 
2026-09-27 16:41:07,559 [ERROR] LogOutputStream:75 - [STDERR_REDIRECT] [Fatal Error] :1:1: Premature end of file.
2026-09-27 16:41:07,559 [ERROR] LogOutputStream:75 - [STDERR_REDIRECT] 
2026-09-27 16:41:08,557 [ERROR] LogOutputStream:75 - [STDERR_REDIRECT] [Fatal Error] :1:1: Premature end of file.
2026-09-27 16:41:08,557 [ERROR] LogOutputStream:75 - [STDERR_REDIRECT] 
2026-09-27 16:41:09,557 [ERROR] LogOutputStream:75 - [STDERR_REDIRECT] [Fatal Error] :1:1: Premature end of file.
2026-09-27 16:41:09,557 [ERROR] LogOutputStream:75 - [STDERR_REDIRECT] 
2026-09-27 16:41:10,558 [ERROR] LogOutputStream:75 - [STDERR_REDIRECT] [Fatal Error] :1:1: Premature end of file.
2026-09-27 16:41:10,558 [ERROR] LogOutputStream:75 - [STDERR_REDIRECT] 
2026-09-27 16:41:11,557 [ERROR] LogOutputStream:75 - [STDERR_REDIRECT] [Fatal Error] :1:1: Premature end of file.
2026-09-27 16:41:11,557 [ERROR] LogOutputStream:75 - [STDERR_REDIRECT] 
2026-09-27 16:41:12,557 [ERROR] LogOutputStream:75 - [STDERR_REDIRECT] [Fatal Error] :1:1: Premature end of file.
2026-09-27 16:41:12,557 [ERROR] LogOutputStream:75 - [STDERR_REDIRECT] 
2026-09-27 16:41:13,558 [ERROR] LogOutputStream:75 - [STDERR_REDIRECT] [Fatal Error] :1:1: Premature end of file.
2026-09-27 16:41:13,559 [ERROR] LogOutputStream:75 - [STDERR_REDIRECT] 
2026-09-27 16:41:14,557 [ERROR] LogOutputStream:75 - [STDERR_REDIRECT] [Fatal Error] :1:1: Premature end of file.
2026-09-27 16:41:14,557 [ERROR] LogOutputStream:75 - [STDERR_REDIRECT] 
2026-09-27 16:41:15,557 [ERROR] LogOutputStream:75 - [STDERR_REDIRECT] [Fatal Error] :1:1: Premature end of file.
2026-09-27 16:41:15,557 [ERROR] LogOutputStream:75 - [STDERR_REDIRECT] 
2026-09-27 16:41:16,557 [ERROR] LogOutputStream:75 - [STDERR_REDIRECT] [Fatal Error] :1:1: Premature end of file.
2026-09-27 16:41:16,557 [ERROR] LogOutputStream:75 - [STDERR_REDIRECT] 
2026-09-27 16:41:17,556 [ERROR] LogOutputStream:75 - [STDERR_REDIRECT] [Fatal Error] :1:1: Premature end of file.
2026-09-27 16:41:17,556 [ERROR] LogOutputStream:75 - [STDERR_REDIRECT] 
2026-09-27 16:41:18,558 [ERROR] LogOutputStream:75 - [STDERR_REDIRECT] [Fatal Error] :1:1: Premature end of file.
2026-09-27 16:41:18,558 [ERROR] LogOutputStream:75 - [STDERR_REDIRECT] 
2026-09-27 16:41:19,566 [ERROR] LogOutputStream:75 - [STDERR_REDIRECT] [Fatal Error] :1:1: Premature end of file.
2026-09-27 16:41:19,566 [ERROR] LogOutputStream:75 - [STDERR_REDIRECT] 
2026-09-27 16:41:20,555 [ERROR] LogOutputStream:75 - [STDERR_REDIRECT] [Fatal Error] :1:1: Premature end of file.
2026-09-27 16:41:20,556 [ERROR] LogOutputStream:75 - [STDERR_REDIRECT] 
2026-09-27 16:41:21,555 [ERROR] LogOutputStream:75 - [STDERR_REDIRECT] [Fatal Error] :1:1: Premature end of file.
2026-09-27 16:41:21,555 [ERROR] LogOutputStream:75 - [STDERR_REDIRECT] 
2026-09-27 16:41:22,556 [ERROR] LogOutputStream:75 - [STDERR_REDIRECT] [Fatal Error] :1:1: Premature end of file.
2026-09-27 16:41:22,556 [ERROR] LogOutputStream:75 - [STDERR_REDIRECT] 
2026-09-27 16:41:23,555 [ERROR] LogOutputStream:75 - [STDERR_REDIRECT] [Fatal Error] :1:1: Premature end of file.
2026-09-27 16:41:23,555 [ERROR] LogOutputStream:75 - [STDERR_REDIRECT] 
2026-09-27 16:41:24,555 [ERROR] LogOutputStream:75 - [STDERR_REDIRECT] [Fatal Error] :1:1: Premature end of file.
2026-09-27 16:41:24,555 [ERROR] LogOutputStream:75 - [STDERR_REDIRECT] 
2026-09-27 16:41:25,555 [ERROR] LogOutputStream:75 - [STDERR_REDIRECT] [Fatal Error] :1:1: Premature end of file.
2026-09-27 16:41:25,555 [ERROR] LogOutputStream:75 - [STDERR_REDIRECT] 
2026-09-27 16:41:26,554 [ERROR] LogOutputStream:75 - [STDERR_REDIRECT] [Fatal Error] :1:1: Premature end of file.
2026-09-27 16:41:26,554 [ERROR] LogOutputStream:75 - [STDERR_REDIRECT] 
2026-09-27 16:41:27,555 [ERROR] LogOutputStream:75 - [STDERR_REDIRECT] [Fatal Error] :1:1: Premature end of file.
2026-09-27 16:41:27,555 [ERROR] LogOutputStream:75 - [STDERR_REDIRECT] 
2026-09-27 16:41:28,554 [ERROR] LogOutputStream:75 - [STDERR_REDIRECT] [Fatal Error] :1:1: Premature end of file.
2026-09-27 16:41:28,554 [ERROR] LogOutputStream:75 - [STDERR_REDIRECT] 
2026-09-27 16:41:29,557 [ERROR] LogOutputStream:75 - [STDERR_REDIRECT] [Fatal Error] :1:1: Premature end of file.
2026-09-27 16:41:29,557 [ERROR] LogOutputStream:75 - [STDERR_REDIRECT] 
2026-09-27 16:41:30,557 [ERROR] LogOutputStream:75 - [STDERR_REDIRECT] [Fatal Error] :1:1: Premature end of file.
2026-09-27 16:41:30,557 [ERROR] LogOutputStream:75 - [STDERR_REDIRECT] 
2026-09-27 16:41:31,559 [ERROR] LogOutputStream:75 - [STDERR_REDIRECT] [Fatal Error] :1:1: Premature end of file.
2026-09-27 16:41:31,559 [ERROR] LogOutputStream:75 - [STDERR_REDIRECT] 
2026-09-27 16:41:32,557 [ERROR] LogOutputStream:75 - [STDERR_REDIRECT] [Fatal Error] :1:1: Premature end of file.
2026-09-27 16:41:32,557 [ERROR] LogOutputStream:75 - [STDERR_REDIRECT] 
2026-09-27 16:41:33,558 [ERROR] LogOutputStream:75 - [STDERR_REDIRECT] [Fatal Error] :1:1: Premature end of file.
2026-09-27 16:41:33,560 [ERROR] LogOutputStream:75 - [STDERR_REDIRECT] 
2026-09-27 16:41:34,557 [ERROR] LogOutputStream:75 - [STDERR_REDIRECT] [Fatal Error] :1:1: Premature end of file.
2026-09-27 16:41:34,557 [ERROR] LogOutputStream:75 - [STDERR_REDIRECT] 
2026-09-27 16:41:35,557 [ERROR] LogOutputStream:75 - [STDERR_REDIRECT] [Fatal Error] :1:1: Premature end of file.
2026-09-27 16:41:35,557 [ERROR] LogOutputStream:75 - [STDERR_REDIRECT] 
2026-09-27 16:41:36,557 [ERROR] LogOutputStream:75 - [STDERR_REDIRECT] [Fatal Error] :1:1: Premature end of file.
2026-09-27 16:41:36,557 [ERROR] LogOutputStream:75 - [STDERR_REDIRECT] 
2026-09-27 16:41:37,557 [ERROR] LogOutputStream:75 - [STDERR_REDIRECT] [Fatal Error] :1:1: Premature end of file.
2026-09-27 16:41:37,557 [ERROR] LogOutputStream:75 - [STDERR_REDIRECT] 
2026-09-27 16:41:38,557 [ERROR] LogOutputStream:75 - [STDERR_REDIRECT] [Fatal Error] :1:1: Premature end of file.
2026-09-27 16:41:38,557 [ERROR] LogOutputStream:75 - [STDERR_REDIRECT] 
2026-09-27 16:41:39,559 [ERROR] LogOutputStream:75 - [STDERR_REDIRECT] [Fatal Error] :1:1: Premature end of file.
2026-09-27 16:41:39,559 [ERROR] LogOutputStream:75 - [STDERR_REDIRECT] 
2026-09-27 16:41:40,558 [ERROR] LogOutputStream:75 - [STDERR_REDIRECT] [Fatal Error] :1:1: Premature end of file.
2026-09-27 16:41:40,559 [ERROR] LogOutputStream:75 - [STDERR_REDIRECT] 
2026-09-27 16:41:41,557 [ERROR] LogOutputStream:75 - [STDERR_REDIRECT] [Fatal Error] :1:1: Premature end of file.
2026-09-27 16:41:41,557 [ERROR] LogOutputStream:75 - [STDERR_REDIRECT] 
2026-09-27 16:41:42,557 [ERROR] LogOutputStream:75 - [STDERR_REDIRECT] [Fatal Error] :1:1: Premature end of file.
2026-09-27 16:41:42,557 [ERROR] LogOutputStream:75 - [STDERR_REDIRECT] 
2026-09-27 16:41:43,555 [ERROR] LogOutputStream:75 - [STDERR_REDIRECT] [Fatal Error] :1:1: Premature end of file.
2026-09-27 16:41:43,555 [ERROR] LogOutputStream:75 - [STDERR_REDIRECT] 
2026-09-27 16:41:44,557 [ERROR] LogOutputStream:75 - [STDERR_REDIRECT] [Fatal Error] :1:1: Premature end of file.
2026-09-27 16:41:44,557 [ERROR] LogOutputStream:75 - [STDERR_REDIRECT] 
2026-09-27 16:41:45,558 [ERROR] LogOutputStream:75 - [STDERR_REDIRECT] [Fatal Error] :1:1: Premature end of file.
2026-09-27 16:41:45,558 [ERROR] LogOutputStream:75 - [STDERR_REDIRECT] 
2026-09-27 16:41:46,557 [ERROR] LogOutputStream:75 - [STDERR_REDIRECT] [Fatal Error] :1:1: Premature end of file.
2026-09-27 16:41:46,557 [ERROR] LogOutputStream:75 - [STDERR_REDIRECT] 
2026-09-27 16:41:47,557 [ERROR] LogOutputStream:75 - [STDERR_REDIRECT] [Fatal Error] :1:1: Premature end of file.
2026-09-27 16:41:47,557 [ERROR] LogOutputStream:75 - [STDERR_REDIRECT] 
2026-09-27 16:41:48,557 [ERROR] LogOutputStream:75 - [STDERR_REDIRECT] [Fatal Error] :1:1: Premature end of file.
2026-09-27 16:41:48,557 [ERROR] LogOutputStream:75 - [STDERR_REDIRECT] 
2026-09-27 16:41:49,557 [ERROR] LogOutputStream:75 - [STDERR_REDIRECT] [Fatal Error] :1:1: Premature end of file.
2026-09-27 16:41:49,558 [ERROR] LogOutputStream:75 - [STDERR_REDIRECT] 
2026-09-27 16:41:50,557 [ERROR] LogOutputStream:75 - [STDERR_REDIRECT] [Fatal Error] :1:1: Premature end of file.
2026-09-27 16:41:50,557 [ERROR] LogOutputStream:75 - [STDERR_REDIRECT] 
2026-09-27 16:41:51,557 [ERROR] LogOutputStream:75 - [STDERR_REDIRECT] [Fatal Error] :1:1: Premature end of file.
2026-09-27 16:41:51,557 [ERROR] LogOutputStream:75 - [STDERR_REDIRECT] 
2026-09-27 16:41:52,557 [ERROR] LogOutputStream:75 - [STDERR_REDIRECT] [Fatal Error] :1:1: Premature end of file.
2026-09-27 16:41:52,557 [ERROR] LogOutputStream:75 - [STDERR_REDIRECT] 
2026-09-27 16:41:53,558 [ERROR] LogOutputStream:75 - [STDERR_REDIRECT] [Fatal Error] :1:1: Premature end of file.
2026-09-27 16:41:53,558 [ERROR] LogOutputStream:75 - [STDERR_REDIRECT] 
2026-09-27 16:41:54,557 [ERROR] LogOutputStream:75 - [STDERR_REDIRECT] [Fatal Error] :1:1: Premature end of file.
2026-09-27 16:41:54,557 [ERROR] LogOutputStream:75 - [STDERR_REDIRECT] 
2026-09-27 16:41:55,557 [ERROR] LogOutputStream:75 - [STDERR_REDIRECT] [Fatal Error] :1:1: Premature end of file.
2026-09-27 16:41:55,557 [ERROR] LogOutputStream:75 - [STDERR_REDIRECT] 
2026-09-27 16:41:56,558 [ERROR] LogOutputStream:75 - [STDERR_REDIRECT] [Fatal Error] :1:1: Premature end of file.
2026-09-27 16:41:56,558 [ERROR] LogOutputStream:75 - [STDERR_REDIRECT] 
2026-09-27 16:41:57,557 [ERROR] LogOutputStream:75 - [STDERR_REDIRECT] [Fatal Error] :1:1: Premature end of file.
2026-09-27 16:41:57,557 [ERROR] LogOutputStream:75 - [STDERR_REDIRECT] 
2026-09-27 16:41:58,555 [ERROR] LogOutputStream:75 - [STDERR_REDIRECT] [Fatal Error] :1:1: Premature end of file.
2026-09-27 16:41:58,555 [ERROR] LogOutputStream:75 - [STDERR_REDIRECT] 
2026-09-27 16:41:59,557 [ERROR] LogOutputStream:75 - [STDERR_REDIRECT] [Fatal Error] :1:1: Premature end of file.
2026-09-27 16:41:59,557 [ERROR] LogOutputStream:75 - [STDERR_REDIRECT] 
2026-09-27 16:42:00,555 [ERROR] LogOutputStream:75 - [STDERR_REDIRECT] [Fatal Error] :1:1: Premature end of file.
2026-09-27 16:42:00,555 [ERROR] LogOutputStream:75 - [STDERR_REDIRECT] 
2026-09-27 16:42:01,556 [ERROR] LogOutputStream:75 - [STDERR_REDIRECT] [Fatal Error] :1:1: Premature end of file.
2026-09-27 16:42:01,556 [ERROR] LogOutputStream:75 - [STDERR_REDIRECT] 
2026-09-27 16:42:02,558 [ERROR] LogOutputStream:75 - [STDERR_REDIRECT] [Fatal Error] :1:1: Premature end of file.
2026-09-27 16:42:02,558 [ERROR] LogOutputStream:75 - [STDERR_REDIRECT] 
2026-09-27 16:42:03,557 [ERROR] LogOutputStream:75 - [STDERR_REDIRECT] [Fatal Error] :1:1: Premature end of file.
2026-09-27 16:42:03,557 [ERROR] LogOutputStream:75 - [STDERR_REDIRECT] 
2026-09-27 16:42:04,557 [ERROR] LogOutputStream:75 - [STDERR_REDIRECT] [Fatal Error] :1:1: Premature end of file.
2026-09-27 16:42:04,557 [ERROR] LogOutputStream:75 - [STDERR_REDIRECT] 
2026-09-27 16:42:05,558 [ERROR] LogOutputStream:75 - [STDERR_REDIRECT] [Fatal Error] :1:1: Premature end of file.
2026-09-27 16:42:05,559 [ERROR] LogOutputStream:75 - [STDERR_REDIRECT] 
2026-09-27 16:42:06,557 [ERROR] LogOutputStream:75 - [STDERR_REDIRECT] [Fatal Error] :1:1: Premature end of file.
2026-09-27 16:42:06,557 [ERROR] LogOutputStream:75 - [STDERR_REDIRECT] 
2026-09-27 16:42:07,557 [ERROR] LogOutputStream:75 - [STDERR_REDIRECT] [Fatal Error] :1:1: Premature end of file.
2026-09-27 16:42:07,557 [ERROR] LogOutputStream:75 - [STDERR_REDIRECT] 
2026-09-27 16:42:08,565 [ERROR] LogOutputStream:75 - [STDERR_REDIRECT] [Fatal Error] :1:1: Premature end of file.
2026-09-27 16:42:08,565 [ERROR] LogOutputStream:75 - [STDERR_REDIRECT] 
2026-09-27 16:42:09,556 [ERROR] LogOutputStream:75 - [STDERR_REDIRECT] [Fatal Error] :1:1: Premature end of file.
2026-09-27 16:42:09,557 [ERROR] LogOutputStream:75 - [STDERR_REDIRECT] 
2026-09-27 16:42:10,557 [ERROR] LogOutputStream:75 - [STDERR_REDIRECT] [Fatal Error] :1:1: Premature end of file.
2026-09-27 16:42:10,557 [ERROR] LogOutputStream:75 - [STDERR_REDIRECT] 
2026-09-27 16:42:11,555 [ERROR] LogOutputStream:75 - [STDERR_REDIRECT] [Fatal Error] :1:1: Premature end of file.
2026-09-27 16:42:11,555 [ERROR] LogOutputStream:75 - [STDERR_REDIRECT] 
2026-09-27 16:42:12,559 [ERROR] LogOutputStream:75 - [STDERR_REDIRECT] [Fatal Error] :1:1: Premature end of file.
2026-09-27 16:42:12,559 [ERROR] LogOutputStream:75 - [STDERR_REDIRECT] 
2026-09-27 16:42:13,558 [ERROR] LogOutputStream:75 - [STDERR_REDIRECT] [Fatal Error] :1:1: Premature end of file.
2026-09-27 16:42:13,559 [ERROR] LogOutputStream:75 - [STDERR_REDIRECT] 
2026-09-27 16:42:14,555 [ERROR] LogOutputStream:75 - [STDERR_REDIRECT] [Fatal Error] :1:1: Premature end of file.
2026-09-27 16:42:14,555 [ERROR] LogOutputStream:75 - [STDERR_REDIRECT] 
2026-09-27 16:42:15,556 [ERROR] LogOutputStream:75 - [STDERR_REDIRECT] [Fatal Error] :1:1: Premature end of file.
2026-09-27 16:42:15,556 [ERROR] LogOutputStream:75 - [STDERR_REDIRECT] 
2026-09-27 16:42:16,555 [ERROR] LogOutputStream:75 - [STDERR_REDIRECT] [Fatal Error] :1:1: Premature end of file.
2026-09-27 16:42:16,555 [ERROR] LogOutputStream:75 - [STDERR_REDIRECT] 
2026-09-27 16:42:17,561 [ERROR] LogOutputStream:75 - [STDERR_REDIRECT] [Fatal Error] :1:1: Premature end of file.
2026-09-27 16:42:17,561 [ERROR] LogOutputStream:75 - [STDERR_REDIRECT] 
2026-09-27 16:42:18,563 [ERROR] LogOutputStream:75 - [STDERR_REDIRECT] [Fatal Error] :1:1: Premature end of file.
2026-09-27 16:42:18,563 [ERROR] LogOutputStream:75 - [STDERR_REDIRECT] 
2026-09-27 16:42:19,556 [ERROR] LogOutputStream:75 - [STDERR_REDIRECT] [Fatal Error] :1:1: Premature end of file.
2026-09-27 16:42:19,556 [ERROR] LogOutputStream:75 - [STDERR_REDIRECT] 
2026-09-27 16:42:20,554 [ERROR] LogOutputStream:75 - [STDERR_REDIRECT] [Fatal Error] :1:1: Premature end of file.
2026-09-27 16:42:20,556 [ERROR] LogOutputStream:75 - [STDERR_REDIRECT] 
2026-09-27 16:42:21,556 [ERROR] LogOutputStream:75 - [STDERR_REDIRECT] [Fatal Error] :1:1: Premature end of file.
2026-09-27 16:42:21,556 [ERROR] LogOutputStream:75 - [STDERR_REDIRECT] 
2026-09-27 16:42:22,557 [ERROR] LogOutputStream:75 - [STDERR_REDIRECT] [Fatal Error] :1:1: Premature end of file.
2026-09-27 16:42:22,557 [ERROR] LogOutputStream:75 - [STDERR_REDIRECT] 
2026-09-27 16:42:23,555 [ERROR] LogOutputStream:75 - [STDERR_REDIRECT] [Fatal Error] :1:1: Premature end of file.
2026-09-27 16:42:23,555 [ERROR] LogOutputStream:75 - [STDERR_REDIRECT] 
2026-09-27 16:42:24,562 [ERROR] LogOutputStream:75 - [STDERR_REDIRECT] [Fatal Error] :1:1: Premature end of file.
2026-09-27 16:42:24,562 [ERROR] LogOutputStream:75 - [STDERR_REDIRECT] 
2026-09-27 16:42:25,562 [ERROR] LogOutputStream:75 - [STDERR_REDIRECT] [Fatal Error] :1:1: Premature end of file.
2026-09-27 16:42:25,562 [ERROR] LogOutputStream:75 - [STDERR_REDIRECT] 
2026-09-27 16:42:26,558 [ERROR] LogOutputStream:75 - [STDERR_REDIRECT] [Fatal Error] :1:1: Premature end of file.
2026-09-27 16:42:26,558 [ERROR] LogOutputStream:75 - [STDERR_REDIRECT] 
2026-09-27 16:42:27,577 [ERROR] LogOutputStream:75 - [STDERR_REDIRECT] [Fatal Error] :1:1: Premature end of file.
2026-09-27 16:42:27,577 [ERROR] LogOutputStream:75 - [STDERR_REDIRECT] 
2026-09-27 16:42:28,559 [ERROR] LogOutputStream:75 - [STDERR_REDIRECT] [Fatal Error] :1:1: Premature end of file.
2026-09-27 16:42:28,559 [ERROR] LogOutputStream:75 - [STDERR_REDIRECT] 
2026-09-27 16:42:29,555 [ERROR] LogOutputStream:75 - [STDERR_REDIRECT] [Fatal Error] :1:1: Premature end of file.
2026-09-27 16:42:29,555 [ERROR] LogOutputStream:75 - [STDERR_REDIRECT] 
2026-09-27 16:42:30,554 [ERROR] LogOutputStream:75 - [STDERR_REDIRECT] [Fatal Error] :1:1: Premature end of file.
2026-09-27 16:42:30,554 [ERROR] LogOutputStream:75 - [STDERR_REDIRECT] 
2026-09-27 16:42:31,555 [ERROR] LogOutputStream:75 - [STDERR_REDIRECT] [Fatal Error] :1:1: Premature end of file.
2026-09-27 16:42:31,555 [ERROR] LogOutputStream:75 - [STDERR_REDIRECT] 
2026-09-27 16:42:32,554 [ERROR] LogOutputStream:75 - [STDERR_REDIRECT] [Fatal Error] :1:1: Premature end of file.
2026-09-27 16:42:32,554 [ERROR] LogOutputStream:75 - [STDERR_REDIRECT] 
2026-09-27 16:42:33,556 [ERROR] LogOutputStream:75 - [STDERR_REDIRECT] [Fatal Error] :1:1: Premature end of file.
2026-09-27 16:42:33,556 [ERROR] LogOutputStream:75 - [STDERR_REDIRECT] 
2026-09-27 16:42:34,549 [ERROR] LogOutputStream:75 - [STDERR_REDIRECT] [Fatal Error] :1:1: Premature end of file.
2026-09-27 16:42:34,549 [ERROR] LogOutputStream:75 - [STDERR_REDIRECT] 
2026-09-27 16:42:35,566 [ERROR] LogOutputStream:75 - [STDERR_REDIRECT] [Fatal Error] :1:1: Premature end of file.
2026-09-27 16:42:35,566 [ERROR] LogOutputStream:75 - [STDERR_REDIRECT] 
2026-09-27 16:42:36,554 [ERROR] LogOutputStream:75 - [STDERR_REDIRECT] [Fatal Error] :1:1: Premature end of file.
2026-09-27 16:42:36,554 [ERROR] LogOutputStream:75 - [STDERR_REDIRECT] 
2026-09-27 16:42:37,554 [ERROR] LogOutputStream:75 - [STDERR_REDIRECT] [Fatal Error] :1:1: Premature end of file.
2026-09-27 16:42:37,554 [ERROR] LogOutputStream:75 - [STDERR_REDIRECT] 
2026-09-27 16:42:38,556 [ERROR] LogOutputStream:75 - [STDERR_REDIRECT] [Fatal Error] :1:1: Premature end of file.
2026-09-27 16:42:38,556 [ERROR] LogOutputStream:75 - [STDERR_REDIRECT] 
2026-09-27 16:42:39,555 [ERROR] LogOutputStream:75 - [STDERR_REDIRECT] [Fatal Error] :1:1: Premature end of file.
2026-09-27 16:42:39,555 [ERROR] LogOutputStream:75 - [STDERR_REDIRECT] 
2026-09-27 16:42:40,555 [ERROR] LogOutputStream:75 - [STDERR_REDIRECT] [Fatal Error] :1:1: Premature end of file.
2026-09-27 16:42:40,555 [ERROR] LogOutputStream:75 - [STDERR_REDIRECT] 
2026-09-27 16:42:41,552 [ERROR] LogOutputStream:75 - [STDERR_REDIRECT] [Fatal Error] :1:1: Premature end of file.
2026-09-27 16:42:41,552 [ERROR] LogOutputStream:75 - [STDERR_REDIRECT] 
2026-09-27 16:42:42,557 [ERROR] LogOutputStream:75 - [STDERR_REDIRECT] [Fatal Error] :1:1: Premature end of file.
2026-09-27 16:42:42,557 [ERROR] LogOutputStream:75 - [STDERR_REDIRECT] 
2026-09-27 16:42:43,554 [ERROR] LogOutputStream:75 - [STDERR_REDIRECT] [Fatal Error] :1:1: Premature end of file.
2026-09-27 16:42:43,554 [ERROR] LogOutputStream:75 - [STDERR_REDIRECT] 
2026-09-27 16:42:44,555 [ERROR] LogOutputStream:75 - [STDERR_REDIRECT] [Fatal Error] :1:1: Premature end of file.
2026-09-27 16:42:44,555 [ERROR] LogOutputStream:75 - [STDERR_REDIRECT] 
2026-09-27 16:42:45,554 [ERROR] LogOutputStream:75 - [STDERR_REDIRECT] [Fatal Error] :1:1: Premature end of file.
2026-09-27 16:42:45,554 [ERROR] LogOutputStream:75 - [STDERR_REDIRECT] 
2026-09-27 16:42:46,553 [ERROR] LogOutputStream:75 - [STDERR_REDIRECT] [Fatal Error] :1:1: Premature end of file.
2026-09-27 16:42:46,553 [ERROR] LogOutputStream:75 - [STDERR_REDIRECT] 
2026-09-27 16:42:47,555 [ERROR] LogOutputStream:75 - [STDERR_REDIRECT] [Fatal Error] :1:1: Premature end of file.
2026-09-27 16:42:47,555 [ERROR] LogOutputStream:75 - [STDERR_REDIRECT] 
2026-09-27 16:42:48,555 [ERROR] LogOutputStream:75 - [STDERR_REDIRECT] [Fatal Error] :1:1: Premature end of file.
2026-09-27 16:42:48,555 [ERROR] LogOutputStream:75 - [STDERR_REDIRECT] 
2026-09-27 16:42:49,546 [ERROR] LogOutputStream:75 - [STDERR_REDIRECT] [Fatal Error] :1:1: Premature end of file.
2026-09-27 16:42:49,546 [ERROR] LogOutputStream:75 - [STDERR_REDIRECT] 
2026-09-27 16:42:50,563 [ERROR] LogOutputStream:75 - [STDERR_REDIRECT] [Fatal Error] :1:1: Premature end of file.
2026-09-27 16:42:50,563 [ERROR] LogOutputStream:75 - [STDERR_REDIRECT] 
2026-09-27 16:42:51,555 [ERROR] LogOutputStream:75 - [STDERR_REDIRECT] [Fatal Error] :1:1: Premature end of file.
2026-09-27 16:42:51,555 [ERROR] LogOutputStream:75 - [STDERR_REDIRECT] 
2026-09-27 16:42:52,555 [ERROR] LogOutputStream:75 - [STDERR_REDIRECT] [Fatal Error] :1:1: Premature end of file.
2026-09-27 16:42:52,555 [ERROR] LogOutputStream:75 - [STDERR_REDIRECT] 
2026-09-27 16:42:53,563 [ERROR] LogOutputStream:75 - [STDERR_REDIRECT] [Fatal Error] :1:1: Premature end of file.
2026-09-27 16:42:53,563 [ERROR] LogOutputStream:75 - [STDERR_REDIRECT] 
2026-09-27 16:42:54,557 [ERROR] LogOutputStream:75 - [STDERR_REDIRECT] [Fatal Error] :1:1: Premature end of file.
2026-09-27 16:42:54,557 [ERROR] LogOutputStream:75 - [STDERR_REDIRECT] 
2026-09-27 16:42:55,561 [ERROR] LogOutputStream:75 - [STDERR_REDIRECT] [Fatal Error] :1:1: Premature end of file.
2026-09-27 16:42:55,562 [ERROR] LogOutputStream:75 - [STDERR_REDIRECT] 
2026-09-27 16:42:56,561 [ERROR] LogOutputStream:75 - [STDERR_REDIRECT] [Fatal Error] :1:1: Premature end of file.
2026-09-27 16:42:56,561 [ERROR] LogOutputStream:75 - [STDERR_REDIRECT] 
2026-09-27 16:42:57,561 [ERROR] LogOutputStream:75 - [STDERR_REDIRECT] [Fatal Error] :1:1: Premature end of file.
2026-09-27 16:42:57,562 [ERROR] LogOutputStream:75 - [STDERR_REDIRECT] 
2026-09-27 16:42:58,560 [ERROR] LogOutputStream:75 - [STDERR_REDIRECT] [Fatal Error] :1:1: Premature end of file.
2026-09-27 16:42:58,560 [ERROR] LogOutputStream:75 - [STDERR_REDIRECT] 
2026-09-27 16:42:59,560 [ERROR] LogOutputStream:75 - [STDERR_REDIRECT] [Fatal Error] :1:1: Premature end of file.
2026-09-27 16:42:59,560 [ERROR] LogOutputStream:75 - [STDERR_REDIRECT] 
2026-09-27 16:43:00,560 [ERROR] LogOutputStream:75 - [STDERR_REDIRECT] [Fatal Error] :1:1: Premature end of file.
2026-09-27 16:43:00,561 [ERROR] LogOutputStream:75 - [STDERR_REDIRECT] 
2026-09-27 16:43:01,562 [ERROR] LogOutputStream:75 - [STDERR_REDIRECT] [Fatal Error] :1:1: Premature end of file.
2026-09-27 16:43:01,562 [ERROR] LogOutputStream:75 - [STDERR_REDIRECT] 
2026-09-27 16:43:02,560 [ERROR] LogOutputStream:75 - [STDERR_REDIRECT] [Fatal Error] :1:1: Premature end of file.
2026-09-27 16:43:02,560 [ERROR] LogOutputStream:75 - [STDERR_REDIRECT] 
2026-09-27 16:43:03,559 [ERROR] LogOutputStream:75 - [STDERR_REDIRECT] [Fatal Error] :1:1: Premature end of file.
2026-09-27 16:43:03,560 [ERROR] LogOutputStream:75 - [STDERR_REDIRECT] 
2026-09-27 16:43:04,560 [ERROR] LogOutputStream:75 - [STDERR_REDIRECT] [Fatal Error] :1:1: Premature end of file.
2026-09-27 16:43:04,560 [ERROR] LogOutputStream:75 - [STDERR_REDIRECT] 
2026-09-27 16:43:05,561 [ERROR] LogOutputStream:75 - [STDERR_REDIRECT] [Fatal Error] :1:1: Premature end of file.
2026-09-27 16:43:05,561 [ERROR] LogOutputStream:75 - [STDERR_REDIRECT] 
2026-09-27 16:43:06,559 [ERROR] LogOutputStream:75 - [STDERR_REDIRECT] [Fatal Error] :1:1: Premature end of file.
2026-09-27 16:43:06,559 [ERROR] LogOutputStream:75 - [STDERR_REDIRECT] 
2026-09-27 16:43:07,561 [ERROR] LogOutputStream:75 - [STDERR_REDIRECT] [Fatal Error] :1:1: Premature end of file.
2026-09-27 16:43:07,561 [ERROR] LogOutputStream:75 - [STDERR_REDIRECT] 
2026-09-27 16:43:08,563 [ERROR] LogOutputStream:75 - [STDERR_REDIRECT] [Fatal Error] :1:1: Premature end of file.
2026-09-27 16:43:08,563 [ERROR] LogOutputStream:75 - [STDERR_REDIRECT] 
2026-09-27 16:43:09,561 [ERROR] LogOutputStream:75 - [STDERR_REDIRECT] [Fatal Error] :1:1: Premature end of file.
2026-09-27 16:43:09,561 [ERROR] LogOutputStream:75 - [STDERR_REDIRECT] 
2026-09-27 16:43:10,561 [ERROR] LogOutputStream:75 - [STDERR_REDIRECT] [Fatal Error] :1:1: Premature end of file.
2026-09-27 16:43:10,561 [ERROR] LogOutputStream:75 - [STDERR_REDIRECT] 
2026-09-27 16:43:11,567 [ERROR] LogOutputStream:75 - [STDERR_REDIRECT] [Fatal Error] :1:1: Premature end of file.
2026-09-27 16:43:11,567 [ERROR] LogOutputStream:75 - [STDERR_REDIRECT] 
2026-09-27 16:43:12,566 [ERROR] LogOutputStream:75 - [STDERR_REDIRECT] [Fatal Error] :1:1: Premature end of file.
2026-09-27 16:43:12,566 [ERROR] LogOutputStream:75 - [STDERR_REDIRECT] 
2026-09-27 16:43:13,564 [ERROR] LogOutputStream:75 - [STDERR_REDIRECT] [Fatal Error] :1:1: Premature end of file.
2026-09-27 16:43:13,564 [ERROR] LogOutputStream:75 - [STDERR_REDIRECT] 
2026-09-27 16:43:14,563 [ERROR] LogOutputStream:75 - [STDERR_REDIRECT] [Fatal Error] :1:1: Premature end of file.
2026-09-27 16:43:14,563 [ERROR] LogOutputStream:75 - [STDERR_REDIRECT] 
2026-09-27 16:43:15,564 [ERROR] LogOutputStream:75 - [STDERR_REDIRECT] [Fatal Error] :1:1: Premature end of file.
2026-09-27 16:43:15,564 [ERROR] LogOutputStream:75 - [STDERR_REDIRECT] 
2026-09-27 16:43:16,565 [ERROR] LogOutputStream:75 - [STDERR_REDIRECT] [Fatal Error] :1:1: Premature end of file.
2026-09-27 16:43:16,565 [ERROR] LogOutputStream:75 - [STDERR_REDIRECT] 
2026-09-27 16:43:17,566 [ERROR] LogOutputStream:75 - [STDERR_REDIRECT] [Fatal Error] :1:1: Premature end of file.
2026-09-27 16:43:17,566 [ERROR] LogOutputStream:75 - [STDERR_REDIRECT] 
2026-09-27 16:43:18,566 [ERROR] LogOutputStream:75 - [STDERR_REDIRECT] [Fatal Error] :1:1: Premature end of file.
2026-09-27 16:43:18,566 [ERROR] LogOutputStream:75 - [STDERR_REDIRECT] 
2026-09-27 16:43:19,567 [ERROR] LogOutputStream:75 - [STDERR_REDIRECT] [Fatal Error] :1:1: Premature end of file.
2026-09-27 16:43:19,567 [ERROR] LogOutputStream:75 - [STDERR_REDIRECT] 
2026-09-27 16:43:20,565 [ERROR] LogOutputStream:75 - [STDERR_REDIRECT] [Fatal Error] :1:1: Premature end of file.
2026-09-27 16:43:20,567 [ERROR] LogOutputStream:75 - [STDERR_REDIRECT] 
2026-09-27 16:43:21,565 [ERROR] LogOutputStream:75 - [STDERR_REDIRECT] [Fatal Error] :1:1: Premature end of file.
2026-09-27 16:43:21,565 [ERROR] LogOutputStream:75 - [STDERR_REDIRECT] 
2026-09-27 16:43:22,564 [ERROR] LogOutputStream:75 - [STDERR_REDIRECT] [Fatal Error] :1:1: Premature end of file.
2026-09-27 16:43:22,565 [ERROR] LogOutputStream:75 - [STDERR_REDIRECT] 
2026-09-27 16:43:23,567 [ERROR] LogOutputStream:75 - [STDERR_REDIRECT] [Fatal Error] :1:1: Premature end of file.
2026-09-27 16:43:23,568 [ERROR] LogOutputStream:75 - [STDERR_REDIRECT] 
2026-09-27 16:43:24,567 [ERROR] LogOutputStream:75 - [STDERR_REDIRECT] [Fatal Error] :1:1: Premature end of file.
2026-09-27 16:43:24,567 [ERROR] LogOutputStream:75 - [STDERR_REDIRECT] 
2026-09-27 16:43:25,565 [ERROR] LogOutputStream:75 - [STDERR_REDIRECT] [Fatal Error] :1:1: Premature end of file.
2026-09-27 16:43:25,565 [ERROR] LogOutputStream:75 - [STDERR_REDIRECT] 
2026-09-27 16:43:26,565 [ERROR] LogOutputStream:75 - [STDERR_REDIRECT] [Fatal Error] :1:1: Premature end of file.
2026-09-27 16:43:26,565 [ERROR] LogOutputStream:75 - [STDERR_REDIRECT] 
2026-09-27 16:43:27,559 [ERROR] LogOutputStream:75 - [STDERR_REDIRECT] [Fatal Error] :1:1: Premature end of file.
2026-09-27 16:43:27,559 [ERROR] LogOutputStream:75 - [STDERR_REDIRECT] 
2026-09-27 16:43:28,563 [ERROR] LogOutputStream:75 - [STDERR_REDIRECT] [Fatal Error] :1:1: Premature end of file.
2026-09-27 16:43:28,563 [ERROR] LogOutputStream:75 - [STDERR_REDIRECT] 
2026-09-27 16:43:29,567 [ERROR] LogOutputStream:75 - [STDERR_REDIRECT] [Fatal Error] :1:1: Premature end of file.
2026-09-27 16:43:29,567 [ERROR] LogOutputStream:75 - [STDERR_REDIRECT] 
2026-09-27 16:43:30,566 [ERROR] LogOutputStream:75 - [STDERR_REDIRECT] [Fatal Error] :1:1: Premature end of file.
2026-09-27 16:43:30,567 [ERROR] LogOutputStream:75 - [STDERR_REDIRECT] 
2026-09-27 16:43:31,564 [ERROR] LogOutputStream:75 - [STDERR_REDIRECT] [Fatal Error] :1:1: Premature end of file.
2026-09-27 16:43:31,564 [ERROR] LogOutputStream:75 - [STDERR_REDIRECT] 
2026-09-27 16:43:32,566 [ERROR] LogOutputStream:75 - [STDERR_REDIRECT] [Fatal Error] :1:1: Premature end of file.
2026-09-27 16:43:32,566 [ERROR] LogOutputStream:75 - [STDERR_REDIRECT] 
2026-09-27 16:43:33,566 [ERROR] LogOutputStream:75 - [STDERR_REDIRECT] [Fatal Error] :1:1: Premature end of file.
2026-09-27 16:43:33,566 [ERROR] LogOutputStream:75 - [STDERR_REDIRECT] 
2026-09-27 16:43:34,568 [ERROR] LogOutputStream:75 - [STDERR_REDIRECT] [Fatal Error] :1:1: Premature end of file.
2026-09-27 16:43:34,568 [ERROR] LogOutputStream:75 - [STDERR_REDIRECT] 
2026-09-27 16:43:35,566 [ERROR] LogOutputStream:75 - [STDERR_REDIRECT] [Fatal Error] :1:1: Premature end of file.
2026-09-27 16:43:35,566 [ERROR] LogOutputStream:75 - [STDERR_REDIRECT] 
2026-09-27 16:43:36,561 [ERROR] LogOutputStream:75 - [STDERR_REDIRECT] [Fatal Error] :1:1: Premature end of file.
2026-09-27 16:43:36,561 [ERROR] LogOutputStream:75 - [STDERR_REDIRECT] 
2026-09-27 16:43:37,565 [ERROR] LogOutputStream:75 - [STDERR_REDIRECT] [Fatal Error] :1:1: Premature end of file.
2026-09-27 16:43:37,565 [ERROR] LogOutputStream:75 - [STDERR_REDIRECT] 
2026-09-27 16:43:38,566 [ERROR] LogOutputStream:75 - [STDERR_REDIRECT] [Fatal Error] :1:1: Premature end of file.
2026-09-27 16:43:38,566 [ERROR] LogOutputStream:75 - [STDERR_REDIRECT] 
2026-09-27 16:43:39,564 [ERROR] LogOutputStream:75 - [STDERR_REDIRECT] [Fatal Error] :1:1: Premature end of file.
2026-09-27 16:43:39,564 [ERROR] LogOutputStream:75 - [STDERR_REDIRECT] 
2026-09-27 16:43:40,566 [ERROR] LogOutputStream:75 - [STDERR_REDIRECT] [Fatal Error] :1:1: Premature end of file.
2026-09-27 16:43:40,566 [ERROR] LogOutputStream:75 - [STDERR_REDIRECT] 
2026-09-27 16:43:41,566 [ERROR] LogOutputStream:75 - [STDERR_REDIRECT] [Fatal Error] :1:1: Premature end of file.
2026-09-27 16:43:41,566 [ERROR] LogOutputStream:75 - [STDERR_REDIRECT] 
2026-09-27 16:43:42,557 [ERROR] LogOutputStream:75 - [STDERR_REDIRECT] [Fatal Error] :1:1: Premature end of file.
2026-09-27 16:43:42,557 [ERROR] LogOutputStream:75 - [STDERR_REDIRECT] 
2026-09-27 16:43:43,561 [ERROR] LogOutputStream:75 - [STDERR_REDIRECT] [Fatal Error] :1:1: Premature end of file.
2026-09-27 16:43:43,561 [ERROR] LogOutputStream:75 - [STDERR_REDIRECT] 
2026-09-27 16:43:44,565 [ERROR] LogOutputStream:75 - [STDERR_REDIRECT] [Fatal Error] :1:1: Premature end of file.
2026-09-27 16:43:44,565 [ERROR] LogOutputStream:75 - [STDERR_REDIRECT] 
2026-09-27 16:43:45,565 [ERROR] LogOutputStream:75 - [STDERR_REDIRECT] [Fatal Error] :1:1: Premature end of file.
2026-09-27 16:43:45,565 [ERROR] LogOutputStream:75 - [STDERR_REDIRECT] 
2026-09-27 16:43:46,563 [ERROR] LogOutputStream:75 - [STDERR_REDIRECT] [Fatal Error] :1:1: Premature end of file.
2026-09-27 16:43:46,563 [ERROR] LogOutputStream:75 - [STDERR_REDIRECT] 
2026-09-27 16:43:47,566 [ERROR] LogOutputStream:75 - [STDERR_REDIRECT] [Fatal Error] :1:1: Premature end of file.
2026-09-27 16:43:47,567 [ERROR] LogOutputStream:75 - [STDERR_REDIRECT] 
2026-09-27 16:43:48,565 [ERROR] LogOutputStream:75 - [STDERR_REDIRECT] [Fatal Error] :1:1: Premature end of file.
2026-09-27 16:43:48,565 [ERROR] LogOutputStream:75 - [STDERR_REDIRECT] 
2026-09-27 16:43:49,564 [ERROR] LogOutputStream:75 - [STDERR_REDIRECT] [Fatal Error] :1:1: Premature end of file.
2026-09-27 16:43:49,564 [ERROR] LogOutputStream:75 - [STDERR_REDIRECT] 
2026-09-27 16:43:50,566 [ERROR] LogOutputStream:75 - [STDERR_REDIRECT] [Fatal Error] :1:1: Premature end of file.
2026-09-27 16:43:50,566 [ERROR] LogOutputStream:75 - [STDERR_REDIRECT] 
2026-09-27 16:43:51,565 [ERROR] LogOutputStream:75 - [STDERR_REDIRECT] [Fatal Error] :1:1: Premature end of file.
2026-09-27 16:43:51,565 [ERROR] LogOutputStream:75 - [STDERR_REDIRECT] 
2026-09-27 16:43:52,563 [ERROR] LogOutputStream:75 - [STDERR_REDIRECT] [Fatal Error] :1:1: Premature end of file.
2026-09-27 16:43:52,564 [ERROR] LogOutputStream:75 - [STDERR_REDIRECT] 
2026-09-27 16:43:53,567 [ERROR] LogOutputStream:75 - [STDERR_REDIRECT] [Fatal Error] :1:1: Premature end of file.
2026-09-27 16:43:53,567 [ERROR] LogOutputStream:75 - [STDERR_REDIRECT] 
2026-09-27 16:43:54,563 [ERROR] LogOutputStream:75 - [STDERR_REDIRECT] [Fatal Error] :1:1: Premature end of file.
2026-09-27 16:43:54,563 [ERROR] LogOutputStream:75 - [STDERR_REDIRECT] 
2026-09-27 16:43:55,564 [ERROR] LogOutputStream:75 - [STDERR_REDIRECT] [Fatal Error] :1:1: Premature end of file.
2026-09-27 16:43:55,564 [ERROR] LogOutputStream:75 - [STDERR_REDIRECT] 
2026-09-27 16:43:56,567 [ERROR] LogOutputStream:75 - [STDERR_REDIRECT] [Fatal Error] :1:1: Premature end of file.
2026-09-27 16:43:56,567 [ERROR] LogOutputStream:75 - [STDERR_REDIRECT] 
2026-09-27 16:43:57,567 [ERROR] LogOutputStream:75 - [STDERR_REDIRECT] [Fatal Error] :1:1: Premature end of file.
2026-09-27 16:43:57,567 [ERROR] LogOutputStream:75 - [STDERR_REDIRECT] 
2026-09-27 16:43:58,563 [ERROR] LogOutputStream:75 - [STDERR_REDIRECT] [Fatal Error] :1:1: Premature end of file.
2026-09-27 16:43:58,563 [ERROR] LogOutputStream:75 - [STDERR_REDIRECT] 
2026-09-27 16:43:59,564 [ERROR] LogOutputStream:75 - [STDERR_REDIRECT] [Fatal Error] :1:1: Premature end of file.
2026-09-27 16:43:59,564 [ERROR] LogOutputStream:75 - [STDERR_REDIRECT] 
2026-09-27 16:44:00,562 [ERROR] LogOutputStream:75 - [STDERR_REDIRECT] [Fatal Error] :1:1: Premature end of file.
2026-09-27 16:44:00,562 [ERROR] LogOutputStream:75 - [STDERR_REDIRECT] 
2026-09-27 16:44:01,561 [ERROR] LogOutputStream:75 - [STDERR_REDIRECT] [Fatal Error] :1:1: Premature end of file.
2026-09-27 16:44:01,561 [ERROR] LogOutputStream:75 - [STDERR_REDIRECT] 
2026-09-27 16:44:02,558 [ERROR] LogOutputStream:75 - [STDERR_REDIRECT] [Fatal Error] :1:1: Premature end of file.
2026-09-27 16:44:02,559 [ERROR] LogOutputStream:75 - [STDERR_REDIRECT] 
2026-09-27 16:44:03,566 [ERROR] LogOutputStream:75 - [STDERR_REDIRECT] [Fatal Error] :1:1: Premature end of file.
2026-09-27 16:44:03,566 [ERROR] LogOutputStream:75 - [STDERR_REDIRECT] 
2026-09-27 16:44:04,564 [ERROR] LogOutputStream:75 - [STDERR_REDIRECT] [Fatal Error] :1:1: Premature end of file.
2026-09-27 16:44:04,564 [ERROR] LogOutputStream:75 - [STDERR_REDIRECT] 
2026-09-27 16:44:05,565 [ERROR] LogOutputStream:75 - [STDERR_REDIRECT] [Fatal Error] :1:1: Premature end of file.
2026-09-27 16:44:05,565 [ERROR] LogOutputStream:75 - [STDERR_REDIRECT] 
2026-09-27 16:44:06,561 [ERROR] LogOutputStream:75 - [STDERR_REDIRECT] [Fatal Error] :1:1: Premature end of file.
2026-09-27 16:44:06,561 [ERROR] LogOutputStream:75 - [STDERR_REDIRECT] 
2026-09-27 16:44:07,564 [ERROR] LogOutputStream:75 - [STDERR_REDIRECT] [Fatal Error] :1:1: Premature end of file.
2026-09-27 16:44:07,565 [ERROR] LogOutputStream:75 - [STDERR_REDIRECT] 
2026-09-27 16:44:08,559 [ERROR] LogOutputStream:75 - [STDERR_REDIRECT] [Fatal Error] :1:1: Premature end of file.
2026-09-27 16:44:08,559 [ERROR] LogOutputStream:75 - [STDERR_REDIRECT] 
2026-09-27 16:44:09,565 [ERROR] LogOutputStream:75 - [STDERR_REDIRECT] [Fatal Error] :1:1: Premature end of file.
2026-09-27 16:44:09,565 [ERROR] LogOutputStream:75 - [STDERR_REDIRECT] 
2026-09-27 16:44:10,566 [ERROR] LogOutputStream:75 - [STDERR_REDIRECT] [Fatal Error] :1:1: Premature end of file.
2026-09-27 16:44:10,566 [ERROR] LogOutputStream:75 - [STDERR_REDIRECT] 
2026-09-27 16:44:11,561 [ERROR] LogOutputStream:75 - [STDERR_REDIRECT] [Fatal Error] :1:1: Premature end of file.
2026-09-27 16:44:11,561 [ERROR] LogOutputStream:75 - [STDERR_REDIRECT] 
2026-09-27 16:44:12,565 [ERROR] LogOutputStream:75 - [STDERR_REDIRECT] [Fatal Error] :1:1: Premature end of file.
2026-09-27 16:44:12,565 [ERROR] LogOutputStream:75 - [STDERR_REDIRECT] 
2026-09-27 16:44:13,567 [ERROR] LogOutputStream:75 - [STDERR_REDIRECT] [Fatal Error] :1:1: Premature end of file.
2026-09-27 16:44:13,567 [ERROR] LogOutputStream:75 - [STDERR_REDIRECT] 
2026-09-27 16:44:14,565 [ERROR] LogOutputStream:75 - [STDERR_REDIRECT] [Fatal Error] :1:1: Premature end of file.
2026-09-27 16:44:14,565 [ERROR] LogOutputStream:75 - [STDERR_REDIRECT] 
2026-09-27 16:44:15,561 [ERROR] LogOutputStream:75 - [STDERR_REDIRECT] [Fatal Error] :1:1: Premature end of file.
2026-09-27 16:44:15,561 [ERROR] LogOutputStream:75 - [STDERR_REDIRECT] 
2026-09-27 16:44:16,563 [ERROR] LogOutputStream:75 - [STDERR_REDIRECT] [Fatal Error] :1:1: Premature end of file.
2026-09-27 16:44:16,564 [ERROR] LogOutputStream:75 - [STDERR_REDIRECT] 
2026-09-27 16:44:17,564 [ERROR] LogOutputStream:75 - [STDERR_REDIRECT] [Fatal Error] :1:1: Premature end of file.
2026-09-27 16:44:17,565 [ERROR] LogOutputStream:75 - [STDERR_REDIRECT] 
2026-09-27 16:44:18,563 [ERROR] LogOutputStream:75 - [STDERR_REDIRECT] [Fatal Error] :1:1: Premature end of file.
2026-09-27 16:44:18,563 [ERROR] LogOutputStream:75 - [STDERR_REDIRECT] 
2026-09-27 16:44:19,564 [ERROR] LogOutputStream:75 - [STDERR_REDIRECT] [Fatal Error] :1:1: Premature end of file.
2026-09-27 16:44:19,564 [ERROR] LogOutputStream:75 - [STDERR_REDIRECT] 
2026-09-27 16:44:20,573 [ERROR] LogOutputStream:75 - [STDERR_REDIRECT] [Fatal Error] :1:1: Premature end of file.
2026-09-27 16:44:20,573 [ERROR] LogOutputStream:75 - [STDERR_REDIRECT] 
2026-09-27 16:44:21,564 [ERROR] LogOutputStream:75 - [STDERR_REDIRECT] [Fatal Error] :1:1: Premature end of file.
2026-09-27 16:44:21,564 [ERROR] LogOutputStream:75 - [STDERR_REDIRECT] 
2026-09-27 16:44:22,565 [ERROR] LogOutputStream:75 - [STDERR_REDIRECT] [Fatal Error] :1:1: Premature end of file.
2026-09-27 16:44:22,567 [ERROR] LogOutputStream:75 - [STDERR_REDIRECT] 
2026-09-27 16:44:23,566 [ERROR] LogOutputStream:75 - [STDERR_REDIRECT] [Fatal Error] :1:1: Premature end of file.
2026-09-27 16:44:23,566 [ERROR] LogOutputStream:75 - [STDERR_REDIRECT] 
2026-09-27 16:44:24,559 [ERROR] LogOutputStream:75 - [STDERR_REDIRECT] [Fatal Error] :1:1: Premature end of file.
2026-09-27 16:44:24,560 [ERROR] LogOutputStream:75 - [STDERR_REDIRECT] 
2026-09-27 16:44:25,564 [ERROR] LogOutputStream:75 - [STDERR_REDIRECT] [Fatal Error] :1:1: Premature end of file.
2026-09-27 16:44:25,565 [ERROR] LogOutputStream:75 - [STDERR_REDIRECT] 
2026-09-27 16:44:26,556 [ERROR] LogOutputStream:75 - [STDERR_REDIRECT] [Fatal Error] :1:1: Premature end of file.
2026-09-27 16:44:26,556 [ERROR] LogOutputStream:75 - [STDERR_REDIRECT] 
2026-09-27 16:44:27,563 [ERROR] LogOutputStream:75 - [STDERR_REDIRECT] [Fatal Error] :1:1: Premature end of file.
2026-09-27 16:44:27,565 [ERROR] LogOutputStream:75 - [STDERR_REDIRECT] 
2026-09-27 16:44:28,565 [ERROR] LogOutputStream:75 - [STDERR_REDIRECT] [Fatal Error] :1:1: Premature end of file.
2026-09-27 16:44:28,565 [ERROR] LogOutputStream:75 - [STDERR_REDIRECT] 
2026-09-27 16:44:29,561 [ERROR] LogOutputStream:75 - [STDERR_REDIRECT] [Fatal Error] :1:1: Premature end of file.
2026-09-27 16:44:29,561 [ERROR] LogOutputStream:75 - [STDERR_REDIRECT] 
2026-09-27 16:44:30,566 [ERROR] LogOutputStream:75 - [STDERR_REDIRECT] [Fatal Error] :1:1: Premature end of file.
2026-09-27 16:44:30,566 [ERROR] LogOutputStream:75 - [STDERR_REDIRECT] 
2026-09-27 16:44:31,563 [ERROR] LogOutputStream:75 - [STDERR_REDIRECT] [Fatal Error] :1:1: Premature end of file.
2026-09-27 16:44:31,563 [ERROR] LogOutputStream:75 - [STDERR_REDIRECT] 
2026-09-27 16:44:32,560 [ERROR] LogOutputStream:75 - [STDERR_REDIRECT] [Fatal Error] :1:1: Premature end of file.
2026-09-27 16:44:32,560 [ERROR] LogOutputStream:75 - [STDERR_REDIRECT] 
2026-09-27 16:44:33,565 [ERROR] LogOutputStream:75 - [STDERR_REDIRECT] [Fatal Error] :1:1: Premature end of file.
2026-09-27 16:44:33,565 [ERROR] LogOutputStream:75 - [STDERR_REDIRECT] 
2026-09-27 16:44:34,559 [ERROR] LogOutputStream:75 - [STDERR_REDIRECT] [Fatal Error] :1:1: Premature end of file.
2026-09-27 16:44:34,559 [ERROR] LogOutputStream:75 - [STDERR_REDIRECT] 
2026-09-27 16:44:35,564 [ERROR] LogOutputStream:75 - [STDERR_REDIRECT] [Fatal Error] :1:1: Premature end of file.
2026-09-27 16:44:35,564 [ERROR] LogOutputStream:75 - [STDERR_REDIRECT] 
2026-09-27 16:44:36,563 [ERROR] LogOutputStream:75 - [STDERR_REDIRECT] [Fatal Error] :1:1: Premature end of file.
2026-09-27 16:44:36,564 [ERROR] LogOutputStream:75 - [STDERR_REDIRECT] 
2026-09-27 16:44:37,560 [ERROR] LogOutputStream:75 - [STDERR_REDIRECT] [Fatal Error] :1:1: Premature end of file.
2026-09-27 16:44:37,560 [ERROR] LogOutputStream:75 - [STDERR_REDIRECT] 
2026-09-27 16:44:38,560 [ERROR] LogOutputStream:75 - [STDERR_REDIRECT] [Fatal Error] :1:1: Premature end of file.
2026-09-27 16:44:38,560 [ERROR] LogOutputStream:75 - [STDERR_REDIRECT] 
2026-09-27 16:44:39,566 [ERROR] LogOutputStream:75 - [STDERR_REDIRECT] [Fatal Error] :1:1: Premature end of file.
2026-09-27 16:44:39,566 [ERROR] LogOutputStream:75 - [STDERR_REDIRECT] 
2026-09-27 16:44:40,558 [ERROR] LogOutputStream:75 - [STDERR_REDIRECT] [Fatal Error] :1:1: Premature end of file.
2026-09-27 16:44:40,558 [ERROR] LogOutputStream:75 - [STDERR_REDIRECT] 
2026-09-27 16:44:41,564 [ERROR] LogOutputStream:75 - [STDERR_REDIRECT] [Fatal Error] :1:1: Premature end of file.
2026-09-27 16:44:41,564 [ERROR] LogOutputStream:75 - [STDERR_REDIRECT] 
2026-09-27 16:44:42,562 [ERROR] LogOutputStream:75 - [STDERR_REDIRECT] [Fatal Error] :1:1: Premature end of file.
2026-09-27 16:44:42,562 [ERROR] LogOutputStream:75 - [STDERR_REDIRECT] 
2026-09-27 16:44:43,565 [ERROR] LogOutputStream:75 - [STDERR_REDIRECT] [Fatal Error] :1:1: Premature end of file.
2026-09-27 16:44:43,565 [ERROR] LogOutputStream:75 - [STDERR_REDIRECT] 
2026-09-27 16:44:44,559 [ERROR] LogOutputStream:75 - [STDERR_REDIRECT] [Fatal Error] :1:1: Premature end of file.
2026-09-27 16:44:44,560 [ERROR] LogOutputStream:75 - [STDERR_REDIRECT] 
2026-09-27 16:44:45,564 [ERROR] LogOutputStream:75 - [STDERR_REDIRECT] [Fatal Error] :1:1: Premature end of file.
2026-09-27 16:44:45,564 [ERROR] LogOutputStream:75 - [STDERR_REDIRECT] 
2026-09-27 16:44:46,562 [ERROR] LogOutputStream:75 - [STDERR_REDIRECT] [Fatal Error] :1:1: Premature end of file.
2026-09-27 16:44:46,563 [ERROR] LogOutputStream:75 - [STDERR_REDIRECT] 
2026-09-27 16:44:47,565 [ERROR] LogOutputStream:75 - [STDERR_REDIRECT] [Fatal Error] :1:1: Premature end of file.
2026-09-27 16:44:47,565 [ERROR] LogOutputStream:75 - [STDERR_REDIRECT] 
2026-09-27 16:44:48,560 [ERROR] LogOutputStream:75 - [STDERR_REDIRECT] [Fatal Error] :1:1: Premature end of file.
2026-09-27 16:44:48,560 [ERROR] LogOutputStream:75 - [STDERR_REDIRECT] 
2026-09-27 16:44:49,563 [ERROR] LogOutputStream:75 - [STDERR_REDIRECT] [Fatal Error] :1:1: Premature end of file.
2026-09-27 16:44:49,564 [ERROR] LogOutputStream:75 - [STDERR_REDIRECT] 
2026-09-27 16:44:50,560 [ERROR] LogOutputStream:75 - [STDERR_REDIRECT] [Fatal Error] :1:1: Premature end of file.
2026-09-27 16:44:50,560 [ERROR] LogOutputStream:75 - [STDERR_REDIRECT] 
2026-09-27 16:44:51,561 [ERROR] LogOutputStream:75 - [STDERR_REDIRECT] [Fatal Error] :1:1: Premature end of file.
2026-09-27 16:44:51,561 [ERROR] LogOutputStream:75 - [STDERR_REDIRECT] 
2026-09-27 16:44:52,564 [ERROR] LogOutputStream:75 - [STDERR_REDIRECT] [Fatal Error] :1:1: Premature end of file.
2026-09-27 16:44:52,564 [ERROR] LogOutputStream:75 - [STDERR_REDIRECT] 
2026-09-27 16:44:53,561 [ERROR] LogOutputStream:75 - [STDERR_REDIRECT] [Fatal Error] :1:1: Premature end of file.
2026-09-27 16:44:53,561 [ERROR] LogOutputStream:75 - [STDERR_REDIRECT] 
2026-09-27 16:44:54,560 [ERROR] LogOutputStream:75 - [STDERR_REDIRECT] [Fatal Error] :1:1: Premature end of file.
2026-09-27 16:44:54,560 [ERROR] LogOutputStream:75 - [STDERR_REDIRECT] 
2026-09-27 16:44:55,559 [ERROR] LogOutputStream:75 - [STDERR_REDIRECT] [Fatal Error] :1:1: Premature end of file.
2026-09-27 16:44:55,559 [ERROR] LogOutputStream:75 - [STDERR_REDIRECT] 
2026-09-27 16:44:56,559 [ERROR] LogOutputStream:75 - [STDERR_REDIRECT] [Fatal Error] :1:1: Premature end of file.
2026-09-27 16:44:56,559 [ERROR] LogOutputStream:75 - [STDERR_REDIRECT] 
2026-09-27 16:44:57,561 [ERROR] LogOutputStream:75 - [STDERR_REDIRECT] [Fatal Error] :1:1: Premature end of file.
2026-09-27 16:44:57,561 [ERROR] LogOutputStream:75 - [STDERR_REDIRECT] 
2026-09-27 16:44:58,558 [ERROR] LogOutputStream:75 - [STDERR_REDIRECT] [Fatal Error] :1:1: Premature end of file.
2026-09-27 16:44:58,558 [ERROR] LogOutputStream:75 - [STDERR_REDIRECT] 
2026-09-27 16:44:59,566 [ERROR] LogOutputStream:75 - [STDERR_REDIRECT] [Fatal Error] :1:1: Premature end of file.
2026-09-27 16:44:59,566 [ERROR] LogOutputStream:75 - [STDERR_REDIRECT] 
2026-09-27 16:45:00,559 [ERROR] LogOutputStream:75 - [STDERR_REDIRECT] [Fatal Error] :1:1: Premature end of file.
2026-09-27 16:45:00,559 [ERROR] LogOutputStream:75 - [STDERR_REDIRECT] 
2026-09-27 16:45:01,565 [ERROR] LogOutputStream:75 - [STDERR_REDIRECT] [Fatal Error] :1:1: Premature end of file.
2026-09-27 16:45:01,565 [ERROR] LogOutputStream:75 - [STDERR_REDIRECT] 
2026-09-27 16:45:02,557 [ERROR] LogOutputStream:75 - [STDERR_REDIRECT] [Fatal Error] :1:1: Premature end of file.
2026-09-27 16:45:02,557 [ERROR] LogOutputStream:75 - [STDERR_REDIRECT] 
2026-09-27 16:45:03,565 [ERROR] LogOutputStream:75 - [STDERR_REDIRECT] [Fatal Error] :1:1: Premature end of file.
2026-09-27 16:45:03,565 [ERROR] LogOutputStream:75 - [STDERR_REDIRECT] 
2026-09-27 16:45:04,559 [ERROR] LogOutputStream:75 - [STDERR_REDIRECT] [Fatal Error] :1:1: Premature end of file.
2026-09-27 16:45:04,559 [ERROR] LogOutputStream:75 - [STDERR_REDIRECT] 
2026-09-27 16:45:05,560 [ERROR] LogOutputStream:75 - [STDERR_REDIRECT] [Fatal Error] :1:1: Premature end of file.
2026-09-27 16:45:05,560 [ERROR] LogOutputStream:75 - [STDERR_REDIRECT] 
2026-09-27 16:45:06,559 [ERROR] LogOutputStream:75 - [STDERR_REDIRECT] [Fatal Error] :1:1: Premature end of file.
2026-09-27 16:45:06,559 [ERROR] LogOutputStream:75 - [STDERR_REDIRECT] 
2026-09-27 16:45:07,563 [ERROR] LogOutputStream:75 - [STDERR_REDIRECT] [Fatal Error] :1:1: Premature end of file.
2026-09-27 16:45:07,563 [ERROR] LogOutputStream:75 - [STDERR_REDIRECT] 
2026-09-27 16:45:08,558 [ERROR] LogOutputStream:75 - [STDERR_REDIRECT] [Fatal Error] :1:1: Premature end of file.
2026-09-27 16:45:08,559 [ERROR] LogOutputStream:75 - [STDERR_REDIRECT] 
2026-09-27 16:45:09,559 [ERROR] LogOutputStream:75 - [STDERR_REDIRECT] [Fatal Error] :1:1: Premature end of file.
2026-09-27 16:45:09,559 [ERROR] LogOutputStream:75 - [STDERR_REDIRECT] 
2026-09-27 16:45:10,562 [ERROR] LogOutputStream:75 - [STDERR_REDIRECT] [Fatal Error] :1:1: Premature end of file.
2026-09-27 16:45:10,562 [ERROR] LogOutputStream:75 - [STDERR_REDIRECT] 
2026-09-27 16:45:11,559 [ERROR] LogOutputStream:75 - [STDERR_REDIRECT] [Fatal Error] :1:1: Premature end of file.
2026-09-27 16:45:11,559 [ERROR] LogOutputStream:75 - [STDERR_REDIRECT] 
2026-09-27 16:45:12,561 [ERROR] LogOutputStream:75 - [STDERR_REDIRECT] [Fatal Error] :1:1: Premature end of file.
2026-09-27 16:45:12,561 [ERROR] LogOutputStream:75 - [STDERR_REDIRECT] 
2026-09-27 16:45:13,558 [ERROR] LogOutputStream:75 - [STDERR_REDIRECT] [Fatal Error] :1:1: Premature end of file.
2026-09-27 16:45:13,558 [ERROR] LogOutputStream:75 - [STDERR_REDIRECT] 
2026-09-27 16:45:14,564 [ERROR] LogOutputStream:75 - [STDERR_REDIRECT] [Fatal Error] :1:1: Premature end of file.
2026-09-27 16:45:14,564 [ERROR] LogOutputStream:75 - [STDERR_REDIRECT] 
2026-09-27 16:45:15,565 [ERROR] LogOutputStream:75 - [STDERR_REDIRECT] [Fatal Error] :1:1: Premature end of file.
2026-09-27 16:45:15,565 [ERROR] LogOutputStream:75 - [STDERR_REDIRECT] 
2026-09-27 16:45:16,564 [ERROR] LogOutputStream:75 - [STDERR_REDIRECT] [Fatal Error] :1:1: Premature end of file.
2026-09-27 16:45:16,564 [ERROR] LogOutputStream:75 - [STDERR_REDIRECT] 
2026-09-27 16:45:17,561 [ERROR] LogOutputStream:75 - [STDERR_REDIRECT] [Fatal Error] :1:1: Premature end of file.
2026-09-27 16:45:17,561 [ERROR] LogOutputStream:75 - [STDERR_REDIRECT] 
2026-09-27 16:45:18,560 [ERROR] LogOutputStream:75 - [STDERR_REDIRECT] [Fatal Error] :1:1: Premature end of file.
2026-09-27 16:45:18,560 [ERROR] LogOutputStream:75 - [STDERR_REDIRECT] 
2026-09-27 16:45:19,559 [ERROR] LogOutputStream:75 - [STDERR_REDIRECT] [Fatal Error] :1:1: Premature end of file.
2026-09-27 16:45:19,560 [ERROR] LogOutputStream:75 - [STDERR_REDIRECT] 
2026-09-27 16:45:20,560 [ERROR] LogOutputStream:75 - [STDERR_REDIRECT] [Fatal Error] :1:1: Premature end of file.
2026-09-27 16:45:20,560 [ERROR] LogOutputStream:75 - [STDERR_REDIRECT] 
2026-09-27 16:45:21,563 [ERROR] LogOutputStream:75 - [STDERR_REDIRECT] [Fatal Error] :1:1: Premature end of file.
2026-09-27 16:45:21,563 [ERROR] LogOutputStream:75 - [STDERR_REDIRECT] 
2026-09-27 16:45:22,558 [ERROR] LogOutputStream:75 - [STDERR_REDIRECT] [Fatal Error] :1:1: Premature end of file.
2026-09-27 16:45:22,558 [ERROR] LogOutputStream:75 - [STDERR_REDIRECT] 
2026-09-27 16:45:23,559 [ERROR] LogOutputStream:75 - [STDERR_REDIRECT] [Fatal Error] :1:1: Premature end of file.
2026-09-27 16:45:23,559 [ERROR] LogOutputStream:75 - [STDERR_REDIRECT] 
2026-09-27 16:45:24,561 [ERROR] LogOutputStream:75 - [STDERR_REDIRECT] [Fatal Error] :1:1: Premature end of file.
2026-09-27 16:45:24,561 [ERROR] LogOutputStream:75 - [STDERR_REDIRECT] 
2026-09-27 16:45:25,564 [ERROR] LogOutputStream:75 - [STDERR_REDIRECT] [Fatal Error] :1:1: Premature end of file.
2026-09-27 16:45:25,564 [ERROR] LogOutputStream:75 - [STDERR_REDIRECT] 
2026-09-27 16:45:26,563 [ERROR] LogOutputStream:75 - [STDERR_REDIRECT] [Fatal Error] :1:1: Premature end of file.
2026-09-27 16:45:26,563 [ERROR] LogOutputStream:75 - [STDERR_REDIRECT] 
2026-09-27 16:45:27,560 [ERROR] LogOutputStream:75 - [STDERR_REDIRECT] [Fatal Error] :1:1: Premature end of file.
2026-09-27 16:45:27,560 [ERROR] LogOutputStream:75 - [STDERR_REDIRECT] 
2026-09-27 16:45:28,558 [ERROR] LogOutputStream:75 - [STDERR_REDIRECT] [Fatal Error] :1:1: Premature end of file.
2026-09-27 16:45:28,558 [ERROR] LogOutputStream:75 - [STDERR_REDIRECT] 
2026-09-27 16:45:29,559 [ERROR] LogOutputStream:75 - [STDERR_REDIRECT] [Fatal Error] :1:1: Premature end of file.
2026-09-27 16:45:29,559 [ERROR] LogOutputStream:75 - [STDERR_REDIRECT] 
2026-09-27 16:45:30,559 [ERROR] LogOutputStream:75 - [STDERR_REDIRECT] [Fatal Error] :1:1: Premature end of file.
2026-09-27 16:45:30,559 [ERROR] LogOutputStream:75 - [STDERR_REDIRECT] 
2026-09-27 16:45:31,559 [ERROR] LogOutputStream:75 - [STDERR_REDIRECT] [Fatal Error] :1:1: Premature end of file.
2026-09-27 16:45:31,559 [ERROR] LogOutputStream:75 - [STDERR_REDIRECT] 
2026-09-27 16:45:32,559 [ERROR] LogOutputStream:75 - [STDERR_REDIRECT] [Fatal Error] :1:1: Premature end of file.
2026-09-27 16:45:32,559 [ERROR] LogOutputStream:75 - [STDERR_REDIRECT] 
2026-09-27 16:45:33,560 [ERROR] LogOutputStream:75 - [STDERR_REDIRECT] [Fatal Error] :1:1: Premature end of file.
2026-09-27 16:45:33,560 [ERROR] LogOutputStream:75 - [STDERR_REDIRECT] 
2026-09-27 16:45:34,561 [ERROR] LogOutputStream:75 - [STDERR_REDIRECT] [Fatal Error] :1:1: Premature end of file.
2026-09-27 16:45:34,561 [ERROR] LogOutputStream:75 - [STDERR_REDIRECT] 
2026-09-27 16:45:35,558 [ERROR] LogOutputStream:75 - [STDERR_REDIRECT] [Fatal Error] :1:1: Premature end of file.
2026-09-27 16:45:35,558 [ERROR] LogOutputStream:75 - [STDERR_REDIRECT] 
2026-09-27 16:45:36,562 [ERROR] LogOutputStream:75 - [STDERR_REDIRECT] [Fatal Error] :1:1: Premature end of file.
2026-09-27 16:45:36,562 [ERROR] LogOutputStream:75 - [STDERR_REDIRECT] 
2026-09-27 16:45:37,563 [ERROR] LogOutputStream:75 - [STDERR_REDIRECT] [Fatal Error] :1:1: Premature end of file.
2026-09-27 16:45:37,563 [ERROR] LogOutputStream:75 - [STDERR_REDIRECT] 
2026-09-27 16:45:38,562 [ERROR] LogOutputStream:75 - [STDERR_REDIRECT] [Fatal Error] :1:1: Premature end of file.
2026-09-27 16:45:38,562 [ERROR] LogOutputStream:75 - [STDERR_REDIRECT] 
2026-09-27 16:45:39,560 [ERROR] LogOutputStream:75 - [STDERR_REDIRECT] [Fatal Error] :1:1: Premature end of file.
2026-09-27 16:45:39,560 [ERROR] LogOutputStream:75 - [STDERR_REDIRECT] 
2026-09-27 16:45:40,562 [ERROR] LogOutputStream:75 - [STDERR_REDIRECT] [Fatal Error] :1:1: Premature end of file.
2026-09-27 16:45:40,562 [ERROR] LogOutputStream:75 - [STDERR_REDIRECT] 
2026-09-27 16:45:41,560 [ERROR] LogOutputStream:75 - [STDERR_REDIRECT] [Fatal Error] :1:1: Premature end of file.
2026-09-27 16:45:41,561 [ERROR] LogOutputStream:75 - [STDERR_REDIRECT] 
2026-09-27 16:45:42,563 [ERROR] LogOutputStream:75 - [STDERR_REDIRECT] [Fatal Error] :1:1: Premature end of file.
2026-09-27 16:45:42,563 [ERROR] LogOutputStream:75 - [STDERR_REDIRECT] 
2026-09-27 16:45:43,562 [ERROR] LogOutputStream:75 - [STDERR_REDIRECT] [Fatal Error] :1:1: Premature end of file.
2026-09-27 16:45:43,562 [ERROR] LogOutputStream:75 - [STDERR_REDIRECT] 
2026-09-27 16:45:44,557 [ERROR] LogOutputStream:75 - [STDERR_REDIRECT] [Fatal Error] :1:1: Premature end of file.
2026-09-27 16:45:44,557 [ERROR] LogOutputStream:75 - [STDERR_REDIRECT] 
2026-09-27 16:45:45,557 [ERROR] LogOutputStream:75 - [STDERR_REDIRECT] [Fatal Error] :1:1: Premature end of file.
2026-09-27 16:45:45,557 [ERROR] LogOutputStream:75 - [STDERR_REDIRECT] 
2026-09-27 16:45:46,563 [ERROR] LogOutputStream:75 - [STDERR_REDIRECT] [Fatal Error] :1:1: Premature end of file.
2026-09-27 16:45:46,563 [ERROR] LogOutputStream:75 - [STDERR_REDIRECT] 
2026-09-27 16:45:47,562 [ERROR] LogOutputStream:75 - [STDERR_REDIRECT] [Fatal Error] :1:1: Premature end of file.
2026-09-27 16:45:47,562 [ERROR] LogOutputStream:75 - [STDERR_REDIRECT] 
2026-09-27 16:45:48,559 [ERROR] LogOutputStream:75 - [STDERR_REDIRECT] [Fatal Error] :1:1: Premature end of file.
2026-09-27 16:45:48,559 [ERROR] LogOutputStream:75 - [STDERR_REDIRECT] 
2026-09-27 16:45:49,564 [ERROR] LogOutputStream:75 - [STDERR_REDIRECT] [Fatal Error] :1:1: Premature end of file.
2026-09-27 16:45:49,564 [ERROR] LogOutputStream:75 - [STDERR_REDIRECT] 
2026-09-27 16:45:50,561 [ERROR] LogOutputStream:75 - [STDERR_REDIRECT] [Fatal Error] :1:1: Premature end of file.
2026-09-27 16:45:50,562 [ERROR] LogOutputStream:75 - [STDERR_REDIRECT] 
2026-09-27 16:45:51,564 [ERROR] LogOutputStream:75 - [STDERR_REDIRECT] [Fatal Error] :1:1: Premature end of file.
2026-09-27 16:45:51,564 [ERROR] LogOutputStream:75 - [STDERR_REDIRECT] 
2026-09-27 16:45:52,557 [ERROR] LogOutputStream:75 - [STDERR_REDIRECT] [Fatal Error] :1:1: Premature end of file.
2026-09-27 16:45:52,558 [ERROR] LogOutputStream:75 - [STDERR_REDIRECT] 
2026-09-27 16:45:53,564 [ERROR] LogOutputStream:75 - [STDERR_REDIRECT] [Fatal Error] :1:1: Premature end of file.
2026-09-27 16:45:53,564 [ERROR] LogOutputStream:75 - [STDERR_REDIRECT] 
2026-09-27 16:45:54,563 [ERROR] LogOutputStream:75 - [STDERR_REDIRECT] [Fatal Error] :1:1: Premature end of file.
2026-09-27 16:45:54,563 [ERROR] LogOutputStream:75 - [STDERR_REDIRECT] 
2026-09-27 16:45:55,557 [ERROR] LogOutputStream:75 - [STDERR_REDIRECT] [Fatal Error] :1:1: Premature end of file.
2026-09-27 16:45:55,558 [ERROR] LogOutputStream:75 - [STDERR_REDIRECT] 
2026-09-27 16:45:56,561 [ERROR] LogOutputStream:75 - [STDERR_REDIRECT] [Fatal Error] :1:1: Premature end of file.
2026-09-27 16:45:56,561 [ERROR] LogOutputStream:75 - [STDERR_REDIRECT] 
2026-09-27 16:45:57,562 [ERROR] LogOutputStream:75 - [STDERR_REDIRECT] [Fatal Error] :1:1: Premature end of file.
2026-09-27 16:45:57,562 [ERROR] LogOutputStream:75 - [STDERR_REDIRECT] 
2026-09-27 16:45:58,562 [ERROR] LogOutputStream:75 - [STDERR_REDIRECT] [Fatal Error] :1:1: Premature end of file.
2026-09-27 16:45:58,562 [ERROR] LogOutputStream:75 - [STDERR_REDIRECT] 
2026-09-27 16:45:59,562 [ERROR] LogOutputStream:75 - [STDERR_REDIRECT] [Fatal Error] :1:1: Premature end of file.
2026-09-27 16:45:59,562 [ERROR] LogOutputStream:75 - [STDERR_REDIRECT] 
2026-09-27 16:46:00,565 [ERROR] LogOutputStream:75 - [STDERR_REDIRECT] [Fatal Error] :1:1: Premature end of file.
2026-09-27 16:46:00,565 [ERROR] LogOutputStream:75 - [STDERR_REDIRECT] 
2026-09-27 16:46:01,563 [ERROR] LogOutputStream:75 - [STDERR_REDIRECT] [Fatal Error] :1:1: Premature end of file.
2026-09-27 16:46:01,563 [ERROR] LogOutputStream:75 - [STDERR_REDIRECT] 
2026-09-27 16:46:02,562 [ERROR] LogOutputStream:75 - [STDERR_REDIRECT] [Fatal Error] :1:1: Premature end of file.
2026-09-27 16:46:02,562 [ERROR] LogOutputStream:75 - [STDERR_REDIRECT] 
2026-09-27 16:46:03,560 [ERROR] LogOutputStream:75 - [STDERR_REDIRECT] [Fatal Error] :1:1: Premature end of file.
2026-09-27 16:46:03,560 [ERROR] LogOutputStream:75 - [STDERR_REDIRECT] 
2026-09-27 16:46:04,561 [ERROR] LogOutputStream:75 - [STDERR_REDIRECT] [Fatal Error] :1:1: Premature end of file.
2026-09-27 16:46:04,561 [ERROR] LogOutputStream:75 - [STDERR_REDIRECT] 
2026-09-27 16:46:05,558 [ERROR] LogOutputStream:75 - [STDERR_REDIRECT] [Fatal Error] :1:1: Premature end of file.
2026-09-27 16:46:05,558 [ERROR] LogOutputStream:75 - [STDERR_REDIRECT] 
2026-09-27 16:46:06,561 [ERROR] LogOutputStream:75 - [STDERR_REDIRECT] [Fatal Error] :1:1: Premature end of file.
2026-09-27 16:46:06,562 [ERROR] LogOutputStream:75 - [STDERR_REDIRECT] 
2026-09-27 16:46:07,562 [ERROR] LogOutputStream:75 - [STDERR_REDIRECT] [Fatal Error] :1:1: Premature end of file.
2026-09-27 16:46:07,562 [ERROR] LogOutputStream:75 - [STDERR_REDIRECT] 
2026-09-27 16:46:08,562 [ERROR] LogOutputStream:75 - [STDERR_REDIRECT] [Fatal Error] :1:1: Premature end of file.
2026-09-27 16:46:08,562 [ERROR] LogOutputStream:75 - [STDERR_REDIRECT] 
2026-09-27 16:46:09,561 [ERROR] LogOutputStream:75 - [STDERR_REDIRECT] [Fatal Error] :1:1: Premature end of file.
2026-09-27 16:46:09,562 [ERROR] LogOutputStream:75 - [STDERR_REDIRECT] 
2026-09-27 16:46:10,563 [ERROR] LogOutputStream:75 - [STDERR_REDIRECT] [Fatal Error] :1:1: Premature end of file.
2026-09-27 16:46:10,563 [ERROR] LogOutputStream:75 - [STDERR_REDIRECT] 
2026-09-27 16:46:11,562 [ERROR] LogOutputStream:75 - [STDERR_REDIRECT] [Fatal Error] :1:1: Premature end of file.
2026-09-27 16:46:11,562 [ERROR] LogOutputStream:75 - [STDERR_REDIRECT] 
2026-09-27 16:46:12,561 [ERROR] LogOutputStream:75 - [STDERR_REDIRECT] [Fatal Error] :1:1: Premature end of file.
2026-09-27 16:46:12,561 [ERROR] LogOutputStream:75 - [STDERR_REDIRECT] 
2026-09-27 16:46:13,561 [ERROR] LogOutputStream:75 - [STDERR_REDIRECT] [Fatal Error] :1:1: Premature end of file.
2026-09-27 16:46:13,562 [ERROR] LogOutputStream:75 - [STDERR_REDIRECT] 
2026-09-27 16:46:14,562 [ERROR] LogOutputStream:75 - [STDERR_REDIRECT] [Fatal Error] :1:1: Premature end of file.
2026-09-27 16:46:14,562 [ERROR] LogOutputStream:75 - [STDERR_REDIRECT] 
2026-09-27 16:46:15,558 [ERROR] LogOutputStream:75 - [STDERR_REDIRECT] [Fatal Error] :1:1: Premature end of file.
2026-09-27 16:46:15,558 [ERROR] LogOutputStream:75 - [STDERR_REDIRECT] 
2026-09-27 16:46:16,562 [ERROR] LogOutputStream:75 - [STDERR_REDIRECT] [Fatal Error] :1:1: Premature end of file.
2026-09-27 16:46:16,562 [ERROR] LogOutputStream:75 - [STDERR_REDIRECT] 
2026-09-27 16:46:17,561 [ERROR] LogOutputStream:75 - [STDERR_REDIRECT] [Fatal Error] :1:1: Premature end of file.
2026-09-27 16:46:17,561 [ERROR] LogOutputStream:75 - [STDERR_REDIRECT] 
2026-09-27 16:46:18,561 [ERROR] LogOutputStream:75 - [STDERR_REDIRECT] [Fatal Error] :1:1: Premature end of file.
2026-09-27 16:46:18,561 [ERROR] LogOutputStream:75 - [STDERR_REDIRECT] 
2026-09-27 16:46:19,560 [ERROR] LogOutputStream:75 - [STDERR_REDIRECT] [Fatal Error] :1:1: Premature end of file.
2026-09-27 16:46:19,561 [ERROR] LogOutputStream:75 - [STDERR_REDIRECT] 
2026-09-27 16:46:20,562 [ERROR] LogOutputStream:75 - [STDERR_REDIRECT] [Fatal Error] :1:1: Premature end of file.
2026-09-27 16:46:20,562 [ERROR] LogOutputStream:75 - [STDERR_REDIRECT] 
2026-09-27 16:46:21,560 [ERROR] LogOutputStream:75 - [STDERR_REDIRECT] [Fatal Error] :1:1: Premature end of file.
2026-09-27 16:46:21,560 [ERROR] LogOutputStream:75 - [STDERR_REDIRECT] 
2026-09-27 16:46:22,560 [ERROR] LogOutputStream:75 - [STDERR_REDIRECT] [Fatal Error] :1:1: Premature end of file.
2026-09-27 16:46:22,561 [ERROR] LogOutputStream:75 - [STDERR_REDIRECT] 
2026-09-27 16:46:23,561 [ERROR] LogOutputStream:75 - [STDERR_REDIRECT] [Fatal Error] :1:1: Premature end of file.
2026-09-27 16:46:23,561 [ERROR] LogOutputStream:75 - [STDERR_REDIRECT] 
2026-09-27 16:46:24,562 [ERROR] LogOutputStream:75 - [STDERR_REDIRECT] [Fatal Error] :1:1: Premature end of file.
2026-09-27 16:46:24,562 [ERROR] LogOutputStream:75 - [STDERR_REDIRECT] 
2026-09-27 16:46:25,556 [ERROR] LogOutputStream:75 - [STDERR_REDIRECT] [Fatal Error] :1:1: Premature end of file.
2026-09-27 16:46:25,556 [ERROR] LogOutputStream:75 - [STDERR_REDIRECT] 
2026-09-27 16:46:26,556 [ERROR] LogOutputStream:75 - [STDERR_REDIRECT] [Fatal Error] :1:1: Premature end of file.
2026-09-27 16:46:26,556 [ERROR] LogOutputStream:75 - [STDERR_REDIRECT] 
2026-09-27 16:46:27,556 [ERROR] LogOutputStream:75 - [STDERR_REDIRECT] [Fatal Error] :1:1: Premature end of file.
2026-09-27 16:46:27,556 [ERROR] LogOutputStream:75 - [STDERR_REDIRECT] 
2026-09-27 16:46:28,555 [ERROR] LogOutputStream:75 - [STDERR_REDIRECT] [Fatal Error] :1:1: Premature end of file.
2026-09-27 16:46:28,555 [ERROR] LogOutputStream:75 - [STDERR_REDIRECT] 
2026-09-27 16:46:29,556 [ERROR] LogOutputStream:75 - [STDERR_REDIRECT] [Fatal Error] :1:1: Premature end of file.
2026-09-27 16:46:29,556 [ERROR] LogOutputStream:75 - [STDERR_REDIRECT] 
2026-09-27 16:46:30,556 [ERROR] LogOutputStream:75 - [STDERR_REDIRECT] [Fatal Error] :1:1: Premature end of file.
2026-09-27 16:46:30,556 [ERROR] LogOutputStream:75 - [STDERR_REDIRECT] 
2026-09-27 16:46:31,556 [ERROR] LogOutputStream:75 - [STDERR_REDIRECT] [Fatal Error] :1:1: Premature end of file.
2026-09-27 16:46:31,556 [ERROR] LogOutputStream:75 - [STDERR_REDIRECT] 
2026-09-27 16:46:32,556 [ERROR] LogOutputStream:75 - [STDERR_REDIRECT] [Fatal Error] :1:1: Premature end of file.
2026-09-27 16:46:32,556 [ERROR] LogOutputStream:75 - [STDERR_REDIRECT] 
2026-09-27 16:46:33,556 [ERROR] LogOutputStream:75 - [STDERR_REDIRECT] [Fatal Error] :1:1: Premature end of file.
2026-09-27 16:46:33,556 [ERROR] LogOutputStream:75 - [STDERR_REDIRECT] 
2026-09-27 16:46:34,556 [ERROR] LogOutputStream:75 - [STDERR_REDIRECT] [Fatal Error] :1:1: Premature end of file.
2026-09-27 16:46:34,556 [ERROR] LogOutputStream:75 - [STDERR_REDIRECT] 
2026-09-27 16:46:35,559 [ERROR] LogOutputStream:75 - [STDERR_REDIRECT] [Fatal Error] :1:1: Premature end of file.
2026-09-27 16:46:35,559 [ERROR] LogOutputStream:75 - [STDERR_REDIRECT] 
2026-09-27 16:46:36,556 [ERROR] LogOutputStream:75 - [STDERR_REDIRECT] [Fatal Error] :1:1: Premature end of file.
2026-09-27 16:46:36,556 [ERROR] LogOutputStream:75 - [STDERR_REDIRECT] 
2026-09-27 16:46:37,556 [ERROR] LogOutputStream:75 - [STDERR_REDIRECT] [Fatal Error] :1:1: Premature end of file.
2026-09-27 16:46:37,556 [ERROR] LogOutputStream:75 - [STDERR_REDIRECT] 
2026-09-27 16:46:38,557 [ERROR] LogOutputStream:75 - [STDERR_REDIRECT] [Fatal Error] :1:1: Premature end of file.
2026-09-27 16:46:38,557 [ERROR] LogOutputStream:75 - [STDERR_REDIRECT] 
2026-09-27 16:46:39,556 [ERROR] LogOutputStream:75 - [STDERR_REDIRECT] [Fatal Error] :1:1: Premature end of file.
2026-09-27 16:46:39,556 [ERROR] LogOutputStream:75 - [STDERR_REDIRECT] 
2026-09-27 16:46:40,556 [ERROR] LogOutputStream:75 - [STDERR_REDIRECT] [Fatal Error] :1:1: Premature end of file.
2026-09-27 16:46:40,556 [ERROR] LogOutputStream:75 - [STDERR_REDIRECT] 
2026-09-27 16:46:41,559 [ERROR] LogOutputStream:75 - [STDERR_REDIRECT] [Fatal Error] :1:1: Premature end of file.
2026-09-27 16:46:41,559 [ERROR] LogOutputStream:75 - [STDERR_REDIRECT] 
2026-09-27 16:46:42,556 [ERROR] LogOutputStream:75 - [STDERR_REDIRECT] [Fatal Error] :1:1: Premature end of file.
2026-09-27 16:46:42,556 [ERROR] LogOutputStream:75 - [STDERR_REDIRECT] 
2026-09-27 16:46:43,555 [ERROR] LogOutputStream:75 - [STDERR_REDIRECT] [Fatal Error] :1:1: Premature end of file.
2026-09-27 16:46:43,555 [ERROR] LogOutputStream:75 - [STDERR_REDIRECT] 
2026-09-27 16:46:44,555 [ERROR] LogOutputStream:75 - [STDERR_REDIRECT] [Fatal Error] :1:1: Premature end of file.
2026-09-27 16:46:44,555 [ERROR] LogOutputStream:75 - [STDERR_REDIRECT] 
2026-09-27 16:46:45,557 [ERROR] LogOutputStream:75 - [STDERR_REDIRECT] [Fatal Error] :1:1: Premature end of file.
2026-09-27 16:46:45,557 [ERROR] LogOutputStream:75 - [STDERR_REDIRECT] 
2026-09-27 16:46:46,556 [ERROR] LogOutputStream:75 - [STDERR_REDIRECT] [Fatal Error] :1:1: Premature end of file.
2026-09-27 16:46:46,556 [ERROR] LogOutputStream:75 - [STDERR_REDIRECT] 
2026-09-27 16:46:47,554 [ERROR] LogOutputStream:75 - [STDERR_REDIRECT] [Fatal Error] :1:1: Premature end of file.
2026-09-27 16:46:47,554 [ERROR] LogOutputStream:75 - [STDERR_REDIRECT] 
2026-09-27 16:46:48,558 [ERROR] LogOutputStream:75 - [STDERR_REDIRECT] [Fatal Error] :1:1: Premature end of file.
2026-09-27 16:46:48,558 [ERROR] LogOutputStream:75 - [STDERR_REDIRECT] 
2026-09-27 16:46:49,555 [ERROR] LogOutputStream:75 - [STDERR_REDIRECT] [Fatal Error] :1:1: Premature end of file.
2026-09-27 16:46:49,555 [ERROR] LogOutputStream:75 - [STDERR_REDIRECT] 
2026-09-27 16:46:50,555 [ERROR] LogOutputStream:75 - [STDERR_REDIRECT] [Fatal Error] :1:1: Premature end of file.
2026-09-27 16:46:50,555 [ERROR] LogOutputStream:75 - [STDERR_REDIRECT] 
2026-09-27 16:46:51,555 [ERROR] LogOutputStream:75 - [STDERR_REDIRECT] [Fatal Error] :1:1: Premature end of file.
2026-09-27 16:46:51,555 [ERROR] LogOutputStream:75 - [STDERR_REDIRECT] 
2026-09-27 16:46:52,555 [ERROR] LogOutputStream:75 - [STDERR_REDIRECT] [Fatal Error] :1:1: Premature end of file.
2026-09-27 16:46:52,555 [ERROR] LogOutputStream:75 - [STDERR_REDIRECT] 
2026-09-27 16:46:53,556 [ERROR] LogOutputStream:75 - [STDERR_REDIRECT] [Fatal Error] :1:1: Premature end of file.
2026-09-27 16:46:53,556 [ERROR] LogOutputStream:75 - [STDERR_REDIRECT] 
2026-09-27 16:46:54,555 [ERROR] LogOutputStream:75 - [STDERR_REDIRECT] [Fatal Error] :1:1: Premature end of file.
2026-09-27 16:46:54,555 [ERROR] LogOutputStream:75 - [STDERR_REDIRECT] 
2026-09-27 16:46:55,556 [ERROR] LogOutputStream:75 - [STDERR_REDIRECT] [Fatal Error] :1:1: Premature end of file.
2026-09-27 16:46:55,556 [ERROR] LogOutputStream:75 - [STDERR_REDIRECT] 
2026-09-27 16:46:56,556 [ERROR] LogOutputStream:75 - [STDERR_REDIRECT] [Fatal Error] :1:1: Premature end of file.
2026-09-27 16:46:56,556 [ERROR] LogOutputStream:75 - [STDERR_REDIRECT] 
2026-09-27 16:46:57,555 [ERROR] LogOutputStream:75 - [STDERR_REDIRECT] [Fatal Error] :1:1: Premature end of file.
2026-09-27 16:46:57,557 [ERROR] LogOutputStream:75 - [STDERR_REDIRECT] 
2026-09-27 16:46:58,556 [ERROR] LogOutputStream:75 - [STDERR_REDIRECT] [Fatal Error] :1:1: Premature end of file.
2026-09-27 16:46:58,556 [ERROR] LogOutputStream:75 - [STDERR_REDIRECT] 
2026-09-27 16:46:59,555 [ERROR] LogOutputStream:75 - [STDERR_REDIRECT] [Fatal Error] :1:1: Premature end of file.
2026-09-27 16:46:59,557 [ERROR] LogOutputStream:75 - [STDERR_REDIRECT] 
2026-09-27 16:47:00,554 [ERROR] LogOutputStream:75 - [STDERR_REDIRECT] [Fatal Error] :1:1: Premature end of file.
2026-09-27 16:47:00,560 [ERROR] LogOutputStream:75 - [STDERR_REDIRECT] 
2026-09-27 16:47:01,555 [ERROR] LogOutputStream:75 - [STDERR_REDIRECT] [Fatal Error] :1:1: Premature end of file.
2026-09-27 16:47:01,555 [ERROR] LogOutputStream:75 - [STDERR_REDIRECT] 
2026-09-27 16:47:02,555 [ERROR] LogOutputStream:75 - [STDERR_REDIRECT] [Fatal Error] :1:1: Premature end of file.
2026-09-27 16:47:02,555 [ERROR] LogOutputStream:75 - [STDERR_REDIRECT] 
2026-09-27 16:47:03,559 [ERROR] LogOutputStream:75 - [STDERR_REDIRECT] [Fatal Error] :1:1: Premature end of file.
2026-09-27 16:47:03,559 [ERROR] LogOutputStream:75 - [STDERR_REDIRECT] 
2026-09-27 16:47:04,554 [ERROR] LogOutputStream:75 - [STDERR_REDIRECT] [Fatal Error] :1:1: Premature end of file.
2026-09-27 16:47:04,554 [ERROR] LogOutputStream:75 - [STDERR_REDIRECT] 
2026-09-27 16:47:05,554 [ERROR] LogOutputStream:75 - [STDERR_REDIRECT] [Fatal Error] :1:1: Premature end of file.
2026-09-27 16:47:05,554 [ERROR] LogOutputStream:75 - [STDERR_REDIRECT] 
2026-09-27 16:47:06,554 [ERROR] LogOutputStream:75 - [STDERR_REDIRECT] [Fatal Error] :1:1: Premature end of file.
2026-09-27 16:47:06,555 [ERROR] LogOutputStream:75 - [STDERR_REDIRECT] 
2026-09-27 16:47:07,555 [ERROR] LogOutputStream:75 - [STDERR_REDIRECT] [Fatal Error] :1:1: Premature end of file.
2026-09-27 16:47:07,555 [ERROR] LogOutputStream:75 - [STDERR_REDIRECT] 
2026-09-27 16:47:08,556 [ERROR] LogOutputStream:75 - [STDERR_REDIRECT] [Fatal Error] :1:1: Premature end of file.
2026-09-27 16:47:08,556 [ERROR] LogOutputStream:75 - [STDERR_REDIRECT] 
2026-09-27 16:47:09,555 [ERROR] LogOutputStream:75 - [STDERR_REDIRECT] [Fatal Error] :1:1: Premature end of file.
2026-09-27 16:47:09,555 [ERROR] LogOutputStream:75 - [STDERR_REDIRECT] 
2026-09-27 16:47:10,557 [ERROR] LogOutputStream:75 - [STDERR_REDIRECT] [Fatal Error] :1:1: Premature end of file.
2026-09-27 16:47:10,557 [ERROR] LogOutputStream:75 - [STDERR_REDIRECT] 
2026-09-27 16:47:11,555 [ERROR] LogOutputStream:75 - [STDERR_REDIRECT] [Fatal Error] :1:1: Premature end of file.
2026-09-27 16:47:11,555 [ERROR] LogOutputStream:75 - [STDERR_REDIRECT] 
2026-09-27 16:47:12,557 [ERROR] LogOutputStream:75 - [STDERR_REDIRECT] [Fatal Error] :1:1: Premature end of file.
2026-09-27 16:47:12,558 [ERROR] LogOutputStream:75 - [STDERR_REDIRECT] 
2026-09-27 16:47:13,557 [ERROR] LogOutputStream:75 - [STDERR_REDIRECT] [Fatal Error] :1:1: Premature end of file.
2026-09-27 16:47:13,557 [ERROR] LogOutputStream:75 - [STDERR_REDIRECT] 
2026-09-27 16:47:14,553 [ERROR] LogOutputStream:75 - [STDERR_REDIRECT] [Fatal Error] :1:1: Premature end of file.
2026-09-27 16:47:14,554 [ERROR] LogOutputStream:75 - [STDERR_REDIRECT] 
2026-09-27 16:47:15,556 [ERROR] LogOutputStream:75 - [STDERR_REDIRECT] [Fatal Error] :1:1: Premature end of file.
2026-09-27 16:47:15,556 [ERROR] LogOutputStream:75 - [STDERR_REDIRECT] 
2026-09-27 16:47:16,558 [ERROR] LogOutputStream:75 - [STDERR_REDIRECT] [Fatal Error] :1:1: Premature end of file.
2026-09-27 16:47:16,558 [ERROR] LogOutputStream:75 - [STDERR_REDIRECT] 
2026-09-27 16:47:17,560 [ERROR] LogOutputStream:75 - [STDERR_REDIRECT] [Fatal Error] :1:1: Premature end of file.
2026-09-27 16:47:17,560 [ERROR] LogOutputStream:75 - [STDERR_REDIRECT] 
2026-09-27 16:47:18,556 [ERROR] LogOutputStream:75 - [STDERR_REDIRECT] [Fatal Error] :1:1: Premature end of file.
2026-09-27 16:47:18,556 [ERROR] LogOutputStream:75 - [STDERR_REDIRECT] 
2026-09-27 16:47:19,555 [ERROR] LogOutputStream:75 - [STDERR_REDIRECT] [Fatal Error] :1:1: Premature end of file.
2026-09-27 16:47:19,555 [ERROR] LogOutputStream:75 - [STDERR_REDIRECT] 
2026-09-27 16:47:20,556 [ERROR] LogOutputStream:75 - [STDERR_REDIRECT] [Fatal Error] :1:1: Premature end of file.
2026-09-27 16:47:20,556 [ERROR] LogOutputStream:75 - [STDERR_REDIRECT] 
2026-09-27 16:47:21,557 [ERROR] LogOutputStream:75 - [STDERR_REDIRECT] [Fatal Error] :1:1: Premature end of file.
2026-09-27 16:47:21,557 [ERROR] LogOutputStream:75 - [STDERR_REDIRECT] 
2026-09-27 16:47:22,555 [ERROR] LogOutputStream:75 - [STDERR_REDIRECT] [Fatal Error] :1:1: Premature end of file.
2026-09-27 16:47:22,555 [ERROR] LogOutputStream:75 - [STDERR_REDIRECT] 
2026-09-27 16:47:23,559 [ERROR] LogOutputStream:75 - [STDERR_REDIRECT] [Fatal Error] :1:1: Premature end of file.
2026-09-27 16:47:23,559 [ERROR] LogOutputStream:75 - [STDERR_REDIRECT] 
2026-09-27 16:47:24,556 [ERROR] LogOutputStream:75 - [STDERR_REDIRECT] [Fatal Error] :1:1: Premature end of file.
2026-09-27 16:47:24,556 [ERROR] LogOutputStream:75 - [STDERR_REDIRECT] 
2026-09-27 16:47:25,556 [ERROR] LogOutputStream:75 - [STDERR_REDIRECT] [Fatal Error] :1:1: Premature end of file.
2026-09-27 16:47:25,556 [ERROR] LogOutputStream:75 - [STDERR_REDIRECT] 
2026-09-27 16:47:26,558 [ERROR] LogOutputStream:75 - [STDERR_REDIRECT] [Fatal Error] :1:1: Premature end of file.
2026-09-27 16:47:26,558 [ERROR] LogOutputStream:75 - [STDERR_REDIRECT] 
2026-09-27 16:47:27,557 [ERROR] LogOutputStream:75 - [STDERR_REDIRECT] [Fatal Error] :1:1: Premature end of file.
2026-09-27 16:47:27,558 [ERROR] LogOutputStream:75 - [STDERR_REDIRECT] 
2026-09-27 16:47:28,554 [ERROR] LogOutputStream:75 - [STDERR_REDIRECT] [Fatal Error] :1:1: Premature end of file.
2026-09-27 16:47:28,554 [ERROR] LogOutputStream:75 - [STDERR_REDIRECT] 
2026-09-27 16:47:29,555 [ERROR] LogOutputStream:75 - [STDERR_REDIRECT] [Fatal Error] :1:1: Premature end of file.
2026-09-27 16:47:29,555 [ERROR] LogOutputStream:75 - [STDERR_REDIRECT] 
2026-09-27 16:47:30,556 [ERROR] LogOutputStream:75 - [STDERR_REDIRECT] [Fatal Error] :1:1: Premature end of file.
2026-09-27 16:47:30,556 [ERROR] LogOutputStream:75 - [STDERR_REDIRECT] 
2026-09-27 16:47:31,556 [ERROR] LogOutputStream:75 - [STDERR_REDIRECT] [Fatal Error] :1:1: Premature end of file.
2026-09-27 16:47:31,556 [ERROR] LogOutputStream:75 - [STDERR_REDIRECT] 
2026-09-27 16:47:32,559 [ERROR] LogOutputStream:75 - [STDERR_REDIRECT] [Fatal Error] :1:1: Premature end of file.
2026-09-27 16:47:32,559 [ERROR] LogOutputStream:75 - [STDERR_REDIRECT] 
2026-09-27 16:47:33,555 [ERROR] LogOutputStream:75 - [STDERR_REDIRECT] [Fatal Error] :1:1: Premature end of file.
2026-09-27 16:47:33,555 [ERROR] LogOutputStream:75 - [STDERR_REDIRECT] 
2026-09-27 16:47:34,557 [ERROR] LogOutputStream:75 - [STDERR_REDIRECT] [Fatal Error] :1:1: Premature end of file.
2026-09-27 16:47:34,558 [ERROR] LogOutputStream:75 - [STDERR_REDIRECT] 
2026-09-27 16:47:35,554 [ERROR] LogOutputStream:75 - [STDERR_REDIRECT] [Fatal Error] :1:1: Premature end of file.
2026-09-27 16:47:35,554 [ERROR] LogOutputStream:75 - [STDERR_REDIRECT] 
2026-09-27 16:47:36,558 [ERROR] LogOutputStream:75 - [STDERR_REDIRECT] [Fatal Error] :1:1: Premature end of file.
2026-09-27 16:47:36,558 [ERROR] LogOutputStream:75 - [STDERR_REDIRECT] 
2026-09-27 16:47:37,555 [ERROR] LogOutputStream:75 - [STDERR_REDIRECT] [Fatal Error] :1:1: Premature end of file.
2026-09-27 16:47:37,556 [ERROR] LogOutputStream:75 - [STDERR_REDIRECT] 
2026-09-27 16:47:38,555 [ERROR] LogOutputStream:75 - [STDERR_REDIRECT] [Fatal Error] :1:1: Premature end of file.
2026-09-27 16:47:38,556 [ERROR] LogOutputStream:75 - [STDERR_REDIRECT] 
2026-09-27 16:47:39,556 [ERROR] LogOutputStream:75 - [STDERR_REDIRECT] [Fatal Error] :1:1: Premature end of file.
2026-09-27 16:47:39,556 [ERROR] LogOutputStream:75 - [STDERR_REDIRECT] 
2026-09-27 16:47:40,554 [ERROR] LogOutputStream:75 - [STDERR_REDIRECT] [Fatal Error] :1:1: Premature end of file.
2026-09-27 16:47:40,554 [ERROR] LogOutputStream:75 - [STDERR_REDIRECT] 
2026-09-27 16:47:41,557 [ERROR] LogOutputStream:75 - [STDERR_REDIRECT] [Fatal Error] :1:1: Premature end of file.
2026-09-27 16:47:41,557 [ERROR] LogOutputStream:75 - [STDERR_REDIRECT] 
2026-09-27 16:47:42,561 [ERROR] LogOutputStream:75 - [STDERR_REDIRECT] [Fatal Error] :1:1: Premature end of file.
2026-09-27 16:47:42,561 [ERROR] LogOutputStream:75 - [STDERR_REDIRECT] 
2026-09-27 16:47:43,556 [ERROR] LogOutputStream:75 - [STDERR_REDIRECT] [Fatal Error] :1:1: Premature end of file.
2026-09-27 16:47:43,556 [ERROR] LogOutputStream:75 - [STDERR_REDIRECT] 
2026-09-27 16:47:44,557 [ERROR] LogOutputStream:75 - [STDERR_REDIRECT] [Fatal Error] :1:1: Premature end of file.
2026-09-27 16:47:44,557 [ERROR] LogOutputStream:75 - [STDERR_REDIRECT] 
2026-09-27 16:47:45,556 [ERROR] LogOutputStream:75 - [STDERR_REDIRECT] [Fatal Error] :1:1: Premature end of file.
2026-09-27 16:47:45,556 [ERROR] LogOutputStream:75 - [STDERR_REDIRECT] 
2026-09-27 16:47:46,555 [ERROR] LogOutputStream:75 - [STDERR_REDIRECT] [Fatal Error] :1:1: Premature end of file.
2026-09-27 16:47:46,555 [ERROR] LogOutputStream:75 - [STDERR_REDIRECT] 
2026-09-27 16:47:47,553 [ERROR] LogOutputStream:75 - [STDERR_REDIRECT] [Fatal Error] :1:1: Premature end of file.
2026-09-27 16:47:47,553 [ERROR] LogOutputStream:75 - [STDERR_REDIRECT] 
2026-09-27 16:47:48,554 [ERROR] LogOutputStream:75 - [STDERR_REDIRECT] [Fatal Error] :1:1: Premature end of file.
2026-09-27 16:47:48,554 [ERROR] LogOutputStream:75 - [STDERR_REDIRECT] 
2026-09-27 16:47:49,557 [ERROR] LogOutputStream:75 - [STDERR_REDIRECT] [Fatal Error] :1:1: Premature end of file.
2026-09-27 16:47:49,557 [ERROR] LogOutputStream:75 - [STDERR_REDIRECT] 
2026-09-27 16:47:50,556 [ERROR] LogOutputStream:75 - [STDERR_REDIRECT] [Fatal Error] :1:1: Premature end of file.
2026-09-27 16:47:50,556 [ERROR] LogOutputStream:75 - [STDERR_REDIRECT] 
2026-09-27 16:47:51,556 [ERROR] LogOutputStream:75 - [STDERR_REDIRECT] [Fatal Error] :1:1: Premature end of file.
2026-09-27 16:47:51,556 [ERROR] LogOutputStream:75 - [STDERR_REDIRECT] 
2026-09-27 16:47:52,554 [ERROR] LogOutputStream:75 - [STDERR_REDIRECT] [Fatal Error] :1:1: Premature end of file.
2026-09-27 16:47:52,554 [ERROR] LogOutputStream:75 - [STDERR_REDIRECT] 
2026-09-27 16:47:53,557 [ERROR] LogOutputStream:75 - [STDERR_REDIRECT] [Fatal Error] :1:1: Premature end of file.
2026-09-27 16:47:53,557 [ERROR] LogOutputStream:75 - [STDERR_REDIRECT] 
2026-09-27 16:47:54,556 [ERROR] LogOutputStream:75 - [STDERR_REDIRECT] [Fatal Error] :1:1: Premature end of file.
2026-09-27 16:47:54,556 [ERROR] LogOutputStream:75 - [STDERR_REDIRECT] 
2026-09-27 16:47:55,556 [ERROR] LogOutputStream:75 - [STDERR_REDIRECT] [Fatal Error] :1:1: Premature end of file.
2026-09-27 16:47:55,556 [ERROR] LogOutputStream:75 - [STDERR_REDIRECT] 
2026-09-27 16:47:56,556 [ERROR] LogOutputStream:75 - [STDERR_REDIRECT] [Fatal Error] :1:1: Premature end of file.
2026-09-27 16:47:56,556 [ERROR] LogOutputStream:75 - [STDERR_REDIRECT] 
2026-09-27 16:47:57,555 [ERROR] LogOutputStream:75 - [STDERR_REDIRECT] [Fatal Error] :1:1: Premature end of file.
2026-09-27 16:47:57,555 [ERROR] LogOutputStream:75 - [STDERR_REDIRECT] 
2026-09-27 16:47:58,555 [ERROR] LogOutputStream:75 - [STDERR_REDIRECT] [Fatal Error] :1:1: Premature end of file.
2026-09-27 16:47:58,555 [ERROR] LogOutputStream:75 - [STDERR_REDIRECT] 
2026-09-27 16:47:59,556 [ERROR] LogOutputStream:75 - [STDERR_REDIRECT] [Fatal Error] :1:1: Premature end of file.
2026-09-27 16:47:59,556 [ERROR] LogOutputStream:75 - [STDERR_REDIRECT] 
2026-09-27 16:48:00,558 [ERROR] LogOutputStream:75 - [STDERR_REDIRECT] [Fatal Error] :1:1: Premature end of file.
2026-09-27 16:48:00,558 [ERROR] LogOutputStream:75 - [STDERR_REDIRECT] 
2026-09-27 16:48:01,556 [ERROR] LogOutputStream:75 - [STDERR_REDIRECT] [Fatal Error] :1:1: Premature end of file.
2026-09-27 16:48:01,556 [ERROR] LogOutputStream:75 - [STDERR_REDIRECT] 
2026-09-27 16:48:02,557 [ERROR] LogOutputStream:75 - [STDERR_REDIRECT] [Fatal Error] :1:1: Premature end of file.
2026-09-27 16:48:02,557 [ERROR] LogOutputStream:75 - [STDERR_REDIRECT] 
2026-09-27 16:48:03,556 [ERROR] LogOutputStream:75 - [STDERR_REDIRECT] [Fatal Error] :1:1: Premature end of file.
2026-09-27 16:48:03,556 [ERROR] LogOutputStream:75 - [STDERR_REDIRECT] 
2026-09-27 16:48:04,555 [ERROR] LogOutputStream:75 - [STDERR_REDIRECT] [Fatal Error] :1:1: Premature end of file.
2026-09-27 16:48:04,555 [ERROR] LogOutputStream:75 - [STDERR_REDIRECT] 
2026-09-27 16:48:05,557 [ERROR] LogOutputStream:75 - [STDERR_REDIRECT] [Fatal Error] :1:1: Premature end of file.
2026-09-27 16:48:05,557 [ERROR] LogOutputStream:75 - [STDERR_REDIRECT] 
2026-09-27 16:48:06,558 [ERROR] LogOutputStream:75 - [STDERR_REDIRECT] [Fatal Error] :1:1: Premature end of file.
2026-09-27 16:48:06,558 [ERROR] LogOutputStream:75 - [STDERR_REDIRECT] 
2026-09-27 16:48:07,555 [ERROR] LogOutputStream:75 - [STDERR_REDIRECT] [Fatal Error] :1:1: Premature end of file.
2026-09-27 16:48:07,555 [ERROR] LogOutputStream:75 - [STDERR_REDIRECT] 
2026-09-27 16:48:08,556 [ERROR] LogOutputStream:75 - [STDERR_REDIRECT] [Fatal Error] :1:1: Premature end of file.
2026-09-27 16:48:08,556 [ERROR] LogOutputStream:75 - [STDERR_REDIRECT] 
2026-09-27 16:48:09,555 [ERROR] LogOutputStream:75 - [STDERR_REDIRECT] [Fatal Error] :1:1: Premature end of file.
2026-09-27 16:48:09,555 [ERROR] LogOutputStream:75 - [STDERR_REDIRECT] 
2026-09-27 16:48:10,556 [ERROR] LogOutputStream:75 - [STDERR_REDIRECT] [Fatal Error] :1:1: Premature end of file.
2026-09-27 16:48:10,557 [ERROR] LogOutputStream:75 - [STDERR_REDIRECT] 
2026-09-27 16:48:11,556 [ERROR] LogOutputStream:75 - [STDERR_REDIRECT] [Fatal Error] :1:1: Premature end of file.
2026-09-27 16:48:11,556 [ERROR] LogOutputStream:75 - [STDERR_REDIRECT] 
2026-09-27 16:48:12,557 [ERROR] LogOutputStream:75 - [STDERR_REDIRECT] [Fatal Error] :1:1: Premature end of file.
2026-09-27 16:48:12,557 [ERROR] LogOutputStream:75 - [STDERR_REDIRECT] 
2026-09-27 16:48:13,556 [ERROR] LogOutputStream:75 - [STDERR_REDIRECT] [Fatal Error] :1:1: Premature end of file.
2026-09-27 16:48:13,556 [ERROR] LogOutputStream:75 - [STDERR_REDIRECT] 
2026-09-27 16:48:14,559 [ERROR] LogOutputStream:75 - [STDERR_REDIRECT] [Fatal Error] :1:1: Premature end of file.
2026-09-27 16:48:14,559 [ERROR] LogOutputStream:75 - [STDERR_REDIRECT] 
2026-09-27 16:48:15,556 [ERROR] LogOutputStream:75 - [STDERR_REDIRECT] [Fatal Error] :1:1: Premature end of file.
2026-09-27 16:48:15,556 [ERROR] LogOutputStream:75 - [STDERR_REDIRECT] 
2026-09-27 16:48:16,555 [ERROR] LogOutputStream:75 - [STDERR_REDIRECT] [Fatal Error] :1:1: Premature end of file.
2026-09-27 16:48:16,555 [ERROR] LogOutputStream:75 - [STDERR_REDIRECT] 
2026-09-27 16:48:17,555 [ERROR] LogOutputStream:75 - [STDERR_REDIRECT] [Fatal Error] :1:1: Premature end of file.
2026-09-27 16:48:17,555 [ERROR] LogOutputStream:75 - [STDERR_REDIRECT] 
2026-09-27 16:48:18,556 [ERROR] LogOutputStream:75 - [STDERR_REDIRECT] [Fatal Error] :1:1: Premature end of file.
2026-09-27 16:48:18,556 [ERROR] LogOutputStream:75 - [STDERR_REDIRECT] 
2026-09-27 16:48:19,557 [ERROR] LogOutputStream:75 - [STDERR_REDIRECT] [Fatal Error] :1:1: Premature end of file.
2026-09-27 16:48:19,557 [ERROR] LogOutputStream:75 - [STDERR_REDIRECT] 
2026-09-27 16:48:20,556 [ERROR] LogOutputStream:75 - [STDERR_REDIRECT] [Fatal Error] :1:1: Premature end of file.
2026-09-27 16:48:20,556 [ERROR] LogOutputStream:75 - [STDERR_REDIRECT] 
2026-09-27 16:48:21,555 [ERROR] LogOutputStream:75 - [STDERR_REDIRECT] [Fatal Error] :1:1: Premature end of file.
2026-09-27 16:48:21,555 [ERROR] LogOutputStream:75 - [STDERR_REDIRECT] 
2026-09-27 16:48:22,557 [ERROR] LogOutputStream:75 - [STDERR_REDIRECT] [Fatal Error] :1:1: Premature end of file.
2026-09-27 16:48:22,557 [ERROR] LogOutputStream:75 - [STDERR_REDIRECT] 
2026-09-27 16:48:23,557 [ERROR] LogOutputStream:75 - [STDERR_REDIRECT] [Fatal Error] :1:1: Premature end of file.
2026-09-27 16:48:23,558 [ERROR] LogOutputStream:75 - [STDERR_REDIRECT] 
2026-09-27 16:48:24,555 [ERROR] LogOutputStream:75 - [STDERR_REDIRECT] [Fatal Error] :1:1: Premature end of file.
2026-09-27 16:48:24,555 [ERROR] LogOutputStream:75 - [STDERR_REDIRECT] 
2026-09-27 16:48:25,557 [ERROR] LogOutputStream:75 - [STDERR_REDIRECT] [Fatal Error] :1:1: Premature end of file.
2026-09-27 16:48:25,557 [ERROR] LogOutputStream:75 - [STDERR_REDIRECT] 
2026-09-27 16:48:26,556 [ERROR] LogOutputStream:75 - [STDERR_REDIRECT] [Fatal Error] :1:1: Premature end of file.
2026-09-27 16:48:26,556 [ERROR] LogOutputStream:75 - [STDERR_REDIRECT] 
2026-09-27 16:48:27,557 [ERROR] LogOutputStream:75 - [STDERR_REDIRECT] [Fatal Error] :1:1: Premature end of file.
2026-09-27 16:48:27,557 [ERROR] LogOutputStream:75 - [STDERR_REDIRECT] 
2026-09-27 16:48:28,556 [ERROR] LogOutputStream:75 - [STDERR_REDIRECT] [Fatal Error] :1:1: Premature end of file.
2026-09-27 16:48:28,556 [ERROR] LogOutputStream:75 - [STDERR_REDIRECT] 
2026-09-27 16:48:29,557 [ERROR] LogOutputStream:75 - [STDERR_REDIRECT] [Fatal Error] :1:1: Premature end of file.
2026-09-27 16:48:29,557 [ERROR] LogOutputStream:75 - [STDERR_REDIRECT] 
2026-09-27 16:48:30,555 [ERROR] LogOutputStream:75 - [STDERR_REDIRECT] [Fatal Error] :1:1: Premature end of file.
2026-09-27 16:48:30,556 [ERROR] LogOutputStream:75 - [STDERR_REDIRECT] 
2026-09-27 16:48:31,555 [ERROR] LogOutputStream:75 - [STDERR_REDIRECT] [Fatal Error] :1:1: Premature end of file.
2026-09-27 16:48:31,555 [ERROR] LogOutputStream:75 - [STDERR_REDIRECT] 
2026-09-27 16:48:32,557 [ERROR] LogOutputStream:75 - [STDERR_REDIRECT] [Fatal Error] :1:1: Premature end of file.
2026-09-27 16:48:32,557 [ERROR] LogOutputStream:75 - [STDERR_REDIRECT] 
2026-09-27 16:48:33,556 [ERROR] LogOutputStream:75 - [STDERR_REDIRECT] [Fatal Error] :1:1: Premature end of file.
2026-09-27 16:48:33,556 [ERROR] LogOutputStream:75 - [STDERR_REDIRECT] 
2026-09-27 16:48:34,555 [ERROR] LogOutputStream:75 - [STDERR_REDIRECT] [Fatal Error] :1:1: Premature end of file.
2026-09-27 16:48:34,555 [ERROR] LogOutputStream:75 - [STDERR_REDIRECT] 
2026-09-27 16:48:35,556 [ERROR] LogOutputStream:75 - [STDERR_REDIRECT] [Fatal Error] :1:1: Premature end of file.
2026-09-27 16:48:35,556 [ERROR] LogOutputStream:75 - [STDERR_REDIRECT] 
2026-09-27 16:48:36,555 [ERROR] LogOutputStream:75 - [STDERR_REDIRECT] [Fatal Error] :1:1: Premature end of file.
2026-09-27 16:48:36,555 [ERROR] LogOutputStream:75 - [STDERR_REDIRECT] 
2026-09-27 16:48:37,555 [ERROR] LogOutputStream:75 - [STDERR_REDIRECT] [Fatal Error] :1:1: Premature end of file.
2026-09-27 16:48:37,555 [ERROR] LogOutputStream:75 - [STDERR_REDIRECT] 
2026-09-27 16:48:38,557 [ERROR] LogOutputStream:75 - [STDERR_REDIRECT] [Fatal Error] :1:1: Premature end of file.
2026-09-27 16:48:38,557 [ERROR] LogOutputStream:75 - [STDERR_REDIRECT] 
2026-09-27 16:48:39,555 [ERROR] LogOutputStream:75 - [STDERR_REDIRECT] [Fatal Error] :1:1: Premature end of file.
2026-09-27 16:48:39,555 [ERROR] LogOutputStream:75 - [STDERR_REDIRECT] 
2026-09-27 16:48:40,555 [ERROR] LogOutputStream:75 - [STDERR_REDIRECT] [Fatal Error] :1:1: Premature end of file.
2026-09-27 16:48:40,555 [ERROR] LogOutputStream:75 - [STDERR_REDIRECT] 
2026-09-27 16:48:41,556 [ERROR] LogOutputStream:75 - [STDERR_REDIRECT] [Fatal Error] :1:1: Premature end of file.
2026-09-27 16:48:41,556 [ERROR] LogOutputStream:75 - [STDERR_REDIRECT] 
2026-09-27 16:48:42,555 [ERROR] LogOutputStream:75 - [STDERR_REDIRECT] [Fatal Error] :1:1: Premature end of file.
2026-09-27 16:48:42,556 [ERROR] LogOutputStream:75 - [STDERR_REDIRECT] 
2026-09-27 16:48:43,556 [ERROR] LogOutputStream:75 - [STDERR_REDIRECT] [Fatal Error] :1:1: Premature end of file.
2026-09-27 16:48:43,556 [ERROR] LogOutputStream:75 - [STDERR_REDIRECT] 
2026-09-27 16:48:44,555 [ERROR] LogOutputStream:75 - [STDERR_REDIRECT] [Fatal Error] :1:1: Premature end of file.
2026-09-27 16:48:44,555 [ERROR] LogOutputStream:75 - [STDERR_REDIRECT] 
2026-09-27 16:48:45,556 [ERROR] LogOutputStream:75 - [STDERR_REDIRECT] [Fatal Error] :1:1: Premature end of file.
2026-09-27 16:48:45,556 [ERROR] LogOutputStream:75 - [STDERR_REDIRECT] 
2026-09-27 16:48:46,555 [ERROR] LogOutputStream:75 - [STDERR_REDIRECT] [Fatal Error] :1:1: Premature end of file.
2026-09-27 16:48:46,555 [ERROR] LogOutputStream:75 - [STDERR_REDIRECT] 
2026-09-27 16:48:47,560 [ERROR] LogOutputStream:75 - [STDERR_REDIRECT] [Fatal Error] :1:1: Premature end of file.
2026-09-27 16:48:47,560 [ERROR] LogOutputStream:75 - [STDERR_REDIRECT] 
2026-09-27 16:48:48,554 [ERROR] LogOutputStream:75 - [STDERR_REDIRECT] [Fatal Error] :1:1: Premature end of file.
2026-09-27 16:48:48,554 [ERROR] LogOutputStream:75 - [STDERR_REDIRECT] 
2026-09-27 16:48:49,556 [ERROR] LogOutputStream:75 - [STDERR_REDIRECT] [Fatal Error] :1:1: Premature end of file.
2026-09-27 16:48:49,556 [ERROR] LogOutputStream:75 - [STDERR_REDIRECT] 
2026-09-27 16:48:50,555 [ERROR] LogOutputStream:75 - [STDERR_REDIRECT] [Fatal Error] :1:1: Premature end of file.
2026-09-27 16:48:50,555 [ERROR] LogOutputStream:75 - [STDERR_REDIRECT] 
2026-09-27 16:48:51,554 [ERROR] LogOutputStream:75 - [STDERR_REDIRECT] [Fatal Error] :1:1: Premature end of file.
2026-09-27 16:48:51,554 [ERROR] LogOutputStream:75 - [STDERR_REDIRECT] 
2026-09-27 16:48:52,558 [ERROR] LogOutputStream:75 - [STDERR_REDIRECT] [Fatal Error] :1:1: Premature end of file.
2026-09-27 16:48:52,558 [ERROR] LogOutputStream:75 - [STDERR_REDIRECT] 
2026-09-27 16:48:53,557 [ERROR] LogOutputStream:75 - [STDERR_REDIRECT] [Fatal Error] :1:1: Premature end of file.
2026-09-27 16:48:53,557 [ERROR] LogOutputStream:75 - [STDERR_REDIRECT] 
2026-09-27 16:48:54,554 [ERROR] LogOutputStream:75 - [STDERR_REDIRECT] [Fatal Error] :1:1: Premature end of file.
2026-09-27 16:48:54,554 [ERROR] LogOutputStream:75 - [STDERR_REDIRECT] 
2026-09-27 16:48:55,556 [ERROR] LogOutputStream:75 - [STDERR_REDIRECT] [Fatal Error] :1:1: Premature end of file.
2026-09-27 16:48:55,556 [ERROR] LogOutputStream:75 - [STDERR_REDIRECT] 
2026-09-27 16:48:56,554 [ERROR] LogOutputStream:75 - [STDERR_REDIRECT] [Fatal Error] :1:1: Premature end of file.
2026-09-27 16:48:56,554 [ERROR] LogOutputStream:75 - [STDERR_REDIRECT] 
2026-09-27 16:48:57,556 [ERROR] LogOutputStream:75 - [STDERR_REDIRECT] [Fatal Error] :1:1: Premature end of file.
2026-09-27 16:48:57,556 [ERROR] LogOutputStream:75 - [STDERR_REDIRECT] 
2026-09-27 16:48:58,556 [ERROR] LogOutputStream:75 - [STDERR_REDIRECT] [Fatal Error] :1:1: Premature end of file.
2026-09-27 16:48:58,556 [ERROR] LogOutputStream:75 - [STDERR_REDIRECT] 
2026-09-27 16:48:59,556 [ERROR] LogOutputStream:75 - [STDERR_REDIRECT] [Fatal Error] :1:1: Premature end of file.
2026-09-27 16:48:59,556 [ERROR] LogOutputStream:75 - [STDERR_REDIRECT] 
2026-09-27 16:49:00,556 [ERROR] LogOutputStream:75 - [STDERR_REDIRECT] [Fatal Error] :1:1: Premature end of file.
2026-09-27 16:49:00,556 [ERROR] LogOutputStream:75 - [STDERR_REDIRECT] 
2026-09-27 16:49:01,555 [ERROR] LogOutputStream:75 - [STDERR_REDIRECT] [Fatal Error] :1:1: Premature end of file.
2026-09-27 16:49:01,555 [ERROR] LogOutputStream:75 - [STDERR_REDIRECT] 
2026-09-27 16:49:02,557 [ERROR] LogOutputStream:75 - [STDERR_REDIRECT] [Fatal Error] :1:1: Premature end of file.
2026-09-27 16:49:02,557 [ERROR] LogOutputStream:75 - [STDERR_REDIRECT] 
2026-09-27 16:49:03,556 [ERROR] LogOutputStream:75 - [STDERR_REDIRECT] [Fatal Error] :1:1: Premature end of file.
2026-09-27 16:49:03,556 [ERROR] LogOutputStream:75 - [STDERR_REDIRECT] 
2026-09-27 16:49:04,556 [ERROR] LogOutputStream:75 - [STDERR_REDIRECT] [Fatal Error] :1:1: Premature end of file.
2026-09-27 16:49:04,557 [ERROR] LogOutputStream:75 - [STDERR_REDIRECT] 
2026-09-27 16:49:05,556 [ERROR] LogOutputStream:75 - [STDERR_REDIRECT] [Fatal Error] :1:1: Premature end of file.
2026-09-27 16:49:05,556 [ERROR] LogOutputStream:75 - [STDERR_REDIRECT] 
2026-09-27 16:49:06,557 [ERROR] LogOutputStream:75 - [STDERR_REDIRECT] [Fatal Error] :1:1: Premature end of file.
2026-09-27 16:49:06,557 [ERROR] LogOutputStream:75 - [STDERR_REDIRECT] 
2026-09-27 16:49:07,556 [ERROR] LogOutputStream:75 - [STDERR_REDIRECT] [Fatal Error] :1:1: Premature end of file.
2026-09-27 16:49:07,556 [ERROR] LogOutputStream:75 - [STDERR_REDIRECT] 
2026-09-27 16:49:08,556 [ERROR] LogOutputStream:75 - [STDERR_REDIRECT] [Fatal Error] :1:1: Premature end of file.
2026-09-27 16:49:08,556 [ERROR] LogOutputStream:75 - [STDERR_REDIRECT] 
2026-09-27 16:49:09,554 [ERROR] LogOutputStream:75 - [STDERR_REDIRECT] [Fatal Error] :1:1: Premature end of file.
2026-09-27 16:49:09,554 [ERROR] LogOutputStream:75 - [STDERR_REDIRECT] 
2026-09-27 16:49:10,555 [ERROR] LogOutputStream:75 - [STDERR_REDIRECT] [Fatal Error] :1:1: Premature end of file.
2026-09-27 16:49:10,555 [ERROR] LogOutputStream:75 - [STDERR_REDIRECT] 
2026-09-27 16:49:11,556 [ERROR] LogOutputStream:75 - [STDERR_REDIRECT] [Fatal Error] :1:1: Premature end of file.
2026-09-27 16:49:11,556 [ERROR] LogOutputStream:75 - [STDERR_REDIRECT] 
2026-09-27 16:49:12,555 [ERROR] LogOutputStream:75 - [STDERR_REDIRECT] [Fatal Error] :1:1: Premature end of file.
2026-09-27 16:49:12,555 [ERROR] LogOutputStream:75 - [STDERR_REDIRECT] 
2026-09-27 16:49:13,555 [ERROR] LogOutputStream:75 - [STDERR_REDIRECT] [Fatal Error] :1:1: Premature end of file.
2026-09-27 16:49:13,555 [ERROR] LogOutputStream:75 - [STDERR_REDIRECT] 
2026-09-27 16:49:14,555 [ERROR] LogOutputStream:75 - [STDERR_REDIRECT] [Fatal Error] :1:1: Premature end of file.
2026-09-27 16:49:14,555 [ERROR] LogOutputStream:75 - [STDERR_REDIRECT] 
2026-09-27 16:49:15,556 [ERROR] LogOutputStream:75 - [STDERR_REDIRECT] [Fatal Error] :1:1: Premature end of file.
2026-09-27 16:49:15,557 [ERROR] LogOutputStream:75 - [STDERR_REDIRECT] 
2026-09-27 16:49:16,556 [ERROR] LogOutputStream:75 - [STDERR_REDIRECT] [Fatal Error] :1:1: Premature end of file.
2026-09-27 16:49:16,556 [ERROR] LogOutputStream:75 - [STDERR_REDIRECT] 
2026-09-27 16:49:17,555 [ERROR] LogOutputStream:75 - [STDERR_REDIRECT] [Fatal Error] :1:1: Premature end of file.
2026-09-27 16:49:17,555 [ERROR] LogOutputStream:75 - [STDERR_REDIRECT] 
2026-09-27 16:49:18,555 [ERROR] LogOutputStream:75 - [STDERR_REDIRECT] [Fatal Error] :1:1: Premature end of file.
2026-09-27 16:49:18,556 [ERROR] LogOutputStream:75 - [STDERR_REDIRECT] 
2026-09-27 16:49:19,555 [ERROR] LogOutputStream:75 - [STDERR_REDIRECT] [Fatal Error] :1:1: Premature end of file.
2026-09-27 16:49:19,556 [ERROR] LogOutputStream:75 - [STDERR_REDIRECT] 
2026-09-27 16:49:20,556 [ERROR] LogOutputStream:75 - [STDERR_REDIRECT] [Fatal Error] :1:1: Premature end of file.
2026-09-27 16:49:20,556 [ERROR] LogOutputStream:75 - [STDERR_REDIRECT] 
2026-09-27 16:49:21,557 [ERROR] LogOutputStream:75 - [STDERR_REDIRECT] [Fatal Error] :1:1: Premature end of file.
2026-09-27 16:49:21,557 [ERROR] LogOutputStream:75 - [STDERR_REDIRECT] 
2026-09-27 16:49:22,556 [ERROR] LogOutputStream:75 - [STDERR_REDIRECT] [Fatal Error] :1:1: Premature end of file.
2026-09-27 16:49:22,556 [ERROR] LogOutputStream:75 - [STDERR_REDIRECT] 
2026-09-27 16:49:23,557 [ERROR] LogOutputStream:75 - [STDERR_REDIRECT] [Fatal Error] :1:1: Premature end of file.
2026-09-27 16:49:23,557 [ERROR] LogOutputStream:75 - [STDERR_REDIRECT] 
2026-09-27 16:49:24,555 [ERROR] LogOutputStream:75 - [STDERR_REDIRECT] [Fatal Error] :1:1: Premature end of file.
2026-09-27 16:49:24,555 [ERROR] LogOutputStream:75 - [STDERR_REDIRECT] 
2026-09-27 16:49:25,555 [ERROR] LogOutputStream:75 - [STDERR_REDIRECT] [Fatal Error] :1:1: Premature end of file.
2026-09-27 16:49:25,555 [ERROR] LogOutputStream:75 - [STDERR_REDIRECT] 
2026-09-27 16:49:26,555 [ERROR] LogOutputStream:75 - [STDERR_REDIRECT] [Fatal Error] :1:1: Premature end of file.
2026-09-27 16:49:26,555 [ERROR] LogOutputStream:75 - [STDERR_REDIRECT] 
2026-09-27 16:49:27,556 [ERROR] LogOutputStream:75 - [STDERR_REDIRECT] [Fatal Error] :1:1: Premature end of file.
2026-09-27 16:49:27,556 [ERROR] LogOutputStream:75 - [STDERR_REDIRECT] 
2026-09-27 16:49:28,555 [ERROR] LogOutputStream:75 - [STDERR_REDIRECT] [Fatal Error] :1:1: Premature end of file.
2026-09-27 16:49:28,555 [ERROR] LogOutputStream:75 - [STDERR_REDIRECT] 
2026-09-27 16:49:29,555 [ERROR] LogOutputStream:75 - [STDERR_REDIRECT] [Fatal Error] :1:1: Premature end of file.
2026-09-27 16:49:29,555 [ERROR] LogOutputStream:75 - [STDERR_REDIRECT] 
2026-09-27 16:49:30,556 [ERROR] LogOutputStream:75 - [STDERR_REDIRECT] [Fatal Error] :1:1: Premature end of file.
2026-09-27 16:49:30,558 [ERROR] LogOutputStream:75 - [STDERR_REDIRECT] 
2026-09-27 16:49:31,555 [ERROR] LogOutputStream:75 - [STDERR_REDIRECT] [Fatal Error] :1:1: Premature end of file.
2026-09-27 16:49:31,555 [ERROR] LogOutputStream:75 - [STDERR_REDIRECT] 
2026-09-27 16:49:32,556 [ERROR] LogOutputStream:75 - [STDERR_REDIRECT] [Fatal Error] :1:1: Premature end of file.
2026-09-27 16:49:32,556 [ERROR] LogOutputStream:75 - [STDERR_REDIRECT] 
2026-09-27 16:49:33,556 [ERROR] LogOutputStream:75 - [STDERR_REDIRECT] [Fatal Error] :1:1: Premature end of file.
2026-09-27 16:49:33,556 [ERROR] LogOutputStream:75 - [STDERR_REDIRECT] 
2026-09-27 16:49:34,555 [ERROR] LogOutputStream:75 - [STDERR_REDIRECT] [Fatal Error] :1:1: Premature end of file.
2026-09-27 16:49:34,555 [ERROR] LogOutputStream:75 - [STDERR_REDIRECT] 
2026-09-27 16:49:35,555 [ERROR] LogOutputStream:75 - [STDERR_REDIRECT] [Fatal Error] :1:1: Premature end of file.
2026-09-27 16:49:35,555 [ERROR] LogOutputStream:75 - [STDERR_REDIRECT] 
2026-09-27 16:49:36,556 [ERROR] LogOutputStream:75 - [STDERR_REDIRECT] [Fatal Error] :1:1: Premature end of file.
2026-09-27 16:49:36,556 [ERROR] LogOutputStream:75 - [STDERR_REDIRECT] 
2026-09-27 16:49:37,556 [ERROR] LogOutputStream:75 - [STDERR_REDIRECT] [Fatal Error] :1:1: Premature end of file.
2026-09-27 16:49:37,556 [ERROR] LogOutputStream:75 - [STDERR_REDIRECT] 
2026-09-27 16:49:38,559 [ERROR] LogOutputStream:75 - [STDERR_REDIRECT] [Fatal Error] :1:1: Premature end of file.
2026-09-27 16:49:38,559 [ERROR] LogOutputStream:75 - [STDERR_REDIRECT] 
2026-09-27 16:49:39,557 [ERROR] LogOutputStream:75 - [STDERR_REDIRECT] [Fatal Error] :1:1: Premature end of file.
2026-09-27 16:49:39,557 [ERROR] LogOutputStream:75 - [STDERR_REDIRECT] 
2026-09-27 16:49:40,556 [ERROR] LogOutputStream:75 - [STDERR_REDIRECT] [Fatal Error] :1:1: Premature end of file.
2026-09-27 16:49:40,556 [ERROR] LogOutputStream:75 - [STDERR_REDIRECT] 
2026-09-27 16:49:41,559 [ERROR] LogOutputStream:75 - [STDERR_REDIRECT] [Fatal Error] :1:1: Premature end of file.
2026-09-27 16:49:41,559 [ERROR] LogOutputStream:75 - [STDERR_REDIRECT] 
2026-09-27 16:49:42,556 [ERROR] LogOutputStream:75 - [STDERR_REDIRECT] [Fatal Error] :1:1: Premature end of file.
2026-09-27 16:49:42,556 [ERROR] LogOutputStream:75 - [STDERR_REDIRECT] 
2026-09-27 16:49:43,555 [ERROR] LogOutputStream:75 - [STDERR_REDIRECT] [Fatal Error] :1:1: Premature end of file.
2026-09-27 16:49:43,555 [ERROR] LogOutputStream:75 - [STDERR_REDIRECT] 
2026-09-27 16:49:44,556 [ERROR] LogOutputStream:75 - [STDERR_REDIRECT] [Fatal Error] :1:1: Premature end of file.
2026-09-27 16:49:44,556 [ERROR] LogOutputStream:75 - [STDERR_REDIRECT] 
2026-09-27 16:49:45,556 [ERROR] LogOutputStream:75 - [STDERR_REDIRECT] [Fatal Error] :1:1: Premature end of file.
2026-09-27 16:49:45,556 [ERROR] LogOutputStream:75 - [STDERR_REDIRECT] 
2026-09-27 16:49:46,555 [ERROR] LogOutputStream:75 - [STDERR_REDIRECT] [Fatal Error] :1:1: Premature end of file.
2026-09-27 16:49:46,555 [ERROR] LogOutputStream:75 - [STDERR_REDIRECT] 
2026-09-27 16:49:47,555 [ERROR] LogOutputStream:75 - [STDERR_REDIRECT] [Fatal Error] :1:1: Premature end of file.
2026-09-27 16:49:47,555 [ERROR] LogOutputStream:75 - [STDERR_REDIRECT] 
2026-09-27 16:49:48,558 [ERROR] LogOutputStream:75 - [STDERR_REDIRECT] [Fatal Error] :1:1: Premature end of file.
2026-09-27 16:49:48,558 [ERROR] LogOutputStream:75 - [STDERR_REDIRECT] 
2026-09-27 16:49:49,557 [ERROR] LogOutputStream:75 - [STDERR_REDIRECT] [Fatal Error] :1:1: Premature end of file.
2026-09-27 16:49:49,557 [ERROR] LogOutputStream:75 - [STDERR_REDIRECT] 
2026-09-27 16:49:50,556 [ERROR] LogOutputStream:75 - [STDERR_REDIRECT] [Fatal Error] :1:1: Premature end of file.
2026-09-27 16:49:50,556 [ERROR] LogOutputStream:75 - [STDERR_REDIRECT] 
2026-09-27 16:49:51,555 [ERROR] LogOutputStream:75 - [STDERR_REDIRECT] [Fatal Error] :1:1: Premature end of file.
2026-09-27 16:49:51,555 [ERROR] LogOutputStream:75 - [STDERR_REDIRECT] 
2026-09-27 16:49:52,556 [ERROR] LogOutputStream:75 - [STDERR_REDIRECT] [Fatal Error] :1:1: Premature end of file.
2026-09-27 16:49:52,556 [ERROR] LogOutputStream:75 - [STDERR_REDIRECT] 
2026-09-27 16:49:53,556 [ERROR] LogOutputStream:75 - [STDERR_REDIRECT] [Fatal Error] :1:1: Premature end of file.
2026-09-27 16:49:53,556 [ERROR] LogOutputStream:75 - [STDERR_REDIRECT] 
2026-09-27 16:49:54,553 [ERROR] LogOutputStream:75 - [STDERR_REDIRECT] [Fatal Error] :1:1: Premature end of file.
2026-09-27 16:49:54,553 [ERROR] LogOutputStream:75 - [STDERR_REDIRECT] 
2026-09-27 16:49:55,556 [ERROR] LogOutputStream:75 - [STDERR_REDIRECT] [Fatal Error] :1:1: Premature end of file.
2026-09-27 16:49:55,556 [ERROR] LogOutputStream:75 - [STDERR_REDIRECT] 
2026-09-27 16:49:56,556 [ERROR] LogOutputStream:75 - [STDERR_REDIRECT] [Fatal Error] :1:1: Premature end of file.
2026-09-27 16:49:56,557 [ERROR] LogOutputStream:75 - [STDERR_REDIRECT] 
2026-09-27 16:49:57,555 [ERROR] LogOutputStream:75 - [STDERR_REDIRECT] [Fatal Error] :1:1: Premature end of file.
2026-09-27 16:49:57,555 [ERROR] LogOutputStream:75 - [STDERR_REDIRECT] 
2026-09-27 16:49:58,554 [ERROR] LogOutputStream:75 - [STDERR_REDIRECT] [Fatal Error] :1:1: Premature end of file.
2026-09-27 16:49:58,554 [ERROR] LogOutputStream:75 - [STDERR_REDIRECT] 
2026-09-27 16:49:59,555 [ERROR] LogOutputStream:75 - [STDERR_REDIRECT] [Fatal Error] :1:1: Premature end of file.
2026-09-27 16:49:59,555 [ERROR] LogOutputStream:75 - [STDERR_REDIRECT] 
2026-09-27 16:50:00,554 [ERROR] LogOutputStream:75 - [STDERR_REDIRECT] [Fatal Error] :1:1: Premature end of file.
2026-09-27 16:50:00,555 [ERROR] LogOutputStream:75 - [STDERR_REDIRECT] 
2026-09-27 16:50:01,556 [ERROR] LogOutputStream:75 - [STDERR_REDIRECT] [Fatal Error] :1:1: Premature end of file.
2026-09-27 16:50:01,556 [ERROR] LogOutputStream:75 - [STDERR_REDIRECT] 
2026-09-27 16:50:02,558 [ERROR] LogOutputStream:75 - [STDERR_REDIRECT] [Fatal Error] :1:1: Premature end of file.
2026-09-27 16:50:02,558 [ERROR] LogOutputStream:75 - [STDERR_REDIRECT] 
2026-09-27 16:50:03,554 [ERROR] LogOutputStream:75 - [STDERR_REDIRECT] [Fatal Error] :1:1: Premature end of file.
2026-09-27 16:50:03,554 [ERROR] LogOutputStream:75 - [STDERR_REDIRECT] 
2026-09-27 16:50:04,557 [ERROR] LogOutputStream:75 - [STDERR_REDIRECT] [Fatal Error] :1:1: Premature end of file.
2026-09-27 16:50:04,557 [ERROR] LogOutputStream:75 - [STDERR_REDIRECT] 
2026-09-27 16:50:05,555 [ERROR] LogOutputStream:75 - [STDERR_REDIRECT] [Fatal Error] :1:1: Premature end of file.
2026-09-27 16:50:05,555 [ERROR] LogOutputStream:75 - [STDERR_REDIRECT] 
2026-09-27 16:50:06,554 [ERROR] LogOutputStream:75 - [STDERR_REDIRECT] [Fatal Error] :1:1: Premature end of file.
2026-09-27 16:50:06,554 [ERROR] LogOutputStream:75 - [STDERR_REDIRECT] 
2026-09-27 16:50:07,556 [ERROR] LogOutputStream:75 - [STDERR_REDIRECT] [Fatal Error] :1:1: Premature end of file.
2026-09-27 16:50:07,556 [ERROR] LogOutputStream:75 - [STDERR_REDIRECT] 
2026-09-27 16:50:08,554 [ERROR] LogOutputStream:75 - [STDERR_REDIRECT] [Fatal Error] :1:1: Premature end of file.
2026-09-27 16:50:08,555 [ERROR] LogOutputStream:75 - [STDERR_REDIRECT] 
2026-09-27 16:50:09,557 [ERROR] LogOutputStream:75 - [STDERR_REDIRECT] [Fatal Error] :1:1: Premature end of file.
2026-09-27 16:50:09,557 [ERROR] LogOutputStream:75 - [STDERR_REDIRECT] 
2026-09-27 16:50:10,565 [ERROR] LogOutputStream:75 - [STDERR_REDIRECT] [Fatal Error] :1:1: Premature end of file.
2026-09-27 16:50:10,565 [ERROR] LogOutputStream:75 - [STDERR_REDIRECT] 
2026-09-27 16:50:11,558 [ERROR] LogOutputStream:75 - [STDERR_REDIRECT] [Fatal Error] :1:1: Premature end of file.
2026-09-27 16:50:11,558 [ERROR] LogOutputStream:75 - [STDERR_REDIRECT] 
2026-09-27 16:50:12,554 [ERROR] LogOutputStream:75 - [STDERR_REDIRECT] [Fatal Error] :1:1: Premature end of file.
2026-09-27 16:50:12,554 [ERROR] LogOutputStream:75 - [STDERR_REDIRECT] 
2026-09-27 16:50:13,556 [ERROR] LogOutputStream:75 - [STDERR_REDIRECT] [Fatal Error] :1:1: Premature end of file.
2026-09-27 16:50:13,556 [ERROR] LogOutputStream:75 - [STDERR_REDIRECT] 
2026-09-27 16:50:14,556 [ERROR] LogOutputStream:75 - [STDERR_REDIRECT] [Fatal Error] :1:1: Premature end of file.
2026-09-27 16:50:14,556 [ERROR] LogOutputStream:75 - [STDERR_REDIRECT] 
2026-09-27 16:50:15,555 [ERROR] LogOutputStream:75 - [STDERR_REDIRECT] [Fatal Error] :1:1: Premature end of file.
2026-09-27 16:50:15,555 [ERROR] LogOutputStream:75 - [STDERR_REDIRECT] 
2026-09-27 16:50:16,558 [ERROR] LogOutputStream:75 - [STDERR_REDIRECT] [Fatal Error] :1:1: Premature end of file.
2026-09-27 16:50:16,558 [ERROR] LogOutputStream:75 - [STDERR_REDIRECT] 
2026-09-27 16:50:17,559 [ERROR] LogOutputStream:75 - [STDERR_REDIRECT] [Fatal Error] :1:1: Premature end of file.
2026-09-27 16:50:17,559 [ERROR] LogOutputStream:75 - [STDERR_REDIRECT] 
2026-09-27 16:50:18,559 [ERROR] LogOutputStream:75 - [STDERR_REDIRECT] [Fatal Error] :1:1: Premature end of file.
2026-09-27 16:50:18,559 [ERROR] LogOutputStream:75 - [STDERR_REDIRECT] 
2026-09-27 16:50:19,555 [ERROR] LogOutputStream:75 - [STDERR_REDIRECT] [Fatal Error] :1:1: Premature end of file.
2026-09-27 16:50:19,555 [ERROR] LogOutputStream:75 - [STDERR_REDIRECT] 
2026-09-27 16:50:20,555 [ERROR] LogOutputStream:75 - [STDERR_REDIRECT] [Fatal Error] :1:1: Premature end of file.
2026-09-27 16:50:20,555 [ERROR] LogOutputStream:75 - [STDERR_REDIRECT] 
2026-09-27 16:50:21,556 [ERROR] LogOutputStream:75 - [STDERR_REDIRECT] [Fatal Error] :1:1: Premature end of file.
2026-09-27 16:50:21,556 [ERROR] LogOutputStream:75 - [STDERR_REDIRECT] 
2026-09-27 16:50:22,559 [ERROR] LogOutputStream:75 - [STDERR_REDIRECT] [Fatal Error] :1:1: Premature end of file.
2026-09-27 16:50:22,559 [ERROR] LogOutputStream:75 - [STDERR_REDIRECT] 
2026-09-27 16:50:23,555 [ERROR] LogOutputStream:75 - [STDERR_REDIRECT] [Fatal Error] :1:1: Premature end of file.
2026-09-27 16:50:23,555 [ERROR] LogOutputStream:75 - [STDERR_REDIRECT] 
2026-09-27 16:50:24,557 [ERROR] LogOutputStream:75 - [STDERR_REDIRECT] [Fatal Error] :1:1: Premature end of file.
2026-09-27 16:50:24,557 [ERROR] LogOutputStream:75 - [STDERR_REDIRECT] 
2026-09-27 16:50:25,567 [ERROR] LogOutputStream:75 - [STDERR_REDIRECT] [Fatal Error] :1:1: Premature end of file.
2026-09-27 16:50:25,567 [ERROR] LogOutputStream:75 - [STDERR_REDIRECT] 
2026-09-27 16:50:26,557 [ERROR] LogOutputStream:75 - [STDERR_REDIRECT] [Fatal Error] :1:1: Premature end of file.
2026-09-27 16:50:26,557 [ERROR] LogOutputStream:75 - [STDERR_REDIRECT] 
2026-09-27 16:50:28,103 [ERROR] LogOutputStream:75 - [STDERR_REDIRECT] [Fatal Error] :1:1: Premature end of file.
2026-09-27 16:50:28,103 [ERROR] LogOutputStream:75 - [STDERR_REDIRECT] 
2026-09-27 16:50:28,559 [ERROR] LogOutputStream:75 - [STDERR_REDIRECT] [Fatal Error] :1:1: Premature end of file.
2026-09-27 16:50:28,559 [ERROR] LogOutputStream:75 - [STDERR_REDIRECT] 
2026-09-27 16:50:29,576 [ERROR] LogOutputStream:75 - [STDERR_REDIRECT] [Fatal Error] :1:1: Premature end of file.
2026-09-27 16:50:29,576 [ERROR] LogOutputStream:75 - [STDERR_REDIRECT] 
2026-09-27 16:50:30,562 [ERROR] LogOutputStream:75 - [STDERR_REDIRECT] [Fatal Error] :1:1: Premature end of file.
2026-09-27 16:50:30,562 [ERROR] LogOutputStream:75 - [STDERR_REDIRECT] 
2026-09-27 16:50:31,559 [ERROR] LogOutputStream:75 - [STDERR_REDIRECT] [Fatal Error] :1:1: Premature end of file.
2026-09-27 16:50:31,559 [ERROR] LogOutputStream:75 - [STDERR_REDIRECT] 
2026-09-27 16:50:32,559 [ERROR] LogOutputStream:75 - [STDERR_REDIRECT] [Fatal Error] :1:1: Premature end of file.
2026-09-27 16:50:32,559 [ERROR] LogOutputStream:75 - [STDERR_REDIRECT] 
2026-09-27 16:50:33,561 [ERROR] LogOutputStream:75 - [STDERR_REDIRECT] [Fatal Error] :1:1: Premature end of file.
2026-09-27 16:50:33,563 [ERROR] LogOutputStream:75 - [STDERR_REDIRECT] 
2026-09-27 16:50:34,555 [ERROR] LogOutputStream:75 - [STDERR_REDIRECT] [Fatal Error] :1:1: Premature end of file.
2026-09-27 16:50:34,556 [ERROR] LogOutputStream:75 - [STDERR_REDIRECT] 
2026-09-27 16:50:35,560 [ERROR] LogOutputStream:75 - [STDERR_REDIRECT] [Fatal Error] :1:1: Premature end of file.
2026-09-27 16:50:35,562 [ERROR] LogOutputStream:75 - [STDERR_REDIRECT] 
2026-09-27 16:50:36,556 [ERROR] LogOutputStream:75 - [STDERR_REDIRECT] [Fatal Error] :1:1: Premature end of file.
2026-09-27 16:50:36,557 [ERROR] LogOutputStream:75 - [STDERR_REDIRECT] 
2026-09-27 16:50:37,559 [ERROR] LogOutputStream:75 - [STDERR_REDIRECT] [Fatal Error] :1:1: Premature end of file.
2026-09-27 16:50:37,559 [ERROR] LogOutputStream:75 - [STDERR_REDIRECT] 
2026-09-27 16:50:38,560 [ERROR] LogOutputStream:75 - [STDERR_REDIRECT] [Fatal Error] :1:1: Premature end of file.
2026-09-27 16:50:38,560 [ERROR] LogOutputStream:75 - [STDERR_REDIRECT] 
2026-09-27 16:50:39,558 [ERROR] LogOutputStream:75 - [STDERR_REDIRECT] [Fatal Error] :1:1: Premature end of file.
2026-09-27 16:50:39,558 [ERROR] LogOutputStream:75 - [STDERR_REDIRECT] 
2026-09-27 16:50:40,556 [ERROR] LogOutputStream:75 - [STDERR_REDIRECT] [Fatal Error] :1:1: Premature end of file.
2026-09-27 16:50:40,557 [ERROR] LogOutputStream:75 - [STDERR_REDIRECT] 
2026-09-27 16:50:41,559 [ERROR] LogOutputStream:75 - [STDERR_REDIRECT] [Fatal Error] :1:1: Premature end of file.
2026-09-27 16:50:41,559 [ERROR] LogOutputStream:75 - [STDERR_REDIRECT] 
2026-09-27 16:50:42,557 [ERROR] LogOutputStream:75 - [STDERR_REDIRECT] [Fatal Error] :1:1: Premature end of file.
2026-09-27 16:50:42,557 [ERROR] LogOutputStream:75 - [STDERR_REDIRECT] 
2026-09-27 16:50:43,557 [ERROR] LogOutputStream:75 - [STDERR_REDIRECT] [Fatal Error] :1:1: Premature end of file.
2026-09-27 16:50:43,557 [ERROR] LogOutputStream:75 - [STDERR_REDIRECT] 
2026-09-27 16:50:44,556 [ERROR] LogOutputStream:75 - [STDERR_REDIRECT] [Fatal Error] :1:1: Premature end of file.
2026-09-27 16:50:44,556 [ERROR] LogOutputStream:75 - [STDERR_REDIRECT] 
2026-09-27 16:50:45,558 [ERROR] LogOutputStream:75 - [STDERR_REDIRECT] [Fatal Error] :1:1: Premature end of file.
2026-09-27 16:50:45,558 [ERROR] LogOutputStream:75 - [STDERR_REDIRECT] 
2026-09-27 16:50:46,558 [ERROR] LogOutputStream:75 - [STDERR_REDIRECT] [Fatal Error] :1:1: Premature end of file.
2026-09-27 16:50:46,558 [ERROR] LogOutputStream:75 - [STDERR_REDIRECT] 
2026-09-27 16:50:47,555 [ERROR] LogOutputStream:75 - [STDERR_REDIRECT] [Fatal Error] :1:1: Premature end of file.
2026-09-27 16:50:47,555 [ERROR] LogOutputStream:75 - [STDERR_REDIRECT] 
2026-09-27 16:50:48,555 [ERROR] LogOutputStream:75 - [STDERR_REDIRECT] [Fatal Error] :1:1: Premature end of file.
2026-09-27 16:50:48,555 [ERROR] LogOutputStream:75 - [STDERR_REDIRECT] 
2026-09-27 16:50:49,554 [ERROR] LogOutputStream:75 - [STDERR_REDIRECT] [Fatal Error] :1:1: Premature end of file.
2026-09-27 16:50:49,554 [ERROR] LogOutputStream:75 - [STDERR_REDIRECT] 
2026-09-27 16:50:50,558 [ERROR] LogOutputStream:75 - [STDERR_REDIRECT] [Fatal Error] :1:1: Premature end of file.
2026-09-27 16:50:50,558 [ERROR] LogOutputStream:75 - [STDERR_REDIRECT] 
2026-09-27 16:50:51,556 [ERROR] LogOutputStream:75 - [STDERR_REDIRECT] [Fatal Error] :1:1: Premature end of file.
2026-09-27 16:50:51,556 [ERROR] LogOutputStream:75 - [STDERR_REDIRECT] 
2026-09-27 16:50:52,555 [ERROR] LogOutputStream:75 - [STDERR_REDIRECT] [Fatal Error] :1:1: Premature end of file.
2026-09-27 16:50:52,556 [ERROR] LogOutputStream:75 - [STDERR_REDIRECT] 
2026-09-27 16:50:53,557 [ERROR] LogOutputStream:75 - [STDERR_REDIRECT] [Fatal Error] :1:1: Premature end of file.
2026-09-27 16:50:53,557 [ERROR] LogOutputStream:75 - [STDERR_REDIRECT] 
2026-09-27 16:50:54,556 [ERROR] LogOutputStream:75 - [STDERR_REDIRECT] [Fatal Error] :1:1: Premature end of file.
2026-09-27 16:50:54,557 [ERROR] LogOutputStream:75 - [STDERR_REDIRECT] 
2026-09-27 16:50:55,553 [ERROR] LogOutputStream:75 - [STDERR_REDIRECT] [Fatal Error] :1:1: Premature end of file.
2026-09-27 16:50:55,553 [ERROR] LogOutputStream:75 - [STDERR_REDIRECT] 
2026-09-27 16:50:56,557 [ERROR] LogOutputStream:75 - [STDERR_REDIRECT] [Fatal Error] :1:1: Premature end of file.
2026-09-27 16:50:56,557 [ERROR] LogOutputStream:75 - [STDERR_REDIRECT] 
2026-09-27 16:50:57,558 [ERROR] LogOutputStream:75 - [STDERR_REDIRECT] [Fatal Error] :1:1: Premature end of file.
2026-09-27 16:50:57,558 [ERROR] LogOutputStream:75 - [STDERR_REDIRECT] 
2026-09-27 16:50:58,556 [ERROR] LogOutputStream:75 - [STDERR_REDIRECT] [Fatal Error] :1:1: Premature end of file.
2026-09-27 16:50:58,556 [ERROR] LogOutputStream:75 - [STDERR_REDIRECT] 
2026-09-27 16:50:59,557 [ERROR] LogOutputStream:75 - [STDERR_REDIRECT] [Fatal Error] :1:1: Premature end of file.
2026-09-27 16:50:59,557 [ERROR] LogOutputStream:75 - [STDERR_REDIRECT] 
2026-09-27 16:51:00,557 [ERROR] LogOutputStream:75 - [STDERR_REDIRECT] [Fatal Error] :1:1: Premature end of file.
2026-09-27 16:51:00,557 [ERROR] LogOutputStream:75 - [STDERR_REDIRECT] 
2026-09-27 16:51:01,557 [ERROR] LogOutputStream:75 - [STDERR_REDIRECT] [Fatal Error] :1:1: Premature end of file.
2026-09-27 16:51:01,557 [ERROR] LogOutputStream:75 - [STDERR_REDIRECT] 
2026-09-27 16:51:02,558 [ERROR] LogOutputStream:75 - [STDERR_REDIRECT] [Fatal Error] :1:1: Premature end of file.
2026-09-27 16:51:02,558 [ERROR] LogOutputStream:75 - [STDERR_REDIRECT] 
2026-09-27 16:51:03,555 [ERROR] LogOutputStream:75 - [STDERR_REDIRECT] [Fatal Error] :1:1: Premature end of file.
2026-09-27 16:51:03,555 [ERROR] LogOutputStream:75 - [STDERR_REDIRECT] 
2026-09-27 16:51:04,558 [ERROR] LogOutputStream:75 - [STDERR_REDIRECT] [Fatal Error] :1:1: Premature end of file.
2026-09-27 16:51:04,558 [ERROR] LogOutputStream:75 - [STDERR_REDIRECT] 
2026-09-27 16:51:05,557 [ERROR] LogOutputStream:75 - [STDERR_REDIRECT] [Fatal Error] :1:1: Premature end of file.
2026-09-27 16:51:05,557 [ERROR] LogOutputStream:75 - [STDERR_REDIRECT] 
2026-09-27 16:51:06,555 [ERROR] LogOutputStream:75 - [STDERR_REDIRECT] [Fatal Error] :1:1: Premature end of file.
2026-09-27 16:51:06,555 [ERROR] LogOutputStream:75 - [STDERR_REDIRECT] 
2026-09-27 16:51:07,556 [ERROR] LogOutputStream:75 - [STDERR_REDIRECT] [Fatal Error] :1:1: Premature end of file.
2026-09-27 16:51:07,556 [ERROR] LogOutputStream:75 - [STDERR_REDIRECT] 
2026-09-27 16:51:08,558 [ERROR] LogOutputStream:75 - [STDERR_REDIRECT] [Fatal Error] :1:1: Premature end of file.
2026-09-27 16:51:08,558 [ERROR] LogOutputStream:75 - [STDERR_REDIRECT] 
2026-09-27 16:51:09,557 [ERROR] LogOutputStream:75 - [STDERR_REDIRECT] [Fatal Error] :1:1: Premature end of file.
2026-09-27 16:51:09,557 [ERROR] LogOutputStream:75 - [STDERR_REDIRECT] 
2026-09-27 16:51:10,556 [ERROR] LogOutputStream:75 - [STDERR_REDIRECT] [Fatal Error] :1:1: Premature end of file.
2026-09-27 16:51:10,557 [ERROR] LogOutputStream:75 - [STDERR_REDIRECT] 
2026-09-27 16:51:11,558 [ERROR] LogOutputStream:75 - [STDERR_REDIRECT] [Fatal Error] :1:1: Premature end of file.
2026-09-27 16:51:11,558 [ERROR] LogOutputStream:75 - [STDERR_REDIRECT] 
2026-09-27 16:51:12,557 [ERROR] LogOutputStream:75 - [STDERR_REDIRECT] [Fatal Error] :1:1: Premature end of file.
2026-09-27 16:51:12,557 [ERROR] LogOutputStream:75 - [STDERR_REDIRECT] 
2026-09-27 16:51:13,556 [ERROR] LogOutputStream:75 - [STDERR_REDIRECT] [Fatal Error] :1:1: Premature end of file.
2026-09-27 16:51:13,556 [ERROR] LogOutputStream:75 - [STDERR_REDIRECT] 
2026-09-27 16:51:14,555 [ERROR] LogOutputStream:75 - [STDERR_REDIRECT] [Fatal Error] :1:1: Premature end of file.
2026-09-27 16:51:14,555 [ERROR] LogOutputStream:75 - [STDERR_REDIRECT] 
2026-09-27 16:51:15,555 [ERROR] LogOutputStream:75 - [STDERR_REDIRECT] [Fatal Error] :1:1: Premature end of file.
2026-09-27 16:51:15,555 [ERROR] LogOutputStream:75 - [STDERR_REDIRECT] 
2026-09-27 16:51:16,557 [ERROR] LogOutputStream:75 - [STDERR_REDIRECT] [Fatal Error] :1:1: Premature end of file.
2026-09-27 16:51:16,557 [ERROR] LogOutputStream:75 - [STDERR_REDIRECT] 
2026-09-27 16:51:17,556 [ERROR] LogOutputStream:75 - [STDERR_REDIRECT] [Fatal Error] :1:1: Premature end of file.
2026-09-27 16:51:17,556 [ERROR] LogOutputStream:75 - [STDERR_REDIRECT] 
2026-09-27 16:51:18,558 [ERROR] LogOutputStream:75 - [STDERR_REDIRECT] [Fatal Error] :1:1: Premature end of file.
2026-09-27 16:51:18,558 [ERROR] LogOutputStream:75 - [STDERR_REDIRECT] 
2026-09-27 16:51:19,557 [ERROR] LogOutputStream:75 - [STDERR_REDIRECT] [Fatal Error] :1:1: Premature end of file.
2026-09-27 16:51:19,557 [ERROR] LogOutputStream:75 - [STDERR_REDIRECT] 
2026-09-27 16:51:20,557 [ERROR] LogOutputStream:75 - [STDERR_REDIRECT] [Fatal Error] :1:1: Premature end of file.
2026-09-27 16:51:20,557 [ERROR] LogOutputStream:75 - [STDERR_REDIRECT] 
2026-09-27 16:51:21,555 [ERROR] LogOutputStream:75 - [STDERR_REDIRECT] [Fatal Error] :1:1: Premature end of file.
2026-09-27 16:51:21,556 [ERROR] LogOutputStream:75 - [STDERR_REDIRECT] 
2026-09-27 16:51:22,565 [ERROR] LogOutputStream:75 - [STDERR_REDIRECT] [Fatal Error] :1:1: Premature end of file.
2026-09-27 16:51:22,565 [ERROR] LogOutputStream:75 - [STDERR_REDIRECT] 
2026-09-27 16:51:23,556 [ERROR] LogOutputStream:75 - [STDERR_REDIRECT] [Fatal Error] :1:1: Premature end of file.
2026-09-27 16:51:23,557 [ERROR] LogOutputStream:75 - [STDERR_REDIRECT] 
2026-09-27 16:51:24,555 [ERROR] LogOutputStream:75 - [STDERR_REDIRECT] [Fatal Error] :1:1: Premature end of file.
2026-09-27 16:51:24,555 [ERROR] LogOutputStream:75 - [STDERR_REDIRECT] 
2026-09-27 16:51:25,557 [ERROR] LogOutputStream:75 - [STDERR_REDIRECT] [Fatal Error] :1:1: Premature end of file.
2026-09-27 16:51:25,557 [ERROR] LogOutputStream:75 - [STDERR_REDIRECT] 
2026-09-27 16:51:26,556 [ERROR] LogOutputStream:75 - [STDERR_REDIRECT] [Fatal Error] :1:1: Premature end of file.
2026-09-27 16:51:26,556 [ERROR] LogOutputStream:75 - [STDERR_REDIRECT] 
2026-09-27 16:51:27,557 [ERROR] LogOutputStream:75 - [STDERR_REDIRECT] [Fatal Error] :1:1: Premature end of file.
2026-09-27 16:51:27,557 [ERROR] LogOutputStream:75 - [STDERR_REDIRECT] 
2026-09-27 16:51:28,557 [ERROR] LogOutputStream:75 - [STDERR_REDIRECT] [Fatal Error] :1:1: Premature end of file.
2026-09-27 16:51:28,557 [ERROR] LogOutputStream:75 - [STDERR_REDIRECT] 
2026-09-27 16:51:29,557 [ERROR] LogOutputStream:75 - [STDERR_REDIRECT] [Fatal Error] :1:1: Premature end of file.
2026-09-27 16:51:29,557 [ERROR] LogOutputStream:75 - [STDERR_REDIRECT] 
2026-09-27 16:51:30,565 [ERROR] LogOutputStream:75 - [STDERR_REDIRECT] [Fatal Error] :1:1: Premature end of file.
2026-09-27 16:51:30,565 [ERROR] LogOutputStream:75 - [STDERR_REDIRECT] 
2026-09-27 16:51:31,571 [ERROR] LogOutputStream:75 - [STDERR_REDIRECT] [Fatal Error] :1:1: Premature end of file.
2026-09-27 16:51:31,571 [ERROR] LogOutputStream:75 - [STDERR_REDIRECT] 
2026-09-27 16:51:32,564 [ERROR] LogOutputStream:75 - [STDERR_REDIRECT] [Fatal Error] :1:1: Premature end of file.
2026-09-27 16:51:32,564 [ERROR] LogOutputStream:75 - [STDERR_REDIRECT] 
2026-09-27 16:51:33,562 [ERROR] LogOutputStream:75 - [STDERR_REDIRECT] [Fatal Error] :1:1: Premature end of file.
2026-09-27 16:51:33,562 [ERROR] LogOutputStream:75 - [STDERR_REDIRECT] 
2026-09-27 16:51:34,569 [ERROR] LogOutputStream:75 - [STDERR_REDIRECT] [Fatal Error] :1:1: Premature end of file.
2026-09-27 16:51:34,569 [ERROR] LogOutputStream:75 - [STDERR_REDIRECT] 
2026-09-27 16:51:35,562 [ERROR] LogOutputStream:75 - [STDERR_REDIRECT] [Fatal Error] :1:1: Premature end of file.
2026-09-27 16:51:35,562 [ERROR] LogOutputStream:75 - [STDERR_REDIRECT] 
2026-09-27 16:51:36,561 [ERROR] LogOutputStream:75 - [STDERR_REDIRECT] [Fatal Error] :1:1: Premature end of file.
2026-09-27 16:51:36,561 [ERROR] LogOutputStream:75 - [STDERR_REDIRECT] 
2026-09-27 16:51:37,561 [ERROR] LogOutputStream:75 - [STDERR_REDIRECT] [Fatal Error] :1:1: Premature end of file.
2026-09-27 16:51:37,561 [ERROR] LogOutputStream:75 - [STDERR_REDIRECT] 
2026-09-27 16:51:38,563 [ERROR] LogOutputStream:75 - [STDERR_REDIRECT] [Fatal Error] :1:1: Premature end of file.
2026-09-27 16:51:38,563 [ERROR] LogOutputStream:75 - [STDERR_REDIRECT] 
2026-09-27 16:51:39,564 [ERROR] LogOutputStream:75 - [STDERR_REDIRECT] [Fatal Error] :1:1: Premature end of file.
2026-09-27 16:51:39,564 [ERROR] LogOutputStream:75 - [STDERR_REDIRECT] 
2026-09-27 16:51:40,563 [ERROR] LogOutputStream:75 - [STDERR_REDIRECT] [Fatal Error] :1:1: Premature end of file.
2026-09-27 16:51:40,563 [ERROR] LogOutputStream:75 - [STDERR_REDIRECT] 
2026-09-27 16:51:41,563 [ERROR] LogOutputStream:75 - [STDERR_REDIRECT] [Fatal Error] :1:1: Premature end of file.
2026-09-27 16:51:41,563 [ERROR] LogOutputStream:75 - [STDERR_REDIRECT] 
2026-09-27 16:51:42,569 [ERROR] LogOutputStream:75 - [STDERR_REDIRECT] [Fatal Error] :1:1: Premature end of file.
2026-09-27 16:51:42,569 [ERROR] LogOutputStream:75 - [STDERR_REDIRECT] 
2026-09-27 16:51:43,562 [ERROR] LogOutputStream:75 - [STDERR_REDIRECT] [Fatal Error] :1:1: Premature end of file.
2026-09-27 16:51:43,562 [ERROR] LogOutputStream:75 - [STDERR_REDIRECT] 
2026-09-27 16:51:44,562 [ERROR] LogOutputStream:75 - [STDERR_REDIRECT] [Fatal Error] :1:1: Premature end of file.
2026-09-27 16:51:44,562 [ERROR] LogOutputStream:75 - [STDERR_REDIRECT] 
2026-09-27 16:51:45,563 [ERROR] LogOutputStream:75 - [STDERR_REDIRECT] [Fatal Error] :1:1: Premature end of file.
2026-09-27 16:51:45,563 [ERROR] LogOutputStream:75 - [STDERR_REDIRECT] 
2026-09-27 16:51:46,559 [ERROR] LogOutputStream:75 - [STDERR_REDIRECT] [Fatal Error] :1:1: Premature end of file.
2026-09-27 16:51:46,560 [ERROR] LogOutputStream:75 - [STDERR_REDIRECT] 
2026-09-27 16:51:47,565 [ERROR] LogOutputStream:75 - [STDERR_REDIRECT] [Fatal Error] :1:1: Premature end of file.
2026-09-27 16:51:47,565 [ERROR] LogOutputStream:75 - [STDERR_REDIRECT] 
2026-09-27 16:51:48,562 [ERROR] LogOutputStream:75 - [STDERR_REDIRECT] [Fatal Error] :1:1: Premature end of file.
2026-09-27 16:51:48,562 [ERROR] LogOutputStream:75 - [STDERR_REDIRECT] 
2026-09-27 16:51:49,568 [ERROR] LogOutputStream:75 - [STDERR_REDIRECT] [Fatal Error] :1:1: Premature end of file.
2026-09-27 16:51:49,568 [ERROR] LogOutputStream:75 - [STDERR_REDIRECT] 
2026-09-27 16:51:50,566 [ERROR] LogOutputStream:75 - [STDERR_REDIRECT] [Fatal Error] :1:1: Premature end of file.
2026-09-27 16:51:50,566 [ERROR] LogOutputStream:75 - [STDERR_REDIRECT] 
2026-09-27 16:51:51,562 [ERROR] LogOutputStream:75 - [STDERR_REDIRECT] [Fatal Error] :1:1: Premature end of file.
2026-09-27 16:51:51,562 [ERROR] LogOutputStream:75 - [STDERR_REDIRECT] 
2026-09-27 16:51:52,560 [ERROR] LogOutputStream:75 - [STDERR_REDIRECT] [Fatal Error] :1:1: Premature end of file.
2026-09-27 16:51:52,560 [ERROR] LogOutputStream:75 - [STDERR_REDIRECT] 
2026-09-27 16:51:53,561 [ERROR] LogOutputStream:75 - [STDERR_REDIRECT] [Fatal Error] :1:1: Premature end of file.
2026-09-27 16:51:53,561 [ERROR] LogOutputStream:75 - [STDERR_REDIRECT] 
2026-09-27 16:51:54,560 [ERROR] LogOutputStream:75 - [STDERR_REDIRECT] [Fatal Error] :1:1: Premature end of file.
2026-09-27 16:51:54,560 [ERROR] LogOutputStream:75 - [STDERR_REDIRECT] 
2026-09-27 16:51:55,561 [ERROR] LogOutputStream:75 - [STDERR_REDIRECT] [Fatal Error] :1:1: Premature end of file.
2026-09-27 16:51:55,561 [ERROR] LogOutputStream:75 - [STDERR_REDIRECT] 
2026-09-27 16:51:56,557 [ERROR] LogOutputStream:75 - [STDERR_REDIRECT] [Fatal Error] :1:1: Premature end of file.
2026-09-27 16:51:56,557 [ERROR] LogOutputStream:75 - [STDERR_REDIRECT] 
2026-09-27 16:51:57,557 [ERROR] LogOutputStream:75 - [STDERR_REDIRECT] [Fatal Error] :1:1: Premature end of file.
2026-09-27 16:51:57,557 [ERROR] LogOutputStream:75 - [STDERR_REDIRECT] 
2026-09-27 16:51:58,559 [ERROR] LogOutputStream:75 - [STDERR_REDIRECT] [Fatal Error] :1:1: Premature end of file.
2026-09-27 16:51:58,559 [ERROR] LogOutputStream:75 - [STDERR_REDIRECT] 
2026-09-27 16:51:59,559 [ERROR] LogOutputStream:75 - [STDERR_REDIRECT] [Fatal Error] :1:1: Premature end of file.
2026-09-27 16:51:59,559 [ERROR] LogOutputStream:75 - [STDERR_REDIRECT] 
2026-09-27 16:52:00,562 [ERROR] LogOutputStream:75 - [STDERR_REDIRECT] [Fatal Error] :1:1: Premature end of file.
2026-09-27 16:52:00,562 [ERROR] LogOutputStream:75 - [STDERR_REDIRECT] 
2026-09-27 16:52:01,562 [ERROR] LogOutputStream:75 - [STDERR_REDIRECT] [Fatal Error] :1:1: Premature end of file.
2026-09-27 16:52:01,562 [ERROR] LogOutputStream:75 - [STDERR_REDIRECT] 
2026-09-27 16:52:02,561 [ERROR] LogOutputStream:75 - [STDERR_REDIRECT] [Fatal Error] :1:1: Premature end of file.
2026-09-27 16:52:02,561 [ERROR] LogOutputStream:75 - [STDERR_REDIRECT] 
2026-09-27 16:52:03,558 [ERROR] LogOutputStream:75 - [STDERR_REDIRECT] [Fatal Error] :1:1: Premature end of file.
2026-09-27 16:52:03,558 [ERROR] LogOutputStream:75 - [STDERR_REDIRECT] 
2026-09-27 16:52:04,560 [ERROR] LogOutputStream:75 - [STDERR_REDIRECT] [Fatal Error] :1:1: Premature end of file.
2026-09-27 16:52:04,560 [ERROR] LogOutputStream:75 - [STDERR_REDIRECT] 
2026-09-27 16:52:05,564 [ERROR] LogOutputStream:75 - [STDERR_REDIRECT] [Fatal Error] :1:1: Premature end of file.
2026-09-27 16:52:05,564 [ERROR] LogOutputStream:75 - [STDERR_REDIRECT] 
2026-09-27 16:52:06,558 [ERROR] LogOutputStream:75 - [STDERR_REDIRECT] [Fatal Error] :1:1: Premature end of file.
2026-09-27 16:52:06,558 [ERROR] LogOutputStream:75 - [STDERR_REDIRECT] 
2026-09-27 16:52:07,558 [ERROR] LogOutputStream:75 - [STDERR_REDIRECT] [Fatal Error] :1:1: Premature end of file.
2026-09-27 16:52:07,559 [ERROR] LogOutputStream:75 - [STDERR_REDIRECT] 
2026-09-27 16:52:08,560 [ERROR] LogOutputStream:75 - [STDERR_REDIRECT] [Fatal Error] :1:1: Premature end of file.
2026-09-27 16:52:08,560 [ERROR] LogOutputStream:75 - [STDERR_REDIRECT] 
2026-09-27 16:52:09,558 [ERROR] LogOutputStream:75 - [STDERR_REDIRECT] [Fatal Error] :1:1: Premature end of file.
2026-09-27 16:52:09,558 [ERROR] LogOutputStream:75 - [STDERR_REDIRECT] 
2026-09-27 16:52:10,558 [ERROR] LogOutputStream:75 - [STDERR_REDIRECT] [Fatal Error] :1:1: Premature end of file.
2026-09-27 16:52:10,558 [ERROR] LogOutputStream:75 - [STDERR_REDIRECT] 
2026-09-27 16:52:11,560 [ERROR] LogOutputStream:75 - [STDERR_REDIRECT] [Fatal Error] :1:1: Premature end of file.
2026-09-27 16:52:11,560 [ERROR] LogOutputStream:75 - [STDERR_REDIRECT] 
2026-09-27 16:52:12,559 [ERROR] LogOutputStream:75 - [STDERR_REDIRECT] [Fatal Error] :1:1: Premature end of file.
2026-09-27 16:52:12,560 [ERROR] LogOutputStream:75 - [STDERR_REDIRECT] 
2026-09-27 16:52:13,559 [ERROR] LogOutputStream:75 - [STDERR_REDIRECT] [Fatal Error] :1:1: Premature end of file.
2026-09-27 16:52:13,559 [ERROR] LogOutputStream:75 - [STDERR_REDIRECT] 
2026-09-27 16:52:14,558 [ERROR] LogOutputStream:75 - [STDERR_REDIRECT] [Fatal Error] :1:1: Premature end of file.
2026-09-27 16:52:14,558 [ERROR] LogOutputStream:75 - [STDERR_REDIRECT] 
2026-09-27 16:52:15,558 [ERROR] LogOutputStream:75 - [STDERR_REDIRECT] [Fatal Error] :1:1: Premature end of file.
2026-09-27 16:52:15,558 [ERROR] LogOutputStream:75 - [STDERR_REDIRECT] 
2026-09-27 16:52:16,558 [ERROR] LogOutputStream:75 - [STDERR_REDIRECT] [Fatal Error] :1:1: Premature end of file.
2026-09-27 16:52:16,558 [ERROR] LogOutputStream:75 - [STDERR_REDIRECT] 
2026-09-27 16:52:17,557 [ERROR] LogOutputStream:75 - [STDERR_REDIRECT] [Fatal Error] :1:1: Premature end of file.
2026-09-27 16:52:17,557 [ERROR] LogOutputStream:75 - [STDERR_REDIRECT] 
2026-09-27 16:52:18,559 [ERROR] LogOutputStream:75 - [STDERR_REDIRECT] [Fatal Error] :1:1: Premature end of file.
2026-09-27 16:52:18,559 [ERROR] LogOutputStream:75 - [STDERR_REDIRECT] 
2026-09-27 16:52:19,560 [ERROR] LogOutputStream:75 - [STDERR_REDIRECT] [Fatal Error] :1:1: Premature end of file.
2026-09-27 16:52:19,560 [ERROR] LogOutputStream:75 - [STDERR_REDIRECT] 
2026-09-27 16:52:20,559 [ERROR] LogOutputStream:75 - [STDERR_REDIRECT] [Fatal Error] :1:1: Premature end of file.
2026-09-27 16:52:20,559 [ERROR] LogOutputStream:75 - [STDERR_REDIRECT] 
2026-09-27 16:52:21,559 [ERROR] LogOutputStream:75 - [STDERR_REDIRECT] [Fatal Error] :1:1: Premature end of file.
2026-09-27 16:52:21,559 [ERROR] LogOutputStream:75 - [STDERR_REDIRECT] 
2026-09-27 16:52:22,557 [ERROR] LogOutputStream:75 - [STDERR_REDIRECT] [Fatal Error] :1:1: Premature end of file.
2026-09-27 16:52:22,557 [ERROR] LogOutputStream:75 - [STDERR_REDIRECT] 
2026-09-27 16:52:23,558 [ERROR] LogOutputStream:75 - [STDERR_REDIRECT] [Fatal Error] :1:1: Premature end of file.
2026-09-27 16:52:23,558 [ERROR] LogOutputStream:75 - [STDERR_REDIRECT] 
2026-09-27 16:52:24,562 [ERROR] LogOutputStream:75 - [STDERR_REDIRECT] [Fatal Error] :1:1: Premature end of file.
2026-09-27 16:52:24,562 [ERROR] LogOutputStream:75 - [STDERR_REDIRECT] 
2026-09-27 16:52:25,556 [ERROR] LogOutputStream:75 - [STDERR_REDIRECT] [Fatal Error] :1:1: Premature end of file.
2026-09-27 16:52:25,556 [ERROR] LogOutputStream:75 - [STDERR_REDIRECT] 
2026-09-27 16:52:26,556 [ERROR] LogOutputStream:75 - [STDERR_REDIRECT] [Fatal Error] :1:1: Premature end of file.
2026-09-27 16:52:26,556 [ERROR] LogOutputStream:75 - [STDERR_REDIRECT] 
2026-09-27 16:52:27,556 [ERROR] LogOutputStream:75 - [STDERR_REDIRECT] [Fatal Error] :1:1: Premature end of file.
2026-09-27 16:52:27,556 [ERROR] LogOutputStream:75 - [STDERR_REDIRECT] 
2026-09-27 16:52:28,557 [ERROR] LogOutputStream:75 - [STDERR_REDIRECT] [Fatal Error] :1:1: Premature end of file.
2026-09-27 16:52:28,557 [ERROR] LogOutputStream:75 - [STDERR_REDIRECT] 
2026-09-27 16:52:29,557 [ERROR] LogOutputStream:75 - [STDERR_REDIRECT] [Fatal Error] :1:1: Premature end of file.
2026-09-27 16:52:29,557 [ERROR] LogOutputStream:75 - [STDERR_REDIRECT] 
2026-09-27 16:52:30,555 [ERROR] LogOutputStream:75 - [STDERR_REDIRECT] [Fatal Error] :1:1: Premature end of file.
2026-09-27 16:52:30,555 [ERROR] LogOutputStream:75 - [STDERR_REDIRECT] 
2026-09-27 16:52:31,558 [ERROR] LogOutputStream:75 - [STDERR_REDIRECT] [Fatal Error] :1:1: Premature end of file.
2026-09-27 16:52:31,558 [ERROR] LogOutputStream:75 - [STDERR_REDIRECT] 
2026-09-27 16:52:32,557 [ERROR] LogOutputStream:75 - [STDERR_REDIRECT] [Fatal Error] :1:1: Premature end of file.
2026-09-27 16:52:32,557 [ERROR] LogOutputStream:75 - [STDERR_REDIRECT] 
2026-09-27 16:52:33,555 [ERROR] LogOutputStream:75 - [STDERR_REDIRECT] [Fatal Error] :1:1: Premature end of file.
2026-09-27 16:52:33,555 [ERROR] LogOutputStream:75 - [STDERR_REDIRECT] 
2026-09-27 16:52:34,557 [ERROR] LogOutputStream:75 - [STDERR_REDIRECT] [Fatal Error] :1:1: Premature end of file.
2026-09-27 16:52:34,557 [ERROR] LogOutputStream:75 - [STDERR_REDIRECT] 
2026-09-27 16:52:35,557 [ERROR] LogOutputStream:75 - [STDERR_REDIRECT] [Fatal Error] :1:1: Premature end of file.
2026-09-27 16:52:35,558 [ERROR] LogOutputStream:75 - [STDERR_REDIRECT] 
2026-09-27 16:52:36,559 [ERROR] LogOutputStream:75 - [STDERR_REDIRECT] [Fatal Error] :1:1: Premature end of file.
2026-09-27 16:52:36,559 [ERROR] LogOutputStream:75 - [STDERR_REDIRECT] 
2026-09-27 16:52:37,557 [ERROR] LogOutputStream:75 - [STDERR_REDIRECT] [Fatal Error] :1:1: Premature end of file.
2026-09-27 16:52:37,557 [ERROR] LogOutputStream:75 - [STDERR_REDIRECT] 
2026-09-27 16:52:38,555 [ERROR] LogOutputStream:75 - [STDERR_REDIRECT] [Fatal Error] :1:1: Premature end of file.
2026-09-27 16:52:38,555 [ERROR] LogOutputStream:75 - [STDERR_REDIRECT] 
2026-09-27 16:52:39,556 [ERROR] LogOutputStream:75 - [STDERR_REDIRECT] [Fatal Error] :1:1: Premature end of file.
2026-09-27 16:52:39,556 [ERROR] LogOutputStream:75 - [STDERR_REDIRECT] 
2026-09-27 16:52:40,556 [ERROR] LogOutputStream:75 - [STDERR_REDIRECT] [Fatal Error] :1:1: Premature end of file.
2026-09-27 16:52:40,556 [ERROR] LogOutputStream:75 - [STDERR_REDIRECT] 
2026-09-27 16:52:41,559 [ERROR] LogOutputStream:75 - [STDERR_REDIRECT] [Fatal Error] :1:1: Premature end of file.
2026-09-27 16:52:41,559 [ERROR] LogOutputStream:75 - [STDERR_REDIRECT] 
2026-09-27 16:52:42,560 [ERROR] LogOutputStream:75 - [STDERR_REDIRECT] [Fatal Error] :1:1: Premature end of file.
2026-09-27 16:52:42,560 [ERROR] LogOutputStream:75 - [STDERR_REDIRECT] 
2026-09-27 16:52:43,556 [ERROR] LogOutputStream:75 - [STDERR_REDIRECT] [Fatal Error] :1:1: Premature end of file.
2026-09-27 16:52:43,556 [ERROR] LogOutputStream:75 - [STDERR_REDIRECT] 
2026-09-27 16:52:44,557 [ERROR] LogOutputStream:75 - [STDERR_REDIRECT] [Fatal Error] :1:1: Premature end of file.
2026-09-27 16:52:44,557 [ERROR] LogOutputStream:75 - [STDERR_REDIRECT] 
2026-09-27 16:52:45,556 [ERROR] LogOutputStream:75 - [STDERR_REDIRECT] [Fatal Error] :1:1: Premature end of file.
2026-09-27 16:52:45,556 [ERROR] LogOutputStream:75 - [STDERR_REDIRECT] 
2026-09-27 16:52:46,556 [ERROR] LogOutputStream:75 - [STDERR_REDIRECT] [Fatal Error] :1:1: Premature end of file.
2026-09-27 16:52:46,556 [ERROR] LogOutputStream:75 - [STDERR_REDIRECT] 
2026-09-27 16:52:47,557 [ERROR] LogOutputStream:75 - [STDERR_REDIRECT] [Fatal Error] :1:1: Premature end of file.
2026-09-27 16:52:47,557 [ERROR] LogOutputStream:75 - [STDERR_REDIRECT] 
2026-09-27 16:52:48,556 [ERROR] LogOutputStream:75 - [STDERR_REDIRECT] [Fatal Error] :1:1: Premature end of file.
2026-09-27 16:52:48,556 [ERROR] LogOutputStream:75 - [STDERR_REDIRECT] 
2026-09-27 16:52:49,556 [ERROR] LogOutputStream:75 - [STDERR_REDIRECT] [Fatal Error] :1:1: Premature end of file.
2026-09-27 16:52:49,557 [ERROR] LogOutputStream:75 - [STDERR_REDIRECT] 
2026-09-27 16:52:50,556 [ERROR] LogOutputStream:75 - [STDERR_REDIRECT] [Fatal Error] :1:1: Premature end of file.
2026-09-27 16:52:50,556 [ERROR] LogOutputStream:75 - [STDERR_REDIRECT] 
2026-09-27 16:52:51,558 [ERROR] LogOutputStream:75 - [STDERR_REDIRECT] [Fatal Error] :1:1: Premature end of file.
2026-09-27 16:52:51,558 [ERROR] LogOutputStream:75 - [STDERR_REDIRECT] 
2026-09-27 16:52:52,556 [ERROR] LogOutputStream:75 - [STDERR_REDIRECT] [Fatal Error] :1:1: Premature end of file.
2026-09-27 16:52:52,556 [ERROR] LogOutputStream:75 - [STDERR_REDIRECT] 
2026-09-27 16:52:53,556 [ERROR] LogOutputStream:75 - [STDERR_REDIRECT] [Fatal Error] :1:1: Premature end of file.
2026-09-27 16:52:53,557 [ERROR] LogOutputStream:75 - [STDERR_REDIRECT] 
2026-09-27 16:52:54,560 [ERROR] LogOutputStream:75 - [STDERR_REDIRECT] [Fatal Error] :1:1: Premature end of file.
2026-09-27 16:52:54,560 [ERROR] LogOutputStream:75 - [STDERR_REDIRECT] 
2026-09-27 16:52:55,566 [ERROR] LogOutputStream:75 - [STDERR_REDIRECT] [Fatal Error] :1:1: Premature end of file.
2026-09-27 16:52:55,566 [ERROR] LogOutputStream:75 - [STDERR_REDIRECT] 
2026-09-27 16:52:56,556 [ERROR] LogOutputStream:75 - [STDERR_REDIRECT] [Fatal Error] :1:1: Premature end of file.
2026-09-27 16:52:56,556 [ERROR] LogOutputStream:75 - [STDERR_REDIRECT] 
2026-09-27 16:52:57,558 [ERROR] LogOutputStream:75 - [STDERR_REDIRECT] [Fatal Error] :1:1: Premature end of file.
2026-09-27 16:52:57,558 [ERROR] LogOutputStream:75 - [STDERR_REDIRECT] 
2026-09-27 16:52:58,557 [ERROR] LogOutputStream:75 - [STDERR_REDIRECT] [Fatal Error] :1:1: Premature end of file.
2026-09-27 16:52:58,557 [ERROR] LogOutputStream:75 - [STDERR_REDIRECT] 
2026-09-27 16:52:59,557 [ERROR] LogOutputStream:75 - [STDERR_REDIRECT] [Fatal Error] :1:1: Premature end of file.
2026-09-27 16:52:59,557 [ERROR] LogOutputStream:75 - [STDERR_REDIRECT] 
2026-09-27 16:53:00,556 [ERROR] LogOutputStream:75 - [STDERR_REDIRECT] [Fatal Error] :1:1: Premature end of file.
2026-09-27 16:53:00,556 [ERROR] LogOutputStream:75 - [STDERR_REDIRECT] 
2026-09-27 16:53:01,557 [ERROR] LogOutputStream:75 - [STDERR_REDIRECT] [Fatal Error] :1:1: Premature end of file.
2026-09-27 16:53:01,557 [ERROR] LogOutputStream:75 - [STDERR_REDIRECT] 
2026-09-27 16:53:02,556 [ERROR] LogOutputStream:75 - [STDERR_REDIRECT] [Fatal Error] :1:1: Premature end of file.
2026-09-27 16:53:02,556 [ERROR] LogOutputStream:75 - [STDERR_REDIRECT] 
2026-09-27 16:53:03,555 [ERROR] LogOutputStream:75 - [STDERR_REDIRECT] [Fatal Error] :1:1: Premature end of file.
2026-09-27 16:53:03,555 [ERROR] LogOutputStream:75 - [STDERR_REDIRECT] 
2026-09-27 16:53:04,557 [ERROR] LogOutputStream:75 - [STDERR_REDIRECT] [Fatal Error] :1:1: Premature end of file.
2026-09-27 16:53:04,557 [ERROR] LogOutputStream:75 - [STDERR_REDIRECT] 
2026-09-27 16:53:05,556 [ERROR] LogOutputStream:75 - [STDERR_REDIRECT] [Fatal Error] :1:1: Premature end of file.
2026-09-27 16:53:05,556 [ERROR] LogOutputStream:75 - [STDERR_REDIRECT] 
2026-09-27 16:53:06,557 [ERROR] LogOutputStream:75 - [STDERR_REDIRECT] [Fatal Error] :1:1: Premature end of file.
2026-09-27 16:53:06,557 [ERROR] LogOutputStream:75 - [STDERR_REDIRECT] 
2026-09-27 16:53:07,555 [ERROR] LogOutputStream:75 - [STDERR_REDIRECT] [Fatal Error] :1:1: Premature end of file.
2026-09-27 16:53:07,556 [ERROR] LogOutputStream:75 - [STDERR_REDIRECT] 
2026-09-27 16:53:08,556 [ERROR] LogOutputStream:75 - [STDERR_REDIRECT] [Fatal Error] :1:1: Premature end of file.
2026-09-27 16:53:08,556 [ERROR] LogOutputStream:75 - [STDERR_REDIRECT] 
2026-09-27 16:53:09,556 [ERROR] LogOutputStream:75 - [STDERR_REDIRECT] [Fatal Error] :1:1: Premature end of file.
2026-09-27 16:53:09,556 [ERROR] LogOutputStream:75 - [STDERR_REDIRECT] 
2026-09-27 16:53:10,557 [ERROR] LogOutputStream:75 - [STDERR_REDIRECT] [Fatal Error] :1:1: Premature end of file.
2026-09-27 16:53:10,557 [ERROR] LogOutputStream:75 - [STDERR_REDIRECT] 
2026-09-27 16:53:11,556 [ERROR] LogOutputStream:75 - [STDERR_REDIRECT] [Fatal Error] :1:1: Premature end of file.
2026-09-27 16:53:11,556 [ERROR] LogOutputStream:75 - [STDERR_REDIRECT] 
2026-09-27 16:53:12,556 [ERROR] LogOutputStream:75 - [STDERR_REDIRECT] [Fatal Error] :1:1: Premature end of file.
2026-09-27 16:53:12,556 [ERROR] LogOutputStream:75 - [STDERR_REDIRECT] 
2026-09-27 16:53:13,557 [ERROR] LogOutputStream:75 - [STDERR_REDIRECT] [Fatal Error] :1:1: Premature end of file.
2026-09-27 16:53:13,557 [ERROR] LogOutputStream:75 - [STDERR_REDIRECT] 
2026-09-27 16:53:14,557 [ERROR] LogOutputStream:75 - [STDERR_REDIRECT] [Fatal Error] :1:1: Premature end of file.
2026-09-27 16:53:14,557 [ERROR] LogOutputStream:75 - [STDERR_REDIRECT] 
2026-09-27 16:53:15,556 [ERROR] LogOutputStream:75 - [STDERR_REDIRECT] [Fatal Error] :1:1: Premature end of file.
2026-09-27 16:53:15,556 [ERROR] LogOutputStream:75 - [STDERR_REDIRECT] 
2026-09-27 16:53:16,555 [ERROR] LogOutputStream:75 - [STDERR_REDIRECT] [Fatal Error] :1:1: Premature end of file.
2026-09-27 16:53:16,555 [ERROR] LogOutputStream:75 - [STDERR_REDIRECT] 
2026-09-27 16:53:17,557 [ERROR] LogOutputStream:75 - [STDERR_REDIRECT] [Fatal Error] :1:1: Premature end of file.
2026-09-27 16:53:17,557 [ERROR] LogOutputStream:75 - [STDERR_REDIRECT] 
2026-09-27 16:53:18,556 [ERROR] LogOutputStream:75 - [STDERR_REDIRECT] [Fatal Error] :1:1: Premature end of file.
2026-09-27 16:53:18,556 [ERROR] LogOutputStream:75 - [STDERR_REDIRECT] 
2026-09-27 16:53:19,556 [ERROR] LogOutputStream:75 - [STDERR_REDIRECT] [Fatal Error] :1:1: Premature end of file.
2026-09-27 16:53:19,556 [ERROR] LogOutputStream:75 - [STDERR_REDIRECT] 
2026-09-27 16:53:20,556 [ERROR] LogOutputStream:75 - [STDERR_REDIRECT] [Fatal Error] :1:1: Premature end of file.
2026-09-27 16:53:20,556 [ERROR] LogOutputStream:75 - [STDERR_REDIRECT] 
2026-09-27 16:53:21,557 [ERROR] LogOutputStream:75 - [STDERR_REDIRECT] [Fatal Error] :1:1: Premature end of file.
2026-09-27 16:53:21,557 [ERROR] LogOutputStream:75 - [STDERR_REDIRECT] 
2026-09-27 16:53:22,557 [ERROR] LogOutputStream:75 - [STDERR_REDIRECT] [Fatal Error] :1:1: Premature end of file.
2026-09-27 16:53:22,557 [ERROR] LogOutputStream:75 - [STDERR_REDIRECT] 
2026-09-27 16:53:23,556 [ERROR] LogOutputStream:75 - [STDERR_REDIRECT] [Fatal Error] :1:1: Premature end of file.
2026-09-27 16:53:23,556 [ERROR] LogOutputStream:75 - [STDERR_REDIRECT] 
2026-09-27 16:53:24,558 [ERROR] LogOutputStream:75 - [STDERR_REDIRECT] [Fatal Error] :1:1: Premature end of file.
2026-09-27 16:53:24,558 [ERROR] LogOutputStream:75 - [STDERR_REDIRECT] 
2026-09-27 16:53:25,556 [ERROR] LogOutputStream:75 - [STDERR_REDIRECT] [Fatal Error] :1:1: Premature end of file.
2026-09-27 16:53:25,556 [ERROR] LogOutputStream:75 - [STDERR_REDIRECT] 
2026-09-27 16:53:26,557 [ERROR] LogOutputStream:75 - [STDERR_REDIRECT] [Fatal Error] :1:1: Premature end of file.
2026-09-27 16:53:26,557 [ERROR] LogOutputStream:75 - [STDERR_REDIRECT] 
2026-09-27 16:53:27,555 [ERROR] LogOutputStream:75 - [STDERR_REDIRECT] [Fatal Error] :1:1: Premature end of file.
2026-09-27 16:53:27,555 [ERROR] LogOutputStream:75 - [STDERR_REDIRECT] 
2026-09-27 16:53:28,555 [ERROR] LogOutputStream:75 - [STDERR_REDIRECT] [Fatal Error] :1:1: Premature end of file.
2026-09-27 16:53:28,557 [ERROR] LogOutputStream:75 - [STDERR_REDIRECT] 
2026-09-27 16:53:29,555 [ERROR] LogOutputStream:75 - [STDERR_REDIRECT] [Fatal Error] :1:1: Premature end of file.
2026-09-27 16:53:29,555 [ERROR] LogOutputStream:75 - [STDERR_REDIRECT] 
2026-09-27 16:53:30,560 [ERROR] LogOutputStream:75 - [STDERR_REDIRECT] [Fatal Error] :1:1: Premature end of file.
2026-09-27 16:53:30,560 [ERROR] LogOutputStream:75 - [STDERR_REDIRECT] 
2026-09-27 16:53:31,554 [ERROR] LogOutputStream:75 - [STDERR_REDIRECT] [Fatal Error] :1:1: Premature end of file.
2026-09-27 16:53:31,554 [ERROR] LogOutputStream:75 - [STDERR_REDIRECT] 
2026-09-27 16:53:32,558 [ERROR] LogOutputStream:75 - [STDERR_REDIRECT] [Fatal Error] :1:1: Premature end of file.
2026-09-27 16:53:32,558 [ERROR] LogOutputStream:75 - [STDERR_REDIRECT] 
2026-09-27 16:53:33,558 [ERROR] LogOutputStream:75 - [STDERR_REDIRECT] [Fatal Error] :1:1: Premature end of file.
2026-09-27 16:53:33,558 [ERROR] LogOutputStream:75 - [STDERR_REDIRECT] 
2026-09-27 16:53:34,558 [ERROR] LogOutputStream:75 - [STDERR_REDIRECT] [Fatal Error] :1:1: Premature end of file.
2026-09-27 16:53:34,558 [ERROR] LogOutputStream:75 - [STDERR_REDIRECT] 
2026-09-27 16:53:35,559 [ERROR] LogOutputStream:75 - [STDERR_REDIRECT] [Fatal Error] :1:1: Premature end of file.
2026-09-27 16:53:35,559 [ERROR] LogOutputStream:75 - [STDERR_REDIRECT] 
2026-09-27 16:53:36,560 [ERROR] LogOutputStream:75 - [STDERR_REDIRECT] [Fatal Error] :1:1: Premature end of file.
2026-09-27 16:53:36,560 [ERROR] LogOutputStream:75 - [STDERR_REDIRECT] 
2026-09-27 16:53:37,558 [ERROR] LogOutputStream:75 - [STDERR_REDIRECT] [Fatal Error] :1:1: Premature end of file.
2026-09-27 16:53:37,558 [ERROR] LogOutputStream:75 - [STDERR_REDIRECT] 
2026-09-27 16:53:38,556 [ERROR] LogOutputStream:75 - [STDERR_REDIRECT] [Fatal Error] :1:1: Premature end of file.
2026-09-27 16:53:38,556 [ERROR] LogOutputStream:75 - [STDERR_REDIRECT] 
2026-09-27 16:53:39,558 [ERROR] LogOutputStream:75 - [STDERR_REDIRECT] [Fatal Error] :1:1: Premature end of file.
2026-09-27 16:53:39,558 [ERROR] LogOutputStream:75 - [STDERR_REDIRECT] 
2026-09-27 16:53:40,557 [ERROR] LogOutputStream:75 - [STDERR_REDIRECT] [Fatal Error] :1:1: Premature end of file.
2026-09-27 16:53:40,557 [ERROR] LogOutputStream:75 - [STDERR_REDIRECT] 
2026-09-27 16:53:41,558 [ERROR] LogOutputStream:75 - [STDERR_REDIRECT] [Fatal Error] :1:1: Premature end of file.
2026-09-27 16:53:41,558 [ERROR] LogOutputStream:75 - [STDERR_REDIRECT] 
2026-09-27 16:53:42,555 [ERROR] LogOutputStream:75 - [STDERR_REDIRECT] [Fatal Error] :1:1: Premature end of file.
2026-09-27 16:53:42,555 [ERROR] LogOutputStream:75 - [STDERR_REDIRECT] 
2026-09-27 16:53:43,559 [ERROR] LogOutputStream:75 - [STDERR_REDIRECT] [Fatal Error] :1:1: Premature end of file.
2026-09-27 16:53:43,559 [ERROR] LogOutputStream:75 - [STDERR_REDIRECT] 
2026-09-27 16:53:44,556 [ERROR] LogOutputStream:75 - [STDERR_REDIRECT] [Fatal Error] :1:1: Premature end of file.
2026-09-27 16:53:44,556 [ERROR] LogOutputStream:75 - [STDERR_REDIRECT] 
2026-09-27 16:53:45,556 [ERROR] LogOutputStream:75 - [STDERR_REDIRECT] [Fatal Error] :1:1: Premature end of file.
2026-09-27 16:53:45,556 [ERROR] LogOutputStream:75 - [STDERR_REDIRECT] 
2026-09-27 16:53:46,555 [ERROR] LogOutputStream:75 - [STDERR_REDIRECT] [Fatal Error] :1:1: Premature end of file.
2026-09-27 16:53:46,556 [ERROR] LogOutputStream:75 - [STDERR_REDIRECT] 
2026-09-27 16:53:47,558 [ERROR] LogOutputStream:75 - [STDERR_REDIRECT] [Fatal Error] :1:1: Premature end of file.
2026-09-27 16:53:47,558 [ERROR] LogOutputStream:75 - [STDERR_REDIRECT] 
2026-09-27 16:53:48,555 [ERROR] LogOutputStream:75 - [STDERR_REDIRECT] [Fatal Error] :1:1: Premature end of file.
2026-09-27 16:53:48,556 [ERROR] LogOutputStream:75 - [STDERR_REDIRECT] 
2026-09-27 16:53:49,559 [ERROR] LogOutputStream:75 - [STDERR_REDIRECT] [Fatal Error] :1:1: Premature end of file.
2026-09-27 16:53:49,559 [ERROR] LogOutputStream:75 - [STDERR_REDIRECT] 
2026-09-27 16:53:50,557 [ERROR] LogOutputStream:75 - [STDERR_REDIRECT] [Fatal Error] :1:1: Premature end of file.
2026-09-27 16:53:50,557 [ERROR] LogOutputStream:75 - [STDERR_REDIRECT] 
2026-09-27 16:53:51,558 [ERROR] LogOutputStream:75 - [STDERR_REDIRECT] [Fatal Error] :1:1: Premature end of file.
2026-09-27 16:53:51,559 [ERROR] LogOutputStream:75 - [STDERR_REDIRECT] 
2026-09-27 16:53:52,556 [ERROR] LogOutputStream:75 - [STDERR_REDIRECT] [Fatal Error] :1:1: Premature end of file.
2026-09-27 16:53:52,556 [ERROR] LogOutputStream:75 - [STDERR_REDIRECT] 
2026-09-27 16:53:53,557 [ERROR] LogOutputStream:75 - [STDERR_REDIRECT] [Fatal Error] :1:1: Premature end of file.
2026-09-27 16:53:53,557 [ERROR] LogOutputStream:75 - [STDERR_REDIRECT] 
2026-09-27 16:53:54,558 [ERROR] LogOutputStream:75 - [STDERR_REDIRECT] [Fatal Error] :1:1: Premature end of file.
2026-09-27 16:53:54,558 [ERROR] LogOutputStream:75 - [STDERR_REDIRECT] 
2026-09-27 16:53:55,556 [ERROR] LogOutputStream:75 - [STDERR_REDIRECT] [Fatal Error] :1:1: Premature end of file.
2026-09-27 16:53:55,556 [ERROR] LogOutputStream:75 - [STDERR_REDIRECT] 
2026-09-27 16:53:56,558 [ERROR] LogOutputStream:75 - [STDERR_REDIRECT] [Fatal Error] :1:1: Premature end of file.
2026-09-27 16:53:56,559 [ERROR] LogOutputStream:75 - [STDERR_REDIRECT] 
2026-09-27 16:53:57,562 [ERROR] LogOutputStream:75 - [STDERR_REDIRECT] [Fatal Error] :1:1: Premature end of file.
2026-09-27 16:53:57,562 [ERROR] LogOutputStream:75 - [STDERR_REDIRECT] 
2026-09-27 16:53:58,558 [ERROR] LogOutputStream:75 - [STDERR_REDIRECT] [Fatal Error] :1:1: Premature end of file.
2026-09-27 16:53:58,558 [ERROR] LogOutputStream:75 - [STDERR_REDIRECT] 
2026-09-27 16:53:59,555 [ERROR] LogOutputStream:75 - [STDERR_REDIRECT] [Fatal Error] :1:1: Premature end of file.
2026-09-27 16:53:59,555 [ERROR] LogOutputStream:75 - [STDERR_REDIRECT] 
2026-09-27 16:54:00,556 [ERROR] LogOutputStream:75 - [STDERR_REDIRECT] [Fatal Error] :1:1: Premature end of file.
2026-09-27 16:54:00,556 [ERROR] LogOutputStream:75 - [STDERR_REDIRECT] 
2026-09-27 16:54:01,557 [ERROR] LogOutputStream:75 - [STDERR_REDIRECT] [Fatal Error] :1:1: Premature end of file.
2026-09-27 16:54:01,557 [ERROR] LogOutputStream:75 - [STDERR_REDIRECT] 
2026-09-27 16:54:02,554 [ERROR] LogOutputStream:75 - [STDERR_REDIRECT] [Fatal Error] :1:1: Premature end of file.
2026-09-27 16:54:02,554 [ERROR] LogOutputStream:75 - [STDERR_REDIRECT] 
2026-09-27 16:54:03,556 [ERROR] LogOutputStream:75 - [STDERR_REDIRECT] [Fatal Error] :1:1: Premature end of file.
2026-09-27 16:54:03,556 [ERROR] LogOutputStream:75 - [STDERR_REDIRECT] 
2026-09-27 16:54:04,557 [ERROR] LogOutputStream:75 - [STDERR_REDIRECT] [Fatal Error] :1:1: Premature end of file.
2026-09-27 16:54:04,557 [ERROR] LogOutputStream:75 - [STDERR_REDIRECT] 
2026-09-27 16:54:05,557 [ERROR] LogOutputStream:75 - [STDERR_REDIRECT] [Fatal Error] :1:1: Premature end of file.
2026-09-27 16:54:05,557 [ERROR] LogOutputStream:75 - [STDERR_REDIRECT] 
2026-09-27 16:54:06,558 [ERROR] LogOutputStream:75 - [STDERR_REDIRECT] [Fatal Error] :1:1: Premature end of file.
2026-09-27 16:54:06,558 [ERROR] LogOutputStream:75 - [STDERR_REDIRECT] 
2026-09-27 16:54:07,559 [ERROR] LogOutputStream:75 - [STDERR_REDIRECT] [Fatal Error] :1:1: Premature end of file.
2026-09-27 16:54:07,559 [ERROR] LogOutputStream:75 - [STDERR_REDIRECT] 
2026-09-27 16:54:08,556 [ERROR] LogOutputStream:75 - [STDERR_REDIRECT] [Fatal Error] :1:1: Premature end of file.
2026-09-27 16:54:08,556 [ERROR] LogOutputStream:75 - [STDERR_REDIRECT] 
2026-09-27 16:54:09,558 [ERROR] LogOutputStream:75 - [STDERR_REDIRECT] [Fatal Error] :1:1: Premature end of file.
2026-09-27 16:54:09,558 [ERROR] LogOutputStream:75 - [STDERR_REDIRECT] 
2026-09-27 16:54:10,558 [ERROR] LogOutputStream:75 - [STDERR_REDIRECT] [Fatal Error] :1:1: Premature end of file.
2026-09-27 16:54:10,558 [ERROR] LogOutputStream:75 - [STDERR_REDIRECT] 
2026-09-27 16:54:11,559 [ERROR] LogOutputStream:75 - [STDERR_REDIRECT] [Fatal Error] :1:1: Premature end of file.
2026-09-27 16:54:11,559 [ERROR] LogOutputStream:75 - [STDERR_REDIRECT] 
2026-09-27 16:54:12,556 [ERROR] LogOutputStream:75 - [STDERR_REDIRECT] [Fatal Error] :1:1: Premature end of file.
2026-09-27 16:54:12,556 [ERROR] LogOutputStream:75 - [STDERR_REDIRECT] 
2026-09-27 16:54:13,557 [ERROR] LogOutputStream:75 - [STDERR_REDIRECT] [Fatal Error] :1:1: Premature end of file.
2026-09-27 16:54:13,557 [ERROR] LogOutputStream:75 - [STDERR_REDIRECT] 
2026-09-27 16:54:14,558 [ERROR] LogOutputStream:75 - [STDERR_REDIRECT] [Fatal Error] :1:1: Premature end of file.
2026-09-27 16:54:14,558 [ERROR] LogOutputStream:75 - [STDERR_REDIRECT] 
2026-09-27 16:54:15,557 [ERROR] LogOutputStream:75 - [STDERR_REDIRECT] [Fatal Error] :1:1: Premature end of file.
2026-09-27 16:54:15,557 [ERROR] LogOutputStream:75 - [STDERR_REDIRECT] 
2026-09-27 16:54:16,557 [ERROR] LogOutputStream:75 - [STDERR_REDIRECT] [Fatal Error] :1:1: Premature end of file.
2026-09-27 16:54:16,557 [ERROR] LogOutputStream:75 - [STDERR_REDIRECT] 
2026-09-27 16:54:17,557 [ERROR] LogOutputStream:75 - [STDERR_REDIRECT] [Fatal Error] :1:1: Premature end of file.
2026-09-27 16:54:17,557 [ERROR] LogOutputStream:75 - [STDERR_REDIRECT] 
2026-09-27 16:54:18,559 [ERROR] LogOutputStream:75 - [STDERR_REDIRECT] [Fatal Error] :1:1: Premature end of file.
2026-09-27 16:54:18,559 [ERROR] LogOutputStream:75 - [STDERR_REDIRECT] 
2026-09-27 16:54:19,558 [ERROR] LogOutputStream:75 - [STDERR_REDIRECT] [Fatal Error] :1:1: Premature end of file.
2026-09-27 16:54:19,558 [ERROR] LogOutputStream:75 - [STDERR_REDIRECT] 
2026-09-27 16:54:20,561 [ERROR] LogOutputStream:75 - [STDERR_REDIRECT] [Fatal Error] :1:1: Premature end of file.
2026-09-27 16:54:20,561 [ERROR] LogOutputStream:75 - [STDERR_REDIRECT] 
2026-09-27 16:54:21,558 [ERROR] LogOutputStream:75 - [STDERR_REDIRECT] [Fatal Error] :1:1: Premature end of file.
2026-09-27 16:54:21,558 [ERROR] LogOutputStream:75 - [STDERR_REDIRECT] 
2026-09-27 16:54:22,558 [ERROR] LogOutputStream:75 - [STDERR_REDIRECT] [Fatal Error] :1:1: Premature end of file.
2026-09-27 16:54:22,558 [ERROR] LogOutputStream:75 - [STDERR_REDIRECT] 
2026-09-27 16:54:23,557 [ERROR] LogOutputStream:75 - [STDERR_REDIRECT] [Fatal Error] :1:1: Premature end of file.
2026-09-27 16:54:23,557 [ERROR] LogOutputStream:75 - [STDERR_REDIRECT] 
2026-09-27 16:54:24,558 [ERROR] LogOutputStream:75 - [STDERR_REDIRECT] [Fatal Error] :1:1: Premature end of file.
2026-09-27 16:54:24,559 [ERROR] LogOutputStream:75 - [STDERR_REDIRECT] 
2026-09-27 16:54:25,557 [ERROR] LogOutputStream:75 - [STDERR_REDIRECT] [Fatal Error] :1:1: Premature end of file.
2026-09-27 16:54:25,557 [ERROR] LogOutputStream:75 - [STDERR_REDIRECT] 
2026-09-27 16:54:26,557 [ERROR] LogOutputStream:75 - [STDERR_REDIRECT] [Fatal Error] :1:1: Premature end of file.
2026-09-27 16:54:26,557 [ERROR] LogOutputStream:75 - [STDERR_REDIRECT] 
2026-09-27 16:54:27,557 [ERROR] LogOutputStream:75 - [STDERR_REDIRECT] [Fatal Error] :1:1: Premature end of file.
2026-09-27 16:54:27,557 [ERROR] LogOutputStream:75 - [STDERR_REDIRECT] 
2026-09-27 16:54:28,558 [ERROR] LogOutputStream:75 - [STDERR_REDIRECT] [Fatal Error] :1:1: Premature end of file.
2026-09-27 16:54:28,558 [ERROR] LogOutputStream:75 - [STDERR_REDIRECT] 
2026-09-27 16:54:29,560 [ERROR] LogOutputStream:75 - [STDERR_REDIRECT] [Fatal Error] :1:1: Premature end of file.
2026-09-27 16:54:29,560 [ERROR] LogOutputStream:75 - [STDERR_REDIRECT] 
2026-09-27 16:54:30,557 [ERROR] LogOutputStream:75 - [STDERR_REDIRECT] [Fatal Error] :1:1: Premature end of file.
2026-09-27 16:54:30,558 [ERROR] LogOutputStream:75 - [STDERR_REDIRECT] 
2026-09-27 16:54:31,558 [ERROR] LogOutputStream:75 - [STDERR_REDIRECT] [Fatal Error] :1:1: Premature end of file.
2026-09-27 16:54:31,558 [ERROR] LogOutputStream:75 - [STDERR_REDIRECT] 
2026-09-27 16:54:32,557 [ERROR] LogOutputStream:75 - [STDERR_REDIRECT] [Fatal Error] :1:1: Premature end of file.
2026-09-27 16:54:32,557 [ERROR] LogOutputStream:75 - [STDERR_REDIRECT] 
2026-09-27 16:54:33,556 [ERROR] LogOutputStream:75 - [STDERR_REDIRECT] [Fatal Error] :1:1: Premature end of file.
2026-09-27 16:54:33,556 [ERROR] LogOutputStream:75 - [STDERR_REDIRECT] 
2026-09-27 16:54:34,558 [ERROR] LogOutputStream:75 - [STDERR_REDIRECT] [Fatal Error] :1:1: Premature end of file.
2026-09-27 16:54:34,558 [ERROR] LogOutputStream:75 - [STDERR_REDIRECT] 
2026-09-27 16:54:35,557 [ERROR] LogOutputStream:75 - [STDERR_REDIRECT] [Fatal Error] :1:1: Premature end of file.
2026-09-27 16:54:35,557 [ERROR] LogOutputStream:75 - [STDERR_REDIRECT] 
2026-09-27 16:54:36,559 [ERROR] LogOutputStream:75 - [STDERR_REDIRECT] [Fatal Error] :1:1: Premature end of file.
2026-09-27 16:54:36,559 [ERROR] LogOutputStream:75 - [STDERR_REDIRECT] 
2026-09-27 16:54:37,557 [ERROR] LogOutputStream:75 - [STDERR_REDIRECT] [Fatal Error] :1:1: Premature end of file.
2026-09-27 16:54:37,557 [ERROR] LogOutputStream:75 - [STDERR_REDIRECT] 
2026-09-27 16:54:38,558 [ERROR] LogOutputStream:75 - [STDERR_REDIRECT] [Fatal Error] :1:1: Premature end of file.
2026-09-27 16:54:38,558 [ERROR] LogOutputStream:75 - [STDERR_REDIRECT] 
2026-09-27 16:54:39,556 [ERROR] LogOutputStream:75 - [STDERR_REDIRECT] [Fatal Error] :1:1: Premature end of file.
2026-09-27 16:54:39,556 [ERROR] LogOutputStream:75 - [STDERR_REDIRECT] 
2026-09-27 16:54:40,557 [ERROR] LogOutputStream:75 - [STDERR_REDIRECT] [Fatal Error] :1:1: Premature end of file.
2026-09-27 16:54:40,558 [ERROR] LogOutputStream:75 - [STDERR_REDIRECT] 
2026-09-27 16:54:41,557 [ERROR] LogOutputStream:75 - [STDERR_REDIRECT] [Fatal Error] :1:1: Premature end of file.
2026-09-27 16:54:41,557 [ERROR] LogOutputStream:75 - [STDERR_REDIRECT] 
2026-09-27 16:54:42,557 [ERROR] LogOutputStream:75 - [STDERR_REDIRECT] [Fatal Error] :1:1: Premature end of file.
2026-09-27 16:54:42,557 [ERROR] LogOutputStream:75 - [STDERR_REDIRECT] 
2026-09-27 16:54:43,558 [ERROR] LogOutputStream:75 - [STDERR_REDIRECT] [Fatal Error] :1:1: Premature end of file.
2026-09-27 16:54:43,558 [ERROR] LogOutputStream:75 - [STDERR_REDIRECT] 
2026-09-27 16:54:44,559 [ERROR] LogOutputStream:75 - [STDERR_REDIRECT] [Fatal Error] :1:1: Premature end of file.
2026-09-27 16:54:44,559 [ERROR] LogOutputStream:75 - [STDERR_REDIRECT] 
2026-09-27 16:54:45,557 [ERROR] LogOutputStream:75 - [STDERR_REDIRECT] [Fatal Error] :1:1: Premature end of file.
2026-09-27 16:54:45,557 [ERROR] LogOutputStream:75 - [STDERR_REDIRECT] 
2026-09-27 16:54:46,558 [ERROR] LogOutputStream:75 - [STDERR_REDIRECT] [Fatal Error] :1:1: Premature end of file.
2026-09-27 16:54:46,558 [ERROR] LogOutputStream:75 - [STDERR_REDIRECT] 
2026-09-27 16:54:47,558 [ERROR] LogOutputStream:75 - [STDERR_REDIRECT] [Fatal Error] :1:1: Premature end of file.
2026-09-27 16:54:47,558 [ERROR] LogOutputStream:75 - [STDERR_REDIRECT] 
2026-09-27 16:54:48,556 [ERROR] LogOutputStream:75 - [STDERR_REDIRECT] [Fatal Error] :1:1: Premature end of file.
2026-09-27 16:54:48,556 [ERROR] LogOutputStream:75 - [STDERR_REDIRECT] 
2026-09-27 16:54:49,556 [ERROR] LogOutputStream:75 - [STDERR_REDIRECT] [Fatal Error] :1:1: Premature end of file.
2026-09-27 16:54:49,556 [ERROR] LogOutputStream:75 - [STDERR_REDIRECT] 
2026-09-27 16:54:50,559 [ERROR] LogOutputStream:75 - [STDERR_REDIRECT] [Fatal Error] :1:1: Premature end of file.
2026-09-27 16:54:50,559 [ERROR] LogOutputStream:75 - [STDERR_REDIRECT] 
2026-09-27 16:54:51,557 [ERROR] LogOutputStream:75 - [STDERR_REDIRECT] [Fatal Error] :1:1: Premature end of file.
2026-09-27 16:54:51,557 [ERROR] LogOutputStream:75 - [STDERR_REDIRECT] 
2026-09-27 16:54:52,559 [ERROR] LogOutputStream:75 - [STDERR_REDIRECT] [Fatal Error] :1:1: Premature end of file.
2026-09-27 16:54:52,560 [ERROR] LogOutputStream:75 - [STDERR_REDIRECT] 
2026-09-27 16:54:53,557 [ERROR] LogOutputStream:75 - [STDERR_REDIRECT] [Fatal Error] :1:1: Premature end of file.
2026-09-27 16:54:53,557 [ERROR] LogOutputStream:75 - [STDERR_REDIRECT] 
2026-09-27 16:54:54,557 [ERROR] LogOutputStream:75 - [STDERR_REDIRECT] [Fatal Error] :1:1: Premature end of file.
2026-09-27 16:54:54,557 [ERROR] LogOutputStream:75 - [STDERR_REDIRECT] 
2026-09-27 16:54:55,559 [ERROR] LogOutputStream:75 - [STDERR_REDIRECT] [Fatal Error] :1:1: Premature end of file.
2026-09-27 16:54:55,559 [ERROR] LogOutputStream:75 - [STDERR_REDIRECT] 
2026-09-27 16:54:56,556 [ERROR] LogOutputStream:75 - [STDERR_REDIRECT] [Fatal Error] :1:1: Premature end of file.
2026-09-27 16:54:56,556 [ERROR] LogOutputStream:75 - [STDERR_REDIRECT] 
2026-09-27 16:54:57,557 [ERROR] LogOutputStream:75 - [STDERR_REDIRECT] [Fatal Error] :1:1: Premature end of file.
2026-09-27 16:54:57,557 [ERROR] LogOutputStream:75 - [STDERR_REDIRECT] 
2026-09-27 16:54:58,555 [ERROR] LogOutputStream:75 - [STDERR_REDIRECT] [Fatal Error] :1:1: Premature end of file.
2026-09-27 16:54:58,555 [ERROR] LogOutputStream:75 - [STDERR_REDIRECT] 
2026-09-27 16:54:59,558 [ERROR] LogOutputStream:75 - [STDERR_REDIRECT] [Fatal Error] :1:1: Premature end of file.
2026-09-27 16:54:59,558 [ERROR] LogOutputStream:75 - [STDERR_REDIRECT] 
2026-09-27 16:55:00,558 [ERROR] LogOutputStream:75 - [STDERR_REDIRECT] [Fatal Error] :1:1: Premature end of file.
2026-09-27 16:55:00,558 [ERROR] LogOutputStream:75 - [STDERR_REDIRECT] 
2026-09-27 16:55:01,558 [ERROR] LogOutputStream:75 - [STDERR_REDIRECT] [Fatal Error] :1:1: Premature end of file.
2026-09-27 16:55:01,558 [ERROR] LogOutputStream:75 - [STDERR_REDIRECT] 
2026-09-27 16:55:02,559 [ERROR] LogOutputStream:75 - [STDERR_REDIRECT] [Fatal Error] :1:1: Premature end of file.
2026-09-27 16:55:02,559 [ERROR] LogOutputStream:75 - [STDERR_REDIRECT] 
2026-09-27 16:55:03,559 [ERROR] LogOutputStream:75 - [STDERR_REDIRECT] [Fatal Error] :1:1: Premature end of file.
2026-09-27 16:55:03,559 [ERROR] LogOutputStream:75 - [STDERR_REDIRECT] 
2026-09-27 16:55:04,556 [ERROR] LogOutputStream:75 - [STDERR_REDIRECT] [Fatal Error] :1:1: Premature end of file.
2026-09-27 16:55:04,556 [ERROR] LogOutputStream:75 - [STDERR_REDIRECT] 
2026-09-27 16:55:05,555 [ERROR] LogOutputStream:75 - [STDERR_REDIRECT] [Fatal Error] :1:1: Premature end of file.
2026-09-27 16:55:05,555 [ERROR] LogOutputStream:75 - [STDERR_REDIRECT] 
2026-09-27 16:55:06,556 [ERROR] LogOutputStream:75 - [STDERR_REDIRECT] [Fatal Error] :1:1: Premature end of file.
2026-09-27 16:55:06,556 [ERROR] LogOutputStream:75 - [STDERR_REDIRECT] 
2026-09-27 16:55:07,560 [ERROR] LogOutputStream:75 - [STDERR_REDIRECT] [Fatal Error] :1:1: Premature end of file.
2026-09-27 16:55:07,560 [ERROR] LogOutputStream:75 - [STDERR_REDIRECT] 
2026-09-27 16:55:08,556 [ERROR] LogOutputStream:75 - [STDERR_REDIRECT] [Fatal Error] :1:1: Premature end of file.
2026-09-27 16:55:08,557 [ERROR] LogOutputStream:75 - [STDERR_REDIRECT] 
2026-09-27 16:55:09,556 [ERROR] LogOutputStream:75 - [STDERR_REDIRECT] [Fatal Error] :1:1: Premature end of file.
2026-09-27 16:55:09,556 [ERROR] LogOutputStream:75 - [STDERR_REDIRECT] 
2026-09-27 16:55:10,557 [ERROR] LogOutputStream:75 - [STDERR_REDIRECT] [Fatal Error] :1:1: Premature end of file.
2026-09-27 16:55:10,557 [ERROR] LogOutputStream:75 - [STDERR_REDIRECT] 
2026-09-27 16:55:11,557 [ERROR] LogOutputStream:75 - [STDERR_REDIRECT] [Fatal Error] :1:1: Premature end of file.
2026-09-27 16:55:11,557 [ERROR] LogOutputStream:75 - [STDERR_REDIRECT] 
2026-09-27 16:55:12,555 [ERROR] LogOutputStream:75 - [STDERR_REDIRECT] [Fatal Error] :1:1: Premature end of file.
2026-09-27 16:55:12,555 [ERROR] LogOutputStream:75 - [STDERR_REDIRECT] 
2026-09-27 16:55:13,556 [ERROR] LogOutputStream:75 - [STDERR_REDIRECT] [Fatal Error] :1:1: Premature end of file.
2026-09-27 16:55:13,556 [ERROR] LogOutputStream:75 - [STDERR_REDIRECT] 
2026-09-27 16:55:14,557 [ERROR] LogOutputStream:75 - [STDERR_REDIRECT] [Fatal Error] :1:1: Premature end of file.
2026-09-27 16:55:14,557 [ERROR] LogOutputStream:75 - [STDERR_REDIRECT] 
2026-09-27 16:55:15,556 [ERROR] LogOutputStream:75 - [STDERR_REDIRECT] [Fatal Error] :1:1: Premature end of file.
2026-09-27 16:55:15,556 [ERROR] LogOutputStream:75 - [STDERR_REDIRECT] 
2026-09-27 16:55:16,556 [ERROR] LogOutputStream:75 - [STDERR_REDIRECT] [Fatal Error] :1:1: Premature end of file.
2026-09-27 16:55:16,556 [ERROR] LogOutputStream:75 - [STDERR_REDIRECT] 
2026-09-27 16:55:17,557 [ERROR] LogOutputStream:75 - [STDERR_REDIRECT] [Fatal Error] :1:1: Premature end of file.
2026-09-27 16:55:17,558 [ERROR] LogOutputStream:75 - [STDERR_REDIRECT] 
2026-09-27 16:55:18,556 [ERROR] LogOutputStream:75 - [STDERR_REDIRECT] [Fatal Error] :1:1: Premature end of file.
2026-09-27 16:55:18,556 [ERROR] LogOutputStream:75 - [STDERR_REDIRECT] 
2026-09-27 16:55:19,556 [ERROR] LogOutputStream:75 - [STDERR_REDIRECT] [Fatal Error] :1:1: Premature end of file.
2026-09-27 16:55:19,556 [ERROR] LogOutputStream:75 - [STDERR_REDIRECT] 
2026-09-27 16:55:20,557 [ERROR] LogOutputStream:75 - [STDERR_REDIRECT] [Fatal Error] :1:1: Premature end of file.
2026-09-27 16:55:20,557 [ERROR] LogOutputStream:75 - [STDERR_REDIRECT] 
2026-09-27 16:55:21,555 [ERROR] LogOutputStream:75 - [STDERR_REDIRECT] [Fatal Error] :1:1: Premature end of file.
2026-09-27 16:55:21,555 [ERROR] LogOutputStream:75 - [STDERR_REDIRECT] 
2026-09-27 16:55:22,557 [ERROR] LogOutputStream:75 - [STDERR_REDIRECT] [Fatal Error] :1:1: Premature end of file.
2026-09-27 16:55:22,557 [ERROR] LogOutputStream:75 - [STDERR_REDIRECT] 
2026-09-27 16:55:23,556 [ERROR] LogOutputStream:75 - [STDERR_REDIRECT] [Fatal Error] :1:1: Premature end of file.
2026-09-27 16:55:23,557 [ERROR] LogOutputStream:75 - [STDERR_REDIRECT] 
2026-09-27 16:55:24,558 [ERROR] LogOutputStream:75 - [STDERR_REDIRECT] [Fatal Error] :1:1: Premature end of file.
2026-09-27 16:55:24,559 [ERROR] LogOutputStream:75 - [STDERR_REDIRECT] 
2026-09-27 16:55:25,562 [ERROR] LogOutputStream:75 - [STDERR_REDIRECT] [Fatal Error] :1:1: Premature end of file.
2026-09-27 16:55:25,562 [ERROR] LogOutputStream:75 - [STDERR_REDIRECT] 
2026-09-27 16:55:26,560 [ERROR] LogOutputStream:75 - [STDERR_REDIRECT] [Fatal Error] :1:1: Premature end of file.
2026-09-27 16:55:26,560 [ERROR] LogOutputStream:75 - [STDERR_REDIRECT] 
2026-09-27 16:55:27,559 [ERROR] LogOutputStream:75 - [STDERR_REDIRECT] [Fatal Error] :1:1: Premature end of file.
2026-09-27 16:55:27,559 [ERROR] LogOutputStream:75 - [STDERR_REDIRECT] 
2026-09-27 16:55:28,557 [ERROR] LogOutputStream:75 - [STDERR_REDIRECT] [Fatal Error] :1:1: Premature end of file.
2026-09-27 16:55:28,558 [ERROR] LogOutputStream:75 - [STDERR_REDIRECT] 
2026-09-27 16:55:29,558 [ERROR] LogOutputStream:75 - [STDERR_REDIRECT] [Fatal Error] :1:1: Premature end of file.
2026-09-27 16:55:29,558 [ERROR] LogOutputStream:75 - [STDERR_REDIRECT] 
2026-09-27 16:55:30,559 [ERROR] LogOutputStream:75 - [STDERR_REDIRECT] [Fatal Error] :1:1: Premature end of file.
2026-09-27 16:55:30,559 [ERROR] LogOutputStream:75 - [STDERR_REDIRECT] 
2026-09-27 16:55:31,558 [ERROR] LogOutputStream:75 - [STDERR_REDIRECT] [Fatal Error] :1:1: Premature end of file.
2026-09-27 16:55:31,558 [ERROR] LogOutputStream:75 - [STDERR_REDIRECT] 
2026-09-27 16:55:32,556 [ERROR] LogOutputStream:75 - [STDERR_REDIRECT] [Fatal Error] :1:1: Premature end of file.
2026-09-27 16:55:32,556 [ERROR] LogOutputStream:75 - [STDERR_REDIRECT] 
2026-09-27 16:55:33,561 [ERROR] LogOutputStream:75 - [STDERR_REDIRECT] [Fatal Error] :1:1: Premature end of file.
2026-09-27 16:55:33,561 [ERROR] LogOutputStream:75 - [STDERR_REDIRECT] 
2026-09-27 16:55:34,558 [ERROR] LogOutputStream:75 - [STDERR_REDIRECT] [Fatal Error] :1:1: Premature end of file.
2026-09-27 16:55:34,558 [ERROR] LogOutputStream:75 - [STDERR_REDIRECT] 
2026-09-27 16:55:35,559 [ERROR] LogOutputStream:75 - [STDERR_REDIRECT] [Fatal Error] :1:1: Premature end of file.
2026-09-27 16:55:35,559 [ERROR] LogOutputStream:75 - [STDERR_REDIRECT] 
2026-09-27 16:55:36,555 [ERROR] LogOutputStream:75 - [STDERR_REDIRECT] [Fatal Error] :1:1: Premature end of file.
2026-09-27 16:55:36,555 [ERROR] LogOutputStream:75 - [STDERR_REDIRECT] 
2026-09-27 16:55:37,559 [ERROR] LogOutputStream:75 - [STDERR_REDIRECT] [Fatal Error] :1:1: Premature end of file.
2026-09-27 16:55:37,559 [ERROR] LogOutputStream:75 - [STDERR_REDIRECT] 
2026-09-27 16:55:38,558 [ERROR] LogOutputStream:75 - [STDERR_REDIRECT] [Fatal Error] :1:1: Premature end of file.
2026-09-27 16:55:38,558 [ERROR] LogOutputStream:75 - [STDERR_REDIRECT] 
2026-09-27 16:55:39,550 [ERROR] LogOutputStream:75 - [STDERR_REDIRECT] [Fatal Error] :1:1: Premature end of file.
2026-09-27 16:55:39,550 [ERROR] LogOutputStream:75 - [STDERR_REDIRECT] 
2026-09-27 16:55:40,563 [ERROR] LogOutputStream:75 - [STDERR_REDIRECT] [Fatal Error] :1:1: Premature end of file.
2026-09-27 16:55:40,563 [ERROR] LogOutputStream:75 - [STDERR_REDIRECT] 
2026-09-27 16:55:41,555 [ERROR] LogOutputStream:75 - [STDERR_REDIRECT] [Fatal Error] :1:1: Premature end of file.
2026-09-27 16:55:41,555 [ERROR] LogOutputStream:75 - [STDERR_REDIRECT] 
2026-09-27 16:55:42,557 [ERROR] LogOutputStream:75 - [STDERR_REDIRECT] [Fatal Error] :1:1: Premature end of file.
2026-09-27 16:55:42,558 [ERROR] LogOutputStream:75 - [STDERR_REDIRECT] 
2026-09-27 16:55:43,554 [ERROR] LogOutputStream:75 - [STDERR_REDIRECT] [Fatal Error] :1:1: Premature end of file.
2026-09-27 16:55:43,554 [ERROR] LogOutputStream:75 - [STDERR_REDIRECT] 
2026-09-27 16:55:44,557 [ERROR] LogOutputStream:75 - [STDERR_REDIRECT] [Fatal Error] :1:1: Premature end of file.
2026-09-27 16:55:44,557 [ERROR] LogOutputStream:75 - [STDERR_REDIRECT] 
2026-09-27 16:55:45,556 [ERROR] LogOutputStream:75 - [STDERR_REDIRECT] [Fatal Error] :1:1: Premature end of file.
2026-09-27 16:55:45,557 [ERROR] LogOutputStream:75 - [STDERR_REDIRECT] 
2026-09-27 16:55:46,559 [ERROR] LogOutputStream:75 - [STDERR_REDIRECT] [Fatal Error] :1:1: Premature end of file.
2026-09-27 16:55:46,559 [ERROR] LogOutputStream:75 - [STDERR_REDIRECT] 
2026-09-27 16:55:47,555 [ERROR] LogOutputStream:75 - [STDERR_REDIRECT] [Fatal Error] :1:1: Premature end of file.
2026-09-27 16:55:47,555 [ERROR] LogOutputStream:75 - [STDERR_REDIRECT] 
2026-09-27 16:55:48,563 [ERROR] LogOutputStream:75 - [STDERR_REDIRECT] [Fatal Error] :1:1: Premature end of file.
2026-09-27 16:55:48,564 [ERROR] LogOutputStream:75 - [STDERR_REDIRECT] 
2026-09-27 16:55:49,559 [ERROR] LogOutputStream:75 - [STDERR_REDIRECT] [Fatal Error] :1:1: Premature end of file.
2026-09-27 16:55:49,559 [ERROR] LogOutputStream:75 - [STDERR_REDIRECT] 
2026-09-27 16:55:50,556 [ERROR] LogOutputStream:75 - [STDERR_REDIRECT] [Fatal Error] :1:1: Premature end of file.
2026-09-27 16:55:50,556 [ERROR] LogOutputStream:75 - [STDERR_REDIRECT] 
2026-09-27 16:55:51,563 [ERROR] LogOutputStream:75 - [STDERR_REDIRECT] [Fatal Error] :1:1: Premature end of file.
2026-09-27 16:55:51,563 [ERROR] LogOutputStream:75 - [STDERR_REDIRECT] 
2026-09-27 16:55:52,556 [ERROR] LogOutputStream:75 - [STDERR_REDIRECT] [Fatal Error] :1:1: Premature end of file.
2026-09-27 16:55:52,556 [ERROR] LogOutputStream:75 - [STDERR_REDIRECT] 
2026-09-27 16:55:53,555 [ERROR] LogOutputStream:75 - [STDERR_REDIRECT] [Fatal Error] :1:1: Premature end of file.
2026-09-27 16:55:53,555 [ERROR] LogOutputStream:75 - [STDERR_REDIRECT] 
2026-09-27 16:55:54,554 [ERROR] LogOutputStream:75 - [STDERR_REDIRECT] [Fatal Error] :1:1: Premature end of file.
2026-09-27 16:55:54,554 [ERROR] LogOutputStream:75 - [STDERR_REDIRECT] 
2026-09-27 16:55:55,558 [ERROR] LogOutputStream:75 - [STDERR_REDIRECT] [Fatal Error] :1:1: Premature end of file.
2026-09-27 16:55:55,558 [ERROR] LogOutputStream:75 - [STDERR_REDIRECT] 
2026-09-27 16:55:56,556 [ERROR] LogOutputStream:75 - [STDERR_REDIRECT] [Fatal Error] :1:1: Premature end of file.
2026-09-27 16:55:56,556 [ERROR] LogOutputStream:75 - [STDERR_REDIRECT] 
2026-09-27 16:55:57,557 [ERROR] LogOutputStream:75 - [STDERR_REDIRECT] [Fatal Error] :1:1: Premature end of file.
2026-09-27 16:55:57,557 [ERROR] LogOutputStream:75 - [STDERR_REDIRECT] 
2026-09-27 16:55:58,557 [ERROR] LogOutputStream:75 - [STDERR_REDIRECT] [Fatal Error] :1:1: Premature end of file.
2026-09-27 16:55:58,557 [ERROR] LogOutputStream:75 - [STDERR_REDIRECT] 
2026-09-27 16:55:59,564 [ERROR] LogOutputStream:75 - [STDERR_REDIRECT] [Fatal Error] :1:1: Premature end of file.
2026-09-27 16:55:59,565 [ERROR] LogOutputStream:75 - [STDERR_REDIRECT] 
2026-09-27 16:56:00,564 [ERROR] LogOutputStream:75 - [STDERR_REDIRECT] [Fatal Error] :1:1: Premature end of file.
2026-09-27 16:56:00,564 [ERROR] LogOutputStream:75 - [STDERR_REDIRECT] 
2026-09-27 16:56:01,564 [ERROR] LogOutputStream:75 - [STDERR_REDIRECT] [Fatal Error] :1:1: Premature end of file.
2026-09-27 16:56:01,565 [ERROR] LogOutputStream:75 - [STDERR_REDIRECT] 
2026-09-27 16:56:02,559 [ERROR] LogOutputStream:75 - [STDERR_REDIRECT] [Fatal Error] :1:1: Premature end of file.
2026-09-27 16:56:02,559 [ERROR] LogOutputStream:75 - [STDERR_REDIRECT] 
2026-09-27 16:56:03,557 [ERROR] LogOutputStream:75 - [STDERR_REDIRECT] [Fatal Error] :1:1: Premature end of file.
2026-09-27 16:56:03,557 [ERROR] LogOutputStream:75 - [STDERR_REDIRECT] 
2026-09-27 16:56:04,562 [ERROR] LogOutputStream:75 - [STDERR_REDIRECT] [Fatal Error] :1:1: Premature end of file.
2026-09-27 16:56:04,562 [ERROR] LogOutputStream:75 - [STDERR_REDIRECT] 
2026-09-27 16:56:05,562 [ERROR] LogOutputStream:75 - [STDERR_REDIRECT] [Fatal Error] :1:1: Premature end of file.
2026-09-27 16:56:05,562 [ERROR] LogOutputStream:75 - [STDERR_REDIRECT] 
2026-09-27 16:56:06,561 [ERROR] LogOutputStream:75 - [STDERR_REDIRECT] [Fatal Error] :1:1: Premature end of file.
2026-09-27 16:56:06,561 [ERROR] LogOutputStream:75 - [STDERR_REDIRECT] 
2026-09-27 16:56:07,564 [ERROR] LogOutputStream:75 - [STDERR_REDIRECT] [Fatal Error] :1:1: Premature end of file.
2026-09-27 16:56:07,564 [ERROR] LogOutputStream:75 - [STDERR_REDIRECT] 
2026-09-27 16:56:08,565 [ERROR] LogOutputStream:75 - [STDERR_REDIRECT] [Fatal Error] :1:1: Premature end of file.
2026-09-27 16:56:08,565 [ERROR] LogOutputStream:75 - [STDERR_REDIRECT] 
2026-09-27 16:56:09,561 [ERROR] LogOutputStream:75 - [STDERR_REDIRECT] [Fatal Error] :1:1: Premature end of file.
2026-09-27 16:56:09,562 [ERROR] LogOutputStream:75 - [STDERR_REDIRECT] 
2026-09-27 16:56:10,563 [ERROR] LogOutputStream:75 - [STDERR_REDIRECT] [Fatal Error] :1:1: Premature end of file.
2026-09-27 16:56:10,563 [ERROR] LogOutputStream:75 - [STDERR_REDIRECT] 
2026-09-27 16:56:11,564 [ERROR] LogOutputStream:75 - [STDERR_REDIRECT] [Fatal Error] :1:1: Premature end of file.
2026-09-27 16:56:11,564 [ERROR] LogOutputStream:75 - [STDERR_REDIRECT] 
2026-09-27 16:56:12,562 [ERROR] LogOutputStream:75 - [STDERR_REDIRECT] [Fatal Error] :1:1: Premature end of file.
2026-09-27 16:56:12,562 [ERROR] LogOutputStream:75 - [STDERR_REDIRECT] 
2026-09-27 16:56:13,563 [ERROR] LogOutputStream:75 - [STDERR_REDIRECT] [Fatal Error] :1:1: Premature end of file.
2026-09-27 16:56:13,563 [ERROR] LogOutputStream:75 - [STDERR_REDIRECT] 
2026-09-27 16:56:14,557 [ERROR] LogOutputStream:75 - [STDERR_REDIRECT] [Fatal Error] :1:1: Premature end of file.
2026-09-27 16:56:14,557 [ERROR] LogOutputStream:75 - [STDERR_REDIRECT] 
2026-09-27 16:56:15,562 [ERROR] LogOutputStream:75 - [STDERR_REDIRECT] [Fatal Error] :1:1: Premature end of file.
2026-09-27 16:56:15,562 [ERROR] LogOutputStream:75 - [STDERR_REDIRECT] 
2026-09-27 16:56:16,563 [ERROR] LogOutputStream:75 - [STDERR_REDIRECT] [Fatal Error] :1:1: Premature end of file.
2026-09-27 16:56:16,563 [ERROR] LogOutputStream:75 - [STDERR_REDIRECT] 
2026-09-27 16:56:17,563 [ERROR] LogOutputStream:75 - [STDERR_REDIRECT] [Fatal Error] :1:1: Premature end of file.
2026-09-27 16:56:17,563 [ERROR] LogOutputStream:75 - [STDERR_REDIRECT] 
2026-09-27 16:56:18,560 [ERROR] LogOutputStream:75 - [STDERR_REDIRECT] [Fatal Error] :1:1: Premature end of file.
2026-09-27 16:56:18,560 [ERROR] LogOutputStream:75 - [STDERR_REDIRECT] 
2026-09-27 16:56:19,561 [ERROR] LogOutputStream:75 - [STDERR_REDIRECT] [Fatal Error] :1:1: Premature end of file.
2026-09-27 16:56:19,561 [ERROR] LogOutputStream:75 - [STDERR_REDIRECT] 
2026-09-27 16:56:20,562 [ERROR] LogOutputStream:75 - [STDERR_REDIRECT] [Fatal Error] :1:1: Premature end of file.
2026-09-27 16:56:20,562 [ERROR] LogOutputStream:75 - [STDERR_REDIRECT] 
2026-09-27 16:56:21,563 [ERROR] LogOutputStream:75 - [STDERR_REDIRECT] [Fatal Error] :1:1: Premature end of file.
2026-09-27 16:56:21,563 [ERROR] LogOutputStream:75 - [STDERR_REDIRECT] 
2026-09-27 16:56:22,565 [ERROR] LogOutputStream:75 - [STDERR_REDIRECT] [Fatal Error] :1:1: Premature end of file.
2026-09-27 16:56:22,565 [ERROR] LogOutputStream:75 - [STDERR_REDIRECT] 
2026-09-27 16:56:23,563 [ERROR] LogOutputStream:75 - [STDERR_REDIRECT] [Fatal Error] :1:1: Premature end of file.
2026-09-27 16:56:23,563 [ERROR] LogOutputStream:75 - [STDERR_REDIRECT] 
2026-09-27 16:56:24,560 [ERROR] LogOutputStream:75 - [STDERR_REDIRECT] [Fatal Error] :1:1: Premature end of file.
2026-09-27 16:56:24,560 [ERROR] LogOutputStream:75 - [STDERR_REDIRECT] 
2026-09-27 16:56:25,561 [ERROR] LogOutputStream:75 - [STDERR_REDIRECT] [Fatal Error] :1:1: Premature end of file.
2026-09-27 16:56:25,561 [ERROR] LogOutputStream:75 - [STDERR_REDIRECT] 
2026-09-27 16:56:26,563 [ERROR] LogOutputStream:75 - [STDERR_REDIRECT] [Fatal Error] :1:1: Premature end of file.
2026-09-27 16:56:26,564 [ERROR] LogOutputStream:75 - [STDERR_REDIRECT] 
2026-09-27 16:56:27,571 [ERROR] LogOutputStream:75 - [STDERR_REDIRECT] [Fatal Error] :1:1: Premature end of file.
2026-09-27 16:56:27,571 [ERROR] LogOutputStream:75 - [STDERR_REDIRECT] 
2026-09-27 16:56:28,561 [ERROR] LogOutputStream:75 - [STDERR_REDIRECT] [Fatal Error] :1:1: Premature end of file.
2026-09-27 16:56:28,561 [ERROR] LogOutputStream:75 - [STDERR_REDIRECT] 
2026-09-27 16:56:29,562 [ERROR] LogOutputStream:75 - [STDERR_REDIRECT] [Fatal Error] :1:1: Premature end of file.
2026-09-27 16:56:29,562 [ERROR] LogOutputStream:75 - [STDERR_REDIRECT] 
2026-09-27 16:56:30,562 [ERROR] LogOutputStream:75 - [STDERR_REDIRECT] [Fatal Error] :1:1: Premature end of file.
2026-09-27 16:56:30,562 [ERROR] LogOutputStream:75 - [STDERR_REDIRECT] 
2026-09-27 16:56:31,563 [ERROR] LogOutputStream:75 - [STDERR_REDIRECT] [Fatal Error] :1:1: Premature end of file.
2026-09-27 16:56:31,563 [ERROR] LogOutputStream:75 - [STDERR_REDIRECT] 
2026-09-27 16:56:32,559 [ERROR] LogOutputStream:75 - [STDERR_REDIRECT] [Fatal Error] :1:1: Premature end of file.
2026-09-27 16:56:32,559 [ERROR] LogOutputStream:75 - [STDERR_REDIRECT] 
2026-09-27 16:56:33,562 [ERROR] LogOutputStream:75 - [STDERR_REDIRECT] [Fatal Error] :1:1: Premature end of file.
2026-09-27 16:56:33,562 [ERROR] LogOutputStream:75 - [STDERR_REDIRECT] 
2026-09-27 16:56:34,561 [ERROR] LogOutputStream:75 - [STDERR_REDIRECT] [Fatal Error] :1:1: Premature end of file.
2026-09-27 16:56:34,561 [ERROR] LogOutputStream:75 - [STDERR_REDIRECT] 
2026-09-27 16:56:35,560 [ERROR] LogOutputStream:75 - [STDERR_REDIRECT] [Fatal Error] :1:1: Premature end of file.
2026-09-27 16:56:35,560 [ERROR] LogOutputStream:75 - [STDERR_REDIRECT] 
2026-09-27 16:56:36,563 [ERROR] LogOutputStream:75 - [STDERR_REDIRECT] [Fatal Error] :1:1: Premature end of file.
2026-09-27 16:56:36,564 [ERROR] LogOutputStream:75 - [STDERR_REDIRECT] 
2026-09-27 16:56:37,559 [ERROR] LogOutputStream:75 - [STDERR_REDIRECT] [Fatal Error] :1:1: Premature end of file.
2026-09-27 16:56:37,559 [ERROR] LogOutputStream:75 - [STDERR_REDIRECT] 
2026-09-27 16:56:38,561 [ERROR] LogOutputStream:75 - [STDERR_REDIRECT] [Fatal Error] :1:1: Premature end of file.
2026-09-27 16:56:38,561 [ERROR] LogOutputStream:75 - [STDERR_REDIRECT] 
2026-09-27 16:56:39,560 [ERROR] LogOutputStream:75 - [STDERR_REDIRECT] [Fatal Error] :1:1: Premature end of file.
2026-09-27 16:56:39,560 [ERROR] LogOutputStream:75 - [STDERR_REDIRECT] 
2026-09-27 16:56:40,562 [ERROR] LogOutputStream:75 - [STDERR_REDIRECT] [Fatal Error] :1:1: Premature end of file.
2026-09-27 16:56:40,563 [ERROR] LogOutputStream:75 - [STDERR_REDIRECT] 
2026-09-27 16:56:41,563 [ERROR] LogOutputStream:75 - [STDERR_REDIRECT] [Fatal Error] :1:1: Premature end of file.
2026-09-27 16:56:41,564 [ERROR] LogOutputStream:75 - [STDERR_REDIRECT] 
2026-09-27 16:56:42,561 [ERROR] LogOutputStream:75 - [STDERR_REDIRECT] [Fatal Error] :1:1: Premature end of file.
2026-09-27 16:56:42,561 [ERROR] LogOutputStream:75 - [STDERR_REDIRECT] 
2026-09-27 16:56:43,563 [ERROR] LogOutputStream:75 - [STDERR_REDIRECT] [Fatal Error] :1:1: Premature end of file.
2026-09-27 16:56:43,563 [ERROR] LogOutputStream:75 - [STDERR_REDIRECT] 
2026-09-27 16:56:44,561 [ERROR] LogOutputStream:75 - [STDERR_REDIRECT] [Fatal Error] :1:1: Premature end of file.
2026-09-27 16:56:44,561 [ERROR] LogOutputStream:75 - [STDERR_REDIRECT] 
2026-09-27 16:56:45,560 [ERROR] LogOutputStream:75 - [STDERR_REDIRECT] [Fatal Error] :1:1: Premature end of file.
2026-09-27 16:56:45,560 [ERROR] LogOutputStream:75 - [STDERR_REDIRECT] 
2026-09-27 16:56:46,563 [ERROR] LogOutputStream:75 - [STDERR_REDIRECT] [Fatal Error] :1:1: Premature end of file.
2026-09-27 16:56:46,563 [ERROR] LogOutputStream:75 - [STDERR_REDIRECT] 
2026-09-27 16:56:47,561 [ERROR] LogOutputStream:75 - [STDERR_REDIRECT] [Fatal Error] :1:1: Premature end of file.
2026-09-27 16:56:47,561 [ERROR] LogOutputStream:75 - [STDERR_REDIRECT] 
2026-09-27 16:56:48,563 [ERROR] LogOutputStream:75 - [STDERR_REDIRECT] [Fatal Error] :1:1: Premature end of file.
2026-09-27 16:56:48,563 [ERROR] LogOutputStream:75 - [STDERR_REDIRECT] 
2026-09-27 16:56:49,566 [ERROR] LogOutputStream:75 - [STDERR_REDIRECT] [Fatal Error] :1:1: Premature end of file.
2026-09-27 16:56:49,567 [ERROR] LogOutputStream:75 - [STDERR_REDIRECT] 
2026-09-27 16:56:50,562 [ERROR] LogOutputStream:75 - [STDERR_REDIRECT] [Fatal Error] :1:1: Premature end of file.
2026-09-27 16:56:50,562 [ERROR] LogOutputStream:75 - [STDERR_REDIRECT] 
2026-09-27 16:56:51,560 [ERROR] LogOutputStream:75 - [STDERR_REDIRECT] [Fatal Error] :1:1: Premature end of file.
2026-09-27 16:56:51,560 [ERROR] LogOutputStream:75 - [STDERR_REDIRECT] 
2026-09-27 16:56:52,561 [ERROR] LogOutputStream:75 - [STDERR_REDIRECT] [Fatal Error] :1:1: Premature end of file.
2026-09-27 16:56:52,561 [ERROR] LogOutputStream:75 - [STDERR_REDIRECT] 
2026-09-27 16:56:53,561 [ERROR] LogOutputStream:75 - [STDERR_REDIRECT] [Fatal Error] :1:1: Premature end of file.
2026-09-27 16:56:53,561 [ERROR] LogOutputStream:75 - [STDERR_REDIRECT] 
2026-09-27 16:56:54,562 [ERROR] LogOutputStream:75 - [STDERR_REDIRECT] [Fatal Error] :1:1: Premature end of file.
2026-09-27 16:56:54,562 [ERROR] LogOutputStream:75 - [STDERR_REDIRECT] 
2026-09-27 16:56:55,558 [ERROR] LogOutputStream:75 - [STDERR_REDIRECT] [Fatal Error] :1:1: Premature end of file.
2026-09-27 16:56:55,558 [ERROR] LogOutputStream:75 - [STDERR_REDIRECT] 
2026-09-27 16:56:56,562 [ERROR] LogOutputStream:75 - [STDERR_REDIRECT] [Fatal Error] :1:1: Premature end of file.
2026-09-27 16:56:56,563 [ERROR] LogOutputStream:75 - [STDERR_REDIRECT] 
2026-09-27 16:56:57,561 [ERROR] LogOutputStream:75 - [STDERR_REDIRECT] [Fatal Error] :1:1: Premature end of file.
2026-09-27 16:56:57,561 [ERROR] LogOutputStream:75 - [STDERR_REDIRECT] 
2026-09-27 16:56:58,562 [ERROR] LogOutputStream:75 - [STDERR_REDIRECT] [Fatal Error] :1:1: Premature end of file.
2026-09-27 16:56:58,562 [ERROR] LogOutputStream:75 - [STDERR_REDIRECT] 
2026-09-27 16:56:59,560 [ERROR] LogOutputStream:75 - [STDERR_REDIRECT] [Fatal Error] :1:1: Premature end of file.
2026-09-27 16:56:59,560 [ERROR] LogOutputStream:75 - [STDERR_REDIRECT] 
2026-09-27 16:57:00,563 [ERROR] LogOutputStream:75 - [STDERR_REDIRECT] [Fatal Error] :1:1: Premature end of file.
2026-09-27 16:57:00,563 [ERROR] LogOutputStream:75 - [STDERR_REDIRECT] 
2026-09-27 16:57:01,562 [ERROR] LogOutputStream:75 - [STDERR_REDIRECT] [Fatal Error] :1:1: Premature end of file.
2026-09-27 16:57:01,562 [ERROR] LogOutputStream:75 - [STDERR_REDIRECT] 
2026-09-27 16:57:02,561 [ERROR] LogOutputStream:75 - [STDERR_REDIRECT] [Fatal Error] :1:1: Premature end of file.
2026-09-27 16:57:02,561 [ERROR] LogOutputStream:75 - [STDERR_REDIRECT] 
2026-09-27 16:57:03,564 [ERROR] LogOutputStream:75 - [STDERR_REDIRECT] [Fatal Error] :1:1: Premature end of file.
2026-09-27 16:57:03,565 [ERROR] LogOutputStream:75 - [STDERR_REDIRECT] 
2026-09-27 16:57:04,561 [ERROR] LogOutputStream:75 - [STDERR_REDIRECT] [Fatal Error] :1:1: Premature end of file.
2026-09-27 16:57:04,561 [ERROR] LogOutputStream:75 - [STDERR_REDIRECT] 
2026-09-27 16:57:05,561 [ERROR] LogOutputStream:75 - [STDERR_REDIRECT] [Fatal Error] :1:1: Premature end of file.
2026-09-27 16:57:05,561 [ERROR] LogOutputStream:75 - [STDERR_REDIRECT] 
2026-09-27 16:57:06,555 [ERROR] LogOutputStream:75 - [STDERR_REDIRECT] [Fatal Error] :1:1: Premature end of file.
2026-09-27 16:57:06,555 [ERROR] LogOutputStream:75 - [STDERR_REDIRECT] 
2026-09-27 16:57:07,558 [ERROR] LogOutputStream:75 - [STDERR_REDIRECT] [Fatal Error] :1:1: Premature end of file.
2026-09-27 16:57:07,558 [ERROR] LogOutputStream:75 - [STDERR_REDIRECT] 
2026-09-27 16:57:08,556 [ERROR] LogOutputStream:75 - [STDERR_REDIRECT] [Fatal Error] :1:1: Premature end of file.
2026-09-27 16:57:08,558 [ERROR] LogOutputStream:75 - [STDERR_REDIRECT] 
2026-09-27 16:57:09,560 [ERROR] LogOutputStream:75 - [STDERR_REDIRECT] [Fatal Error] :1:1: Premature end of file.
2026-09-27 16:57:09,560 [ERROR] LogOutputStream:75 - [STDERR_REDIRECT] 
2026-09-27 16:57:10,557 [ERROR] LogOutputStream:75 - [STDERR_REDIRECT] [Fatal Error] :1:1: Premature end of file.
2026-09-27 16:57:10,557 [ERROR] LogOutputStream:75 - [STDERR_REDIRECT] 
2026-09-27 16:57:11,561 [ERROR] LogOutputStream:75 - [STDERR_REDIRECT] [Fatal Error] :1:1: Premature end of file.
2026-09-27 16:57:11,562 [ERROR] LogOutputStream:75 - [STDERR_REDIRECT] 
2026-09-27 16:57:12,561 [ERROR] LogOutputStream:75 - [STDERR_REDIRECT] [Fatal Error] :1:1: Premature end of file.
2026-09-27 16:57:12,561 [ERROR] LogOutputStream:75 - [STDERR_REDIRECT] 
2026-09-27 16:57:13,562 [ERROR] LogOutputStream:75 - [STDERR_REDIRECT] [Fatal Error] :1:1: Premature end of file.
2026-09-27 16:57:13,562 [ERROR] LogOutputStream:75 - [STDERR_REDIRECT] 
2026-09-27 16:57:14,560 [ERROR] LogOutputStream:75 - [STDERR_REDIRECT] [Fatal Error] :1:1: Premature end of file.
2026-09-27 16:57:14,560 [ERROR] LogOutputStream:75 - [STDERR_REDIRECT] 
2026-09-27 16:57:15,558 [ERROR] LogOutputStream:75 - [STDERR_REDIRECT] [Fatal Error] :1:1: Premature end of file.
2026-09-27 16:57:15,558 [ERROR] LogOutputStream:75 - [STDERR_REDIRECT] 
2026-09-27 16:57:16,562 [ERROR] LogOutputStream:75 - [STDERR_REDIRECT] [Fatal Error] :1:1: Premature end of file.
2026-09-27 16:57:16,562 [ERROR] LogOutputStream:75 - [STDERR_REDIRECT] 
2026-09-27 16:57:17,559 [ERROR] LogOutputStream:75 - [STDERR_REDIRECT] [Fatal Error] :1:1: Premature end of file.
2026-09-27 16:57:17,560 [ERROR] LogOutputStream:75 - [STDERR_REDIRECT] 
2026-09-27 16:57:18,559 [ERROR] LogOutputStream:75 - [STDERR_REDIRECT] [Fatal Error] :1:1: Premature end of file.
2026-09-27 16:57:18,559 [ERROR] LogOutputStream:75 - [STDERR_REDIRECT] 
2026-09-27 16:57:19,560 [ERROR] LogOutputStream:75 - [STDERR_REDIRECT] [Fatal Error] :1:1: Premature end of file.
2026-09-27 16:57:19,560 [ERROR] LogOutputStream:75 - [STDERR_REDIRECT] 
2026-09-27 16:57:20,559 [ERROR] LogOutputStream:75 - [STDERR_REDIRECT] [Fatal Error] :1:1: Premature end of file.
2026-09-27 16:57:20,559 [ERROR] LogOutputStream:75 - [STDERR_REDIRECT] 
2026-09-27 16:57:21,561 [ERROR] LogOutputStream:75 - [STDERR_REDIRECT] [Fatal Error] :1:1: Premature end of file.
2026-09-27 16:57:21,561 [ERROR] LogOutputStream:75 - [STDERR_REDIRECT] 
2026-09-27 16:57:22,562 [ERROR] LogOutputStream:75 - [STDERR_REDIRECT] [Fatal Error] :1:1: Premature end of file.
2026-09-27 16:57:22,562 [ERROR] LogOutputStream:75 - [STDERR_REDIRECT] 
2026-09-27 16:57:23,555 [ERROR] LogOutputStream:75 - [STDERR_REDIRECT] [Fatal Error] :1:1: Premature end of file.
2026-09-27 16:57:23,555 [ERROR] LogOutputStream:75 - [STDERR_REDIRECT] 
2026-09-27 16:57:24,562 [ERROR] LogOutputStream:75 - [STDERR_REDIRECT] [Fatal Error] :1:1: Premature end of file.
2026-09-27 16:57:24,562 [ERROR] LogOutputStream:75 - [STDERR_REDIRECT] 
2026-09-27 16:57:25,561 [ERROR] LogOutputStream:75 - [STDERR_REDIRECT] [Fatal Error] :1:1: Premature end of file.
2026-09-27 16:57:25,561 [ERROR] LogOutputStream:75 - [STDERR_REDIRECT] 
2026-09-27 16:57:26,560 [ERROR] LogOutputStream:75 - [STDERR_REDIRECT] [Fatal Error] :1:1: Premature end of file.
2026-09-27 16:57:26,561 [ERROR] LogOutputStream:75 - [STDERR_REDIRECT] 
2026-09-27 16:57:27,560 [ERROR] LogOutputStream:75 - [STDERR_REDIRECT] [Fatal Error] :1:1: Premature end of file.
2026-09-27 16:57:27,560 [ERROR] LogOutputStream:75 - [STDERR_REDIRECT] 
2026-09-27 16:57:28,559 [ERROR] LogOutputStream:75 - [STDERR_REDIRECT] [Fatal Error] :1:1: Premature end of file.
2026-09-27 16:57:28,560 [ERROR] LogOutputStream:75 - [STDERR_REDIRECT] 
2026-09-27 16:57:29,556 [ERROR] LogOutputStream:75 - [STDERR_REDIRECT] [Fatal Error] :1:1: Premature end of file.
2026-09-27 16:57:29,556 [ERROR] LogOutputStream:75 - [STDERR_REDIRECT] 
2026-09-27 16:57:30,560 [ERROR] LogOutputStream:75 - [STDERR_REDIRECT] [Fatal Error] :1:1: Premature end of file.
2026-09-27 16:57:30,560 [ERROR] LogOutputStream:75 - [STDERR_REDIRECT] 
2026-09-27 16:57:31,560 [ERROR] LogOutputStream:75 - [STDERR_REDIRECT] [Fatal Error] :1:1: Premature end of file.
2026-09-27 16:57:31,561 [ERROR] LogOutputStream:75 - [STDERR_REDIRECT] 
2026-09-27 16:57:32,561 [ERROR] LogOutputStream:75 - [STDERR_REDIRECT] [Fatal Error] :1:1: Premature end of file.
2026-09-27 16:57:32,561 [ERROR] LogOutputStream:75 - [STDERR_REDIRECT] 
2026-09-27 16:57:33,561 [ERROR] LogOutputStream:75 - [STDERR_REDIRECT] [Fatal Error] :1:1: Premature end of file.
2026-09-27 16:57:33,561 [ERROR] LogOutputStream:75 - [STDERR_REDIRECT] 
2026-09-27 16:57:34,560 [ERROR] LogOutputStream:75 - [STDERR_REDIRECT] [Fatal Error] :1:1: Premature end of file.
2026-09-27 16:57:34,560 [ERROR] LogOutputStream:75 - [STDERR_REDIRECT] 
2026-09-27 16:57:35,561 [ERROR] LogOutputStream:75 - [STDERR_REDIRECT] [Fatal Error] :1:1: Premature end of file.
2026-09-27 16:57:35,561 [ERROR] LogOutputStream:75 - [STDERR_REDIRECT] 
2026-09-27 16:57:36,561 [ERROR] LogOutputStream:75 - [STDERR_REDIRECT] [Fatal Error] :1:1: Premature end of file.
2026-09-27 16:57:36,561 [ERROR] LogOutputStream:75 - [STDERR_REDIRECT] 
2026-09-27 16:57:37,567 [ERROR] LogOutputStream:75 - [STDERR_REDIRECT] [Fatal Error] :1:1: Premature end of file.
2026-09-27 16:57:37,567 [ERROR] LogOutputStream:75 - [STDERR_REDIRECT] 
2026-09-27 16:57:38,560 [ERROR] LogOutputStream:75 - [STDERR_REDIRECT] [Fatal Error] :1:1: Premature end of file.
2026-09-27 16:57:38,560 [ERROR] LogOutputStream:75 - [STDERR_REDIRECT] 
2026-09-27 16:57:39,560 [ERROR] LogOutputStream:75 - [STDERR_REDIRECT] [Fatal Error] :1:1: Premature end of file.
2026-09-27 16:57:39,560 [ERROR] LogOutputStream:75 - [STDERR_REDIRECT] 
2026-09-27 16:57:40,555 [ERROR] LogOutputStream:75 - [STDERR_REDIRECT] [Fatal Error] :1:1: Premature end of file.
2026-09-27 16:57:40,556 [ERROR] LogOutputStream:75 - [STDERR_REDIRECT] 
2026-09-27 16:57:41,562 [ERROR] LogOutputStream:75 - [STDERR_REDIRECT] [Fatal Error] :1:1: Premature end of file.
2026-09-27 16:57:41,562 [ERROR] LogOutputStream:75 - [STDERR_REDIRECT] 
2026-09-27 16:57:42,561 [ERROR] LogOutputStream:75 - [STDERR_REDIRECT] [Fatal Error] :1:1: Premature end of file.
2026-09-27 16:57:42,561 [ERROR] LogOutputStream:75 - [STDERR_REDIRECT] 
2026-09-27 16:57:43,561 [ERROR] LogOutputStream:75 - [STDERR_REDIRECT] [Fatal Error] :1:1: Premature end of file.
2026-09-27 16:57:43,561 [ERROR] LogOutputStream:75 - [STDERR_REDIRECT] 
2026-09-27 16:57:44,561 [ERROR] LogOutputStream:75 - [STDERR_REDIRECT] [Fatal Error] :1:1: Premature end of file.
2026-09-27 16:57:44,561 [ERROR] LogOutputStream:75 - [STDERR_REDIRECT] 
2026-09-27 16:57:45,555 [ERROR] LogOutputStream:75 - [STDERR_REDIRECT] [Fatal Error] :1:1: Premature end of file.
2026-09-27 16:57:45,555 [ERROR] LogOutputStream:75 - [STDERR_REDIRECT] 
2026-09-27 16:57:46,553 [ERROR] LogOutputStream:75 - [STDERR_REDIRECT] [Fatal Error] :1:1: Premature end of file.
2026-09-27 16:57:46,554 [ERROR] LogOutputStream:75 - [STDERR_REDIRECT] 
2026-09-27 16:57:47,563 [ERROR] LogOutputStream:75 - [STDERR_REDIRECT] [Fatal Error] :1:1: Premature end of file.
2026-09-27 16:57:47,563 [ERROR] LogOutputStream:75 - [STDERR_REDIRECT] 
2026-09-27 16:57:48,555 [ERROR] LogOutputStream:75 - [STDERR_REDIRECT] [Fatal Error] :1:1: Premature end of file.
2026-09-27 16:57:48,555 [ERROR] LogOutputStream:75 - [STDERR_REDIRECT] 
2026-09-27 16:57:49,561 [ERROR] LogOutputStream:75 - [STDERR_REDIRECT] [Fatal Error] :1:1: Premature end of file.
2026-09-27 16:57:49,561 [ERROR] LogOutputStream:75 - [STDERR_REDIRECT] 
2026-09-27 16:57:50,561 [ERROR] LogOutputStream:75 - [STDERR_REDIRECT] [Fatal Error] :1:1: Premature end of file.
2026-09-27 16:57:50,562 [ERROR] LogOutputStream:75 - [STDERR_REDIRECT] 
2026-09-27 16:57:51,567 [ERROR] LogOutputStream:75 - [STDERR_REDIRECT] [Fatal Error] :1:1: Premature end of file.
2026-09-27 16:57:51,567 [ERROR] LogOutputStream:75 - [STDERR_REDIRECT] 
2026-09-27 16:57:52,560 [ERROR] LogOutputStream:75 - [STDERR_REDIRECT] [Fatal Error] :1:1: Premature end of file.
2026-09-27 16:57:52,560 [ERROR] LogOutputStream:75 - [STDERR_REDIRECT] 
2026-09-27 16:57:53,561 [ERROR] LogOutputStream:75 - [STDERR_REDIRECT] [Fatal Error] :1:1: Premature end of file.
2026-09-27 16:57:53,562 [ERROR] LogOutputStream:75 - [STDERR_REDIRECT] 
2026-09-27 16:57:54,559 [ERROR] LogOutputStream:75 - [STDERR_REDIRECT] [Fatal Error] :1:1: Premature end of file.
2026-09-27 16:57:54,560 [ERROR] LogOutputStream:75 - [STDERR_REDIRECT] 
2026-09-27 16:57:55,561 [ERROR] LogOutputStream:75 - [STDERR_REDIRECT] [Fatal Error] :1:1: Premature end of file.
2026-09-27 16:57:55,561 [ERROR] LogOutputStream:75 - [STDERR_REDIRECT] 
2026-09-27 16:57:56,558 [ERROR] LogOutputStream:75 - [STDERR_REDIRECT] [Fatal Error] :1:1: Premature end of file.
2026-09-27 16:57:56,558 [ERROR] LogOutputStream:75 - [STDERR_REDIRECT] 
2026-09-27 16:57:57,559 [ERROR] LogOutputStream:75 - [STDERR_REDIRECT] [Fatal Error] :1:1: Premature end of file.
2026-09-27 16:57:57,559 [ERROR] LogOutputStream:75 - [STDERR_REDIRECT] 
2026-09-27 16:57:58,558 [ERROR] LogOutputStream:75 - [STDERR_REDIRECT] [Fatal Error] :1:1: Premature end of file.
2026-09-27 16:57:58,558 [ERROR] LogOutputStream:75 - [STDERR_REDIRECT] 
2026-09-27 16:57:59,561 [ERROR] LogOutputStream:75 - [STDERR_REDIRECT] [Fatal Error] :1:1: Premature end of file.
2026-09-27 16:57:59,561 [ERROR] LogOutputStream:75 - [STDERR_REDIRECT] 
2026-09-27 16:58:00,560 [ERROR] LogOutputStream:75 - [STDERR_REDIRECT] [Fatal Error] :1:1: Premature end of file.
2026-09-27 16:58:00,560 [ERROR] LogOutputStream:75 - [STDERR_REDIRECT] 
2026-09-27 16:58:01,556 [ERROR] LogOutputStream:75 - [STDERR_REDIRECT] [Fatal Error] :1:1: Premature end of file.
2026-09-27 16:58:01,556 [ERROR] LogOutputStream:75 - [STDERR_REDIRECT] 
2026-09-27 16:58:02,556 [ERROR] LogOutputStream:75 - [STDERR_REDIRECT] [Fatal Error] :1:1: Premature end of file.
2026-09-27 16:58:02,556 [ERROR] LogOutputStream:75 - [STDERR_REDIRECT] 
2026-09-27 16:58:03,561 [ERROR] LogOutputStream:75 - [STDERR_REDIRECT] [Fatal Error] :1:1: Premature end of file.
2026-09-27 16:58:03,561 [ERROR] LogOutputStream:75 - [STDERR_REDIRECT] 
2026-09-27 16:58:04,560 [ERROR] LogOutputStream:75 - [STDERR_REDIRECT] [Fatal Error] :1:1: Premature end of file.
2026-09-27 16:58:04,560 [ERROR] LogOutputStream:75 - [STDERR_REDIRECT] 
2026-09-27 16:58:05,554 [ERROR] LogOutputStream:75 - [STDERR_REDIRECT] [Fatal Error] :1:1: Premature end of file.
2026-09-27 16:58:05,554 [ERROR] LogOutputStream:75 - [STDERR_REDIRECT] 
2026-09-27 16:58:06,559 [ERROR] LogOutputStream:75 - [STDERR_REDIRECT] [Fatal Error] :1:1: Premature end of file.
2026-09-27 16:58:06,560 [ERROR] LogOutputStream:75 - [STDERR_REDIRECT] 
2026-09-27 16:58:07,561 [ERROR] LogOutputStream:75 - [STDERR_REDIRECT] [Fatal Error] :1:1: Premature end of file.
2026-09-27 16:58:07,561 [ERROR] LogOutputStream:75 - [STDERR_REDIRECT] 
2026-09-27 16:58:08,561 [ERROR] LogOutputStream:75 - [STDERR_REDIRECT] [Fatal Error] :1:1: Premature end of file.
2026-09-27 16:58:08,561 [ERROR] LogOutputStream:75 - [STDERR_REDIRECT] 
2026-09-27 16:58:09,562 [ERROR] LogOutputStream:75 - [STDERR_REDIRECT] [Fatal Error] :1:1: Premature end of file.
2026-09-27 16:58:09,562 [ERROR] LogOutputStream:75 - [STDERR_REDIRECT] 
2026-09-27 16:58:10,559 [ERROR] LogOutputStream:75 - [STDERR_REDIRECT] [Fatal Error] :1:1: Premature end of file.
2026-09-27 16:58:10,559 [ERROR] LogOutputStream:75 - [STDERR_REDIRECT] 
2026-09-27 16:58:11,555 [ERROR] LogOutputStream:75 - [STDERR_REDIRECT] [Fatal Error] :1:1: Premature end of file.
2026-09-27 16:58:11,555 [ERROR] LogOutputStream:75 - [STDERR_REDIRECT] 
2026-09-27 16:58:12,558 [ERROR] LogOutputStream:75 - [STDERR_REDIRECT] [Fatal Error] :1:1: Premature end of file.
2026-09-27 16:58:12,558 [ERROR] LogOutputStream:75 - [STDERR_REDIRECT] 
2026-09-27 16:58:13,558 [ERROR] LogOutputStream:75 - [STDERR_REDIRECT] [Fatal Error] :1:1: Premature end of file.
2026-09-27 16:58:13,559 [ERROR] LogOutputStream:75 - [STDERR_REDIRECT] 
2026-09-27 16:58:14,560 [ERROR] LogOutputStream:75 - [STDERR_REDIRECT] [Fatal Error] :1:1: Premature end of file.
2026-09-27 16:58:14,560 [ERROR] LogOutputStream:75 - [STDERR_REDIRECT] 
2026-09-27 16:58:15,561 [ERROR] LogOutputStream:75 - [STDERR_REDIRECT] [Fatal Error] :1:1: Premature end of file.
2026-09-27 16:58:15,561 [ERROR] LogOutputStream:75 - [STDERR_REDIRECT] 
2026-09-27 16:58:16,558 [ERROR] LogOutputStream:75 - [STDERR_REDIRECT] [Fatal Error] :1:1: Premature end of file.
2026-09-27 16:58:16,558 [ERROR] LogOutputStream:75 - [STDERR_REDIRECT] 
2026-09-27 16:58:17,559 [ERROR] LogOutputStream:75 - [STDERR_REDIRECT] [Fatal Error] :1:1: Premature end of file.
2026-09-27 16:58:17,559 [ERROR] LogOutputStream:75 - [STDERR_REDIRECT] 
2026-09-27 16:58:18,561 [ERROR] LogOutputStream:75 - [STDERR_REDIRECT] [Fatal Error] :1:1: Premature end of file.
2026-09-27 16:58:18,561 [ERROR] LogOutputStream:75 - [STDERR_REDIRECT] 
2026-09-27 16:58:19,564 [ERROR] LogOutputStream:75 - [STDERR_REDIRECT] [Fatal Error] :1:1: Premature end of file.
2026-09-27 16:58:19,564 [ERROR] LogOutputStream:75 - [STDERR_REDIRECT] 
2026-09-27 16:58:20,560 [ERROR] LogOutputStream:75 - [STDERR_REDIRECT] [Fatal Error] :1:1: Premature end of file.
2026-09-27 16:58:20,560 [ERROR] LogOutputStream:75 - [STDERR_REDIRECT] 
2026-09-27 16:58:21,559 [ERROR] LogOutputStream:75 - [STDERR_REDIRECT] [Fatal Error] :1:1: Premature end of file.
2026-09-27 16:58:21,559 [ERROR] LogOutputStream:75 - [STDERR_REDIRECT] 
2026-09-27 16:58:22,561 [ERROR] LogOutputStream:75 - [STDERR_REDIRECT] [Fatal Error] :1:1: Premature end of file.
2026-09-27 16:58:22,561 [ERROR] LogOutputStream:75 - [STDERR_REDIRECT] 
2026-09-27 16:58:23,560 [ERROR] LogOutputStream:75 - [STDERR_REDIRECT] [Fatal Error] :1:1: Premature end of file.
2026-09-27 16:58:23,560 [ERROR] LogOutputStream:75 - [STDERR_REDIRECT] 
2026-09-27 16:58:24,561 [ERROR] LogOutputStream:75 - [STDERR_REDIRECT] [Fatal Error] :1:1: Premature end of file.
2026-09-27 16:58:24,561 [ERROR] LogOutputStream:75 - [STDERR_REDIRECT] 
2026-09-27 16:58:25,559 [ERROR] LogOutputStream:75 - [STDERR_REDIRECT] [Fatal Error] :1:1: Premature end of file.
2026-09-27 16:58:25,559 [ERROR] LogOutputStream:75 - [STDERR_REDIRECT] 
2026-09-27 16:58:26,556 [ERROR] LogOutputStream:75 - [STDERR_REDIRECT] [Fatal Error] :1:1: Premature end of file.
2026-09-27 16:58:26,556 [ERROR] LogOutputStream:75 - [STDERR_REDIRECT] 
2026-09-27 16:58:27,556 [ERROR] LogOutputStream:75 - [STDERR_REDIRECT] [Fatal Error] :1:1: Premature end of file.
2026-09-27 16:58:27,556 [ERROR] LogOutputStream:75 - [STDERR_REDIRECT] 
2026-09-27 16:58:28,554 [ERROR] LogOutputStream:75 - [STDERR_REDIRECT] [Fatal Error] :1:1: Premature end of file.
2026-09-27 16:58:28,554 [ERROR] LogOutputStream:75 - [STDERR_REDIRECT] 
2026-09-27 16:58:29,559 [ERROR] LogOutputStream:75 - [STDERR_REDIRECT] [Fatal Error] :1:1: Premature end of file.
2026-09-27 16:58:29,559 [ERROR] LogOutputStream:75 - [STDERR_REDIRECT] 
2026-09-27 16:58:30,558 [ERROR] LogOutputStream:75 - [STDERR_REDIRECT] [Fatal Error] :1:1: Premature end of file.
2026-09-27 16:58:30,558 [ERROR] LogOutputStream:75 - [STDERR_REDIRECT] 
2026-09-27 16:58:31,558 [ERROR] LogOutputStream:75 - [STDERR_REDIRECT] [Fatal Error] :1:1: Premature end of file.
2026-09-27 16:58:31,558 [ERROR] LogOutputStream:75 - [STDERR_REDIRECT] 
2026-09-27 16:58:32,560 [ERROR] LogOutputStream:75 - [STDERR_REDIRECT] [Fatal Error] :1:1: Premature end of file.
2026-09-27 16:58:32,560 [ERROR] LogOutputStream:75 - [STDERR_REDIRECT] 
2026-09-27 16:58:33,558 [ERROR] LogOutputStream:75 - [STDERR_REDIRECT] [Fatal Error] :1:1: Premature end of file.
2026-09-27 16:58:33,559 [ERROR] LogOutputStream:75 - [STDERR_REDIRECT] 
2026-09-27 16:58:34,560 [ERROR] LogOutputStream:75 - [STDERR_REDIRECT] [Fatal Error] :1:1: Premature end of file.
2026-09-27 16:58:34,560 [ERROR] LogOutputStream:75 - [STDERR_REDIRECT] 
2026-09-27 16:58:35,561 [ERROR] LogOutputStream:75 - [STDERR_REDIRECT] [Fatal Error] :1:1: Premature end of file.
2026-09-27 16:58:35,561 [ERROR] LogOutputStream:75 - [STDERR_REDIRECT] 
2026-09-27 16:58:36,561 [ERROR] LogOutputStream:75 - [STDERR_REDIRECT] [Fatal Error] :1:1: Premature end of file.
2026-09-27 16:58:36,561 [ERROR] LogOutputStream:75 - [STDERR_REDIRECT] 
2026-09-27 16:58:37,569 [ERROR] LogOutputStream:75 - [STDERR_REDIRECT] [Fatal Error] :1:1: Premature end of file.
2026-09-27 16:58:37,569 [ERROR] LogOutputStream:75 - [STDERR_REDIRECT] 
2026-09-27 16:58:38,557 [ERROR] LogOutputStream:75 - [STDERR_REDIRECT] [Fatal Error] :1:1: Premature end of file.
2026-09-27 16:58:38,557 [ERROR] LogOutputStream:75 - [STDERR_REDIRECT] 
2026-09-27 16:58:39,558 [ERROR] LogOutputStream:75 - [STDERR_REDIRECT] [Fatal Error] :1:1: Premature end of file.
2026-09-27 16:58:39,559 [ERROR] LogOutputStream:75 - [STDERR_REDIRECT] 
2026-09-27 16:58:40,634 [ERROR] LogOutputStream:75 - [STDERR_REDIRECT] [Fatal Error] :1:1: Premature end of file.
2026-09-27 16:58:40,635 [ERROR] LogOutputStream:75 - [STDERR_REDIRECT] 
2026-09-27 16:58:41,564 [ERROR] LogOutputStream:75 - [STDERR_REDIRECT] [Fatal Error] :1:1: Premature end of file.
2026-09-27 16:58:41,564 [ERROR] LogOutputStream:75 - [STDERR_REDIRECT] 
2026-09-27 16:58:42,570 [ERROR] LogOutputStream:75 - [STDERR_REDIRECT] [Fatal Error] :1:1: Premature end of file.
2026-09-27 16:58:42,570 [ERROR] LogOutputStream:75 - [STDERR_REDIRECT] 
2026-09-27 16:58:43,566 [ERROR] LogOutputStream:75 - [STDERR_REDIRECT] [Fatal Error] :1:1: Premature end of file.
2026-09-27 16:58:43,567 [ERROR] LogOutputStream:75 - [STDERR_REDIRECT] 
2026-09-27 16:58:44,561 [ERROR] LogOutputStream:75 - [STDERR_REDIRECT] [Fatal Error] :1:1: Premature end of file.
2026-09-27 16:58:44,561 [ERROR] LogOutputStream:75 - [STDERR_REDIRECT] 
2026-09-27 16:58:45,554 [ERROR] LogOutputStream:75 - [STDERR_REDIRECT] [Fatal Error] :1:1: Premature end of file.
2026-09-27 16:58:45,554 [ERROR] LogOutputStream:75 - [STDERR_REDIRECT] 
2026-09-27 16:58:46,567 [ERROR] LogOutputStream:75 - [STDERR_REDIRECT] [Fatal Error] :1:1: Premature end of file.
2026-09-27 16:58:46,567 [ERROR] LogOutputStream:75 - [STDERR_REDIRECT] 
2026-09-27 16:58:47,569 [ERROR] LogOutputStream:75 - [STDERR_REDIRECT] [Fatal Error] :1:1: Premature end of file.
2026-09-27 16:58:47,569 [ERROR] LogOutputStream:75 - [STDERR_REDIRECT] 
2026-09-27 16:58:48,559 [ERROR] LogOutputStream:75 - [STDERR_REDIRECT] [Fatal Error] :1:1: Premature end of file.
2026-09-27 16:58:48,559 [ERROR] LogOutputStream:75 - [STDERR_REDIRECT] 
2026-09-27 16:58:49,564 [ERROR] LogOutputStream:75 - [STDERR_REDIRECT] [Fatal Error] :1:1: Premature end of file.
2026-09-27 16:58:49,564 [ERROR] LogOutputStream:75 - [STDERR_REDIRECT] 
2026-09-27 16:58:50,568 [ERROR] LogOutputStream:75 - [STDERR_REDIRECT] [Fatal Error] :1:1: Premature end of file.
2026-09-27 16:58:50,568 [ERROR] LogOutputStream:75 - [STDERR_REDIRECT] 
2026-09-27 16:58:51,558 [ERROR] LogOutputStream:75 - [STDERR_REDIRECT] [Fatal Error] :1:1: Premature end of file.
2026-09-27 16:58:51,558 [ERROR] LogOutputStream:75 - [STDERR_REDIRECT] 
2026-09-27 16:58:52,556 [ERROR] LogOutputStream:75 - [STDERR_REDIRECT] [Fatal Error] :1:1: Premature end of file.
2026-09-27 16:58:52,556 [ERROR] LogOutputStream:75 - [STDERR_REDIRECT] 
2026-09-27 16:58:53,558 [ERROR] LogOutputStream:75 - [STDERR_REDIRECT] [Fatal Error] :1:1: Premature end of file.
2026-09-27 16:58:53,558 [ERROR] LogOutputStream:75 - [STDERR_REDIRECT] 
2026-09-27 16:58:54,556 [ERROR] LogOutputStream:75 - [STDERR_REDIRECT] [Fatal Error] :1:1: Premature end of file.
2026-09-27 16:58:54,556 [ERROR] LogOutputStream:75 - [STDERR_REDIRECT] 
2026-09-27 16:58:55,557 [ERROR] LogOutputStream:75 - [STDERR_REDIRECT] [Fatal Error] :1:1: Premature end of file.
2026-09-27 16:58:55,557 [ERROR] LogOutputStream:75 - [STDERR_REDIRECT] 
2026-09-27 16:58:56,557 [ERROR] LogOutputStream:75 - [STDERR_REDIRECT] [Fatal Error] :1:1: Premature end of file.
2026-09-27 16:58:56,557 [ERROR] LogOutputStream:75 - [STDERR_REDIRECT] 
2026-09-27 16:58:57,559 [ERROR] LogOutputStream:75 - [STDERR_REDIRECT] [Fatal Error] :1:1: Premature end of file.
2026-09-27 16:58:57,559 [ERROR] LogOutputStream:75 - [STDERR_REDIRECT] 
2026-09-27 16:58:58,561 [ERROR] LogOutputStream:75 - [STDERR_REDIRECT] [Fatal Error] :1:1: Premature end of file.
2026-09-27 16:58:58,561 [ERROR] LogOutputStream:75 - [STDERR_REDIRECT] 
2026-09-27 16:58:59,556 [ERROR] LogOutputStream:75 - [STDERR_REDIRECT] [Fatal Error] :1:1: Premature end of file.
2026-09-27 16:58:59,556 [ERROR] LogOutputStream:75 - [STDERR_REDIRECT] 
2026-09-27 16:59:00,561 [ERROR] LogOutputStream:75 - [STDERR_REDIRECT] [Fatal Error] :1:1: Premature end of file.
2026-09-27 16:59:00,561 [ERROR] LogOutputStream:75 - [STDERR_REDIRECT] 
2026-09-27 16:59:01,556 [ERROR] LogOutputStream:75 - [STDERR_REDIRECT] [Fatal Error] :1:1: Premature end of file.
2026-09-27 16:59:01,556 [ERROR] LogOutputStream:75 - [STDERR_REDIRECT] 
2026-09-27 16:59:02,557 [ERROR] LogOutputStream:75 - [STDERR_REDIRECT] [Fatal Error] :1:1: Premature end of file.
2026-09-27 16:59:02,557 [ERROR] LogOutputStream:75 - [STDERR_REDIRECT] 
2026-09-27 16:59:03,556 [ERROR] LogOutputStream:75 - [STDERR_REDIRECT] [Fatal Error] :1:1: Premature end of file.
2026-09-27 16:59:03,556 [ERROR] LogOutputStream:75 - [STDERR_REDIRECT] 
2026-09-27 16:59:04,557 [ERROR] LogOutputStream:75 - [STDERR_REDIRECT] [Fatal Error] :1:1: Premature end of file.
2026-09-27 16:59:04,557 [ERROR] LogOutputStream:75 - [STDERR_REDIRECT] 
2026-09-27 16:59:05,556 [ERROR] LogOutputStream:75 - [STDERR_REDIRECT] [Fatal Error] :1:1: Premature end of file.
2026-09-27 16:59:05,556 [ERROR] LogOutputStream:75 - [STDERR_REDIRECT] 
2026-09-27 16:59:06,555 [ERROR] LogOutputStream:75 - [STDERR_REDIRECT] [Fatal Error] :1:1: Premature end of file.
2026-09-27 16:59:06,555 [ERROR] LogOutputStream:75 - [STDERR_REDIRECT] 
2026-09-27 16:59:07,559 [ERROR] LogOutputStream:75 - [STDERR_REDIRECT] [Fatal Error] :1:1: Premature end of file.
2026-09-27 16:59:07,559 [ERROR] LogOutputStream:75 - [STDERR_REDIRECT] 
2026-09-27 16:59:08,556 [ERROR] LogOutputStream:75 - [STDERR_REDIRECT] [Fatal Error] :1:1: Premature end of file.
2026-09-27 16:59:08,556 [ERROR] LogOutputStream:75 - [STDERR_REDIRECT] 
2026-09-27 16:59:09,556 [ERROR] LogOutputStream:75 - [STDERR_REDIRECT] [Fatal Error] :1:1: Premature end of file.
2026-09-27 16:59:09,556 [ERROR] LogOutputStream:75 - [STDERR_REDIRECT] 
2026-09-27 16:59:10,561 [ERROR] LogOutputStream:75 - [STDERR_REDIRECT] [Fatal Error] :1:1: Premature end of file.
2026-09-27 16:59:10,561 [ERROR] LogOutputStream:75 - [STDERR_REDIRECT] 
2026-09-27 16:59:11,558 [ERROR] LogOutputStream:75 - [STDERR_REDIRECT] [Fatal Error] :1:1: Premature end of file.
2026-09-27 16:59:11,558 [ERROR] LogOutputStream:75 - [STDERR_REDIRECT] 
2026-09-27 16:59:12,555 [ERROR] LogOutputStream:75 - [STDERR_REDIRECT] [Fatal Error] :1:1: Premature end of file.
2026-09-27 16:59:12,555 [ERROR] LogOutputStream:75 - [STDERR_REDIRECT] 
2026-09-27 16:59:13,557 [ERROR] LogOutputStream:75 - [STDERR_REDIRECT] [Fatal Error] :1:1: Premature end of file.
2026-09-27 16:59:13,557 [ERROR] LogOutputStream:75 - [STDERR_REDIRECT] 
2026-09-27 16:59:14,556 [ERROR] LogOutputStream:75 - [STDERR_REDIRECT] [Fatal Error] :1:1: Premature end of file.
2026-09-27 16:59:14,556 [ERROR] LogOutputStream:75 - [STDERR_REDIRECT] 
2026-09-27 16:59:15,556 [ERROR] LogOutputStream:75 - [STDERR_REDIRECT] [Fatal Error] :1:1: Premature end of file.
2026-09-27 16:59:15,557 [ERROR] LogOutputStream:75 - [STDERR_REDIRECT] 
2026-09-27 16:59:16,555 [ERROR] LogOutputStream:75 - [STDERR_REDIRECT] [Fatal Error] :1:1: Premature end of file.
2026-09-27 16:59:16,555 [ERROR] LogOutputStream:75 - [STDERR_REDIRECT] 
2026-09-27 16:59:17,556 [ERROR] LogOutputStream:75 - [STDERR_REDIRECT] [Fatal Error] :1:1: Premature end of file.
2026-09-27 16:59:17,556 [ERROR] LogOutputStream:75 - [STDERR_REDIRECT] 
2026-09-27 16:59:18,557 [ERROR] LogOutputStream:75 - [STDERR_REDIRECT] [Fatal Error] :1:1: Premature end of file.
2026-09-27 16:59:18,557 [ERROR] LogOutputStream:75 - [STDERR_REDIRECT] 
2026-09-27 16:59:19,560 [ERROR] LogOutputStream:75 - [STDERR_REDIRECT] [Fatal Error] :1:1: Premature end of file.
2026-09-27 16:59:19,560 [ERROR] LogOutputStream:75 - [STDERR_REDIRECT] 
2026-09-27 16:59:20,554 [ERROR] LogOutputStream:75 - [STDERR_REDIRECT] [Fatal Error] :1:1: Premature end of file.
2026-09-27 16:59:20,554 [ERROR] LogOutputStream:75 - [STDERR_REDIRECT] 
2026-09-27 16:59:21,561 [ERROR] LogOutputStream:75 - [STDERR_REDIRECT] [Fatal Error] :1:1: Premature end of file.
2026-09-27 16:59:21,561 [ERROR] LogOutputStream:75 - [STDERR_REDIRECT] 
2026-09-27 16:59:22,559 [ERROR] LogOutputStream:75 - [STDERR_REDIRECT] [Fatal Error] :1:1: Premature end of file.
2026-09-27 16:59:22,559 [ERROR] LogOutputStream:75 - [STDERR_REDIRECT] 
2026-09-27 16:59:23,556 [ERROR] LogOutputStream:75 - [STDERR_REDIRECT] [Fatal Error] :1:1: Premature end of file.
2026-09-27 16:59:23,556 [ERROR] LogOutputStream:75 - [STDERR_REDIRECT] 
2026-09-27 16:59:24,556 [ERROR] LogOutputStream:75 - [STDERR_REDIRECT] [Fatal Error] :1:1: Premature end of file.
2026-09-27 16:59:24,556 [ERROR] LogOutputStream:75 - [STDERR_REDIRECT] 
2026-09-27 16:59:25,569 [ERROR] LogOutputStream:75 - [STDERR_REDIRECT] [Fatal Error] :1:1: Premature end of file.
2026-09-27 16:59:25,569 [ERROR] LogOutputStream:75 - [STDERR_REDIRECT] 
2026-09-27 16:59:26,554 [ERROR] LogOutputStream:75 - [STDERR_REDIRECT] [Fatal Error] :1:1: Premature end of file.
2026-09-27 16:59:26,554 [ERROR] LogOutputStream:75 - [STDERR_REDIRECT] 
2026-09-27 16:59:27,556 [ERROR] LogOutputStream:75 - [STDERR_REDIRECT] [Fatal Error] :1:1: Premature end of file.
2026-09-27 16:59:27,556 [ERROR] LogOutputStream:75 - [STDERR_REDIRECT] 
2026-09-27 16:59:28,558 [ERROR] LogOutputStream:75 - [STDERR_REDIRECT] [Fatal Error] :1:1: Premature end of file.
2026-09-27 16:59:28,558 [ERROR] LogOutputStream:75 - [STDERR_REDIRECT] 
2026-09-27 16:59:29,556 [ERROR] LogOutputStream:75 - [STDERR_REDIRECT] [Fatal Error] :1:1: Premature end of file.
2026-09-27 16:59:29,556 [ERROR] LogOutputStream:75 - [STDERR_REDIRECT] 
2026-09-27 16:59:30,567 [ERROR] LogOutputStream:75 - [STDERR_REDIRECT] [Fatal Error] :1:1: Premature end of file.
2026-09-27 16:59:30,567 [ERROR] LogOutputStream:75 - [STDERR_REDIRECT] 
2026-09-27 16:59:31,557 [ERROR] LogOutputStream:75 - [STDERR_REDIRECT] [Fatal Error] :1:1: Premature end of file.
2026-09-27 16:59:31,557 [ERROR] LogOutputStream:75 - [STDERR_REDIRECT] 
2026-09-27 16:59:32,566 [ERROR] LogOutputStream:75 - [STDERR_REDIRECT] [Fatal Error] :1:1: Premature end of file.
2026-09-27 16:59:32,566 [ERROR] LogOutputStream:75 - [STDERR_REDIRECT] 
2026-09-27 16:59:33,565 [ERROR] LogOutputStream:75 - [STDERR_REDIRECT] [Fatal Error] :1:1: Premature end of file.
2026-09-27 16:59:33,565 [ERROR] LogOutputStream:75 - [STDERR_REDIRECT] 
2026-09-27 16:59:34,565 [ERROR] LogOutputStream:75 - [STDERR_REDIRECT] [Fatal Error] :1:1: Premature end of file.
2026-09-27 16:59:34,566 [ERROR] LogOutputStream:75 - [STDERR_REDIRECT] 
2026-09-27 16:59:35,566 [ERROR] LogOutputStream:75 - [STDERR_REDIRECT] [Fatal Error] :1:1: Premature end of file.
2026-09-27 16:59:35,568 [ERROR] LogOutputStream:75 - [STDERR_REDIRECT] 
2026-09-27 16:59:36,565 [ERROR] LogOutputStream:75 - [STDERR_REDIRECT] [Fatal Error] :1:1: Premature end of file.
2026-09-27 16:59:36,565 [ERROR] LogOutputStream:75 - [STDERR_REDIRECT] 
2026-09-27 16:59:37,567 [ERROR] LogOutputStream:75 - [STDERR_REDIRECT] [Fatal Error] :1:1: Premature end of file.
2026-09-27 16:59:37,567 [ERROR] LogOutputStream:75 - [STDERR_REDIRECT] 
2026-09-27 16:59:38,569 [ERROR] LogOutputStream:75 - [STDERR_REDIRECT] [Fatal Error] :1:1: Premature end of file.
2026-09-27 16:59:38,569 [ERROR] LogOutputStream:75 - [STDERR_REDIRECT] 
2026-09-27 16:59:39,565 [ERROR] LogOutputStream:75 - [STDERR_REDIRECT] [Fatal Error] :1:1: Premature end of file.
2026-09-27 16:59:39,565 [ERROR] LogOutputStream:75 - [STDERR_REDIRECT] 
2026-09-27 16:59:40,564 [ERROR] LogOutputStream:75 - [STDERR_REDIRECT] [Fatal Error] :1:1: Premature end of file.
2026-09-27 16:59:40,564 [ERROR] LogOutputStream:75 - [STDERR_REDIRECT] 
2026-09-27 16:59:41,565 [ERROR] LogOutputStream:75 - [STDERR_REDIRECT] [Fatal Error] :1:1: Premature end of file.
2026-09-27 16:59:41,565 [ERROR] LogOutputStream:75 - [STDERR_REDIRECT] 
2026-09-27 16:59:42,565 [ERROR] LogOutputStream:75 - [STDERR_REDIRECT] [Fatal Error] :1:1: Premature end of file.
2026-09-27 16:59:42,565 [ERROR] LogOutputStream:75 - [STDERR_REDIRECT] 
2026-09-27 16:59:43,565 [ERROR] LogOutputStream:75 - [STDERR_REDIRECT] [Fatal Error] :1:1: Premature end of file.
2026-09-27 16:59:43,565 [ERROR] LogOutputStream:75 - [STDERR_REDIRECT] 
2026-09-27 16:59:44,565 [ERROR] LogOutputStream:75 - [STDERR_REDIRECT] [Fatal Error] :1:1: Premature end of file.
2026-09-27 16:59:44,566 [ERROR] LogOutputStream:75 - [STDERR_REDIRECT] 
2026-09-27 16:59:45,565 [ERROR] LogOutputStream:75 - [STDERR_REDIRECT] [Fatal Error] :1:1: Premature end of file.
2026-09-27 16:59:45,565 [ERROR] LogOutputStream:75 - [STDERR_REDIRECT] 
2026-09-27 16:59:46,565 [ERROR] LogOutputStream:75 - [STDERR_REDIRECT] [Fatal Error] :1:1: Premature end of file.
2026-09-27 16:59:46,565 [ERROR] LogOutputStream:75 - [STDERR_REDIRECT] 
2026-09-27 16:59:47,563 [ERROR] LogOutputStream:75 - [STDERR_REDIRECT] [Fatal Error] :1:1: Premature end of file.
2026-09-27 16:59:47,563 [ERROR] LogOutputStream:75 - [STDERR_REDIRECT] 
2026-09-27 16:59:48,561 [ERROR] LogOutputStream:75 - [STDERR_REDIRECT] [Fatal Error] :1:1: Premature end of file.
2026-09-27 16:59:48,561 [ERROR] LogOutputStream:75 - [STDERR_REDIRECT] 
2026-09-27 16:59:49,565 [ERROR] LogOutputStream:75 - [STDERR_REDIRECT] [Fatal Error] :1:1: Premature end of file.
2026-09-27 16:59:49,565 [ERROR] LogOutputStream:75 - [STDERR_REDIRECT] 
2026-09-27 16:59:50,564 [ERROR] LogOutputStream:75 - [STDERR_REDIRECT] [Fatal Error] :1:1: Premature end of file.
2026-09-27 16:59:50,565 [ERROR] LogOutputStream:75 - [STDERR_REDIRECT] 
2026-09-27 16:59:51,561 [ERROR] LogOutputStream:75 - [STDERR_REDIRECT] [Fatal Error] :1:1: Premature end of file.
2026-09-27 16:59:51,561 [ERROR] LogOutputStream:75 - [STDERR_REDIRECT] 
2026-09-27 16:59:52,563 [ERROR] LogOutputStream:75 - [STDERR_REDIRECT] [Fatal Error] :1:1: Premature end of file.
2026-09-27 16:59:52,563 [ERROR] LogOutputStream:75 - [STDERR_REDIRECT] 
2026-09-27 16:59:53,564 [ERROR] LogOutputStream:75 - [STDERR_REDIRECT] [Fatal Error] :1:1: Premature end of file.
2026-09-27 16:59:53,565 [ERROR] LogOutputStream:75 - [STDERR_REDIRECT] 
2026-09-27 16:59:54,566 [ERROR] LogOutputStream:75 - [STDERR_REDIRECT] [Fatal Error] :1:1: Premature end of file.
2026-09-27 16:59:54,566 [ERROR] LogOutputStream:75 - [STDERR_REDIRECT] 
2026-09-27 16:59:55,566 [ERROR] LogOutputStream:75 - [STDERR_REDIRECT] [Fatal Error] :1:1: Premature end of file.
2026-09-27 16:59:55,566 [ERROR] LogOutputStream:75 - [STDERR_REDIRECT] 
2026-09-27 16:59:56,565 [ERROR] LogOutputStream:75 - [STDERR_REDIRECT] [Fatal Error] :1:1: Premature end of file.
2026-09-27 16:59:56,565 [ERROR] LogOutputStream:75 - [STDERR_REDIRECT] 
2026-09-27 16:59:57,565 [ERROR] LogOutputStream:75 - [STDERR_REDIRECT] [Fatal Error] :1:1: Premature end of file.
2026-09-27 16:59:57,565 [ERROR] LogOutputStream:75 - [STDERR_REDIRECT] 
2026-09-27 16:59:58,564 [ERROR] LogOutputStream:75 - [STDERR_REDIRECT] [Fatal Error] :1:1: Premature end of file.
2026-09-27 16:59:58,564 [ERROR] LogOutputStream:75 - [STDERR_REDIRECT] 
2026-09-27 16:59:59,565 [ERROR] LogOutputStream:75 - [STDERR_REDIRECT] [Fatal Error] :1:1: Premature end of file.
2026-09-27 16:59:59,565 [ERROR] LogOutputStream:75 - [STDERR_REDIRECT] 
2026-09-27 17:00:00,565 [ERROR] LogOutputStream:75 - [STDERR_REDIRECT] [Fatal Error] :1:1: Premature end of file.
2026-09-27 17:00:00,566 [ERROR] LogOutputStream:75 - [STDERR_REDIRECT] 
2026-09-27 17:00:01,566 [ERROR] LogOutputStream:75 - [STDERR_REDIRECT] [Fatal Error] :1:1: Premature end of file.
2026-09-27 17:00:01,566 [ERROR] LogOutputStream:75 - [STDERR_REDIRECT] 
2026-09-27 17:00:02,566 [ERROR] LogOutputStream:75 - [STDERR_REDIRECT] [Fatal Error] :1:1: Premature end of file.
2026-09-27 17:00:02,566 [ERROR] LogOutputStream:75 - [STDERR_REDIRECT] 
2026-09-27 17:00:03,566 [ERROR] LogOutputStream:75 - [STDERR_REDIRECT] [Fatal Error] :1:1: Premature end of file.
2026-09-27 17:00:03,566 [ERROR] LogOutputStream:75 - [STDERR_REDIRECT] 
2026-09-27 17:00:04,565 [ERROR] LogOutputStream:75 - [STDERR_REDIRECT] [Fatal Error] :1:1: Premature end of file.
2026-09-27 17:00:04,565 [ERROR] LogOutputStream:75 - [STDERR_REDIRECT] 
2026-09-27 17:00:05,566 [ERROR] LogOutputStream:75 - [STDERR_REDIRECT] [Fatal Error] :1:1: Premature end of file.
2026-09-27 17:00:05,566 [ERROR] LogOutputStream:75 - [STDERR_REDIRECT] 
2026-09-27 17:00:06,564 [ERROR] LogOutputStream:75 - [STDERR_REDIRECT] [Fatal Error] :1:1: Premature end of file.
2026-09-27 17:00:06,564 [ERROR] LogOutputStream:75 - [STDERR_REDIRECT] 
2026-09-27 17:00:07,563 [ERROR] LogOutputStream:75 - [STDERR_REDIRECT] [Fatal Error] :1:1: Premature end of file.
2026-09-27 17:00:07,564 [ERROR] LogOutputStream:75 - [STDERR_REDIRECT] 
2026-09-27 17:00:08,565 [ERROR] LogOutputStream:75 - [STDERR_REDIRECT] [Fatal Error] :1:1: Premature end of file.
2026-09-27 17:00:08,565 [ERROR] LogOutputStream:75 - [STDERR_REDIRECT] 
2026-09-27 17:00:09,565 [ERROR] LogOutputStream:75 - [STDERR_REDIRECT] [Fatal Error] :1:1: Premature end of file.
2026-09-27 17:00:09,565 [ERROR] LogOutputStream:75 - [STDERR_REDIRECT] 
2026-09-27 17:00:10,563 [ERROR] LogOutputStream:75 - [STDERR_REDIRECT] [Fatal Error] :1:1: Premature end of file.
2026-09-27 17:00:10,563 [ERROR] LogOutputStream:75 - [STDERR_REDIRECT] 
2026-09-27 17:00:11,561 [ERROR] LogOutputStream:75 - [STDERR_REDIRECT] [Fatal Error] :1:1: Premature end of file.
2026-09-27 17:00:11,561 [ERROR] LogOutputStream:75 - [STDERR_REDIRECT] 
2026-09-27 17:00:12,565 [ERROR] LogOutputStream:75 - [STDERR_REDIRECT] [Fatal Error] :1:1: Premature end of file.
2026-09-27 17:00:12,565 [ERROR] LogOutputStream:75 - [STDERR_REDIRECT] 
2026-09-27 17:00:13,565 [ERROR] LogOutputStream:75 - [STDERR_REDIRECT] [Fatal Error] :1:1: Premature end of file.
2026-09-27 17:00:13,565 [ERROR] LogOutputStream:75 - [STDERR_REDIRECT] 
2026-09-27 17:00:14,565 [ERROR] LogOutputStream:75 - [STDERR_REDIRECT] [Fatal Error] :1:1: Premature end of file.
2026-09-27 17:00:14,565 [ERROR] LogOutputStream:75 - [STDERR_REDIRECT] 
2026-09-27 17:00:15,567 [ERROR] LogOutputStream:75 - [STDERR_REDIRECT] [Fatal Error] :1:1: Premature end of file.
2026-09-27 17:00:15,567 [ERROR] LogOutputStream:75 - [STDERR_REDIRECT] 
2026-09-27 17:00:16,564 [ERROR] LogOutputStream:75 - [STDERR_REDIRECT] [Fatal Error] :1:1: Premature end of file.
2026-09-27 17:00:16,564 [ERROR] LogOutputStream:75 - [STDERR_REDIRECT] 
2026-09-27 17:00:17,564 [ERROR] LogOutputStream:75 - [STDERR_REDIRECT] [Fatal Error] :1:1: Premature end of file.
2026-09-27 17:00:17,565 [ERROR] LogOutputStream:75 - [STDERR_REDIRECT] 
2026-09-27 17:00:18,566 [ERROR] LogOutputStream:75 - [STDERR_REDIRECT] [Fatal Error] :1:1: Premature end of file.
2026-09-27 17:00:18,566 [ERROR] LogOutputStream:75 - [STDERR_REDIRECT] 
2026-09-27 17:00:19,564 [ERROR] LogOutputStream:75 - [STDERR_REDIRECT] [Fatal Error] :1:1: Premature end of file.
2026-09-27 17:00:19,564 [ERROR] LogOutputStream:75 - [STDERR_REDIRECT] 
2026-09-27 17:00:20,565 [ERROR] LogOutputStream:75 - [STDERR_REDIRECT] [Fatal Error] :1:1: Premature end of file.
2026-09-27 17:00:20,565 [ERROR] LogOutputStream:75 - [STDERR_REDIRECT] 
2026-09-27 17:00:21,566 [ERROR] LogOutputStream:75 - [STDERR_REDIRECT] [Fatal Error] :1:1: Premature end of file.
2026-09-27 17:00:21,566 [ERROR] LogOutputStream:75 - [STDERR_REDIRECT] 
2026-09-27 17:00:22,564 [ERROR] LogOutputStream:75 - [STDERR_REDIRECT] [Fatal Error] :1:1: Premature end of file.
2026-09-27 17:00:22,564 [ERROR] LogOutputStream:75 - [STDERR_REDIRECT] 
2026-09-27 17:00:23,564 [ERROR] LogOutputStream:75 - [STDERR_REDIRECT] [Fatal Error] :1:1: Premature end of file.
2026-09-27 17:00:23,564 [ERROR] LogOutputStream:75 - [STDERR_REDIRECT] 
2026-09-27 17:00:24,566 [ERROR] LogOutputStream:75 - [STDERR_REDIRECT] [Fatal Error] :1:1: Premature end of file.
2026-09-27 17:00:24,566 [ERROR] LogOutputStream:75 - [STDERR_REDIRECT] 
2026-09-27 17:00:25,566 [ERROR] LogOutputStream:75 - [STDERR_REDIRECT] [Fatal Error] :1:1: Premature end of file.
2026-09-27 17:00:25,566 [ERROR] LogOutputStream:75 - [STDERR_REDIRECT] 
2026-09-27 17:00:26,566 [ERROR] LogOutputStream:75 - [STDERR_REDIRECT] [Fatal Error] :1:1: Premature end of file.
2026-09-27 17:00:26,566 [ERROR] LogOutputStream:75 - [STDERR_REDIRECT] 
2026-09-27 17:00:27,565 [ERROR] LogOutputStream:75 - [STDERR_REDIRECT] [Fatal Error] :1:1: Premature end of file.
2026-09-27 17:00:27,565 [ERROR] LogOutputStream:75 - [STDERR_REDIRECT] 
2026-09-27 17:00:28,564 [ERROR] LogOutputStream:75 - [STDERR_REDIRECT] [Fatal Error] :1:1: Premature end of file.
2026-09-27 17:00:28,564 [ERROR] LogOutputStream:75 - [STDERR_REDIRECT] 
2026-09-27 17:00:29,565 [ERROR] LogOutputStream:75 - [STDERR_REDIRECT] [Fatal Error] :1:1: Premature end of file.
2026-09-27 17:00:29,565 [ERROR] LogOutputStream:75 - [STDERR_REDIRECT] 
2026-09-27 17:00:30,564 [ERROR] LogOutputStream:75 - [STDERR_REDIRECT] [Fatal Error] :1:1: Premature end of file.
2026-09-27 17:00:30,564 [ERROR] LogOutputStream:75 - [STDERR_REDIRECT] 
2026-09-27 17:00:31,565 [ERROR] LogOutputStream:75 - [STDERR_REDIRECT] [Fatal Error] :1:1: Premature end of file.
2026-09-27 17:00:31,565 [ERROR] LogOutputStream:75 - [STDERR_REDIRECT] 
2026-09-27 17:00:32,565 [ERROR] LogOutputStream:75 - [STDERR_REDIRECT] [Fatal Error] :1:1: Premature end of file.
2026-09-27 17:00:32,565 [ERROR] LogOutputStream:75 - [STDERR_REDIRECT] 
2026-09-27 17:00:33,564 [ERROR] LogOutputStream:75 - [STDERR_REDIRECT] [Fatal Error] :1:1: Premature end of file.
2026-09-27 17:00:33,564 [ERROR] LogOutputStream:75 - [STDERR_REDIRECT] 
2026-09-27 17:00:34,564 [ERROR] LogOutputStream:75 - [STDERR_REDIRECT] [Fatal Error] :1:1: Premature end of file.
2026-09-27 17:00:34,564 [ERROR] LogOutputStream:75 - [STDERR_REDIRECT] 
2026-09-27 17:00:35,563 [ERROR] LogOutputStream:75 - [STDERR_REDIRECT] [Fatal Error] :1:1: Premature end of file.
2026-09-27 17:00:35,563 [ERROR] LogOutputStream:75 - [STDERR_REDIRECT] 
2026-09-27 17:00:36,564 [ERROR] LogOutputStream:75 - [STDERR_REDIRECT] [Fatal Error] :1:1: Premature end of file.
2026-09-27 17:00:36,564 [ERROR] LogOutputStream:75 - [STDERR_REDIRECT] 
2026-09-27 17:00:37,564 [ERROR] LogOutputStream:75 - [STDERR_REDIRECT] [Fatal Error] :1:1: Premature end of file.
2026-09-27 17:00:37,564 [ERROR] LogOutputStream:75 - [STDERR_REDIRECT] 
2026-09-27 17:00:38,566 [ERROR] LogOutputStream:75 - [STDERR_REDIRECT] [Fatal Error] :1:1: Premature end of file.
2026-09-27 17:00:38,566 [ERROR] LogOutputStream:75 - [STDERR_REDIRECT] 
2026-09-27 17:00:39,565 [ERROR] LogOutputStream:75 - [STDERR_REDIRECT] [Fatal Error] :1:1: Premature end of file.
2026-09-27 17:00:39,565 [ERROR] LogOutputStream:75 - [STDERR_REDIRECT] 
2026-09-27 17:00:40,564 [ERROR] LogOutputStream:75 - [STDERR_REDIRECT] [Fatal Error] :1:1: Premature end of file.
2026-09-27 17:00:40,564 [ERROR] LogOutputStream:75 - [STDERR_REDIRECT] 
2026-09-27 17:00:41,564 [ERROR] LogOutputStream:75 - [STDERR_REDIRECT] [Fatal Error] :1:1: Premature end of file.
2026-09-27 17:00:41,564 [ERROR] LogOutputStream:75 - [STDERR_REDIRECT] 
2026-09-27 17:00:42,564 [ERROR] LogOutputStream:75 - [STDERR_REDIRECT] [Fatal Error] :1:1: Premature end of file.
2026-09-27 17:00:42,564 [ERROR] LogOutputStream:75 - [STDERR_REDIRECT] 
2026-09-27 17:00:43,565 [ERROR] LogOutputStream:75 - [STDERR_REDIRECT] [Fatal Error] :1:1: Premature end of file.
2026-09-27 17:00:43,565 [ERROR] LogOutputStream:75 - [STDERR_REDIRECT] 
2026-09-27 17:00:44,561 [ERROR] LogOutputStream:75 - [STDERR_REDIRECT] [Fatal Error] :1:1: Premature end of file.
2026-09-27 17:00:44,561 [ERROR] LogOutputStream:75 - [STDERR_REDIRECT] 
2026-09-27 17:00:45,564 [ERROR] LogOutputStream:75 - [STDERR_REDIRECT] [Fatal Error] :1:1: Premature end of file.
2026-09-27 17:00:45,564 [ERROR] LogOutputStream:75 - [STDERR_REDIRECT] 
2026-09-27 17:00:46,566 [ERROR] LogOutputStream:75 - [STDERR_REDIRECT] [Fatal Error] :1:1: Premature end of file.
2026-09-27 17:00:46,566 [ERROR] LogOutputStream:75 - [STDERR_REDIRECT] 
2026-09-27 17:00:47,561 [ERROR] LogOutputStream:75 - [STDERR_REDIRECT] [Fatal Error] :1:1: Premature end of file.
2026-09-27 17:00:47,561 [ERROR] LogOutputStream:75 - [STDERR_REDIRECT] 
2026-09-27 17:00:48,562 [ERROR] LogOutputStream:75 - [STDERR_REDIRECT] [Fatal Error] :1:1: Premature end of file.
2026-09-27 17:00:48,563 [ERROR] LogOutputStream:75 - [STDERR_REDIRECT] 
2026-09-27 17:00:49,565 [ERROR] LogOutputStream:75 - [STDERR_REDIRECT] [Fatal Error] :1:1: Premature end of file.
2026-09-27 17:00:49,565 [ERROR] LogOutputStream:75 - [STDERR_REDIRECT] 
2026-09-27 17:00:50,559 [ERROR] LogOutputStream:75 - [STDERR_REDIRECT] [Fatal Error] :1:1: Premature end of file.
2026-09-27 17:00:50,561 [ERROR] LogOutputStream:75 - [STDERR_REDIRECT] 
2026-09-27 17:00:51,564 [ERROR] LogOutputStream:75 - [STDERR_REDIRECT] [Fatal Error] :1:1: Premature end of file.
2026-09-27 17:00:51,564 [ERROR] LogOutputStream:75 - [STDERR_REDIRECT] 
2026-09-27 17:00:52,561 [ERROR] LogOutputStream:75 - [STDERR_REDIRECT] [Fatal Error] :1:1: Premature end of file.
2026-09-27 17:00:52,561 [ERROR] LogOutputStream:75 - [STDERR_REDIRECT] 
2026-09-27 17:00:53,563 [ERROR] LogOutputStream:75 - [STDERR_REDIRECT] [Fatal Error] :1:1: Premature end of file.
2026-09-27 17:00:53,563 [ERROR] LogOutputStream:75 - [STDERR_REDIRECT] 
2026-09-27 17:00:54,564 [ERROR] LogOutputStream:75 - [STDERR_REDIRECT] [Fatal Error] :1:1: Premature end of file.
2026-09-27 17:00:54,564 [ERROR] LogOutputStream:75 - [STDERR_REDIRECT] 
2026-09-27 17:00:55,561 [ERROR] LogOutputStream:75 - [STDERR_REDIRECT] [Fatal Error] :1:1: Premature end of file.
2026-09-27 17:00:55,561 [ERROR] LogOutputStream:75 - [STDERR_REDIRECT] 
2026-09-27 17:00:56,562 [ERROR] LogOutputStream:75 - [STDERR_REDIRECT] [Fatal Error] :1:1: Premature end of file.
2026-09-27 17:00:56,562 [ERROR] LogOutputStream:75 - [STDERR_REDIRECT] 
2026-09-27 17:00:57,564 [ERROR] LogOutputStream:75 - [STDERR_REDIRECT] [Fatal Error] :1:1: Premature end of file.
2026-09-27 17:00:57,564 [ERROR] LogOutputStream:75 - [STDERR_REDIRECT] 
2026-09-27 17:00:58,562 [ERROR] LogOutputStream:75 - [STDERR_REDIRECT] [Fatal Error] :1:1: Premature end of file.
2026-09-27 17:00:58,562 [ERROR] LogOutputStream:75 - [STDERR_REDIRECT] 
2026-09-27 17:00:59,557 [ERROR] LogOutputStream:75 - [STDERR_REDIRECT] [Fatal Error] :1:1: Premature end of file.
2026-09-27 17:00:59,558 [ERROR] LogOutputStream:75 - [STDERR_REDIRECT] 
2026-09-27 17:01:00,562 [ERROR] LogOutputStream:75 - [STDERR_REDIRECT] [Fatal Error] :1:1: Premature end of file.
2026-09-27 17:01:00,562 [ERROR] LogOutputStream:75 - [STDERR_REDIRECT] 
2026-09-27 17:01:01,565 [ERROR] LogOutputStream:75 - [STDERR_REDIRECT] [Fatal Error] :1:1: Premature end of file.
2026-09-27 17:01:01,565 [ERROR] LogOutputStream:75 - [STDERR_REDIRECT] 
2026-09-27 17:01:02,562 [ERROR] LogOutputStream:75 - [STDERR_REDIRECT] [Fatal Error] :1:1: Premature end of file.
2026-09-27 17:01:02,562 [ERROR] LogOutputStream:75 - [STDERR_REDIRECT] 
2026-09-27 17:01:03,558 [ERROR] LogOutputStream:75 - [STDERR_REDIRECT] [Fatal Error] :1:1: Premature end of file.
2026-09-27 17:01:03,558 [ERROR] LogOutputStream:75 - [STDERR_REDIRECT] 
2026-09-27 17:01:04,555 [ERROR] LogOutputStream:75 - [STDERR_REDIRECT] [Fatal Error] :1:1: Premature end of file.
2026-09-27 17:01:04,555 [ERROR] LogOutputStream:75 - [STDERR_REDIRECT] 
2026-09-27 17:01:05,555 [ERROR] LogOutputStream:75 - [STDERR_REDIRECT] [Fatal Error] :1:1: Premature end of file.
2026-09-27 17:01:05,555 [ERROR] LogOutputStream:75 - [STDERR_REDIRECT] 
2026-09-27 17:01:06,565 [ERROR] LogOutputStream:75 - [STDERR_REDIRECT] [Fatal Error] :1:1: Premature end of file.
2026-09-27 17:01:06,566 [ERROR] LogOutputStream:75 - [STDERR_REDIRECT] 
2026-09-27 17:01:07,559 [ERROR] LogOutputStream:75 - [STDERR_REDIRECT] [Fatal Error] :1:1: Premature end of file.
2026-09-27 17:01:07,559 [ERROR] LogOutputStream:75 - [STDERR_REDIRECT] 
2026-09-27 17:01:08,555 [ERROR] LogOutputStream:75 - [STDERR_REDIRECT] [Fatal Error] :1:1: Premature end of file.
2026-09-27 17:01:08,555 [ERROR] LogOutputStream:75 - [STDERR_REDIRECT] 
2026-09-27 17:01:09,559 [ERROR] LogOutputStream:75 - [STDERR_REDIRECT] [Fatal Error] :1:1: Premature end of file.
2026-09-27 17:01:09,559 [ERROR] LogOutputStream:75 - [STDERR_REDIRECT] 
2026-09-27 17:01:10,558 [ERROR] LogOutputStream:75 - [STDERR_REDIRECT] [Fatal Error] :1:1: Premature end of file.
2026-09-27 17:01:10,559 [ERROR] LogOutputStream:75 - [STDERR_REDIRECT] 
2026-09-27 17:01:11,558 [ERROR] LogOutputStream:75 - [STDERR_REDIRECT] [Fatal Error] :1:1: Premature end of file.
2026-09-27 17:01:11,558 [ERROR] LogOutputStream:75 - [STDERR_REDIRECT] 
2026-09-27 17:01:12,554 [ERROR] LogOutputStream:75 - [STDERR_REDIRECT] [Fatal Error] :1:1: Premature end of file.
2026-09-27 17:01:12,554 [ERROR] LogOutputStream:75 - [STDERR_REDIRECT] 
2026-09-27 17:01:13,565 [ERROR] LogOutputStream:75 - [STDERR_REDIRECT] [Fatal Error] :1:1: Premature end of file.
2026-09-27 17:01:13,565 [ERROR] LogOutputStream:75 - [STDERR_REDIRECT] 
2026-09-27 17:01:14,558 [ERROR] LogOutputStream:75 - [STDERR_REDIRECT] [Fatal Error] :1:1: Premature end of file.
2026-09-27 17:01:14,558 [ERROR] LogOutputStream:75 - [STDERR_REDIRECT] 
2026-09-27 17:01:15,556 [ERROR] LogOutputStream:75 - [STDERR_REDIRECT] [Fatal Error] :1:1: Premature end of file.
2026-09-27 17:01:15,556 [ERROR] LogOutputStream:75 - [STDERR_REDIRECT] 
2026-09-27 17:01:16,558 [ERROR] LogOutputStream:75 - [STDERR_REDIRECT] [Fatal Error] :1:1: Premature end of file.
2026-09-27 17:01:16,558 [ERROR] LogOutputStream:75 - [STDERR_REDIRECT] 
2026-09-27 17:01:17,559 [ERROR] LogOutputStream:75 - [STDERR_REDIRECT] [Fatal Error] :1:1: Premature end of file.
2026-09-27 17:01:17,559 [ERROR] LogOutputStream:75 - [STDERR_REDIRECT] 
2026-09-27 17:01:18,556 [ERROR] LogOutputStream:75 - [STDERR_REDIRECT] [Fatal Error] :1:1: Premature end of file.
2026-09-27 17:01:18,556 [ERROR] LogOutputStream:75 - [STDERR_REDIRECT] 
2026-09-27 17:01:19,556 [ERROR] LogOutputStream:75 - [STDERR_REDIRECT] [Fatal Error] :1:1: Premature end of file.
2026-09-27 17:01:19,556 [ERROR] LogOutputStream:75 - [STDERR_REDIRECT] 
2026-09-27 17:01:20,555 [ERROR] LogOutputStream:75 - [STDERR_REDIRECT] [Fatal Error] :1:1: Premature end of file.
2026-09-27 17:01:20,555 [ERROR] LogOutputStream:75 - [STDERR_REDIRECT] 
2026-09-27 17:01:21,555 [ERROR] LogOutputStream:75 - [STDERR_REDIRECT] [Fatal Error] :1:1: Premature end of file.
2026-09-27 17:01:21,555 [ERROR] LogOutputStream:75 - [STDERR_REDIRECT] 
2026-09-27 17:01:22,558 [ERROR] LogOutputStream:75 - [STDERR_REDIRECT] [Fatal Error] :1:1: Premature end of file.
2026-09-27 17:01:22,559 [ERROR] LogOutputStream:75 - [STDERR_REDIRECT] 
2026-09-27 17:01:23,555 [ERROR] LogOutputStream:75 - [STDERR_REDIRECT] [Fatal Error] :1:1: Premature end of file.
2026-09-27 17:01:23,555 [ERROR] LogOutputStream:75 - [STDERR_REDIRECT] 
2026-09-27 17:01:24,558 [ERROR] LogOutputStream:75 - [STDERR_REDIRECT] [Fatal Error] :1:1: Premature end of file.
2026-09-27 17:01:24,559 [ERROR] LogOutputStream:75 - [STDERR_REDIRECT] 
2026-09-27 17:01:25,559 [ERROR] LogOutputStream:75 - [STDERR_REDIRECT] [Fatal Error] :1:1: Premature end of file.
2026-09-27 17:01:25,559 [ERROR] LogOutputStream:75 - [STDERR_REDIRECT] 
2026-09-27 17:01:26,558 [ERROR] LogOutputStream:75 - [STDERR_REDIRECT] [Fatal Error] :1:1: Premature end of file.
2026-09-27 17:01:26,558 [ERROR] LogOutputStream:75 - [STDERR_REDIRECT] 
2026-09-27 17:01:27,558 [ERROR] LogOutputStream:75 - [STDERR_REDIRECT] [Fatal Error] :1:1: Premature end of file.
2026-09-27 17:01:27,558 [ERROR] LogOutputStream:75 - [STDERR_REDIRECT] 
2026-09-27 17:01:28,572 [ERROR] LogOutputStream:75 - [STDERR_REDIRECT] [Fatal Error] :1:1: Premature end of file.
2026-09-27 17:01:28,572 [ERROR] LogOutputStream:75 - [STDERR_REDIRECT] 
2026-09-27 17:01:29,558 [ERROR] LogOutputStream:75 - [STDERR_REDIRECT] [Fatal Error] :1:1: Premature end of file.
2026-09-27 17:01:29,558 [ERROR] LogOutputStream:75 - [STDERR_REDIRECT] 
2026-09-27 17:01:30,558 [ERROR] LogOutputStream:75 - [STDERR_REDIRECT] [Fatal Error] :1:1: Premature end of file.
2026-09-27 17:01:30,558 [ERROR] LogOutputStream:75 - [STDERR_REDIRECT] 
2026-09-27 17:01:31,558 [ERROR] LogOutputStream:75 - [STDERR_REDIRECT] [Fatal Error] :1:1: Premature end of file.
2026-09-27 17:01:31,558 [ERROR] LogOutputStream:75 - [STDERR_REDIRECT] 
2026-09-27 17:01:32,555 [ERROR] LogOutputStream:75 - [STDERR_REDIRECT] [Fatal Error] :1:1: Premature end of file.
2026-09-27 17:01:32,555 [ERROR] LogOutputStream:75 - [STDERR_REDIRECT] 
2026-09-27 17:01:33,558 [ERROR] LogOutputStream:75 - [STDERR_REDIRECT] [Fatal Error] :1:1: Premature end of file.
2026-09-27 17:01:33,558 [ERROR] LogOutputStream:75 - [STDERR_REDIRECT] 
2026-09-27 17:01:34,558 [ERROR] LogOutputStream:75 - [STDERR_REDIRECT] [Fatal Error] :1:1: Premature end of file.
2026-09-27 17:01:34,558 [ERROR] LogOutputStream:75 - [STDERR_REDIRECT] 
2026-09-27 17:01:35,558 [ERROR] LogOutputStream:75 - [STDERR_REDIRECT] [Fatal Error] :1:1: Premature end of file.
2026-09-27 17:01:35,558 [ERROR] LogOutputStream:75 - [STDERR_REDIRECT] 
2026-09-27 17:01:36,558 [ERROR] LogOutputStream:75 - [STDERR_REDIRECT] [Fatal Error] :1:1: Premature end of file.
2026-09-27 17:01:36,558 [ERROR] LogOutputStream:75 - [STDERR_REDIRECT] 
2026-09-27 17:01:37,555 [ERROR] LogOutputStream:75 - [STDERR_REDIRECT] [Fatal Error] :1:1: Premature end of file.
2026-09-27 17:01:37,555 [ERROR] LogOutputStream:75 - [STDERR_REDIRECT] 
2026-09-27 17:01:38,559 [ERROR] LogOutputStream:75 - [STDERR_REDIRECT] [Fatal Error] :1:1: Premature end of file.
2026-09-27 17:01:38,559 [ERROR] LogOutputStream:75 - [STDERR_REDIRECT] 
2026-09-27 17:01:39,558 [ERROR] LogOutputStream:75 - [STDERR_REDIRECT] [Fatal Error] :1:1: Premature end of file.
2026-09-27 17:01:39,558 [ERROR] LogOutputStream:75 - [STDERR_REDIRECT] 
2026-09-27 17:01:40,559 [ERROR] LogOutputStream:75 - [STDERR_REDIRECT] [Fatal Error] :1:1: Premature end of file.
2026-09-27 17:01:40,559 [ERROR] LogOutputStream:75 - [STDERR_REDIRECT] 
2026-09-27 17:01:41,560 [ERROR] LogOutputStream:75 - [STDERR_REDIRECT] [Fatal Error] :1:1: Premature end of file.
2026-09-27 17:01:41,560 [ERROR] LogOutputStream:75 - [STDERR_REDIRECT] 
2026-09-27 17:01:42,558 [ERROR] LogOutputStream:75 - [STDERR_REDIRECT] [Fatal Error] :1:1: Premature end of file.
2026-09-27 17:01:42,558 [ERROR] LogOutputStream:75 - [STDERR_REDIRECT] 
2026-09-27 17:01:43,560 [ERROR] LogOutputStream:75 - [STDERR_REDIRECT] [Fatal Error] :1:1: Premature end of file.
2026-09-27 17:01:43,560 [ERROR] LogOutputStream:75 - [STDERR_REDIRECT] 
2026-09-27 17:01:44,559 [ERROR] LogOutputStream:75 - [STDERR_REDIRECT] [Fatal Error] :1:1: Premature end of file.
2026-09-27 17:01:44,559 [ERROR] LogOutputStream:75 - [STDERR_REDIRECT] 
2026-09-27 17:01:45,559 [ERROR] LogOutputStream:75 - [STDERR_REDIRECT] [Fatal Error] :1:1: Premature end of file.
2026-09-27 17:01:45,559 [ERROR] LogOutputStream:75 - [STDERR_REDIRECT] 
2026-09-27 17:01:46,557 [ERROR] LogOutputStream:75 - [STDERR_REDIRECT] [Fatal Error] :1:1: Premature end of file.
2026-09-27 17:01:46,557 [ERROR] LogOutputStream:75 - [STDERR_REDIRECT] 
2026-09-27 17:01:47,559 [ERROR] LogOutputStream:75 - [STDERR_REDIRECT] [Fatal Error] :1:1: Premature end of file.
2026-09-27 17:01:47,559 [ERROR] LogOutputStream:75 - [STDERR_REDIRECT] 
2026-09-27 17:01:48,560 [ERROR] LogOutputStream:75 - [STDERR_REDIRECT] [Fatal Error] :1:1: Premature end of file.
2026-09-27 17:01:48,560 [ERROR] LogOutputStream:75 - [STDERR_REDIRECT] 
2026-09-27 17:01:49,559 [ERROR] LogOutputStream:75 - [STDERR_REDIRECT] [Fatal Error] :1:1: Premature end of file.
2026-09-27 17:01:49,559 [ERROR] LogOutputStream:75 - [STDERR_REDIRECT] 
2026-09-27 17:01:50,558 [ERROR] LogOutputStream:75 - [STDERR_REDIRECT] [Fatal Error] :1:1: Premature end of file.
2026-09-27 17:01:50,558 [ERROR] LogOutputStream:75 - [STDERR_REDIRECT] 
2026-09-27 17:01:50,726 [INFO] WebApp:194 - Connection lost
2026-09-27 17:01:50,962 [INFO] WebApp:191 - Connection restablished
2026-09-27 17:01:51,562 [ERROR] LogOutputStream:75 - [STDERR_REDIRECT] [Fatal Error] :1:1: Premature end of file.
2026-09-27 17:01:51,563 [ERROR] LogOutputStream:75 - [STDERR_REDIRECT] 
2026-09-27 17:01:52,553 [ERROR] LogOutputStream:75 - [STDERR_REDIRECT] [Fatal Error] :1:1: Premature end of file.
2026-09-27 17:01:52,557 [ERROR] LogOutputStream:75 - [STDERR_REDIRECT] 
2026-09-27 17:01:53,556 [ERROR] LogOutputStream:75 - [STDERR_REDIRECT] [Fatal Error] :1:1: Premature end of file.
2026-09-27 17:01:53,556 [ERROR] LogOutputStream:75 - [STDERR_REDIRECT] 
2026-09-27 17:01:54,554 [ERROR] LogOutputStream:75 - [STDERR_REDIRECT] [Fatal Error] :1:1: Premature end of file.
2026-09-27 17:01:54,557 [ERROR] LogOutputStream:75 - [STDERR_REDIRECT] 
2026-09-27 17:01:55,554 [ERROR] LogOutputStream:75 - [STDERR_REDIRECT] [Fatal Error] :1:1: Premature end of file.
2026-09-27 17:01:55,554 [ERROR] LogOutputStream:75 - [STDERR_REDIRECT] 
2026-09-27 17:01:56,555 [ERROR] LogOutputStream:75 - [STDERR_REDIRECT] [Fatal Error] :1:1: Premature end of file.
2026-09-27 17:01:56,555 [ERROR] LogOutputStream:75 - [STDERR_REDIRECT] 
2026-09-27 17:01:57,557 [ERROR] LogOutputStream:75 - [STDERR_REDIRECT] [Fatal Error] :1:1: Premature end of file.
2026-09-27 17:01:57,558 [ERROR] LogOutputStream:75 - [STDERR_REDIRECT] 
2026-09-27 17:01:58,558 [ERROR] LogOutputStream:75 - [STDERR_REDIRECT] [Fatal Error] :1:1: Premature end of file.
2026-09-27 17:01:58,558 [ERROR] LogOutputStream:75 - [STDERR_REDIRECT] 
2026-09-27 17:01:59,557 [ERROR] LogOutputStream:75 - [STDERR_REDIRECT] [Fatal Error] :1:1: Premature end of file.
2026-09-27 17:01:59,557 [ERROR] LogOutputStream:75 - [STDERR_REDIRECT] 
2026-09-27 17:02:00,555 [ERROR] LogOutputStream:75 - [STDERR_REDIRECT] [Fatal Error] :1:1: Premature end of file.
2026-09-27 17:02:00,555 [ERROR] LogOutputStream:75 - [STDERR_REDIRECT] 
2026-09-27 17:02:01,558 [ERROR] LogOutputStream:75 - [STDERR_REDIRECT] [Fatal Error] :1:1: Premature end of file.
2026-09-27 17:02:01,558 [ERROR] LogOutputStream:75 - [STDERR_REDIRECT] 
2026-09-27 17:02:02,557 [ERROR] LogOutputStream:75 - [STDERR_REDIRECT] [Fatal Error] :1:1: Premature end of file.
2026-09-27 17:02:02,557 [ERROR] LogOutputStream:75 - [STDERR_REDIRECT] 
2026-09-27 17:02:03,557 [ERROR] LogOutputStream:75 - [STDERR_REDIRECT] [Fatal Error] :1:1: Premature end of file.
2026-09-27 17:02:03,558 [ERROR] LogOutputStream:75 - [STDERR_REDIRECT] 
2026-09-27 17:02:04,557 [ERROR] LogOutputStream:75 - [STDERR_REDIRECT] [Fatal Error] :1:1: Premature end of file.
2026-09-27 17:02:04,557 [ERROR] LogOutputStream:75 - [STDERR_REDIRECT] 
2026-09-27 17:02:05,553 [ERROR] LogOutputStream:75 - [STDERR_REDIRECT] [Fatal Error] :1:1: Premature end of file.
2026-09-27 17:02:05,557 [ERROR] LogOutputStream:75 - [STDERR_REDIRECT] 
2026-09-27 17:02:06,553 [ERROR] LogOutputStream:75 - [STDERR_REDIRECT] [Fatal Error] :1:1: Premature end of file.
2026-09-27 17:02:06,553 [ERROR] LogOutputStream:75 - [STDERR_REDIRECT] 
2026-09-27 17:02:07,557 [ERROR] LogOutputStream:75 - [STDERR_REDIRECT] [Fatal Error] :1:1: Premature end of file.
2026-09-27 17:02:07,557 [ERROR] LogOutputStream:75 - [STDERR_REDIRECT] 
2026-09-27 17:02:08,557 [ERROR] LogOutputStream:75 - [STDERR_REDIRECT] [Fatal Error] :1:1: Premature end of file.
2026-09-27 17:02:08,557 [ERROR] LogOutputStream:75 - [STDERR_REDIRECT] 
2026-09-27 17:02:09,555 [ERROR] LogOutputStream:75 - [STDERR_REDIRECT] [Fatal Error] :1:1: Premature end of file.
2026-09-27 17:02:09,555 [ERROR] LogOutputStream:75 - [STDERR_REDIRECT] 
2026-09-27 17:02:10,558 [ERROR] LogOutputStream:75 - [STDERR_REDIRECT] [Fatal Error] :1:1: Premature end of file.
2026-09-27 17:02:10,558 [ERROR] LogOutputStream:75 - [STDERR_REDIRECT] 
2026-09-27 17:02:11,558 [ERROR] LogOutputStream:75 - [STDERR_REDIRECT] [Fatal Error] :1:1: Premature end of file.
2026-09-27 17:02:11,558 [ERROR] LogOutputStream:75 - [STDERR_REDIRECT] 
2026-09-27 17:02:12,557 [ERROR] LogOutputStream:75 - [STDERR_REDIRECT] [Fatal Error] :1:1: Premature end of file.
2026-09-27 17:02:12,558 [ERROR] LogOutputStream:75 - [STDERR_REDIRECT] 
2026-09-27 17:02:13,557 [ERROR] LogOutputStream:75 - [STDERR_REDIRECT] [Fatal Error] :1:1: Premature end of file.
2026-09-27 17:02:13,557 [ERROR] LogOutputStream:75 - [STDERR_REDIRECT] 
2026-09-27 17:02:14,556 [ERROR] LogOutputStream:75 - [STDERR_REDIRECT] [Fatal Error] :1:1: Premature end of file.
2026-09-27 17:02:14,556 [ERROR] LogOutputStream:75 - [STDERR_REDIRECT] 
2026-09-27 17:02:15,556 [ERROR] LogOutputStream:75 - [STDERR_REDIRECT] [Fatal Error] :1:1: Premature end of file.
2026-09-27 17:02:15,556 [ERROR] LogOutputStream:75 - [STDERR_REDIRECT] 
2026-09-27 17:02:16,570 [ERROR] LogOutputStream:75 - [STDERR_REDIRECT] [Fatal Error] :1:1: Premature end of file.
2026-09-27 17:02:16,570 [ERROR] LogOutputStream:75 - [STDERR_REDIRECT] 
2026-09-27 17:02:17,565 [ERROR] LogOutputStream:75 - [STDERR_REDIRECT] [Fatal Error] :1:1: Premature end of file.
2026-09-27 17:02:17,565 [ERROR] LogOutputStream:75 - [STDERR_REDIRECT] 
2026-09-27 17:02:18,563 [ERROR] LogOutputStream:75 - [STDERR_REDIRECT] [Fatal Error] :1:1: Premature end of file.
2026-09-27 17:02:18,563 [ERROR] LogOutputStream:75 - [STDERR_REDIRECT] 
2026-09-27 17:02:19,556 [ERROR] LogOutputStream:75 - [STDERR_REDIRECT] [Fatal Error] :1:1: Premature end of file.
2026-09-27 17:02:19,556 [ERROR] LogOutputStream:75 - [STDERR_REDIRECT] 
2026-09-27 17:02:20,556 [ERROR] LogOutputStream:75 - [STDERR_REDIRECT] [Fatal Error] :1:1: Premature end of file.
2026-09-27 17:02:20,556 [ERROR] LogOutputStream:75 - [STDERR_REDIRECT] 
2026-09-27 17:02:21,556 [ERROR] LogOutputStream:75 - [STDERR_REDIRECT] [Fatal Error] :1:1: Premature end of file.
2026-09-27 17:02:21,556 [ERROR] LogOutputStream:75 - [STDERR_REDIRECT] 
2026-09-27 17:02:22,557 [ERROR] LogOutputStream:75 - [STDERR_REDIRECT] [Fatal Error] :1:1: Premature end of file.
2026-09-27 17:02:22,557 [ERROR] LogOutputStream:75 - [STDERR_REDIRECT] 
2026-09-27 17:02:23,557 [ERROR] LogOutputStream:75 - [STDERR_REDIRECT] [Fatal Error] :1:1: Premature end of file.
2026-09-27 17:02:23,557 [ERROR] LogOutputStream:75 - [STDERR_REDIRECT] 
2026-09-27 17:02:24,556 [ERROR] LogOutputStream:75 - [STDERR_REDIRECT] [Fatal Error] :1:1: Premature end of file.
2026-09-27 17:02:24,557 [ERROR] LogOutputStream:75 - [STDERR_REDIRECT] 
2026-09-27 17:02:25,570 [ERROR] LogOutputStream:75 - [STDERR_REDIRECT] [Fatal Error] :1:1: Premature end of file.
2026-09-27 17:02:25,570 [ERROR] LogOutputStream:75 - [STDERR_REDIRECT] 
2026-09-27 17:02:26,557 [ERROR] LogOutputStream:75 - [STDERR_REDIRECT] [Fatal Error] :1:1: Premature end of file.
2026-09-27 17:02:26,557 [ERROR] LogOutputStream:75 - [STDERR_REDIRECT] 
2026-09-27 17:02:27,557 [ERROR] LogOutputStream:75 - [STDERR_REDIRECT] [Fatal Error] :1:1: Premature end of file.
2026-09-27 17:02:27,557 [ERROR] LogOutputStream:75 - [STDERR_REDIRECT] 
2026-09-27 17:02:28,556 [ERROR] LogOutputStream:75 - [STDERR_REDIRECT] [Fatal Error] :1:1: Premature end of file.
2026-09-27 17:02:28,556 [ERROR] LogOutputStream:75 - [STDERR_REDIRECT] 
2026-09-27 17:02:29,556 [ERROR] LogOutputStream:75 - [STDERR_REDIRECT] [Fatal Error] :1:1: Premature end of file.
2026-09-27 17:02:29,556 [ERROR] LogOutputStream:75 - [STDERR_REDIRECT] 
2026-09-27 17:02:30,556 [ERROR] LogOutputStream:75 - [STDERR_REDIRECT] [Fatal Error] :1:1: Premature end of file.
2026-09-27 17:02:30,556 [ERROR] LogOutputStream:75 - [STDERR_REDIRECT] 
2026-09-27 17:02:31,556 [ERROR] LogOutputStream:75 - [STDERR_REDIRECT] [Fatal Error] :1:1: Premature end of file.
2026-09-27 17:02:31,556 [ERROR] LogOutputStream:75 - [STDERR_REDIRECT] 
2026-09-27 17:02:32,556 [ERROR] LogOutputStream:75 - [STDERR_REDIRECT] [Fatal Error] :1:1: Premature end of file.
2026-09-27 17:02:32,557 [ERROR] LogOutputStream:75 - [STDERR_REDIRECT] 
2026-09-27 17:02:33,553 [ERROR] LogOutputStream:75 - [STDERR_REDIRECT] [Fatal Error] :1:1: Premature end of file.
2026-09-27 17:02:33,553 [ERROR] LogOutputStream:75 - [STDERR_REDIRECT] 
2026-09-27 17:02:34,556 [ERROR] LogOutputStream:75 - [STDERR_REDIRECT] [Fatal Error] :1:1: Premature end of file.
2026-09-27 17:02:34,556 [ERROR] LogOutputStream:75 - [STDERR_REDIRECT] 
2026-09-27 17:02:35,556 [ERROR] LogOutputStream:75 - [STDERR_REDIRECT] [Fatal Error] :1:1: Premature end of file.
2026-09-27 17:02:35,557 [ERROR] LogOutputStream:75 - [STDERR_REDIRECT] 
2026-09-27 17:02:36,557 [ERROR] LogOutputStream:75 - [STDERR_REDIRECT] [Fatal Error] :1:1: Premature end of file.
2026-09-27 17:02:36,557 [ERROR] LogOutputStream:75 - [STDERR_REDIRECT] 
2026-09-27 17:02:37,557 [ERROR] LogOutputStream:75 - [STDERR_REDIRECT] [Fatal Error] :1:1: Premature end of file.
2026-09-27 17:02:37,557 [ERROR] LogOutputStream:75 - [STDERR_REDIRECT] 
2026-09-27 17:02:38,556 [ERROR] LogOutputStream:75 - [STDERR_REDIRECT] [Fatal Error] :1:1: Premature end of file.
2026-09-27 17:02:38,557 [ERROR] LogOutputStream:75 - [STDERR_REDIRECT] 
2026-09-27 17:02:39,556 [ERROR] LogOutputStream:75 - [STDERR_REDIRECT] [Fatal Error] :1:1: Premature end of file.
2026-09-27 17:02:39,556 [ERROR] LogOutputStream:75 - [STDERR_REDIRECT] 
2026-09-27 17:02:40,557 [ERROR] LogOutputStream:75 - [STDERR_REDIRECT] [Fatal Error] :1:1: Premature end of file.
2026-09-27 17:02:40,557 [ERROR] LogOutputStream:75 - [STDERR_REDIRECT] 
2026-09-27 17:02:41,556 [ERROR] LogOutputStream:75 - [STDERR_REDIRECT] [Fatal Error] :1:1: Premature end of file.
2026-09-27 17:02:41,556 [ERROR] LogOutputStream:75 - [STDERR_REDIRECT] 
2026-09-27 17:02:42,557 [ERROR] LogOutputStream:75 - [STDERR_REDIRECT] [Fatal Error] :1:1: Premature end of file.
2026-09-27 17:02:42,557 [ERROR] LogOutputStream:75 - [STDERR_REDIRECT] 
2026-09-27 17:02:43,556 [ERROR] LogOutputStream:75 - [STDERR_REDIRECT] [Fatal Error] :1:1: Premature end of file.
2026-09-27 17:02:43,557 [ERROR] LogOutputStream:75 - [STDERR_REDIRECT] 
2026-09-27 17:02:44,561 [ERROR] LogOutputStream:75 - [STDERR_REDIRECT] [Fatal Error] :1:1: Premature end of file.
2026-09-27 17:02:44,561 [ERROR] LogOutputStream:75 - [STDERR_REDIRECT] 
2026-09-27 17:02:45,556 [ERROR] LogOutputStream:75 - [STDERR_REDIRECT] [Fatal Error] :1:1: Premature end of file.
2026-09-27 17:02:45,556 [ERROR] LogOutputStream:75 - [STDERR_REDIRECT] 
2026-09-27 17:02:46,556 [ERROR] LogOutputStream:75 - [STDERR_REDIRECT] [Fatal Error] :1:1: Premature end of file.
2026-09-27 17:02:46,556 [ERROR] LogOutputStream:75 - [STDERR_REDIRECT] 
2026-09-27 17:02:47,556 [ERROR] LogOutputStream:75 - [STDERR_REDIRECT] [Fatal Error] :1:1: Premature end of file.
2026-09-27 17:02:47,556 [ERROR] LogOutputStream:75 - [STDERR_REDIRECT] 
2026-09-27 17:02:48,564 [ERROR] LogOutputStream:75 - [STDERR_REDIRECT] [Fatal Error] :1:1: Premature end of file.
2026-09-27 17:02:48,564 [ERROR] LogOutputStream:75 - [STDERR_REDIRECT] 
2026-09-27 17:02:49,556 [ERROR] LogOutputStream:75 - [STDERR_REDIRECT] [Fatal Error] :1:1: Premature end of file.
2026-09-27 17:02:49,556 [ERROR] LogOutputStream:75 - [STDERR_REDIRECT] 
2026-09-27 17:02:50,557 [ERROR] LogOutputStream:75 - [STDERR_REDIRECT] [Fatal Error] :1:1: Premature end of file.
2026-09-27 17:02:50,557 [ERROR] LogOutputStream:75 - [STDERR_REDIRECT] 
2026-09-27 17:02:51,557 [ERROR] LogOutputStream:75 - [STDERR_REDIRECT] [Fatal Error] :1:1: Premature end of file.
2026-09-27 17:02:51,557 [ERROR] LogOutputStream:75 - [STDERR_REDIRECT] 
2026-09-27 17:02:52,557 [ERROR] LogOutputStream:75 - [STDERR_REDIRECT] [Fatal Error] :1:1: Premature end of file.
2026-09-27 17:02:52,557 [ERROR] LogOutputStream:75 - [STDERR_REDIRECT] 
2026-09-27 17:02:53,556 [ERROR] LogOutputStream:75 - [STDERR_REDIRECT] [Fatal Error] :1:1: Premature end of file.
2026-09-27 17:02:53,556 [ERROR] LogOutputStream:75 - [STDERR_REDIRECT] 
2026-09-27 17:02:54,556 [ERROR] LogOutputStream:75 - [STDERR_REDIRECT] [Fatal Error] :1:1: Premature end of file.
2026-09-27 17:02:54,557 [ERROR] LogOutputStream:75 - [STDERR_REDIRECT] 
2026-09-27 17:02:55,556 [ERROR] LogOutputStream:75 - [STDERR_REDIRECT] [Fatal Error] :1:1: Premature end of file.
2026-09-27 17:02:55,556 [ERROR] LogOutputStream:75 - [STDERR_REDIRECT] 
2026-09-27 17:02:56,555 [ERROR] LogOutputStream:75 - [STDERR_REDIRECT] [Fatal Error] :1:1: Premature end of file.
2026-09-27 17:02:56,557 [ERROR] LogOutputStream:75 - [STDERR_REDIRECT] 
2026-09-27 17:02:57,556 [ERROR] LogOutputStream:75 - [STDERR_REDIRECT] [Fatal Error] :1:1: Premature end of file.
2026-09-27 17:02:57,556 [ERROR] LogOutputStream:75 - [STDERR_REDIRECT] 
2026-09-27 17:02:58,556 [ERROR] LogOutputStream:75 - [STDERR_REDIRECT] [Fatal Error] :1:1: Premature end of file.
2026-09-27 17:02:58,556 [ERROR] LogOutputStream:75 - [STDERR_REDIRECT] 
2026-09-27 17:02:59,569 [ERROR] LogOutputStream:75 - [STDERR_REDIRECT] [Fatal Error] :1:1: Premature end of file.
2026-09-27 17:02:59,569 [ERROR] LogOutputStream:75 - [STDERR_REDIRECT] 
2026-09-27 17:03:00,556 [ERROR] LogOutputStream:75 - [STDERR_REDIRECT] [Fatal Error] :1:1: Premature end of file.
2026-09-27 17:03:00,556 [ERROR] LogOutputStream:75 - [STDERR_REDIRECT] 
2026-09-27 17:03:01,556 [ERROR] LogOutputStream:75 - [STDERR_REDIRECT] [Fatal Error] :1:1: Premature end of file.
2026-09-27 17:03:01,556 [ERROR] LogOutputStream:75 - [STDERR_REDIRECT] 
2026-09-27 17:03:02,555 [ERROR] LogOutputStream:75 - [STDERR_REDIRECT] [Fatal Error] :1:1: Premature end of file.
2026-09-27 17:03:02,555 [ERROR] LogOutputStream:75 - [STDERR_REDIRECT] 
2026-09-27 17:03:03,556 [ERROR] LogOutputStream:75 - [STDERR_REDIRECT] [Fatal Error] :1:1: Premature end of file.
2026-09-27 17:03:03,556 [ERROR] LogOutputStream:75 - [STDERR_REDIRECT] 
2026-09-27 17:03:04,556 [ERROR] LogOutputStream:75 - [STDERR_REDIRECT] [Fatal Error] :1:1: Premature end of file.
2026-09-27 17:03:04,556 [ERROR] LogOutputStream:75 - [STDERR_REDIRECT] 
2026-09-27 17:03:05,555 [ERROR] LogOutputStream:75 - [STDERR_REDIRECT] [Fatal Error] :1:1: Premature end of file.
2026-09-27 17:03:05,555 [ERROR] LogOutputStream:75 - [STDERR_REDIRECT] 
2026-09-27 17:03:06,555 [ERROR] LogOutputStream:75 - [STDERR_REDIRECT] [Fatal Error] :1:1: Premature end of file.
2026-09-27 17:03:06,555 [ERROR] LogOutputStream:75 - [STDERR_REDIRECT] 
2026-09-27 17:03:07,552 [ERROR] LogOutputStream:75 - [STDERR_REDIRECT] [Fatal Error] :1:1: Premature end of file.
2026-09-27 17:03:07,552 [ERROR] LogOutputStream:75 - [STDERR_REDIRECT] 
2026-09-27 17:03:08,555 [ERROR] LogOutputStream:75 - [STDERR_REDIRECT] [Fatal Error] :1:1: Premature end of file.
2026-09-27 17:03:08,555 [ERROR] LogOutputStream:75 - [STDERR_REDIRECT] 
2026-09-27 17:03:09,555 [ERROR] LogOutputStream:75 - [STDERR_REDIRECT] [Fatal Error] :1:1: Premature end of file.
2026-09-27 17:03:09,555 [ERROR] LogOutputStream:75 - [STDERR_REDIRECT] 
2026-09-27 17:03:10,557 [ERROR] LogOutputStream:75 - [STDERR_REDIRECT] [Fatal Error] :1:1: Premature end of file.
2026-09-27 17:03:10,557 [ERROR] LogOutputStream:75 - [STDERR_REDIRECT] 
2026-09-27 17:03:11,556 [ERROR] LogOutputStream:75 - [STDERR_REDIRECT] [Fatal Error] :1:1: Premature end of file.
2026-09-27 17:03:11,556 [ERROR] LogOutputStream:75 - [STDERR_REDIRECT] 
2026-09-27 17:03:12,555 [ERROR] LogOutputStream:75 - [STDERR_REDIRECT] [Fatal Error] :1:1: Premature end of file.
2026-09-27 17:03:12,555 [ERROR] LogOutputStream:75 - [STDERR_REDIRECT] 
2026-09-27 17:03:13,555 [ERROR] LogOutputStream:75 - [STDERR_REDIRECT] [Fatal Error] :1:1: Premature end of file.
2026-09-27 17:03:13,555 [ERROR] LogOutputStream:75 - [STDERR_REDIRECT] 
2026-09-27 17:03:14,555 [ERROR] LogOutputStream:75 - [STDERR_REDIRECT] [Fatal Error] :1:1: Premature end of file.
2026-09-27 17:03:14,555 [ERROR] LogOutputStream:75 - [STDERR_REDIRECT] 
2026-09-27 17:03:15,557 [ERROR] LogOutputStream:75 - [STDERR_REDIRECT] [Fatal Error] :1:1: Premature end of file.
2026-09-27 17:03:15,557 [ERROR] LogOutputStream:75 - [STDERR_REDIRECT] 
2026-09-27 17:03:16,556 [ERROR] LogOutputStream:75 - [STDERR_REDIRECT] [Fatal Error] :1:1: Premature end of file.
2026-09-27 17:03:16,556 [ERROR] LogOutputStream:75 - [STDERR_REDIRECT] 
2026-09-27 17:03:17,555 [ERROR] LogOutputStream:75 - [STDERR_REDIRECT] [Fatal Error] :1:1: Premature end of file.
2026-09-27 17:03:17,555 [ERROR] LogOutputStream:75 - [STDERR_REDIRECT] 
2026-09-27 17:03:18,556 [ERROR] LogOutputStream:75 - [STDERR_REDIRECT] [Fatal Error] :1:1: Premature end of file.
2026-09-27 17:03:18,556 [ERROR] LogOutputStream:75 - [STDERR_REDIRECT] 
2026-09-27 17:03:19,555 [ERROR] LogOutputStream:75 - [STDERR_REDIRECT] [Fatal Error] :1:1: Premature end of file.
2026-09-27 17:03:19,555 [ERROR] LogOutputStream:75 - [STDERR_REDIRECT] 
2026-09-27 17:03:20,568 [ERROR] LogOutputStream:75 - [STDERR_REDIRECT] [Fatal Error] :1:1: Premature end of file.
2026-09-27 17:03:20,568 [ERROR] LogOutputStream:75 - [STDERR_REDIRECT] 
2026-09-27 17:03:21,556 [ERROR] LogOutputStream:75 - [STDERR_REDIRECT] [Fatal Error] :1:1: Premature end of file.
2026-09-27 17:03:21,556 [ERROR] LogOutputStream:75 - [STDERR_REDIRECT] 
2026-09-27 17:03:22,556 [ERROR] LogOutputStream:75 - [STDERR_REDIRECT] [Fatal Error] :1:1: Premature end of file.
2026-09-27 17:03:22,556 [ERROR] LogOutputStream:75 - [STDERR_REDIRECT] 
2026-09-27 17:03:23,555 [ERROR] LogOutputStream:75 - [STDERR_REDIRECT] [Fatal Error] :1:1: Premature end of file.
2026-09-27 17:03:23,555 [ERROR] LogOutputStream:75 - [STDERR_REDIRECT] 
2026-09-27 17:03:24,555 [ERROR] LogOutputStream:75 - [STDERR_REDIRECT] [Fatal Error] :1:1: Premature end of file.
2026-09-27 17:03:24,555 [ERROR] LogOutputStream:75 - [STDERR_REDIRECT] 
2026-09-27 17:03:25,568 [ERROR] LogOutputStream:75 - [STDERR_REDIRECT] [Fatal Error] :1:1: Premature end of file.
2026-09-27 17:03:25,568 [ERROR] LogOutputStream:75 - [STDERR_REDIRECT] 
2026-09-27 17:03:26,554 [ERROR] LogOutputStream:75 - [STDERR_REDIRECT] [Fatal Error] :1:1: Premature end of file.
2026-09-27 17:03:26,554 [ERROR] LogOutputStream:75 - [STDERR_REDIRECT] 
2026-09-27 17:03:27,555 [ERROR] LogOutputStream:75 - [STDERR_REDIRECT] [Fatal Error] :1:1: Premature end of file.
2026-09-27 17:03:27,556 [ERROR] LogOutputStream:75 - [STDERR_REDIRECT] 
2026-09-27 17:03:28,556 [ERROR] LogOutputStream:75 - [STDERR_REDIRECT] [Fatal Error] :1:1: Premature end of file.
2026-09-27 17:03:28,556 [ERROR] LogOutputStream:75 - [STDERR_REDIRECT] 
2026-09-27 17:03:29,567 [ERROR] LogOutputStream:75 - [STDERR_REDIRECT] [Fatal Error] :1:1: Premature end of file.
2026-09-27 17:03:29,567 [ERROR] LogOutputStream:75 - [STDERR_REDIRECT] 
2026-09-27 17:03:30,555 [ERROR] LogOutputStream:75 - [STDERR_REDIRECT] [Fatal Error] :1:1: Premature end of file.
2026-09-27 17:03:30,555 [ERROR] LogOutputStream:75 - [STDERR_REDIRECT] 
2026-09-27 17:03:31,557 [ERROR] LogOutputStream:75 - [STDERR_REDIRECT] [Fatal Error] :1:1: Premature end of file.
2026-09-27 17:03:31,557 [ERROR] LogOutputStream:75 - [STDERR_REDIRECT] 
2026-09-27 17:03:32,561 [ERROR] LogOutputStream:75 - [STDERR_REDIRECT] [Fatal Error] :1:1: Premature end of file.
2026-09-27 17:03:32,561 [ERROR] LogOutputStream:75 - [STDERR_REDIRECT] 
2026-09-27 17:03:33,574 [ERROR] LogOutputStream:75 - [STDERR_REDIRECT] [Fatal Error] :1:1: Premature end of file.
2026-09-27 17:03:33,574 [ERROR] LogOutputStream:75 - [STDERR_REDIRECT] 
2026-09-27 17:03:34,567 [ERROR] LogOutputStream:75 - [STDERR_REDIRECT] [Fatal Error] :1:1: Premature end of file.
2026-09-27 17:03:34,568 [ERROR] LogOutputStream:75 - [STDERR_REDIRECT] 
2026-09-27 17:03:35,555 [ERROR] LogOutputStream:75 - [STDERR_REDIRECT] [Fatal Error] :1:1: Premature end of file.
2026-09-27 17:03:35,555 [ERROR] LogOutputStream:75 - [STDERR_REDIRECT] 
2026-09-27 17:03:36,561 [ERROR] LogOutputStream:75 - [STDERR_REDIRECT] [Fatal Error] :1:1: Premature end of file.
2026-09-27 17:03:36,561 [ERROR] LogOutputStream:75 - [STDERR_REDIRECT] 
2026-09-27 17:03:37,556 [ERROR] LogOutputStream:75 - [STDERR_REDIRECT] [Fatal Error] :1:1: Premature end of file.
2026-09-27 17:03:37,556 [ERROR] LogOutputStream:75 - [STDERR_REDIRECT] 
2026-09-27 17:03:38,555 [ERROR] LogOutputStream:75 - [STDERR_REDIRECT] [Fatal Error] :1:1: Premature end of file.
2026-09-27 17:03:38,555 [ERROR] LogOutputStream:75 - [STDERR_REDIRECT] 
2026-09-27 17:03:39,555 [ERROR] LogOutputStream:75 - [STDERR_REDIRECT] [Fatal Error] :1:1: Premature end of file.
2026-09-27 17:03:39,555 [ERROR] LogOutputStream:75 - [STDERR_REDIRECT] 
2026-09-27 17:03:40,555 [ERROR] LogOutputStream:75 - [STDERR_REDIRECT] [Fatal Error] :1:1: Premature end of file.
2026-09-27 17:03:40,555 [ERROR] LogOutputStream:75 - [STDERR_REDIRECT] 
2026-09-27 17:03:41,556 [ERROR] LogOutputStream:75 - [STDERR_REDIRECT] [Fatal Error] :1:1: Premature end of file.
2026-09-27 17:03:41,556 [ERROR] LogOutputStream:75 - [STDERR_REDIRECT] 
2026-09-27 17:03:42,564 [ERROR] LogOutputStream:75 - [STDERR_REDIRECT] [Fatal Error] :1:1: Premature end of file.
2026-09-27 17:03:42,564 [ERROR] LogOutputStream:75 - [STDERR_REDIRECT] 
2026-09-27 17:03:43,555 [ERROR] LogOutputStream:75 - [STDERR_REDIRECT] [Fatal Error] :1:1: Premature end of file.
2026-09-27 17:03:43,555 [ERROR] LogOutputStream:75 - [STDERR_REDIRECT] 
2026-09-27 17:03:44,555 [ERROR] LogOutputStream:75 - [STDERR_REDIRECT] [Fatal Error] :1:1: Premature end of file.
2026-09-27 17:03:44,555 [ERROR] LogOutputStream:75 - [STDERR_REDIRECT] 
2026-09-27 17:03:45,554 [ERROR] LogOutputStream:75 - [STDERR_REDIRECT] [Fatal Error] :1:1: Premature end of file.
2026-09-27 17:03:45,554 [ERROR] LogOutputStream:75 - [STDERR_REDIRECT] 
2026-09-27 17:03:46,555 [ERROR] LogOutputStream:75 - [STDERR_REDIRECT] [Fatal Error] :1:1: Premature end of file.
2026-09-27 17:03:46,556 [ERROR] LogOutputStream:75 - [STDERR_REDIRECT] 
2026-09-27 17:03:47,555 [ERROR] LogOutputStream:75 - [STDERR_REDIRECT] [Fatal Error] :1:1: Premature end of file.
2026-09-27 17:03:47,555 [ERROR] LogOutputStream:75 - [STDERR_REDIRECT] 
2026-09-27 17:03:48,554 [ERROR] LogOutputStream:75 - [STDERR_REDIRECT] [Fatal Error] :1:1: Premature end of file.
2026-09-27 17:03:48,554 [ERROR] LogOutputStream:75 - [STDERR_REDIRECT] 
2026-09-27 17:03:49,555 [ERROR] LogOutputStream:75 - [STDERR_REDIRECT] [Fatal Error] :1:1: Premature end of file.
2026-09-27 17:03:49,555 [ERROR] LogOutputStream:75 - [STDERR_REDIRECT] 
2026-09-27 17:03:50,555 [ERROR] LogOutputStream:75 - [STDERR_REDIRECT] [Fatal Error] :1:1: Premature end of file.
2026-09-27 17:03:50,555 [ERROR] LogOutputStream:75 - [STDERR_REDIRECT] 
2026-09-27 17:03:51,558 [ERROR] LogOutputStream:75 - [STDERR_REDIRECT] [Fatal Error] :1:1: Premature end of file.
2026-09-27 17:03:51,558 [ERROR] LogOutputStream:75 - [STDERR_REDIRECT] 
2026-09-27 17:03:52,559 [ERROR] LogOutputStream:75 - [STDERR_REDIRECT] [Fatal Error] :1:1: Premature end of file.
2026-09-27 17:03:52,559 [ERROR] LogOutputStream:75 - [STDERR_REDIRECT] 
2026-09-27 17:03:53,559 [ERROR] LogOutputStream:75 - [STDERR_REDIRECT] [Fatal Error] :1:1: Premature end of file.
2026-09-27 17:03:53,559 [ERROR] LogOutputStream:75 - [STDERR_REDIRECT] 
2026-09-27 17:03:54,559 [ERROR] LogOutputStream:75 - [STDERR_REDIRECT] [Fatal Error] :1:1: Premature end of file.
2026-09-27 17:03:54,559 [ERROR] LogOutputStream:75 - [STDERR_REDIRECT] 
2026-09-27 17:03:55,556 [ERROR] LogOutputStream:75 - [STDERR_REDIRECT] [Fatal Error] :1:1: Premature end of file.
2026-09-27 17:03:55,556 [ERROR] LogOutputStream:75 - [STDERR_REDIRECT] 
2026-09-27 17:03:56,565 [ERROR] LogOutputStream:75 - [STDERR_REDIRECT] [Fatal Error] :1:1: Premature end of file.
2026-09-27 17:03:56,565 [ERROR] LogOutputStream:75 - [STDERR_REDIRECT] 
2026-09-27 17:03:57,563 [ERROR] LogOutputStream:75 - [STDERR_REDIRECT] [Fatal Error] :1:1: Premature end of file.
2026-09-27 17:03:57,563 [ERROR] LogOutputStream:75 - [STDERR_REDIRECT] 
2026-09-27 17:03:58,571 [ERROR] LogOutputStream:75 - [STDERR_REDIRECT] [Fatal Error] :1:1: Premature end of file.
2026-09-27 17:03:58,571 [ERROR] LogOutputStream:75 - [STDERR_REDIRECT] 
2026-09-27 17:03:59,559 [ERROR] LogOutputStream:75 - [STDERR_REDIRECT] [Fatal Error] :1:1: Premature end of file.
2026-09-27 17:03:59,559 [ERROR] LogOutputStream:75 - [STDERR_REDIRECT] 
2026-09-27 17:04:00,559 [ERROR] LogOutputStream:75 - [STDERR_REDIRECT] [Fatal Error] :1:1: Premature end of file.
2026-09-27 17:04:00,559 [ERROR] LogOutputStream:75 - [STDERR_REDIRECT] 
2026-09-27 17:04:01,558 [ERROR] LogOutputStream:75 - [STDERR_REDIRECT] [Fatal Error] :1:1: Premature end of file.
2026-09-27 17:04:01,558 [ERROR] LogOutputStream:75 - [STDERR_REDIRECT] 
2026-09-27 17:04:02,559 [ERROR] LogOutputStream:75 - [STDERR_REDIRECT] [Fatal Error] :1:1: Premature end of file.
2026-09-27 17:04:02,559 [ERROR] LogOutputStream:75 - [STDERR_REDIRECT] 
2026-09-27 17:04:03,556 [ERROR] LogOutputStream:75 - [STDERR_REDIRECT] [Fatal Error] :1:1: Premature end of file.
2026-09-27 17:04:03,556 [ERROR] LogOutputStream:75 - [STDERR_REDIRECT] 
2026-09-27 17:04:04,559 [ERROR] LogOutputStream:75 - [STDERR_REDIRECT] [Fatal Error] :1:1: Premature end of file.
2026-09-27 17:04:04,559 [ERROR] LogOutputStream:75 - [STDERR_REDIRECT] 
2026-09-27 17:04:05,556 [ERROR] LogOutputStream:75 - [STDERR_REDIRECT] [Fatal Error] :1:1: Premature end of file.
2026-09-27 17:04:05,556 [ERROR] LogOutputStream:75 - [STDERR_REDIRECT] 
2026-09-27 17:04:06,559 [ERROR] LogOutputStream:75 - [STDERR_REDIRECT] [Fatal Error] :1:1: Premature end of file.
2026-09-27 17:04:06,559 [ERROR] LogOutputStream:75 - [STDERR_REDIRECT] 
2026-09-27 17:04:07,558 [ERROR] LogOutputStream:75 - [STDERR_REDIRECT] [Fatal Error] :1:1: Premature end of file.
2026-09-27 17:04:07,558 [ERROR] LogOutputStream:75 - [STDERR_REDIRECT] 
2026-09-27 17:04:08,558 [ERROR] LogOutputStream:75 - [STDERR_REDIRECT] [Fatal Error] :1:1: Premature end of file.
2026-09-27 17:04:08,558 [ERROR] LogOutputStream:75 - [STDERR_REDIRECT] 
2026-09-27 17:04:09,560 [ERROR] LogOutputStream:75 - [STDERR_REDIRECT] [Fatal Error] :1:1: Premature end of file.
2026-09-27 17:04:09,560 [ERROR] LogOutputStream:75 - [STDERR_REDIRECT] 
2026-09-27 17:04:10,568 [ERROR] LogOutputStream:75 - [STDERR_REDIRECT] [Fatal Error] :1:1: Premature end of file.
2026-09-27 17:04:10,568 [ERROR] LogOutputStream:75 - [STDERR_REDIRECT] 
2026-09-27 17:04:11,560 [ERROR] LogOutputStream:75 - [STDERR_REDIRECT] [Fatal Error] :1:1: Premature end of file.
2026-09-27 17:04:11,560 [ERROR] LogOutputStream:75 - [STDERR_REDIRECT] 
2026-09-27 17:04:12,555 [ERROR] LogOutputStream:75 - [STDERR_REDIRECT] [Fatal Error] :1:1: Premature end of file.
2026-09-27 17:04:12,555 [ERROR] LogOutputStream:75 - [STDERR_REDIRECT] 
2026-09-27 17:04:13,560 [ERROR] LogOutputStream:75 - [STDERR_REDIRECT] [Fatal Error] :1:1: Premature end of file.
2026-09-27 17:04:13,560 [ERROR] LogOutputStream:75 - [STDERR_REDIRECT] 
2026-09-27 17:04:14,565 [ERROR] LogOutputStream:75 - [STDERR_REDIRECT] [Fatal Error] :1:1: Premature end of file.
2026-09-27 17:04:14,565 [ERROR] LogOutputStream:75 - [STDERR_REDIRECT] 
2026-09-27 17:04:15,559 [ERROR] LogOutputStream:75 - [STDERR_REDIRECT] [Fatal Error] :1:1: Premature end of file.
2026-09-27 17:04:15,559 [ERROR] LogOutputStream:75 - [STDERR_REDIRECT] 
2026-09-27 17:04:16,555 [ERROR] LogOutputStream:75 - [STDERR_REDIRECT] [Fatal Error] :1:1: Premature end of file.
2026-09-27 17:04:16,555 [ERROR] LogOutputStream:75 - [STDERR_REDIRECT] 
2026-09-27 17:04:17,558 [ERROR] LogOutputStream:75 - [STDERR_REDIRECT] [Fatal Error] :1:1: Premature end of file.
2026-09-27 17:04:17,558 [ERROR] LogOutputStream:75 - [STDERR_REDIRECT] 
2026-09-27 17:04:18,563 [ERROR] LogOutputStream:75 - [STDERR_REDIRECT] [Fatal Error] :1:1: Premature end of file.
2026-09-27 17:04:18,563 [ERROR] LogOutputStream:75 - [STDERR_REDIRECT] 
2026-09-27 17:04:19,557 [ERROR] LogOutputStream:75 - [STDERR_REDIRECT] [Fatal Error] :1:1: Premature end of file.
2026-09-27 17:04:19,557 [ERROR] LogOutputStream:75 - [STDERR_REDIRECT] 
2026-09-27 17:04:20,558 [ERROR] LogOutputStream:75 - [STDERR_REDIRECT] [Fatal Error] :1:1: Premature end of file.
2026-09-27 17:04:20,558 [ERROR] LogOutputStream:75 - [STDERR_REDIRECT] 
2026-09-27 17:04:21,558 [ERROR] LogOutputStream:75 - [STDERR_REDIRECT] [Fatal Error] :1:1: Premature end of file.
2026-09-27 17:04:21,558 [ERROR] LogOutputStream:75 - [STDERR_REDIRECT] 
2026-09-27 17:04:22,555 [ERROR] LogOutputStream:75 - [STDERR_REDIRECT] [Fatal Error] :1:1: Premature end of file.
2026-09-27 17:04:22,555 [ERROR] LogOutputStream:75 - [STDERR_REDIRECT] 
2026-09-27 17:04:23,558 [ERROR] LogOutputStream:75 - [STDERR_REDIRECT] [Fatal Error] :1:1: Premature end of file.
2026-09-27 17:04:23,558 [ERROR] LogOutputStream:75 - [STDERR_REDIRECT] 
2026-09-27 17:04:24,558 [ERROR] LogOutputStream:75 - [STDERR_REDIRECT] [Fatal Error] :1:1: Premature end of file.
2026-09-27 17:04:24,559 [ERROR] LogOutputStream:75 - [STDERR_REDIRECT] 
2026-09-27 17:04:25,558 [ERROR] LogOutputStream:75 - [STDERR_REDIRECT] [Fatal Error] :1:1: Premature end of file.
2026-09-27 17:04:25,558 [ERROR] LogOutputStream:75 - [STDERR_REDIRECT] 
2026-09-27 17:04:26,558 [ERROR] LogOutputStream:75 - [STDERR_REDIRECT] [Fatal Error] :1:1: Premature end of file.
2026-09-27 17:04:26,558 [ERROR] LogOutputStream:75 - [STDERR_REDIRECT] 
2026-09-27 17:04:27,557 [ERROR] LogOutputStream:75 - [STDERR_REDIRECT] [Fatal Error] :1:1: Premature end of file.
2026-09-27 17:04:27,557 [ERROR] LogOutputStream:75 - [STDERR_REDIRECT] 
2026-09-27 17:04:28,554 [ERROR] LogOutputStream:75 - [STDERR_REDIRECT] [Fatal Error] :1:1: Premature end of file.
2026-09-27 17:04:28,554 [ERROR] LogOutputStream:75 - [STDERR_REDIRECT] 
2026-09-27 17:04:29,558 [ERROR] LogOutputStream:75 - [STDERR_REDIRECT] [Fatal Error] :1:1: Premature end of file.
2026-09-27 17:04:29,558 [ERROR] LogOutputStream:75 - [STDERR_REDIRECT] 
2026-09-27 17:04:30,559 [ERROR] LogOutputStream:75 - [STDERR_REDIRECT] [Fatal Error] :1:1: Premature end of file.
2026-09-27 17:04:30,559 [ERROR] LogOutputStream:75 - [STDERR_REDIRECT] 
2026-09-27 17:04:31,557 [ERROR] LogOutputStream:75 - [STDERR_REDIRECT] [Fatal Error] :1:1: Premature end of file.
2026-09-27 17:04:31,557 [ERROR] LogOutputStream:75 - [STDERR_REDIRECT] 
2026-09-27 17:04:32,555 [ERROR] LogOutputStream:75 - [STDERR_REDIRECT] [Fatal Error] :1:1: Premature end of file.
2026-09-27 17:04:32,558 [ERROR] LogOutputStream:75 - [STDERR_REDIRECT] 
2026-09-27 17:04:33,559 [ERROR] LogOutputStream:75 - [STDERR_REDIRECT] [Fatal Error] :1:1: Premature end of file.
2026-09-27 17:04:33,559 [ERROR] LogOutputStream:75 - [STDERR_REDIRECT] 
2026-09-27 17:04:34,559 [ERROR] LogOutputStream:75 - [STDERR_REDIRECT] [Fatal Error] :1:1: Premature end of file.
2026-09-27 17:04:34,559 [ERROR] LogOutputStream:75 - [STDERR_REDIRECT] 
2026-09-27 17:04:35,559 [ERROR] LogOutputStream:75 - [STDERR_REDIRECT] [Fatal Error] :1:1: Premature end of file.
2026-09-27 17:04:35,559 [ERROR] LogOutputStream:75 - [STDERR_REDIRECT] 
2026-09-27 17:04:36,558 [ERROR] LogOutputStream:75 - [STDERR_REDIRECT] [Fatal Error] :1:1: Premature end of file.
2026-09-27 17:04:36,558 [ERROR] LogOutputStream:75 - [STDERR_REDIRECT] 
2026-09-27 17:04:37,558 [ERROR] LogOutputStream:75 - [STDERR_REDIRECT] [Fatal Error] :1:1: Premature end of file.
2026-09-27 17:04:37,558 [ERROR] LogOutputStream:75 - [STDERR_REDIRECT] 
2026-09-27 17:04:38,558 [ERROR] LogOutputStream:75 - [STDERR_REDIRECT] [Fatal Error] :1:1: Premature end of file.
2026-09-27 17:04:38,558 [ERROR] LogOutputStream:75 - [STDERR_REDIRECT] 
2026-09-27 17:04:39,554 [ERROR] LogOutputStream:75 - [STDERR_REDIRECT] [Fatal Error] :1:1: Premature end of file.
2026-09-27 17:04:39,554 [ERROR] LogOutputStream:75 - [STDERR_REDIRECT] 
2026-09-27 17:04:40,557 [ERROR] LogOutputStream:75 - [STDERR_REDIRECT] [Fatal Error] :1:1: Premature end of file.
2026-09-27 17:04:40,557 [ERROR] LogOutputStream:75 - [STDERR_REDIRECT] 
2026-09-27 17:04:41,558 [ERROR] LogOutputStream:75 - [STDERR_REDIRECT] [Fatal Error] :1:1: Premature end of file.
2026-09-27 17:04:41,558 [ERROR] LogOutputStream:75 - [STDERR_REDIRECT] 
2026-09-27 17:04:42,557 [ERROR] LogOutputStream:75 - [STDERR_REDIRECT] [Fatal Error] :1:1: Premature end of file.
2026-09-27 17:04:42,557 [ERROR] LogOutputStream:75 - [STDERR_REDIRECT] 
2026-09-27 17:04:43,557 [ERROR] LogOutputStream:75 - [STDERR_REDIRECT] [Fatal Error] :1:1: Premature end of file.
2026-09-27 17:04:43,557 [ERROR] LogOutputStream:75 - [STDERR_REDIRECT] 
2026-09-27 17:04:44,561 [ERROR] LogOutputStream:75 - [STDERR_REDIRECT] [Fatal Error] :1:1: Premature end of file.
2026-09-27 17:04:44,561 [ERROR] LogOutputStream:75 - [STDERR_REDIRECT] 
2026-09-27 17:04:45,554 [ERROR] LogOutputStream:75 - [STDERR_REDIRECT] [Fatal Error] :1:1: Premature end of file.
2026-09-27 17:04:45,554 [ERROR] LogOutputStream:75 - [STDERR_REDIRECT] 
2026-09-27 17:04:46,558 [ERROR] LogOutputStream:75 - [STDERR_REDIRECT] [Fatal Error] :1:1: Premature end of file.
2026-09-27 17:04:46,558 [ERROR] LogOutputStream:75 - [STDERR_REDIRECT] 
2026-09-27 17:04:47,555 [ERROR] LogOutputStream:75 - [STDERR_REDIRECT] [Fatal Error] :1:1: Premature end of file.
2026-09-27 17:04:47,555 [ERROR] LogOutputStream:75 - [STDERR_REDIRECT] 
2026-09-27 17:04:48,569 [ERROR] LogOutputStream:75 - [STDERR_REDIRECT] [Fatal Error] :1:1: Premature end of file.
2026-09-27 17:04:48,569 [ERROR] LogOutputStream:75 - [STDERR_REDIRECT] 
2026-09-27 17:04:49,567 [ERROR] LogOutputStream:75 - [STDERR_REDIRECT] [Fatal Error] :1:1: Premature end of file.
2026-09-27 17:04:49,567 [ERROR] LogOutputStream:75 - [STDERR_REDIRECT] 
2026-09-27 17:04:50,562 [ERROR] LogOutputStream:75 - [STDERR_REDIRECT] [Fatal Error] :1:1: Premature end of file.
2026-09-27 17:04:50,562 [ERROR] LogOutputStream:75 - [STDERR_REDIRECT] 
2026-09-27 17:04:51,561 [ERROR] LogOutputStream:75 - [STDERR_REDIRECT] [Fatal Error] :1:1: Premature end of file.
2026-09-27 17:04:51,561 [ERROR] LogOutputStream:75 - [STDERR_REDIRECT] 
2026-09-27 17:04:52,561 [ERROR] LogOutputStream:75 - [STDERR_REDIRECT] [Fatal Error] :1:1: Premature end of file.
2026-09-27 17:04:52,562 [ERROR] LogOutputStream:75 - [STDERR_REDIRECT] 
2026-09-27 17:04:53,565 [ERROR] LogOutputStream:75 - [STDERR_REDIRECT] [Fatal Error] :1:1: Premature end of file.
2026-09-27 17:04:53,565 [ERROR] LogOutputStream:75 - [STDERR_REDIRECT] 
2026-09-27 17:04:54,557 [ERROR] LogOutputStream:75 - [STDERR_REDIRECT] [Fatal Error] :1:1: Premature end of file.
2026-09-27 17:04:54,557 [ERROR] LogOutputStream:75 - [STDERR_REDIRECT] 
2026-09-27 17:04:55,555 [ERROR] LogOutputStream:75 - [STDERR_REDIRECT] [Fatal Error] :1:1: Premature end of file.
2026-09-27 17:04:55,555 [ERROR] LogOutputStream:75 - [STDERR_REDIRECT] 
2026-09-27 17:04:56,555 [ERROR] LogOutputStream:75 - [STDERR_REDIRECT] [Fatal Error] :1:1: Premature end of file.
2026-09-27 17:04:56,555 [ERROR] LogOutputStream:75 - [STDERR_REDIRECT] 
2026-09-27 17:04:57,567 [ERROR] LogOutputStream:75 - [STDERR_REDIRECT] [Fatal Error] :1:1: Premature end of file.
2026-09-27 17:04:57,567 [ERROR] LogOutputStream:75 - [STDERR_REDIRECT] 
2026-09-27 17:04:58,566 [ERROR] LogOutputStream:75 - [STDERR_REDIRECT] [Fatal Error] :1:1: Premature end of file.
2026-09-27 17:04:58,566 [ERROR] LogOutputStream:75 - [STDERR_REDIRECT] 
2026-09-27 17:04:59,566 [ERROR] LogOutputStream:75 - [STDERR_REDIRECT] [Fatal Error] :1:1: Premature end of file.
2026-09-27 17:04:59,566 [ERROR] LogOutputStream:75 - [STDERR_REDIRECT] 
2026-09-27 17:05:00,562 [ERROR] LogOutputStream:75 - [STDERR_REDIRECT] [Fatal Error] :1:1: Premature end of file.
2026-09-27 17:05:00,562 [ERROR] LogOutputStream:75 - [STDERR_REDIRECT] 
2026-09-27 17:05:01,559 [ERROR] LogOutputStream:75 - [STDERR_REDIRECT] [Fatal Error] :1:1: Premature end of file.
2026-09-27 17:05:01,559 [ERROR] LogOutputStream:75 - [STDERR_REDIRECT] 
2026-09-27 17:05:02,577 [ERROR] LogOutputStream:75 - [STDERR_REDIRECT] [Fatal Error] :1:1: Premature end of file.
2026-09-27 17:05:02,577 [ERROR] LogOutputStream:75 - [STDERR_REDIRECT] 
2026-09-27 17:05:03,566 [ERROR] LogOutputStream:75 - [STDERR_REDIRECT] [Fatal Error] :1:1: Premature end of file.
2026-09-27 17:05:03,566 [ERROR] LogOutputStream:75 - [STDERR_REDIRECT] 
2026-09-27 17:05:04,563 [ERROR] LogOutputStream:75 - [STDERR_REDIRECT] [Fatal Error] :1:1: Premature end of file.
2026-09-27 17:05:04,563 [ERROR] LogOutputStream:75 - [STDERR_REDIRECT] 
2026-09-27 17:05:05,565 [ERROR] LogOutputStream:75 - [STDERR_REDIRECT] [Fatal Error] :1:1: Premature end of file.
2026-09-27 17:05:05,565 [ERROR] LogOutputStream:75 - [STDERR_REDIRECT] 
2026-09-27 17:05:06,569 [ERROR] LogOutputStream:75 - [STDERR_REDIRECT] [Fatal Error] :1:1: Premature end of file.
2026-09-27 17:05:06,570 [ERROR] LogOutputStream:75 - [STDERR_REDIRECT] 
2026-09-27 17:05:07,565 [ERROR] LogOutputStream:75 - [STDERR_REDIRECT] [Fatal Error] :1:1: Premature end of file.
2026-09-27 17:05:07,565 [ERROR] LogOutputStream:75 - [STDERR_REDIRECT] 
2026-09-27 17:05:08,568 [ERROR] LogOutputStream:75 - [STDERR_REDIRECT] [Fatal Error] :1:1: Premature end of file.
2026-09-27 17:05:08,568 [ERROR] LogOutputStream:75 - [STDERR_REDIRECT] 
2026-09-27 17:05:09,561 [ERROR] LogOutputStream:75 - [STDERR_REDIRECT] [Fatal Error] :1:1: Premature end of file.
2026-09-27 17:05:09,561 [ERROR] LogOutputStream:75 - [STDERR_REDIRECT] 
2026-09-27 17:05:10,560 [ERROR] LogOutputStream:75 - [STDERR_REDIRECT] [Fatal Error] :1:1: Premature end of file.
2026-09-27 17:05:10,560 [ERROR] LogOutputStream:75 - [STDERR_REDIRECT] 
2026-09-27 17:05:11,557 [ERROR] LogOutputStream:75 - [STDERR_REDIRECT] [Fatal Error] :1:1: Premature end of file.
2026-09-27 17:05:11,557 [ERROR] LogOutputStream:75 - [STDERR_REDIRECT] 
2026-09-27 17:05:12,555 [ERROR] LogOutputStream:75 - [STDERR_REDIRECT] [Fatal Error] :1:1: Premature end of file.
2026-09-27 17:05:12,555 [ERROR] LogOutputStream:75 - [STDERR_REDIRECT] 
2026-09-27 17:05:13,558 [ERROR] LogOutputStream:75 - [STDERR_REDIRECT] [Fatal Error] :1:1: Premature end of file.
2026-09-27 17:05:13,558 [ERROR] LogOutputStream:75 - [STDERR_REDIRECT] 
2026-09-27 17:05:14,556 [ERROR] LogOutputStream:75 - [STDERR_REDIRECT] [Fatal Error] :1:1: Premature end of file.
2026-09-27 17:05:14,556 [ERROR] LogOutputStream:75 - [STDERR_REDIRECT] 
2026-09-27 17:05:15,555 [ERROR] LogOutputStream:75 - [STDERR_REDIRECT] [Fatal Error] :1:1: Premature end of file.
2026-09-27 17:05:15,555 [ERROR] LogOutputStream:75 - [STDERR_REDIRECT] 
2026-09-27 17:05:16,556 [ERROR] LogOutputStream:75 - [STDERR_REDIRECT] [Fatal Error] :1:1: Premature end of file.
2026-09-27 17:05:16,556 [ERROR] LogOutputStream:75 - [STDERR_REDIRECT] 
2026-09-27 17:05:17,558 [ERROR] LogOutputStream:75 - [STDERR_REDIRECT] [Fatal Error] :1:1: Premature end of file.
2026-09-27 17:05:17,558 [ERROR] LogOutputStream:75 - [STDERR_REDIRECT] 
2026-09-27 17:05:18,559 [ERROR] LogOutputStream:75 - [STDERR_REDIRECT] [Fatal Error] :1:1: Premature end of file.
2026-09-27 17:05:18,559 [ERROR] LogOutputStream:75 - [STDERR_REDIRECT] 
2026-09-27 17:05:19,558 [ERROR] LogOutputStream:75 - [STDERR_REDIRECT] [Fatal Error] :1:1: Premature end of file.
2026-09-27 17:05:19,558 [ERROR] LogOutputStream:75 - [STDERR_REDIRECT] 
2026-09-27 17:05:20,558 [ERROR] LogOutputStream:75 - [STDERR_REDIRECT] [Fatal Error] :1:1: Premature end of file.
2026-09-27 17:05:20,558 [ERROR] LogOutputStream:75 - [STDERR_REDIRECT] 
2026-09-27 17:05:21,559 [ERROR] LogOutputStream:75 - [STDERR_REDIRECT] [Fatal Error] :1:1: Premature end of file.
2026-09-27 17:05:21,559 [ERROR] LogOutputStream:75 - [STDERR_REDIRECT] 
2026-09-27 17:05:22,557 [ERROR] LogOutputStream:75 - [STDERR_REDIRECT] [Fatal Error] :1:1: Premature end of file.
2026-09-27 17:05:22,557 [ERROR] LogOutputStream:75 - [STDERR_REDIRECT] 
2026-09-27 17:05:23,557 [ERROR] LogOutputStream:75 - [STDERR_REDIRECT] [Fatal Error] :1:1: Premature end of file.
2026-09-27 17:05:23,557 [ERROR] LogOutputStream:75 - [STDERR_REDIRECT] 
2026-09-27 17:05:24,571 [ERROR] LogOutputStream:75 - [STDERR_REDIRECT] [Fatal Error] :1:1: Premature end of file.
2026-09-27 17:05:24,571 [ERROR] LogOutputStream:75 - [STDERR_REDIRECT] 
2026-09-27 17:05:25,556 [ERROR] LogOutputStream:75 - [STDERR_REDIRECT] [Fatal Error] :1:1: Premature end of file.
2026-09-27 17:05:25,556 [ERROR] LogOutputStream:75 - [STDERR_REDIRECT] 
2026-09-27 17:05:26,566 [ERROR] LogOutputStream:75 - [STDERR_REDIRECT] [Fatal Error] :1:1: Premature end of file.
2026-09-27 17:05:26,566 [ERROR] LogOutputStream:75 - [STDERR_REDIRECT] 
2026-09-27 17:05:27,565 [ERROR] LogOutputStream:75 - [STDERR_REDIRECT] [Fatal Error] :1:1: Premature end of file.
2026-09-27 17:05:27,565 [ERROR] LogOutputStream:75 - [STDERR_REDIRECT] 
2026-09-27 17:05:28,568 [ERROR] LogOutputStream:75 - [STDERR_REDIRECT] [Fatal Error] :1:1: Premature end of file.
2026-09-27 17:05:28,568 [ERROR] LogOutputStream:75 - [STDERR_REDIRECT] 
2026-09-27 17:05:29,566 [ERROR] LogOutputStream:75 - [STDERR_REDIRECT] [Fatal Error] :1:1: Premature end of file.
2026-09-27 17:05:29,566 [ERROR] LogOutputStream:75 - [STDERR_REDIRECT] 
2026-09-27 17:05:30,568 [ERROR] LogOutputStream:75 - [STDERR_REDIRECT] [Fatal Error] :1:1: Premature end of file.
2026-09-27 17:05:30,568 [ERROR] LogOutputStream:75 - [STDERR_REDIRECT] 
2026-09-27 17:05:31,564 [ERROR] LogOutputStream:75 - [STDERR_REDIRECT] [Fatal Error] :1:1: Premature end of file.
2026-09-27 17:05:31,564 [ERROR] LogOutputStream:75 - [STDERR_REDIRECT] 
2026-09-27 17:05:32,566 [ERROR] LogOutputStream:75 - [STDERR_REDIRECT] [Fatal Error] :1:1: Premature end of file.
2026-09-27 17:05:32,566 [ERROR] LogOutputStream:75 - [STDERR_REDIRECT] 
2026-09-27 17:05:33,568 [ERROR] LogOutputStream:75 - [STDERR_REDIRECT] [Fatal Error] :1:1: Premature end of file.
2026-09-27 17:05:33,569 [ERROR] LogOutputStream:75 - [STDERR_REDIRECT] 
2026-09-27 17:05:34,574 [ERROR] LogOutputStream:75 - [STDERR_REDIRECT] [Fatal Error] :1:1: Premature end of file.
2026-09-27 17:05:34,574 [ERROR] LogOutputStream:75 - [STDERR_REDIRECT] 
2026-09-27 17:05:35,565 [ERROR] LogOutputStream:75 - [STDERR_REDIRECT] [Fatal Error] :1:1: Premature end of file.
2026-09-27 17:05:35,565 [ERROR] LogOutputStream:75 - [STDERR_REDIRECT] 
2026-09-27 17:05:36,566 [ERROR] LogOutputStream:75 - [STDERR_REDIRECT] [Fatal Error] :1:1: Premature end of file.
2026-09-27 17:05:36,566 [ERROR] LogOutputStream:75 - [STDERR_REDIRECT] 
2026-09-27 17:05:37,567 [ERROR] LogOutputStream:75 - [STDERR_REDIRECT] [Fatal Error] :1:1: Premature end of file.
2026-09-27 17:05:37,567 [ERROR] LogOutputStream:75 - [STDERR_REDIRECT] 
2026-09-27 17:05:38,567 [ERROR] LogOutputStream:75 - [STDERR_REDIRECT] [Fatal Error] :1:1: Premature end of file.
2026-09-27 17:05:38,568 [ERROR] LogOutputStream:75 - [STDERR_REDIRECT] 
2026-09-27 17:05:39,567 [ERROR] LogOutputStream:75 - [STDERR_REDIRECT] [Fatal Error] :1:1: Premature end of file.
2026-09-27 17:05:39,567 [ERROR] LogOutputStream:75 - [STDERR_REDIRECT] 
2026-09-27 17:05:40,566 [ERROR] LogOutputStream:75 - [STDERR_REDIRECT] [Fatal Error] :1:1: Premature end of file.
2026-09-27 17:05:40,566 [ERROR] LogOutputStream:75 - [STDERR_REDIRECT] 
2026-09-27 17:05:41,568 [ERROR] LogOutputStream:75 - [STDERR_REDIRECT] [Fatal Error] :1:1: Premature end of file.
2026-09-27 17:05:41,568 [ERROR] LogOutputStream:75 - [STDERR_REDIRECT] 
2026-09-27 17:05:42,566 [ERROR] LogOutputStream:75 - [STDERR_REDIRECT] [Fatal Error] :1:1: Premature end of file.
2026-09-27 17:05:42,566 [ERROR] LogOutputStream:75 - [STDERR_REDIRECT] 
2026-09-27 17:05:43,567 [ERROR] LogOutputStream:75 - [STDERR_REDIRECT] [Fatal Error] :1:1: Premature end of file.
2026-09-27 17:05:43,567 [ERROR] LogOutputStream:75 - [STDERR_REDIRECT] 
2026-09-27 17:05:44,566 [ERROR] LogOutputStream:75 - [STDERR_REDIRECT] [Fatal Error] :1:1: Premature end of file.
2026-09-27 17:05:44,566 [ERROR] LogOutputStream:75 - [STDERR_REDIRECT] 
2026-09-27 17:05:45,558 [ERROR] LogOutputStream:75 - [STDERR_REDIRECT] [Fatal Error] :1:1: Premature end of file.
2026-09-27 17:05:45,558 [ERROR] LogOutputStream:75 - [STDERR_REDIRECT] 
2026-09-27 17:05:46,556 [ERROR] LogOutputStream:75 - [STDERR_REDIRECT] [Fatal Error] :1:1: Premature end of file.
2026-09-27 17:05:46,556 [ERROR] LogOutputStream:75 - [STDERR_REDIRECT] 
2026-09-27 17:05:47,556 [ERROR] LogOutputStream:75 - [STDERR_REDIRECT] [Fatal Error] :1:1: Premature end of file.
2026-09-27 17:05:47,556 [ERROR] LogOutputStream:75 - [STDERR_REDIRECT] 
2026-09-27 17:05:48,572 [ERROR] LogOutputStream:75 - [STDERR_REDIRECT] [Fatal Error] :1:1: Premature end of file.
2026-09-27 17:05:48,572 [ERROR] LogOutputStream:75 - [STDERR_REDIRECT] 
2026-09-27 17:05:49,558 [ERROR] LogOutputStream:75 - [STDERR_REDIRECT] [Fatal Error] :1:1: Premature end of file.
2026-09-27 17:05:49,558 [ERROR] LogOutputStream:75 - [STDERR_REDIRECT] 
2026-09-27 17:05:50,564 [ERROR] LogOutputStream:75 - [STDERR_REDIRECT] [Fatal Error] :1:1: Premature end of file.
2026-09-27 17:05:50,564 [ERROR] LogOutputStream:75 - [STDERR_REDIRECT] 
2026-09-27 17:05:51,571 [ERROR] LogOutputStream:75 - [STDERR_REDIRECT] [Fatal Error] :1:1: Premature end of file.
2026-09-27 17:05:51,571 [ERROR] LogOutputStream:75 - [STDERR_REDIRECT] 
2026-09-27 17:05:52,570 [ERROR] LogOutputStream:75 - [STDERR_REDIRECT] [Fatal Error] :1:1: Premature end of file.
2026-09-27 17:05:52,570 [ERROR] LogOutputStream:75 - [STDERR_REDIRECT] 
2026-09-27 17:05:53,556 [ERROR] LogOutputStream:75 - [STDERR_REDIRECT] [Fatal Error] :1:1: Premature end of file.
2026-09-27 17:05:53,556 [ERROR] LogOutputStream:75 - [STDERR_REDIRECT] 
2026-09-27 17:05:54,571 [ERROR] LogOutputStream:75 - [STDERR_REDIRECT] [Fatal Error] :1:1: Premature end of file.
2026-09-27 17:05:54,571 [ERROR] LogOutputStream:75 - [STDERR_REDIRECT] 
2026-09-27 17:05:55,558 [ERROR] LogOutputStream:75 - [STDERR_REDIRECT] [Fatal Error] :1:1: Premature end of file.
2026-09-27 17:05:55,558 [ERROR] LogOutputStream:75 - [STDERR_REDIRECT] 
2026-09-27 17:05:56,572 [ERROR] LogOutputStream:75 - [STDERR_REDIRECT] [Fatal Error] :1:1: Premature end of file.
2026-09-27 17:05:56,572 [ERROR] LogOutputStream:75 - [STDERR_REDIRECT] 
2026-09-27 17:05:57,557 [ERROR] LogOutputStream:75 - [STDERR_REDIRECT] [Fatal Error] :1:1: Premature end of file.
2026-09-27 17:05:57,557 [ERROR] LogOutputStream:75 - [STDERR_REDIRECT] 
2026-09-27 17:05:58,568 [ERROR] LogOutputStream:75 - [STDERR_REDIRECT] [Fatal Error] :1:1: Premature end of file.
2026-09-27 17:05:58,568 [ERROR] LogOutputStream:75 - [STDERR_REDIRECT] 
2026-09-27 17:05:59,562 [ERROR] LogOutputStream:75 - [STDERR_REDIRECT] [Fatal Error] :1:1: Premature end of file.
2026-09-27 17:05:59,562 [ERROR] LogOutputStream:75 - [STDERR_REDIRECT] 
2026-09-27 17:06:00,557 [ERROR] LogOutputStream:75 - [STDERR_REDIRECT] [Fatal Error] :1:1: Premature end of file.
2026-09-27 17:06:00,557 [ERROR] LogOutputStream:75 - [STDERR_REDIRECT] 
2026-09-27 17:06:01,568 [ERROR] LogOutputStream:75 - [STDERR_REDIRECT] [Fatal Error] :1:1: Premature end of file.
2026-09-27 17:06:01,568 [ERROR] LogOutputStream:75 - [STDERR_REDIRECT] 
2026-09-27 17:06:02,551 [ERROR] LogOutputStream:75 - [STDERR_REDIRECT] [Fatal Error] :1:1: Premature end of file.
2026-09-27 17:06:02,551 [ERROR] LogOutputStream:75 - [STDERR_REDIRECT] 
2026-09-27 17:06:03,557 [ERROR] LogOutputStream:75 - [STDERR_REDIRECT] [Fatal Error] :1:1: Premature end of file.
2026-09-27 17:06:03,557 [ERROR] LogOutputStream:75 - [STDERR_REDIRECT] 
2026-09-27 17:06:04,560 [ERROR] LogOutputStream:75 - [STDERR_REDIRECT] [Fatal Error] :1:1: Premature end of file.
2026-09-27 17:06:04,560 [ERROR] LogOutputStream:75 - [STDERR_REDIRECT] 
2026-09-27 17:06:05,557 [ERROR] LogOutputStream:75 - [STDERR_REDIRECT] [Fatal Error] :1:1: Premature end of file.
2026-09-27 17:06:05,557 [ERROR] LogOutputStream:75 - [STDERR_REDIRECT] 
2026-09-27 17:06:06,555 [ERROR] LogOutputStream:75 - [STDERR_REDIRECT] [Fatal Error] :1:1: Premature end of file.
2026-09-27 17:06:06,556 [ERROR] LogOutputStream:75 - [STDERR_REDIRECT] 
2026-09-27 17:06:07,554 [ERROR] LogOutputStream:75 - [STDERR_REDIRECT] [Fatal Error] :1:1: Premature end of file.
2026-09-27 17:06:07,554 [ERROR] LogOutputStream:75 - [STDERR_REDIRECT] 
2026-09-27 17:06:08,556 [ERROR] LogOutputStream:75 - [STDERR_REDIRECT] [Fatal Error] :1:1: Premature end of file.
2026-09-27 17:06:08,556 [ERROR] LogOutputStream:75 - [STDERR_REDIRECT] 
2026-09-27 17:06:09,555 [ERROR] LogOutputStream:75 - [STDERR_REDIRECT] [Fatal Error] :1:1: Premature end of file.
2026-09-27 17:06:09,555 [ERROR] LogOutputStream:75 - [STDERR_REDIRECT] 
2026-09-27 17:06:10,557 [ERROR] LogOutputStream:75 - [STDERR_REDIRECT] [Fatal Error] :1:1: Premature end of file.
2026-09-27 17:06:10,557 [ERROR] LogOutputStream:75 - [STDERR_REDIRECT] 
2026-09-27 17:06:11,563 [ERROR] LogOutputStream:75 - [STDERR_REDIRECT] [Fatal Error] :1:1: Premature end of file.
2026-09-27 17:06:11,563 [ERROR] LogOutputStream:75 - [STDERR_REDIRECT] 
2026-09-27 17:06:12,559 [ERROR] LogOutputStream:75 - [STDERR_REDIRECT] [Fatal Error] :1:1: Premature end of file.
2026-09-27 17:06:12,559 [ERROR] LogOutputStream:75 - [STDERR_REDIRECT] 
2026-09-27 17:06:13,556 [ERROR] LogOutputStream:75 - [STDERR_REDIRECT] [Fatal Error] :1:1: Premature end of file.
2026-09-27 17:06:13,556 [ERROR] LogOutputStream:75 - [STDERR_REDIRECT] 
2026-09-27 17:06:14,567 [ERROR] LogOutputStream:75 - [STDERR_REDIRECT] [Fatal Error] :1:1: Premature end of file.
2026-09-27 17:06:14,567 [ERROR] LogOutputStream:75 - [STDERR_REDIRECT] 
2026-09-27 17:06:15,556 [ERROR] LogOutputStream:75 - [STDERR_REDIRECT] [Fatal Error] :1:1: Premature end of file.
2026-09-27 17:06:15,556 [ERROR] LogOutputStream:75 - [STDERR_REDIRECT] 
2026-09-27 17:06:16,556 [ERROR] LogOutputStream:75 - [STDERR_REDIRECT] [Fatal Error] :1:1: Premature end of file.
2026-09-27 17:06:16,556 [ERROR] LogOutputStream:75 - [STDERR_REDIRECT] 
2026-09-27 17:06:17,563 [ERROR] LogOutputStream:75 - [STDERR_REDIRECT] [Fatal Error] :1:1: Premature end of file.
2026-09-27 17:06:17,563 [ERROR] LogOutputStream:75 - [STDERR_REDIRECT] 
2026-09-27 17:06:18,557 [ERROR] LogOutputStream:75 - [STDERR_REDIRECT] [Fatal Error] :1:1: Premature end of file.
2026-09-27 17:06:18,557 [ERROR] LogOutputStream:75 - [STDERR_REDIRECT] 
2026-09-27 17:06:19,566 [ERROR] LogOutputStream:75 - [STDERR_REDIRECT] [Fatal Error] :1:1: Premature end of file.
2026-09-27 17:06:19,566 [ERROR] LogOutputStream:75 - [STDERR_REDIRECT] 
2026-09-27 17:06:20,559 [ERROR] LogOutputStream:75 - [STDERR_REDIRECT] [Fatal Error] :1:1: Premature end of file.
2026-09-27 17:06:20,559 [ERROR] LogOutputStream:75 - [STDERR_REDIRECT] 
2026-09-27 17:06:21,557 [ERROR] LogOutputStream:75 - [STDERR_REDIRECT] [Fatal Error] :1:1: Premature end of file.
2026-09-27 17:06:21,557 [ERROR] LogOutputStream:75 - [STDERR_REDIRECT] 
2026-09-27 17:06:22,561 [ERROR] LogOutputStream:75 - [STDERR_REDIRECT] [Fatal Error] :1:1: Premature end of file.
2026-09-27 17:06:22,561 [ERROR] LogOutputStream:75 - [STDERR_REDIRECT] 
2026-09-27 17:06:23,556 [ERROR] LogOutputStream:75 - [STDERR_REDIRECT] [Fatal Error] :1:1: Premature end of file.
2026-09-27 17:06:23,556 [ERROR] LogOutputStream:75 - [STDERR_REDIRECT] 
2026-09-27 17:06:24,555 [ERROR] LogOutputStream:75 - [STDERR_REDIRECT] [Fatal Error] :1:1: Premature end of file.
2026-09-27 17:06:24,555 [ERROR] LogOutputStream:75 - [STDERR_REDIRECT] 
2026-09-27 17:06:25,556 [ERROR] LogOutputStream:75 - [STDERR_REDIRECT] [Fatal Error] :1:1: Premature end of file.
2026-09-27 17:06:25,556 [ERROR] LogOutputStream:75 - [STDERR_REDIRECT] 
2026-09-27 17:06:26,561 [ERROR] LogOutputStream:75 - [STDERR_REDIRECT] [Fatal Error] :1:1: Premature end of file.
2026-09-27 17:06:26,561 [ERROR] LogOutputStream:75 - [STDERR_REDIRECT] 
2026-09-27 17:06:27,558 [ERROR] LogOutputStream:75 - [STDERR_REDIRECT] [Fatal Error] :1:1: Premature end of file.
2026-09-27 17:06:27,558 [ERROR] LogOutputStream:75 - [STDERR_REDIRECT] 
2026-09-27 17:06:28,561 [ERROR] LogOutputStream:75 - [STDERR_REDIRECT] [Fatal Error] :1:1: Premature end of file.
2026-09-27 17:06:28,561 [ERROR] LogOutputStream:75 - [STDERR_REDIRECT] 
2026-09-27 17:06:29,562 [ERROR] LogOutputStream:75 - [STDERR_REDIRECT] [Fatal Error] :1:1: Premature end of file.
2026-09-27 17:06:29,562 [ERROR] LogOutputStream:75 - [STDERR_REDIRECT] 
2026-09-27 17:06:30,557 [ERROR] LogOutputStream:75 - [STDERR_REDIRECT] [Fatal Error] :1:1: Premature end of file.
2026-09-27 17:06:30,557 [ERROR] LogOutputStream:75 - [STDERR_REDIRECT] 
2026-09-27 17:06:31,561 [ERROR] LogOutputStream:75 - [STDERR_REDIRECT] [Fatal Error] :1:1: Premature end of file.
2026-09-27 17:06:31,561 [ERROR] LogOutputStream:75 - [STDERR_REDIRECT] 
2026-09-27 17:06:32,562 [ERROR] LogOutputStream:75 - [STDERR_REDIRECT] [Fatal Error] :1:1: Premature end of file.
2026-09-27 17:06:32,562 [ERROR] LogOutputStream:75 - [STDERR_REDIRECT] 
2026-09-27 17:06:33,561 [ERROR] LogOutputStream:75 - [STDERR_REDIRECT] [Fatal Error] :1:1: Premature end of file.
2026-09-27 17:06:33,561 [ERROR] LogOutputStream:75 - [STDERR_REDIRECT] 
2026-09-27 17:06:34,561 [ERROR] LogOutputStream:75 - [STDERR_REDIRECT] [Fatal Error] :1:1: Premature end of file.
2026-09-27 17:06:34,561 [ERROR] LogOutputStream:75 - [STDERR_REDIRECT] 
2026-09-27 17:06:35,561 [ERROR] LogOutputStream:75 - [STDERR_REDIRECT] [Fatal Error] :1:1: Premature end of file.
2026-09-27 17:06:35,561 [ERROR] LogOutputStream:75 - [STDERR_REDIRECT] 
2026-09-27 17:06:36,569 [ERROR] LogOutputStream:75 - [STDERR_REDIRECT] [Fatal Error] :1:1: Premature end of file.
2026-09-27 17:06:36,569 [ERROR] LogOutputStream:75 - [STDERR_REDIRECT] 
2026-09-27 17:06:37,558 [ERROR] LogOutputStream:75 - [STDERR_REDIRECT] [Fatal Error] :1:1: Premature end of file.
2026-09-27 17:06:37,559 [ERROR] LogOutputStream:75 - [STDERR_REDIRECT] 
2026-09-27 17:06:38,562 [ERROR] LogOutputStream:75 - [STDERR_REDIRECT] [Fatal Error] :1:1: Premature end of file.
2026-09-27 17:06:38,562 [ERROR] LogOutputStream:75 - [STDERR_REDIRECT] 
2026-09-27 17:06:39,563 [ERROR] LogOutputStream:75 - [STDERR_REDIRECT] [Fatal Error] :1:1: Premature end of file.
2026-09-27 17:06:39,565 [ERROR] LogOutputStream:75 - [STDERR_REDIRECT] 
2026-09-27 17:06:40,558 [ERROR] LogOutputStream:75 - [STDERR_REDIRECT] [Fatal Error] :1:1: Premature end of file.
2026-09-27 17:06:40,558 [ERROR] LogOutputStream:75 - [STDERR_REDIRECT] 
2026-09-27 17:06:41,557 [ERROR] LogOutputStream:75 - [STDERR_REDIRECT] [Fatal Error] :1:1: Premature end of file.
2026-09-27 17:06:41,557 [ERROR] LogOutputStream:75 - [STDERR_REDIRECT] 
2026-09-27 17:06:42,556 [ERROR] LogOutputStream:75 - [STDERR_REDIRECT] [Fatal Error] :1:1: Premature end of file.
2026-09-27 17:06:42,556 [ERROR] LogOutputStream:75 - [STDERR_REDIRECT] 
2026-09-27 17:06:43,571 [ERROR] LogOutputStream:75 - [STDERR_REDIRECT] [Fatal Error] :1:1: Premature end of file.
2026-09-27 17:06:43,572 [ERROR] LogOutputStream:75 - [STDERR_REDIRECT] 
2026-09-27 17:06:44,551 [ERROR] LogOutputStream:75 - [STDERR_REDIRECT] [Fatal Error] :1:1: Premature end of file.
2026-09-27 17:06:44,551 [ERROR] LogOutputStream:75 - [STDERR_REDIRECT] 
2026-09-27 17:06:45,562 [ERROR] LogOutputStream:75 - [STDERR_REDIRECT] [Fatal Error] :1:1: Premature end of file.
2026-09-27 17:06:45,562 [ERROR] LogOutputStream:75 - [STDERR_REDIRECT] 
2026-09-27 17:06:46,557 [ERROR] LogOutputStream:75 - [STDERR_REDIRECT] [Fatal Error] :1:1: Premature end of file.
2026-09-27 17:06:46,557 [ERROR] LogOutputStream:75 - [STDERR_REDIRECT] 
2026-09-27 17:06:47,556 [ERROR] LogOutputStream:75 - [STDERR_REDIRECT] [Fatal Error] :1:1: Premature end of file.
2026-09-27 17:06:47,556 [ERROR] LogOutputStream:75 - [STDERR_REDIRECT] 
2026-09-27 17:06:48,552 [ERROR] LogOutputStream:75 - [STDERR_REDIRECT] [Fatal Error] :1:1: Premature end of file.
2026-09-27 17:06:48,552 [ERROR] LogOutputStream:75 - [STDERR_REDIRECT] 
2026-09-27 17:06:49,564 [ERROR] LogOutputStream:75 - [STDERR_REDIRECT] [Fatal Error] :1:1: Premature end of file.
2026-09-27 17:06:49,564 [ERROR] LogOutputStream:75 - [STDERR_REDIRECT] 
2026-09-27 17:06:50,555 [ERROR] LogOutputStream:75 - [STDERR_REDIRECT] [Fatal Error] :1:1: Premature end of file.
2026-09-27 17:06:50,555 [ERROR] LogOutputStream:75 - [STDERR_REDIRECT] 
2026-09-27 17:06:51,571 [ERROR] LogOutputStream:75 - [STDERR_REDIRECT] [Fatal Error] :1:1: Premature end of file.
2026-09-27 17:06:51,571 [ERROR] LogOutputStream:75 - [STDERR_REDIRECT] 
2026-09-27 17:06:52,557 [ERROR] LogOutputStream:75 - [STDERR_REDIRECT] [Fatal Error] :1:1: Premature end of file.
2026-09-27 17:06:52,557 [ERROR] LogOutputStream:75 - [STDERR_REDIRECT] 
2026-09-27 17:06:53,556 [ERROR] LogOutputStream:75 - [STDERR_REDIRECT] [Fatal Error] :1:1: Premature end of file.
2026-09-27 17:06:53,556 [ERROR] LogOutputStream:75 - [STDERR_REDIRECT] 
2026-09-27 17:06:54,567 [ERROR] LogOutputStream:75 - [STDERR_REDIRECT] [Fatal Error] :1:1: Premature end of file.
2026-09-27 17:06:54,567 [ERROR] LogOutputStream:75 - [STDERR_REDIRECT] 
2026-09-27 17:06:55,557 [ERROR] LogOutputStream:75 - [STDERR_REDIRECT] [Fatal Error] :1:1: Premature end of file.
2026-09-27 17:06:55,557 [ERROR] LogOutputStream:75 - [STDERR_REDIRECT] 
2026-09-27 17:06:56,552 [ERROR] LogOutputStream:75 - [STDERR_REDIRECT] [Fatal Error] :1:1: Premature end of file.
2026-09-27 17:06:56,552 [ERROR] LogOutputStream:75 - [STDERR_REDIRECT] 
2026-09-27 17:06:57,560 [ERROR] LogOutputStream:75 - [STDERR_REDIRECT] [Fatal Error] :1:1: Premature end of file.
2026-09-27 17:06:57,560 [ERROR] LogOutputStream:75 - [STDERR_REDIRECT] 
2026-09-27 17:06:58,555 [ERROR] LogOutputStream:75 - [STDERR_REDIRECT] [Fatal Error] :1:1: Premature end of file.
2026-09-27 17:06:58,555 [ERROR] LogOutputStream:75 - [STDERR_REDIRECT] 
2026-09-27 17:06:59,555 [ERROR] LogOutputStream:75 - [STDERR_REDIRECT] [Fatal Error] :1:1: Premature end of file.
2026-09-27 17:06:59,555 [ERROR] LogOutputStream:75 - [STDERR_REDIRECT] 
2026-09-27 17:07:00,552 [ERROR] LogOutputStream:75 - [STDERR_REDIRECT] [Fatal Error] :1:1: Premature end of file.
2026-09-27 17:07:00,552 [ERROR] LogOutputStream:75 - [STDERR_REDIRECT] 
2026-09-27 17:07:01,566 [ERROR] LogOutputStream:75 - [STDERR_REDIRECT] [Fatal Error] :1:1: Premature end of file.
2026-09-27 17:07:01,566 [ERROR] LogOutputStream:75 - [STDERR_REDIRECT] 
2026-09-27 17:07:02,566 [ERROR] LogOutputStream:75 - [STDERR_REDIRECT] [Fatal Error] :1:1: Premature end of file.
2026-09-27 17:07:02,566 [ERROR] LogOutputStream:75 - [STDERR_REDIRECT] 
2026-09-27 17:07:03,565 [ERROR] LogOutputStream:75 - [STDERR_REDIRECT] [Fatal Error] :1:1: Premature end of file.
2026-09-27 17:07:03,565 [ERROR] LogOutputStream:75 - [STDERR_REDIRECT] 
2026-09-27 17:07:04,564 [ERROR] LogOutputStream:75 - [STDERR_REDIRECT] [Fatal Error] :1:1: Premature end of file.
2026-09-27 17:07:04,564 [ERROR] LogOutputStream:75 - [STDERR_REDIRECT] 
2026-09-27 17:07:05,564 [ERROR] LogOutputStream:75 - [STDERR_REDIRECT] [Fatal Error] :1:1: Premature end of file.
2026-09-27 17:07:05,565 [ERROR] LogOutputStream:75 - [STDERR_REDIRECT] 
2026-09-27 17:07:06,565 [ERROR] LogOutputStream:75 - [STDERR_REDIRECT] [Fatal Error] :1:1: Premature end of file.
2026-09-27 17:07:06,565 [ERROR] LogOutputStream:75 - [STDERR_REDIRECT] 
2026-09-27 17:07:07,554 [ERROR] LogOutputStream:75 - [STDERR_REDIRECT] [Fatal Error] :1:1: Premature end of file.
2026-09-27 17:07:07,554 [ERROR] LogOutputStream:75 - [STDERR_REDIRECT] 
2026-09-27 17:07:08,555 [ERROR] LogOutputStream:75 - [STDERR_REDIRECT] [Fatal Error] :1:1: Premature end of file.
2026-09-27 17:07:08,555 [ERROR] LogOutputStream:75 - [STDERR_REDIRECT] 
2026-09-27 17:07:09,562 [ERROR] LogOutputStream:75 - [STDERR_REDIRECT] [Fatal Error] :1:1: Premature end of file.
2026-09-27 17:07:09,563 [ERROR] LogOutputStream:75 - [STDERR_REDIRECT] 
2026-09-27 17:07:10,556 [ERROR] LogOutputStream:75 - [STDERR_REDIRECT] [Fatal Error] :1:1: Premature end of file.
2026-09-27 17:07:10,556 [ERROR] LogOutputStream:75 - [STDERR_REDIRECT] 
2026-09-27 17:07:11,557 [ERROR] LogOutputStream:75 - [STDERR_REDIRECT] [Fatal Error] :1:1: Premature end of file.
2026-09-27 17:07:11,557 [ERROR] LogOutputStream:75 - [STDERR_REDIRECT] 
2026-09-27 17:07:12,571 [ERROR] LogOutputStream:75 - [STDERR_REDIRECT] [Fatal Error] :1:1: Premature end of file.
2026-09-27 17:07:12,571 [ERROR] LogOutputStream:75 - [STDERR_REDIRECT] 
2026-09-27 17:07:13,555 [ERROR] LogOutputStream:75 - [STDERR_REDIRECT] [Fatal Error] :1:1: Premature end of file.
2026-09-27 17:07:13,555 [ERROR] LogOutputStream:75 - [STDERR_REDIRECT] 
2026-09-27 17:07:14,555 [ERROR] LogOutputStream:75 - [STDERR_REDIRECT] [Fatal Error] :1:1: Premature end of file.
2026-09-27 17:07:14,555 [ERROR] LogOutputStream:75 - [STDERR_REDIRECT] 
2026-09-27 17:07:15,554 [ERROR] LogOutputStream:75 - [STDERR_REDIRECT] [Fatal Error] :1:1: Premature end of file.
2026-09-27 17:07:15,554 [ERROR] LogOutputStream:75 - [STDERR_REDIRECT] 
2026-09-27 17:07:16,555 [ERROR] LogOutputStream:75 - [STDERR_REDIRECT] [Fatal Error] :1:1: Premature end of file.
2026-09-27 17:07:16,555 [ERROR] LogOutputStream:75 - [STDERR_REDIRECT] 
2026-09-27 17:07:17,557 [ERROR] LogOutputStream:75 - [STDERR_REDIRECT] [Fatal Error] :1:1: Premature end of file.
2026-09-27 17:07:17,557 [ERROR] LogOutputStream:75 - [STDERR_REDIRECT] 
2026-09-27 17:07:18,558 [ERROR] LogOutputStream:75 - [STDERR_REDIRECT] [Fatal Error] :1:1: Premature end of file.
2026-09-27 17:07:18,558 [ERROR] LogOutputStream:75 - [STDERR_REDIRECT] 
2026-09-27 17:07:19,557 [ERROR] LogOutputStream:75 - [STDERR_REDIRECT] [Fatal Error] :1:1: Premature end of file.
2026-09-27 17:07:19,557 [ERROR] LogOutputStream:75 - [STDERR_REDIRECT] 
2026-09-27 17:07:20,557 [ERROR] LogOutputStream:75 - [STDERR_REDIRECT] [Fatal Error] :1:1: Premature end of file.
2026-09-27 17:07:20,557 [ERROR] LogOutputStream:75 - [STDERR_REDIRECT] 
2026-09-27 17:07:21,564 [ERROR] LogOutputStream:75 - [STDERR_REDIRECT] [Fatal Error] :1:1: Premature end of file.
2026-09-27 17:07:21,564 [ERROR] LogOutputStream:75 - [STDERR_REDIRECT] 
2026-09-27 17:07:22,556 [ERROR] LogOutputStream:75 - [STDERR_REDIRECT] [Fatal Error] :1:1: Premature end of file.
2026-09-27 17:07:22,557 [ERROR] LogOutputStream:75 - [STDERR_REDIRECT] 
2026-09-27 17:07:23,556 [ERROR] LogOutputStream:75 - [STDERR_REDIRECT] [Fatal Error] :1:1: Premature end of file.
2026-09-27 17:07:23,556 [ERROR] LogOutputStream:75 - [STDERR_REDIRECT] 
2026-09-27 17:07:24,557 [ERROR] LogOutputStream:75 - [STDERR_REDIRECT] [Fatal Error] :1:1: Premature end of file.
2026-09-27 17:07:24,557 [ERROR] LogOutputStream:75 - [STDERR_REDIRECT] 
2026-09-27 17:07:25,558 [ERROR] LogOutputStream:75 - [STDERR_REDIRECT] [Fatal Error] :1:1: Premature end of file.
2026-09-27 17:07:25,558 [ERROR] LogOutputStream:75 - [STDERR_REDIRECT] 
2026-09-27 17:07:26,557 [ERROR] LogOutputStream:75 - [STDERR_REDIRECT] [Fatal Error] :1:1: Premature end of file.
2026-09-27 17:07:26,557 [ERROR] LogOutputStream:75 - [STDERR_REDIRECT] 
2026-09-27 17:07:27,557 [ERROR] LogOutputStream:75 - [STDERR_REDIRECT] [Fatal Error] :1:1: Premature end of file.
2026-09-27 17:07:27,557 [ERROR] LogOutputStream:75 - [STDERR_REDIRECT] 
2026-09-27 17:07:28,558 [ERROR] LogOutputStream:75 - [STDERR_REDIRECT] [Fatal Error] :1:1: Premature end of file.
2026-09-27 17:07:28,558 [ERROR] LogOutputStream:75 - [STDERR_REDIRECT] 
2026-09-27 17:07:29,557 [ERROR] LogOutputStream:75 - [STDERR_REDIRECT] [Fatal Error] :1:1: Premature end of file.
2026-09-27 17:07:29,557 [ERROR] LogOutputStream:75 - [STDERR_REDIRECT] 
2026-09-27 17:07:30,557 [ERROR] LogOutputStream:75 - [STDERR_REDIRECT] [Fatal Error] :1:1: Premature end of file.
2026-09-27 17:07:30,557 [ERROR] LogOutputStream:75 - [STDERR_REDIRECT] 
2026-09-27 17:07:31,556 [ERROR] LogOutputStream:75 - [STDERR_REDIRECT] [Fatal Error] :1:1: Premature end of file.
2026-09-27 17:07:31,556 [ERROR] LogOutputStream:75 - [STDERR_REDIRECT] 
2026-09-27 17:07:32,557 [ERROR] LogOutputStream:75 - [STDERR_REDIRECT] [Fatal Error] :1:1: Premature end of file.
2026-09-27 17:07:32,557 [ERROR] LogOutputStream:75 - [STDERR_REDIRECT] 
2026-09-27 17:07:33,557 [ERROR] LogOutputStream:75 - [STDERR_REDIRECT] [Fatal Error] :1:1: Premature end of file.
2026-09-27 17:07:33,557 [ERROR] LogOutputStream:75 - [STDERR_REDIRECT] 
2026-09-27 17:07:34,557 [ERROR] LogOutputStream:75 - [STDERR_REDIRECT] [Fatal Error] :1:1: Premature end of file.
2026-09-27 17:07:34,557 [ERROR] LogOutputStream:75 - [STDERR_REDIRECT] 
2026-09-27 17:07:35,555 [ERROR] LogOutputStream:75 - [STDERR_REDIRECT] [Fatal Error] :1:1: Premature end of file.
2026-09-27 17:07:35,555 [ERROR] LogOutputStream:75 - [STDERR_REDIRECT] 
2026-09-27 17:07:36,556 [ERROR] LogOutputStream:75 - [STDERR_REDIRECT] [Fatal Error] :1:1: Premature end of file.
2026-09-27 17:07:36,556 [ERROR] LogOutputStream:75 - [STDERR_REDIRECT] 
2026-09-27 17:07:37,555 [ERROR] LogOutputStream:75 - [STDERR_REDIRECT] [Fatal Error] :1:1: Premature end of file.
2026-09-27 17:07:37,555 [ERROR] LogOutputStream:75 - [STDERR_REDIRECT] 
2026-09-27 17:07:38,555 [ERROR] LogOutputStream:75 - [STDERR_REDIRECT] [Fatal Error] :1:1: Premature end of file.
2026-09-27 17:07:38,555 [ERROR] LogOutputStream:75 - [STDERR_REDIRECT] 
2026-09-27 17:07:39,556 [ERROR] LogOutputStream:75 - [STDERR_REDIRECT] [Fatal Error] :1:1: Premature end of file.
2026-09-27 17:07:39,556 [ERROR] LogOutputStream:75 - [STDERR_REDIRECT] 
2026-09-27 17:07:40,557 [ERROR] LogOutputStream:75 - [STDERR_REDIRECT] [Fatal Error] :1:1: Premature end of file.
2026-09-27 17:07:40,557 [ERROR] LogOutputStream:75 - [STDERR_REDIRECT] 
2026-09-27 17:07:41,556 [ERROR] LogOutputStream:75 - [STDERR_REDIRECT] [Fatal Error] :1:1: Premature end of file.
2026-09-27 17:07:41,556 [ERROR] LogOutputStream:75 - [STDERR_REDIRECT] 
2026-09-27 17:07:42,555 [ERROR] LogOutputStream:75 - [STDERR_REDIRECT] [Fatal Error] :1:1: Premature end of file.
2026-09-27 17:07:42,556 [ERROR] LogOutputStream:75 - [STDERR_REDIRECT] 
2026-09-27 17:07:43,558 [ERROR] LogOutputStream:75 - [STDERR_REDIRECT] [Fatal Error] :1:1: Premature end of file.
2026-09-27 17:07:43,558 [ERROR] LogOutputStream:75 - [STDERR_REDIRECT] 
2026-09-27 17:07:44,556 [ERROR] LogOutputStream:75 - [STDERR_REDIRECT] [Fatal Error] :1:1: Premature end of file.
2026-09-27 17:07:44,556 [ERROR] LogOutputStream:75 - [STDERR_REDIRECT] 
2026-09-27 17:07:45,556 [ERROR] LogOutputStream:75 - [STDERR_REDIRECT] [Fatal Error] :1:1: Premature end of file.
2026-09-27 17:07:45,556 [ERROR] LogOutputStream:75 - [STDERR_REDIRECT] 
2026-09-27 17:07:46,556 [ERROR] LogOutputStream:75 - [STDERR_REDIRECT] [Fatal Error] :1:1: Premature end of file.
2026-09-27 17:07:46,556 [ERROR] LogOutputStream:75 - [STDERR_REDIRECT] 
2026-09-27 17:07:47,556 [ERROR] LogOutputStream:75 - [STDERR_REDIRECT] [Fatal Error] :1:1: Premature end of file.
2026-09-27 17:07:47,556 [ERROR] LogOutputStream:75 - [STDERR_REDIRECT] 
2026-09-27 17:07:48,557 [ERROR] LogOutputStream:75 - [STDERR_REDIRECT] [Fatal Error] :1:1: Premature end of file.
2026-09-27 17:07:48,557 [ERROR] LogOutputStream:75 - [STDERR_REDIRECT] 
2026-09-27 17:07:49,557 [ERROR] LogOutputStream:75 - [STDERR_REDIRECT] [Fatal Error] :1:1: Premature end of file.
2026-09-27 17:07:49,557 [ERROR] LogOutputStream:75 - [STDERR_REDIRECT] 
2026-09-27 17:07:50,557 [ERROR] LogOutputStream:75 - [STDERR_REDIRECT] [Fatal Error] :1:1: Premature end of file.
2026-09-27 17:07:50,557 [ERROR] LogOutputStream:75 - [STDERR_REDIRECT] 
2026-09-27 17:07:51,557 [ERROR] LogOutputStream:75 - [STDERR_REDIRECT] [Fatal Error] :1:1: Premature end of file.
2026-09-27 17:07:51,557 [ERROR] LogOutputStream:75 - [STDERR_REDIRECT] 
2026-09-27 17:07:52,556 [ERROR] LogOutputStream:75 - [STDERR_REDIRECT] [Fatal Error] :1:1: Premature end of file.
2026-09-27 17:07:52,557 [ERROR] LogOutputStream:75 - [STDERR_REDIRECT] 
2026-09-27 17:07:53,556 [ERROR] LogOutputStream:75 - [STDERR_REDIRECT] [Fatal Error] :1:1: Premature end of file.
2026-09-27 17:07:53,556 [ERROR] LogOutputStream:75 - [STDERR_REDIRECT] 
2026-09-27 17:07:54,555 [ERROR] LogOutputStream:75 - [STDERR_REDIRECT] [Fatal Error] :1:1: Premature end of file.
2026-09-27 17:07:54,555 [ERROR] LogOutputStream:75 - [STDERR_REDIRECT] 
2026-09-27 17:07:55,556 [ERROR] LogOutputStream:75 - [STDERR_REDIRECT] [Fatal Error] :1:1: Premature end of file.
2026-09-27 17:07:55,556 [ERROR] LogOutputStream:75 - [STDERR_REDIRECT] 
2026-09-27 17:07:56,555 [ERROR] LogOutputStream:75 - [STDERR_REDIRECT] [Fatal Error] :1:1: Premature end of file.
2026-09-27 17:07:56,555 [ERROR] LogOutputStream:75 - [STDERR_REDIRECT] 
2026-09-27 17:07:57,555 [ERROR] LogOutputStream:75 - [STDERR_REDIRECT] [Fatal Error] :1:1: Premature end of file.
2026-09-27 17:07:57,556 [ERROR] LogOutputStream:75 - [STDERR_REDIRECT] 
2026-09-27 17:07:58,556 [ERROR] LogOutputStream:75 - [STDERR_REDIRECT] [Fatal Error] :1:1: Premature end of file.
2026-09-27 17:07:58,556 [ERROR] LogOutputStream:75 - [STDERR_REDIRECT] 
2026-09-27 17:07:59,556 [ERROR] LogOutputStream:75 - [STDERR_REDIRECT] [Fatal Error] :1:1: Premature end of file.
2026-09-27 17:07:59,556 [ERROR] LogOutputStream:75 - [STDERR_REDIRECT] 
2026-09-27 17:08:00,557 [ERROR] LogOutputStream:75 - [STDERR_REDIRECT] [Fatal Error] :1:1: Premature end of file.
2026-09-27 17:08:00,557 [ERROR] LogOutputStream:75 - [STDERR_REDIRECT] 
2026-09-27 17:08:01,555 [ERROR] LogOutputStream:75 - [STDERR_REDIRECT] [Fatal Error] :1:1: Premature end of file.
2026-09-27 17:08:01,555 [ERROR] LogOutputStream:75 - [STDERR_REDIRECT] 
2026-09-27 17:08:02,557 [ERROR] LogOutputStream:75 - [STDERR_REDIRECT] [Fatal Error] :1:1: Premature end of file.
2026-09-27 17:08:02,557 [ERROR] LogOutputStream:75 - [STDERR_REDIRECT] 
2026-09-27 17:08:03,558 [ERROR] LogOutputStream:75 - [STDERR_REDIRECT] [Fatal Error] :1:1: Premature end of file.
2026-09-27 17:08:03,558 [ERROR] LogOutputStream:75 - [STDERR_REDIRECT] 
2026-09-27 17:08:04,557 [ERROR] LogOutputStream:75 - [STDERR_REDIRECT] [Fatal Error] :1:1: Premature end of file.
2026-09-27 17:08:04,557 [ERROR] LogOutputStream:75 - [STDERR_REDIRECT] 
2026-09-27 17:08:05,555 [ERROR] LogOutputStream:75 - [STDERR_REDIRECT] [Fatal Error] :1:1: Premature end of file.
2026-09-27 17:08:05,555 [ERROR] LogOutputStream:75 - [STDERR_REDIRECT] 
2026-09-27 17:08:06,556 [ERROR] LogOutputStream:75 - [STDERR_REDIRECT] [Fatal Error] :1:1: Premature end of file.
2026-09-27 17:08:06,556 [ERROR] LogOutputStream:75 - [STDERR_REDIRECT] 
2026-09-27 17:08:07,556 [ERROR] LogOutputStream:75 - [STDERR_REDIRECT] [Fatal Error] :1:1: Premature end of file.
2026-09-27 17:08:07,556 [ERROR] LogOutputStream:75 - [STDERR_REDIRECT] 
2026-09-27 17:08:08,554 [ERROR] LogOutputStream:75 - [STDERR_REDIRECT] [Fatal Error] :1:1: Premature end of file.
2026-09-27 17:08:08,555 [ERROR] LogOutputStream:75 - [STDERR_REDIRECT] 
2026-09-27 17:08:09,555 [ERROR] LogOutputStream:75 - [STDERR_REDIRECT] [Fatal Error] :1:1: Premature end of file.
2026-09-27 17:08:09,555 [ERROR] LogOutputStream:75 - [STDERR_REDIRECT] 
2026-09-27 17:08:10,564 [ERROR] LogOutputStream:75 - [STDERR_REDIRECT] [Fatal Error] :1:1: Premature end of file.
2026-09-27 17:08:10,564 [ERROR] LogOutputStream:75 - [STDERR_REDIRECT] 
2026-09-27 17:08:11,556 [ERROR] LogOutputStream:75 - [STDERR_REDIRECT] [Fatal Error] :1:1: Premature end of file.
2026-09-27 17:08:11,556 [ERROR] LogOutputStream:75 - [STDERR_REDIRECT] 
2026-09-27 17:08:12,557 [ERROR] LogOutputStream:75 - [STDERR_REDIRECT] [Fatal Error] :1:1: Premature end of file.
2026-09-27 17:08:12,557 [ERROR] LogOutputStream:75 - [STDERR_REDIRECT] 
2026-09-27 17:08:13,554 [ERROR] LogOutputStream:75 - [STDERR_REDIRECT] [Fatal Error] :1:1: Premature end of file.
2026-09-27 17:08:13,554 [ERROR] LogOutputStream:75 - [STDERR_REDIRECT] 
2026-09-27 17:08:14,556 [ERROR] LogOutputStream:75 - [STDERR_REDIRECT] [Fatal Error] :1:1: Premature end of file.
2026-09-27 17:08:14,556 [ERROR] LogOutputStream:75 - [STDERR_REDIRECT] 
2026-09-27 17:08:15,555 [ERROR] LogOutputStream:75 - [STDERR_REDIRECT] [Fatal Error] :1:1: Premature end of file.
2026-09-27 17:08:15,555 [ERROR] LogOutputStream:75 - [STDERR_REDIRECT] 
2026-09-27 17:08:16,555 [ERROR] LogOutputStream:75 - [STDERR_REDIRECT] [Fatal Error] :1:1: Premature end of file.
2026-09-27 17:08:16,555 [ERROR] LogOutputStream:75 - [STDERR_REDIRECT] 
2026-09-27 17:08:17,557 [ERROR] LogOutputStream:75 - [STDERR_REDIRECT] [Fatal Error] :1:1: Premature end of file.
2026-09-27 17:08:17,557 [ERROR] LogOutputStream:75 - [STDERR_REDIRECT] 
2026-09-27 17:08:18,554 [ERROR] LogOutputStream:75 - [STDERR_REDIRECT] [Fatal Error] :1:1: Premature end of file.
2026-09-27 17:08:18,554 [ERROR] LogOutputStream:75 - [STDERR_REDIRECT] 
2026-09-27 17:08:19,557 [ERROR] LogOutputStream:75 - [STDERR_REDIRECT] [Fatal Error] :1:1: Premature end of file.
2026-09-27 17:08:19,557 [ERROR] LogOutputStream:75 - [STDERR_REDIRECT] 
2026-09-27 17:08:20,566 [ERROR] LogOutputStream:75 - [STDERR_REDIRECT] [Fatal Error] :1:1: Premature end of file.
2026-09-27 17:08:20,570 [ERROR] LogOutputStream:75 - [STDERR_REDIRECT] 
2026-09-27 17:08:21,563 [ERROR] LogOutputStream:75 - [STDERR_REDIRECT] [Fatal Error] :1:1: Premature end of file.
2026-09-27 17:08:21,563 [ERROR] LogOutputStream:75 - [STDERR_REDIRECT] 
2026-09-27 17:08:22,564 [ERROR] LogOutputStream:75 - [STDERR_REDIRECT] [Fatal Error] :1:1: Premature end of file.
2026-09-27 17:08:22,564 [ERROR] LogOutputStream:75 - [STDERR_REDIRECT] 
2026-09-27 17:08:23,556 [ERROR] LogOutputStream:75 - [STDERR_REDIRECT] [Fatal Error] :1:1: Premature end of file.
2026-09-27 17:08:23,556 [ERROR] LogOutputStream:75 - [STDERR_REDIRECT] 
2026-09-27 17:08:24,556 [ERROR] LogOutputStream:75 - [STDERR_REDIRECT] [Fatal Error] :1:1: Premature end of file.
2026-09-27 17:08:24,557 [ERROR] LogOutputStream:75 - [STDERR_REDIRECT] 
2026-09-27 17:08:25,556 [ERROR] LogOutputStream:75 - [STDERR_REDIRECT] [Fatal Error] :1:1: Premature end of file.
2026-09-27 17:08:25,556 [ERROR] LogOutputStream:75 - [STDERR_REDIRECT] 
2026-09-27 17:08:26,564 [ERROR] LogOutputStream:75 - [STDERR_REDIRECT] [Fatal Error] :1:1: Premature end of file.
2026-09-27 17:08:26,564 [ERROR] LogOutputStream:75 - [STDERR_REDIRECT] 
2026-09-27 17:08:27,560 [ERROR] LogOutputStream:75 - [STDERR_REDIRECT] [Fatal Error] :1:1: Premature end of file.
2026-09-27 17:08:27,560 [ERROR] LogOutputStream:75 - [STDERR_REDIRECT] 
2026-09-27 17:08:28,557 [ERROR] LogOutputStream:75 - [STDERR_REDIRECT] [Fatal Error] :1:1: Premature end of file.
2026-09-27 17:08:28,557 [ERROR] LogOutputStream:75 - [STDERR_REDIRECT] 
2026-09-27 17:08:29,555 [ERROR] LogOutputStream:75 - [STDERR_REDIRECT] [Fatal Error] :1:1: Premature end of file.
2026-09-27 17:08:29,555 [ERROR] LogOutputStream:75 - [STDERR_REDIRECT] 
2026-09-27 17:08:30,557 [ERROR] LogOutputStream:75 - [STDERR_REDIRECT] [Fatal Error] :1:1: Premature end of file.
2026-09-27 17:08:30,557 [ERROR] LogOutputStream:75 - [STDERR_REDIRECT] 
2026-09-27 17:08:31,555 [ERROR] LogOutputStream:75 - [STDERR_REDIRECT] [Fatal Error] :1:1: Premature end of file.
2026-09-27 17:08:31,555 [ERROR] LogOutputStream:75 - [STDERR_REDIRECT] 
2026-09-27 17:08:32,559 [ERROR] LogOutputStream:75 - [STDERR_REDIRECT] [Fatal Error] :1:1: Premature end of file.
2026-09-27 17:08:32,559 [ERROR] LogOutputStream:75 - [STDERR_REDIRECT] 
2026-09-27 17:08:33,556 [ERROR] LogOutputStream:75 - [STDERR_REDIRECT] [Fatal Error] :1:1: Premature end of file.
2026-09-27 17:08:33,556 [ERROR] LogOutputStream:75 - [STDERR_REDIRECT] 
2026-09-27 17:08:34,559 [ERROR] LogOutputStream:75 - [STDERR_REDIRECT] [Fatal Error] :1:1: Premature end of file.
2026-09-27 17:08:34,559 [ERROR] LogOutputStream:75 - [STDERR_REDIRECT] 
2026-09-27 17:08:35,562 [ERROR] LogOutputStream:75 - [STDERR_REDIRECT] [Fatal Error] :1:1: Premature end of file.
2026-09-27 17:08:35,562 [ERROR] LogOutputStream:75 - [STDERR_REDIRECT] 
2026-09-27 17:08:36,556 [ERROR] LogOutputStream:75 - [STDERR_REDIRECT] [Fatal Error] :1:1: Premature end of file.
2026-09-27 17:08:36,556 [ERROR] LogOutputStream:75 - [STDERR_REDIRECT] 
2026-09-27 17:08:37,556 [ERROR] LogOutputStream:75 - [STDERR_REDIRECT] [Fatal Error] :1:1: Premature end of file.
2026-09-27 17:08:37,556 [ERROR] LogOutputStream:75 - [STDERR_REDIRECT] 
2026-09-27 17:08:38,555 [ERROR] LogOutputStream:75 - [STDERR_REDIRECT] [Fatal Error] :1:1: Premature end of file.
2026-09-27 17:08:38,556 [ERROR] LogOutputStream:75 - [STDERR_REDIRECT] 
2026-09-27 17:08:39,569 [ERROR] LogOutputStream:75 - [STDERR_REDIRECT] [Fatal Error] :1:1: Premature end of file.
2026-09-27 17:08:39,569 [ERROR] LogOutputStream:75 - [STDERR_REDIRECT] 
2026-09-27 17:08:40,557 [ERROR] LogOutputStream:75 - [STDERR_REDIRECT] [Fatal Error] :1:1: Premature end of file.
2026-09-27 17:08:40,557 [ERROR] LogOutputStream:75 - [STDERR_REDIRECT] 
2026-09-27 17:08:41,554 [ERROR] LogOutputStream:75 - [STDERR_REDIRECT] [Fatal Error] :1:1: Premature end of file.
2026-09-27 17:08:41,554 [ERROR] LogOutputStream:75 - [STDERR_REDIRECT] 
2026-09-27 17:08:42,556 [ERROR] LogOutputStream:75 - [STDERR_REDIRECT] [Fatal Error] :1:1: Premature end of file.
2026-09-27 17:08:42,556 [ERROR] LogOutputStream:75 - [STDERR_REDIRECT] 
2026-09-27 17:08:43,562 [ERROR] LogOutputStream:75 - [STDERR_REDIRECT] [Fatal Error] :1:1: Premature end of file.
2026-09-27 17:08:43,562 [ERROR] LogOutputStream:75 - [STDERR_REDIRECT] 
2026-09-27 17:08:44,561 [ERROR] LogOutputStream:75 - [STDERR_REDIRECT] [Fatal Error] :1:1: Premature end of file.
2026-09-27 17:08:44,561 [ERROR] LogOutputStream:75 - [STDERR_REDIRECT] 
2026-09-27 17:08:45,555 [ERROR] LogOutputStream:75 - [STDERR_REDIRECT] [Fatal Error] :1:1: Premature end of file.
2026-09-27 17:08:45,555 [ERROR] LogOutputStream:75 - [STDERR_REDIRECT] 
2026-09-27 17:08:46,556 [ERROR] LogOutputStream:75 - [STDERR_REDIRECT] [Fatal Error] :1:1: Premature end of file.
2026-09-27 17:08:46,556 [ERROR] LogOutputStream:75 - [STDERR_REDIRECT] 
2026-09-27 17:08:47,557 [ERROR] LogOutputStream:75 - [STDERR_REDIRECT] [Fatal Error] :1:1: Premature end of file.
2026-09-27 17:08:47,557 [ERROR] LogOutputStream:75 - [STDERR_REDIRECT] 
2026-09-27 17:08:48,557 [ERROR] LogOutputStream:75 - [STDERR_REDIRECT] [Fatal Error] :1:1: Premature end of file.
2026-09-27 17:08:48,557 [ERROR] LogOutputStream:75 - [STDERR_REDIRECT] 
2026-09-27 17:08:49,556 [ERROR] LogOutputStream:75 - [STDERR_REDIRECT] [Fatal Error] :1:1: Premature end of file.
2026-09-27 17:08:49,556 [ERROR] LogOutputStream:75 - [STDERR_REDIRECT] 
2026-09-27 17:08:50,558 [ERROR] LogOutputStream:75 - [STDERR_REDIRECT] [Fatal Error] :1:1: Premature end of file.
2026-09-27 17:08:50,558 [ERROR] LogOutputStream:75 - [STDERR_REDIRECT] 
2026-09-27 17:08:51,556 [ERROR] LogOutputStream:75 - [STDERR_REDIRECT] [Fatal Error] :1:1: Premature end of file.
2026-09-27 17:08:51,556 [ERROR] LogOutputStream:75 - [STDERR_REDIRECT] 
2026-09-27 17:08:52,560 [ERROR] LogOutputStream:75 - [STDERR_REDIRECT] [Fatal Error] :1:1: Premature end of file.
2026-09-27 17:08:52,560 [ERROR] LogOutputStream:75 - [STDERR_REDIRECT] 
2026-09-27 17:08:53,558 [ERROR] LogOutputStream:75 - [STDERR_REDIRECT] [Fatal Error] :1:1: Premature end of file.
2026-09-27 17:08:53,558 [ERROR] LogOutputStream:75 - [STDERR_REDIRECT] 
2026-09-27 17:08:54,563 [ERROR] LogOutputStream:75 - [STDERR_REDIRECT] [Fatal Error] :1:1: Premature end of file.
2026-09-27 17:08:54,563 [ERROR] LogOutputStream:75 - [STDERR_REDIRECT] 
2026-09-27 17:08:55,573 [ERROR] LogOutputStream:75 - [STDERR_REDIRECT] [Fatal Error] :1:1: Premature end of file.
2026-09-27 17:08:55,573 [ERROR] LogOutputStream:75 - [STDERR_REDIRECT] 
2026-09-27 17:08:56,555 [ERROR] LogOutputStream:75 - [STDERR_REDIRECT] [Fatal Error] :1:1: Premature end of file.
2026-09-27 17:08:56,555 [ERROR] LogOutputStream:75 - [STDERR_REDIRECT] 
2026-09-27 17:08:57,555 [ERROR] LogOutputStream:75 - [STDERR_REDIRECT] [Fatal Error] :1:1: Premature end of file.
2026-09-27 17:08:57,555 [ERROR] LogOutputStream:75 - [STDERR_REDIRECT] 
2026-09-27 17:08:58,557 [ERROR] LogOutputStream:75 - [STDERR_REDIRECT] [Fatal Error] :1:1: Premature end of file.
2026-09-27 17:08:58,557 [ERROR] LogOutputStream:75 - [STDERR_REDIRECT] 
2026-09-27 17:08:59,556 [ERROR] LogOutputStream:75 - [STDERR_REDIRECT] [Fatal Error] :1:1: Premature end of file.
2026-09-27 17:08:59,557 [ERROR] LogOutputStream:75 - [STDERR_REDIRECT] 
2026-09-27 17:09:00,557 [ERROR] LogOutputStream:75 - [STDERR_REDIRECT] [Fatal Error] :1:1: Premature end of file.
2026-09-27 17:09:00,557 [ERROR] LogOutputStream:75 - [STDERR_REDIRECT] 
2026-09-27 17:09:01,558 [ERROR] LogOutputStream:75 - [STDERR_REDIRECT] [Fatal Error] :1:1: Premature end of file.
2026-09-27 17:09:01,558 [ERROR] LogOutputStream:75 - [STDERR_REDIRECT] 
2026-09-27 17:09:02,566 [ERROR] LogOutputStream:75 - [STDERR_REDIRECT] [Fatal Error] :1:1: Premature end of file.
2026-09-27 17:09:02,566 [ERROR] LogOutputStream:75 - [STDERR_REDIRECT] 
2026-09-27 17:09:03,557 [ERROR] LogOutputStream:75 - [STDERR_REDIRECT] [Fatal Error] :1:1: Premature end of file.
2026-09-27 17:09:03,557 [ERROR] LogOutputStream:75 - [STDERR_REDIRECT] 
2026-09-27 17:09:04,556 [ERROR] LogOutputStream:75 - [STDERR_REDIRECT] [Fatal Error] :1:1: Premature end of file.
2026-09-27 17:09:04,556 [ERROR] LogOutputStream:75 - [STDERR_REDIRECT] 
2026-09-27 17:09:05,555 [ERROR] LogOutputStream:75 - [STDERR_REDIRECT] [Fatal Error] :1:1: Premature end of file.
2026-09-27 17:09:05,555 [ERROR] LogOutputStream:75 - [STDERR_REDIRECT] 
2026-09-27 17:09:06,555 [ERROR] LogOutputStream:75 - [STDERR_REDIRECT] [Fatal Error] :1:1: Premature end of file.
2026-09-27 17:09:06,555 [ERROR] LogOutputStream:75 - [STDERR_REDIRECT] 
2026-09-27 17:09:07,556 [ERROR] LogOutputStream:75 - [STDERR_REDIRECT] [Fatal Error] :1:1: Premature end of file.
2026-09-27 17:09:07,556 [ERROR] LogOutputStream:75 - [STDERR_REDIRECT] 
2026-09-27 17:09:08,556 [ERROR] LogOutputStream:75 - [STDERR_REDIRECT] [Fatal Error] :1:1: Premature end of file.
2026-09-27 17:09:08,556 [ERROR] LogOutputStream:75 - [STDERR_REDIRECT] 
2026-09-27 17:09:09,556 [ERROR] LogOutputStream:75 - [STDERR_REDIRECT] [Fatal Error] :1:1: Premature end of file.
2026-09-27 17:09:09,556 [ERROR] LogOutputStream:75 - [STDERR_REDIRECT] 
2026-09-27 17:09:10,555 [ERROR] LogOutputStream:75 - [STDERR_REDIRECT] [Fatal Error] :1:1: Premature end of file.
2026-09-27 17:09:10,555 [ERROR] LogOutputStream:75 - [STDERR_REDIRECT] 
2026-09-27 17:09:11,557 [ERROR] LogOutputStream:75 - [STDERR_REDIRECT] [Fatal Error] :1:1: Premature end of file.
2026-09-27 17:09:11,557 [ERROR] LogOutputStream:75 - [STDERR_REDIRECT] 
2026-09-27 17:09:12,556 [ERROR] LogOutputStream:75 - [STDERR_REDIRECT] [Fatal Error] :1:1: Premature end of file.
2026-09-27 17:09:12,556 [ERROR] LogOutputStream:75 - [STDERR_REDIRECT] 
2026-09-27 17:09:13,556 [ERROR] LogOutputStream:75 - [STDERR_REDIRECT] [Fatal Error] :1:1: Premature end of file.
2026-09-27 17:09:13,556 [ERROR] LogOutputStream:75 - [STDERR_REDIRECT] 
2026-09-27 17:09:14,555 [ERROR] LogOutputStream:75 - [STDERR_REDIRECT] [Fatal Error] :1:1: Premature end of file.
2026-09-27 17:09:14,555 [ERROR] LogOutputStream:75 - [STDERR_REDIRECT] 
2026-09-27 17:09:15,555 [ERROR] LogOutputStream:75 - [STDERR_REDIRECT] [Fatal Error] :1:1: Premature end of file.
2026-09-27 17:09:15,555 [ERROR] LogOutputStream:75 - [STDERR_REDIRECT] 
2026-09-27 17:09:16,556 [ERROR] LogOutputStream:75 - [STDERR_REDIRECT] [Fatal Error] :1:1: Premature end of file.
2026-09-27 17:09:16,556 [ERROR] LogOutputStream:75 - [STDERR_REDIRECT] 
2026-09-27 17:09:17,557 [ERROR] LogOutputStream:75 - [STDERR_REDIRECT] [Fatal Error] :1:1: Premature end of file.
2026-09-27 17:09:17,557 [ERROR] LogOutputStream:75 - [STDERR_REDIRECT] 
2026-09-27 17:09:18,557 [ERROR] LogOutputStream:75 - [STDERR_REDIRECT] [Fatal Error] :1:1: Premature end of file.
2026-09-27 17:09:18,557 [ERROR] LogOutputStream:75 - [STDERR_REDIRECT] 
2026-09-27 17:09:19,560 [ERROR] LogOutputStream:75 - [STDERR_REDIRECT] [Fatal Error] :1:1: Premature end of file.
2026-09-27 17:09:19,561 [ERROR] LogOutputStream:75 - [STDERR_REDIRECT] 
2026-09-27 17:09:20,555 [ERROR] LogOutputStream:75 - [STDERR_REDIRECT] [Fatal Error] :1:1: Premature end of file.
2026-09-27 17:09:20,555 [ERROR] LogOutputStream:75 - [STDERR_REDIRECT] 
2026-09-27 17:09:21,556 [ERROR] LogOutputStream:75 - [STDERR_REDIRECT] [Fatal Error] :1:1: Premature end of file.
2026-09-27 17:09:21,556 [ERROR] LogOutputStream:75 - [STDERR_REDIRECT] 
2026-09-27 17:09:22,555 [ERROR] LogOutputStream:75 - [STDERR_REDIRECT] [Fatal Error] :1:1: Premature end of file.
2026-09-27 17:09:22,555 [ERROR] LogOutputStream:75 - [STDERR_REDIRECT] 
2026-09-27 17:09:23,563 [ERROR] LogOutputStream:75 - [STDERR_REDIRECT] [Fatal Error] :1:1: Premature end of file.
2026-09-27 17:09:23,563 [ERROR] LogOutputStream:75 - [STDERR_REDIRECT] 
2026-09-27 17:09:24,554 [ERROR] LogOutputStream:75 - [STDERR_REDIRECT] [Fatal Error] :1:1: Premature end of file.
2026-09-27 17:09:24,554 [ERROR] LogOutputStream:75 - [STDERR_REDIRECT] 
2026-09-27 17:09:25,559 [ERROR] LogOutputStream:75 - [STDERR_REDIRECT] [Fatal Error] :1:1: Premature end of file.
2026-09-27 17:09:25,559 [ERROR] LogOutputStream:75 - [STDERR_REDIRECT] 
2026-09-27 17:09:26,560 [ERROR] LogOutputStream:75 - [STDERR_REDIRECT] [Fatal Error] :1:1: Premature end of file.
2026-09-27 17:09:26,560 [ERROR] LogOutputStream:75 - [STDERR_REDIRECT] 
2026-09-27 17:09:27,561 [ERROR] LogOutputStream:75 - [STDERR_REDIRECT] [Fatal Error] :1:1: Premature end of file.
2026-09-27 17:09:27,561 [ERROR] LogOutputStream:75 - [STDERR_REDIRECT] 
2026-09-27 17:09:28,557 [ERROR] LogOutputStream:75 - [STDERR_REDIRECT] [Fatal Error] :1:1: Premature end of file.
2026-09-27 17:09:28,557 [ERROR] LogOutputStream:75 - [STDERR_REDIRECT] 
2026-09-27 17:09:29,560 [ERROR] LogOutputStream:75 - [STDERR_REDIRECT] [Fatal Error] :1:1: Premature end of file.
2026-09-27 17:09:29,560 [ERROR] LogOutputStream:75 - [STDERR_REDIRECT] 
2026-09-27 17:09:30,555 [ERROR] LogOutputStream:75 - [STDERR_REDIRECT] [Fatal Error] :1:1: Premature end of file.
2026-09-27 17:09:30,555 [ERROR] LogOutputStream:75 - [STDERR_REDIRECT] 
2026-09-27 17:09:31,555 [ERROR] LogOutputStream:75 - [STDERR_REDIRECT] [Fatal Error] :1:1: Premature end of file.
2026-09-27 17:09:31,555 [ERROR] LogOutputStream:75 - [STDERR_REDIRECT] 
2026-09-27 17:09:32,556 [ERROR] LogOutputStream:75 - [STDERR_REDIRECT] [Fatal Error] :1:1: Premature end of file.
2026-09-27 17:09:32,556 [ERROR] LogOutputStream:75 - [STDERR_REDIRECT] 
2026-09-27 17:09:33,568 [ERROR] LogOutputStream:75 - [STDERR_REDIRECT] [Fatal Error] :1:1: Premature end of file.
2026-09-27 17:09:33,568 [ERROR] LogOutputStream:75 - [STDERR_REDIRECT] 
2026-09-27 17:09:34,559 [ERROR] LogOutputStream:75 - [STDERR_REDIRECT] [Fatal Error] :1:1: Premature end of file.
2026-09-27 17:09:34,559 [ERROR] LogOutputStream:75 - [STDERR_REDIRECT] 
2026-09-27 17:09:35,556 [ERROR] LogOutputStream:75 - [STDERR_REDIRECT] [Fatal Error] :1:1: Premature end of file.
2026-09-27 17:09:35,558 [ERROR] LogOutputStream:75 - [STDERR_REDIRECT] 
2026-09-27 17:09:36,554 [ERROR] LogOutputStream:75 - [STDERR_REDIRECT] [Fatal Error] :1:1: Premature end of file.
2026-09-27 17:09:36,555 [ERROR] LogOutputStream:75 - [STDERR_REDIRECT] 
2026-09-27 17:09:37,555 [ERROR] LogOutputStream:75 - [STDERR_REDIRECT] [Fatal Error] :1:1: Premature end of file.
2026-09-27 17:09:37,556 [ERROR] LogOutputStream:75 - [STDERR_REDIRECT] 
2026-09-27 17:09:38,554 [ERROR] LogOutputStream:75 - [STDERR_REDIRECT] [Fatal Error] :1:1: Premature end of file.
2026-09-27 17:09:38,554 [ERROR] LogOutputStream:75 - [STDERR_REDIRECT] 
2026-09-27 17:09:39,559 [ERROR] LogOutputStream:75 - [STDERR_REDIRECT] [Fatal Error] :1:1: Premature end of file.
2026-09-27 17:09:39,559 [ERROR] LogOutputStream:75 - [STDERR_REDIRECT] 
2026-09-27 17:09:40,566 [ERROR] LogOutputStream:75 - [STDERR_REDIRECT] [Fatal Error] :1:1: Premature end of file.
2026-09-27 17:09:40,566 [ERROR] LogOutputStream:75 - [STDERR_REDIRECT] 
2026-09-27 17:09:41,566 [ERROR] LogOutputStream:75 - [STDERR_REDIRECT] [Fatal Error] :1:1: Premature end of file.
2026-09-27 17:09:41,566 [ERROR] LogOutputStream:75 - [STDERR_REDIRECT] 
2026-09-27 17:09:42,563 [ERROR] LogOutputStream:75 - [STDERR_REDIRECT] [Fatal Error] :1:1: Premature end of file.
2026-09-27 17:09:42,563 [ERROR] LogOutputStream:75 - [STDERR_REDIRECT] 
2026-09-27 17:09:43,561 [ERROR] LogOutputStream:75 - [STDERR_REDIRECT] [Fatal Error] :1:1: Premature end of file.
2026-09-27 17:09:43,561 [ERROR] LogOutputStream:75 - [STDERR_REDIRECT] 
2026-09-27 17:09:44,560 [ERROR] LogOutputStream:75 - [STDERR_REDIRECT] [Fatal Error] :1:1: Premature end of file.
2026-09-27 17:09:44,560 [ERROR] LogOutputStream:75 - [STDERR_REDIRECT] 
2026-09-27 17:09:45,559 [ERROR] LogOutputStream:75 - [STDERR_REDIRECT] [Fatal Error] :1:1: Premature end of file.
2026-09-27 17:09:45,559 [ERROR] LogOutputStream:75 - [STDERR_REDIRECT] 
2026-09-27 17:09:46,570 [ERROR] LogOutputStream:75 - [STDERR_REDIRECT] [Fatal Error] :1:1: Premature end of file.
2026-09-27 17:09:46,570 [ERROR] LogOutputStream:75 - [STDERR_REDIRECT] 
2026-09-27 17:09:47,556 [ERROR] LogOutputStream:75 - [STDERR_REDIRECT] [Fatal Error] :1:1: Premature end of file.
2026-09-27 17:09:47,556 [ERROR] LogOutputStream:75 - [STDERR_REDIRECT] 
2026-09-27 17:09:48,559 [ERROR] LogOutputStream:75 - [STDERR_REDIRECT] [Fatal Error] :1:1: Premature end of file.
2026-09-27 17:09:48,559 [ERROR] LogOutputStream:75 - [STDERR_REDIRECT] 
2026-09-27 17:09:49,566 [ERROR] LogOutputStream:75 - [STDERR_REDIRECT] [Fatal Error] :1:1: Premature end of file.
2026-09-27 17:09:49,566 [ERROR] LogOutputStream:75 - [STDERR_REDIRECT] 
2026-09-27 17:09:50,556 [ERROR] LogOutputStream:75 - [STDERR_REDIRECT] [Fatal Error] :1:1: Premature end of file.
2026-09-27 17:09:50,556 [ERROR] LogOutputStream:75 - [STDERR_REDIRECT] 
2026-09-27 17:09:51,554 [ERROR] LogOutputStream:75 - [STDERR_REDIRECT] [Fatal Error] :1:1: Premature end of file.
2026-09-27 17:09:51,554 [ERROR] LogOutputStream:75 - [STDERR_REDIRECT] 
2026-09-27 17:09:52,555 [ERROR] LogOutputStream:75 - [STDERR_REDIRECT] [Fatal Error] :1:1: Premature end of file.
2026-09-27 17:09:52,555 [ERROR] LogOutputStream:75 - [STDERR_REDIRECT] 
2026-09-27 17:09:53,552 [ERROR] LogOutputStream:75 - [STDERR_REDIRECT] [Fatal Error] :1:1: Premature end of file.
2026-09-27 17:09:53,552 [ERROR] LogOutputStream:75 - [STDERR_REDIRECT] 
2026-09-27 17:09:54,559 [ERROR] LogOutputStream:75 - [STDERR_REDIRECT] [Fatal Error] :1:1: Premature end of file.
2026-09-27 17:09:54,559 [ERROR] LogOutputStream:75 - [STDERR_REDIRECT] 
2026-09-27 17:09:55,569 [ERROR] LogOutputStream:75 - [STDERR_REDIRECT] [Fatal Error] :1:1: Premature end of file.
2026-09-27 17:09:55,569 [ERROR] LogOutputStream:75 - [STDERR_REDIRECT] 
2026-09-27 17:09:56,555 [ERROR] LogOutputStream:75 - [STDERR_REDIRECT] [Fatal Error] :1:1: Premature end of file.
2026-09-27 17:09:56,555 [ERROR] LogOutputStream:75 - [STDERR_REDIRECT] 
2026-09-27 17:09:57,549 [ERROR] LogOutputStream:75 - [STDERR_REDIRECT] [Fatal Error] :1:1: Premature end of file.
2026-09-27 17:09:57,549 [ERROR] LogOutputStream:75 - [STDERR_REDIRECT] 
2026-09-27 17:09:58,557 [ERROR] LogOutputStream:75 - [STDERR_REDIRECT] [Fatal Error] :1:1: Premature end of file.
2026-09-27 17:09:58,557 [ERROR] LogOutputStream:75 - [STDERR_REDIRECT] 
2026-09-27 17:09:59,563 [ERROR] LogOutputStream:75 - [STDERR_REDIRECT] [Fatal Error] :1:1: Premature end of file.
2026-09-27 17:09:59,563 [ERROR] LogOutputStream:75 - [STDERR_REDIRECT] 
2026-09-27 17:10:00,559 [ERROR] LogOutputStream:75 - [STDERR_REDIRECT] [Fatal Error] :1:1: Premature end of file.
2026-09-27 17:10:00,559 [ERROR] LogOutputStream:75 - [STDERR_REDIRECT] 
2026-09-27 17:10:01,558 [ERROR] LogOutputStream:75 - [STDERR_REDIRECT] [Fatal Error] :1:1: Premature end of file.
2026-09-27 17:10:01,558 [ERROR] LogOutputStream:75 - [STDERR_REDIRECT] 
2026-09-27 17:10:02,559 [ERROR] LogOutputStream:75 - [STDERR_REDIRECT] [Fatal Error] :1:1: Premature end of file.
2026-09-27 17:10:02,559 [ERROR] LogOutputStream:75 - [STDERR_REDIRECT] 
2026-09-27 17:10:03,558 [ERROR] LogOutputStream:75 - [STDERR_REDIRECT] [Fatal Error] :1:1: Premature end of file.
2026-09-27 17:10:03,558 [ERROR] LogOutputStream:75 - [STDERR_REDIRECT] 
2026-09-27 17:10:04,567 [ERROR] LogOutputStream:75 - [STDERR_REDIRECT] [Fatal Error] :1:1: Premature end of file.
2026-09-27 17:10:04,567 [ERROR] LogOutputStream:75 - [STDERR_REDIRECT] 
2026-09-27 17:10:05,551 [ERROR] LogOutputStream:75 - [STDERR_REDIRECT] [Fatal Error] :1:1: Premature end of file.
2026-09-27 17:10:05,551 [ERROR] LogOutputStream:75 - [STDERR_REDIRECT] 
2026-09-27 17:10:06,559 [ERROR] LogOutputStream:75 - [STDERR_REDIRECT] [Fatal Error] :1:1: Premature end of file.
2026-09-27 17:10:06,559 [ERROR] LogOutputStream:75 - [STDERR_REDIRECT] 
2026-09-27 17:10:07,555 [ERROR] LogOutputStream:75 - [STDERR_REDIRECT] [Fatal Error] :1:1: Premature end of file.
2026-09-27 17:10:07,555 [ERROR] LogOutputStream:75 - [STDERR_REDIRECT] 
2026-09-27 17:10:08,549 [ERROR] LogOutputStream:75 - [STDERR_REDIRECT] [Fatal Error] :1:1: Premature end of file.
2026-09-27 17:10:08,549 [ERROR] LogOutputStream:75 - [STDERR_REDIRECT] 
2026-09-27 17:10:09,564 [ERROR] LogOutputStream:75 - [STDERR_REDIRECT] [Fatal Error] :1:1: Premature end of file.
2026-09-27 17:10:09,564 [ERROR] LogOutputStream:75 - [STDERR_REDIRECT] 
2026-09-27 17:10:10,555 [ERROR] LogOutputStream:75 - [STDERR_REDIRECT] [Fatal Error] :1:1: Premature end of file.
2026-09-27 17:10:10,555 [ERROR] LogOutputStream:75 - [STDERR_REDIRECT] 
2026-09-27 17:10:11,556 [ERROR] LogOutputStream:75 - [STDERR_REDIRECT] [Fatal Error] :1:1: Premature end of file.
2026-09-27 17:10:11,556 [ERROR] LogOutputStream:75 - [STDERR_REDIRECT] 
2026-09-27 17:10:12,560 [ERROR] LogOutputStream:75 - [STDERR_REDIRECT] [Fatal Error] :1:1: Premature end of file.
2026-09-27 17:10:12,560 [ERROR] LogOutputStream:75 - [STDERR_REDIRECT] 
2026-09-27 17:10:13,565 [ERROR] LogOutputStream:75 - [STDERR_REDIRECT] [Fatal Error] :1:1: Premature end of file.
2026-09-27 17:10:13,565 [ERROR] LogOutputStream:75 - [STDERR_REDIRECT] 
2026-09-27 17:10:14,564 [ERROR] LogOutputStream:75 - [STDERR_REDIRECT] [Fatal Error] :1:1: Premature end of file.
2026-09-27 17:10:14,564 [ERROR] LogOutputStream:75 - [STDERR_REDIRECT] 
2026-09-27 17:10:15,564 [ERROR] LogOutputStream:75 - [STDERR_REDIRECT] [Fatal Error] :1:1: Premature end of file.
2026-09-27 17:10:15,564 [ERROR] LogOutputStream:75 - [STDERR_REDIRECT] 
2026-09-27 17:10:16,564 [ERROR] LogOutputStream:75 - [STDERR_REDIRECT] [Fatal Error] :1:1: Premature end of file.
2026-09-27 17:10:16,564 [ERROR] LogOutputStream:75 - [STDERR_REDIRECT] 
2026-09-27 17:10:17,564 [ERROR] LogOutputStream:75 - [STDERR_REDIRECT] [Fatal Error] :1:1: Premature end of file.
2026-09-27 17:10:17,564 [ERROR] LogOutputStream:75 - [STDERR_REDIRECT] 
2026-09-27 17:10:18,562 [ERROR] LogOutputStream:75 - [STDERR_REDIRECT] [Fatal Error] :1:1: Premature end of file.
2026-09-27 17:10:18,563 [ERROR] LogOutputStream:75 - [STDERR_REDIRECT] 
2026-09-27 17:10:19,562 [ERROR] LogOutputStream:75 - [STDERR_REDIRECT] [Fatal Error] :1:1: Premature end of file.
2026-09-27 17:10:19,564 [ERROR] LogOutputStream:75 - [STDERR_REDIRECT] 
2026-09-27 17:10:20,559 [ERROR] LogOutputStream:75 - [STDERR_REDIRECT] [Fatal Error] :1:1: Premature end of file.
2026-09-27 17:10:20,559 [ERROR] LogOutputStream:75 - [STDERR_REDIRECT] 
2026-09-27 17:10:21,563 [ERROR] LogOutputStream:75 - [STDERR_REDIRECT] [Fatal Error] :1:1: Premature end of file.
2026-09-27 17:10:21,563 [ERROR] LogOutputStream:75 - [STDERR_REDIRECT] 
2026-09-27 17:10:22,561 [ERROR] LogOutputStream:75 - [STDERR_REDIRECT] [Fatal Error] :1:1: Premature end of file.
2026-09-27 17:10:22,561 [ERROR] LogOutputStream:75 - [STDERR_REDIRECT] 
2026-09-27 17:10:23,564 [ERROR] LogOutputStream:75 - [STDERR_REDIRECT] [Fatal Error] :1:1: Premature end of file.
2026-09-27 17:10:23,564 [ERROR] LogOutputStream:75 - [STDERR_REDIRECT] 
2026-09-27 17:10:24,563 [ERROR] LogOutputStream:75 - [STDERR_REDIRECT] [Fatal Error] :1:1: Premature end of file.
2026-09-27 17:10:24,564 [ERROR] LogOutputStream:75 - [STDERR_REDIRECT] 
2026-09-27 17:10:25,564 [ERROR] LogOutputStream:75 - [STDERR_REDIRECT] [Fatal Error] :1:1: Premature end of file.
2026-09-27 17:10:25,564 [ERROR] LogOutputStream:75 - [STDERR_REDIRECT] 
2026-09-27 17:10:26,558 [ERROR] LogOutputStream:75 - [STDERR_REDIRECT] [Fatal Error] :1:1: Premature end of file.
2026-09-27 17:10:26,558 [ERROR] LogOutputStream:75 - [STDERR_REDIRECT] 
2026-09-27 17:10:27,563 [ERROR] LogOutputStream:75 - [STDERR_REDIRECT] [Fatal Error] :1:1: Premature end of file.
2026-09-27 17:10:27,563 [ERROR] LogOutputStream:75 - [STDERR_REDIRECT] 
2026-09-27 17:10:28,563 [ERROR] LogOutputStream:75 - [STDERR_REDIRECT] [Fatal Error] :1:1: Premature end of file.
2026-09-27 17:10:28,563 [ERROR] LogOutputStream:75 - [STDERR_REDIRECT] 
2026-09-27 17:10:29,564 [ERROR] LogOutputStream:75 - [STDERR_REDIRECT] [Fatal Error] :1:1: Premature end of file.
2026-09-27 17:10:29,564 [ERROR] LogOutputStream:75 - [STDERR_REDIRECT] 
2026-09-27 17:10:30,564 [ERROR] LogOutputStream:75 - [STDERR_REDIRECT] [Fatal Error] :1:1: Premature end of file.
2026-09-27 17:10:30,564 [ERROR] LogOutputStream:75 - [STDERR_REDIRECT] 
2026-09-27 17:10:31,564 [ERROR] LogOutputStream:75 - [STDERR_REDIRECT] [Fatal Error] :1:1: Premature end of file.
2026-09-27 17:10:31,564 [ERROR] LogOutputStream:75 - [STDERR_REDIRECT] 
2026-09-27 17:10:32,563 [ERROR] LogOutputStream:75 - [STDERR_REDIRECT] [Fatal Error] :1:1: Premature end of file.
2026-09-27 17:10:32,563 [ERROR] LogOutputStream:75 - [STDERR_REDIRECT] 
2026-09-27 17:10:33,564 [ERROR] LogOutputStream:75 - [STDERR_REDIRECT] [Fatal Error] :1:1: Premature end of file.
2026-09-27 17:10:33,564 [ERROR] LogOutputStream:75 - [STDERR_REDIRECT] 
2026-09-27 17:10:34,566 [ERROR] LogOutputStream:75 - [STDERR_REDIRECT] [Fatal Error] :1:1: Premature end of file.
2026-09-27 17:10:34,566 [ERROR] LogOutputStream:75 - [STDERR_REDIRECT] 
2026-09-27 17:10:35,565 [ERROR] LogOutputStream:75 - [STDERR_REDIRECT] [Fatal Error] :1:1: Premature end of file.
2026-09-27 17:10:35,565 [ERROR] LogOutputStream:75 - [STDERR_REDIRECT] 
2026-09-27 17:10:36,564 [ERROR] LogOutputStream:75 - [STDERR_REDIRECT] [Fatal Error] :1:1: Premature end of file.
2026-09-27 17:10:36,564 [ERROR] LogOutputStream:75 - [STDERR_REDIRECT] 
2026-09-27 17:10:37,563 [ERROR] LogOutputStream:75 - [STDERR_REDIRECT] [Fatal Error] :1:1: Premature end of file.
2026-09-27 17:10:37,563 [ERROR] LogOutputStream:75 - [STDERR_REDIRECT] 
2026-09-27 17:10:38,556 [ERROR] LogOutputStream:75 - [STDERR_REDIRECT] [Fatal Error] :1:1: Premature end of file.
2026-09-27 17:10:38,556 [ERROR] LogOutputStream:75 - [STDERR_REDIRECT] 
2026-09-27 17:10:39,556 [ERROR] LogOutputStream:75 - [STDERR_REDIRECT] [Fatal Error] :1:1: Premature end of file.
2026-09-27 17:10:39,556 [ERROR] LogOutputStream:75 - [STDERR_REDIRECT] 
2026-09-27 17:10:40,559 [ERROR] LogOutputStream:75 - [STDERR_REDIRECT] [Fatal Error] :1:1: Premature end of file.
2026-09-27 17:10:40,559 [ERROR] LogOutputStream:75 - [STDERR_REDIRECT] 
2026-09-27 17:10:41,570 [ERROR] LogOutputStream:75 - [STDERR_REDIRECT] [Fatal Error] :1:1: Premature end of file.
2026-09-27 17:10:41,570 [ERROR] LogOutputStream:75 - [STDERR_REDIRECT] 
2026-09-27 17:10:42,562 [ERROR] LogOutputStream:75 - [STDERR_REDIRECT] [Fatal Error] :1:1: Premature end of file.
2026-09-27 17:10:42,562 [ERROR] LogOutputStream:75 - [STDERR_REDIRECT] 
2026-09-27 17:10:43,557 [ERROR] LogOutputStream:75 - [STDERR_REDIRECT] [Fatal Error] :1:1: Premature end of file.
2026-09-27 17:10:43,557 [ERROR] LogOutputStream:75 - [STDERR_REDIRECT] 
2026-09-27 17:10:44,554 [ERROR] LogOutputStream:75 - [STDERR_REDIRECT] [Fatal Error] :1:1: Premature end of file.
2026-09-27 17:10:44,554 [ERROR] LogOutputStream:75 - [STDERR_REDIRECT] 
2026-09-27 17:10:45,560 [ERROR] LogOutputStream:75 - [STDERR_REDIRECT] [Fatal Error] :1:1: Premature end of file.
2026-09-27 17:10:45,560 [ERROR] LogOutputStream:75 - [STDERR_REDIRECT] 
2026-09-27 17:10:46,558 [ERROR] LogOutputStream:75 - [STDERR_REDIRECT] [Fatal Error] :1:1: Premature end of file.
2026-09-27 17:10:46,558 [ERROR] LogOutputStream:75 - [STDERR_REDIRECT] 
2026-09-27 17:10:47,562 [ERROR] LogOutputStream:75 - [STDERR_REDIRECT] [Fatal Error] :1:1: Premature end of file.
2026-09-27 17:10:47,562 [ERROR] LogOutputStream:75 - [STDERR_REDIRECT] 
2026-09-27 17:10:48,559 [ERROR] LogOutputStream:75 - [STDERR_REDIRECT] [Fatal Error] :1:1: Premature end of file.
2026-09-27 17:10:48,559 [ERROR] LogOutputStream:75 - [STDERR_REDIRECT] 
2026-09-27 17:10:49,556 [ERROR] LogOutputStream:75 - [STDERR_REDIRECT] [Fatal Error] :1:1: Premature end of file.
2026-09-27 17:10:49,556 [ERROR] LogOutputStream:75 - [STDERR_REDIRECT] 
2026-09-27 17:10:50,557 [ERROR] LogOutputStream:75 - [STDERR_REDIRECT] [Fatal Error] :1:1: Premature end of file.
2026-09-27 17:10:50,557 [ERROR] LogOutputStream:75 - [STDERR_REDIRECT] 
2026-09-27 17:10:51,558 [ERROR] LogOutputStream:75 - [STDERR_REDIRECT] [Fatal Error] :1:1: Premature end of file.
2026-09-27 17:10:51,558 [ERROR] LogOutputStream:75 - [STDERR_REDIRECT] 
2026-09-27 17:10:52,556 [ERROR] LogOutputStream:75 - [STDERR_REDIRECT] [Fatal Error] :1:1: Premature end of file.
2026-09-27 17:10:52,556 [ERROR] LogOutputStream:75 - [STDERR_REDIRECT] 
2026-09-27 17:10:53,557 [ERROR] LogOutputStream:75 - [STDERR_REDIRECT] [Fatal Error] :1:1: Premature end of file.
2026-09-27 17:10:53,557 [ERROR] LogOutputStream:75 - [STDERR_REDIRECT] 
2026-09-27 17:10:54,556 [ERROR] LogOutputStream:75 - [STDERR_REDIRECT] [Fatal Error] :1:1: Premature end of file.
2026-09-27 17:10:54,556 [ERROR] LogOutputStream:75 - [STDERR_REDIRECT] 
2026-09-27 17:10:55,556 [ERROR] LogOutputStream:75 - [STDERR_REDIRECT] [Fatal Error] :1:1: Premature end of file.
2026-09-27 17:10:55,556 [ERROR] LogOutputStream:75 - [STDERR_REDIRECT] 
2026-09-27 17:10:56,558 [ERROR] LogOutputStream:75 - [STDERR_REDIRECT] [Fatal Error] :1:1: Premature end of file.
2026-09-27 17:10:56,558 [ERROR] LogOutputStream:75 - [STDERR_REDIRECT] 
2026-09-27 17:10:57,556 [ERROR] LogOutputStream:75 - [STDERR_REDIRECT] [Fatal Error] :1:1: Premature end of file.
2026-09-27 17:10:57,556 [ERROR] LogOutputStream:75 - [STDERR_REDIRECT] 
2026-09-27 17:10:58,555 [ERROR] LogOutputStream:75 - [STDERR_REDIRECT] [Fatal Error] :1:1: Premature end of file.
2026-09-27 17:10:58,555 [ERROR] LogOutputStream:75 - [STDERR_REDIRECT] 
2026-09-27 17:10:59,560 [ERROR] LogOutputStream:75 - [STDERR_REDIRECT] [Fatal Error] :1:1: Premature end of file.
2026-09-27 17:10:59,560 [ERROR] LogOutputStream:75 - [STDERR_REDIRECT] 
2026-09-27 17:11:00,556 [ERROR] LogOutputStream:75 - [STDERR_REDIRECT] [Fatal Error] :1:1: Premature end of file.
2026-09-27 17:11:00,556 [ERROR] LogOutputStream:75 - [STDERR_REDIRECT] 
2026-09-27 17:11:01,555 [ERROR] LogOutputStream:75 - [STDERR_REDIRECT] [Fatal Error] :1:1: Premature end of file.
2026-09-27 17:11:01,556 [ERROR] LogOutputStream:75 - [STDERR_REDIRECT] 
2026-09-27 17:11:02,556 [ERROR] LogOutputStream:75 - [STDERR_REDIRECT] [Fatal Error] :1:1: Premature end of file.
2026-09-27 17:11:02,556 [ERROR] LogOutputStream:75 - [STDERR_REDIRECT] 
2026-09-27 17:11:03,556 [ERROR] LogOutputStream:75 - [STDERR_REDIRECT] [Fatal Error] :1:1: Premature end of file.
2026-09-27 17:11:03,556 [ERROR] LogOutputStream:75 - [STDERR_REDIRECT] 
2026-09-27 17:11:04,556 [ERROR] LogOutputStream:75 - [STDERR_REDIRECT] [Fatal Error] :1:1: Premature end of file.
2026-09-27 17:11:04,556 [ERROR] LogOutputStream:75 - [STDERR_REDIRECT] 
2026-09-27 17:11:05,558 [ERROR] LogOutputStream:75 - [STDERR_REDIRECT] [Fatal Error] :1:1: Premature end of file.
2026-09-27 17:11:05,558 [ERROR] LogOutputStream:75 - [STDERR_REDIRECT] 
2026-09-27 17:11:06,567 [ERROR] LogOutputStream:75 - [STDERR_REDIRECT] [Fatal Error] :1:1: Premature end of file.
2026-09-27 17:11:06,567 [ERROR] LogOutputStream:75 - [STDERR_REDIRECT] 
2026-09-27 17:11:07,555 [ERROR] LogOutputStream:75 - [STDERR_REDIRECT] [Fatal Error] :1:1: Premature end of file.
2026-09-27 17:11:07,555 [ERROR] LogOutputStream:75 - [STDERR_REDIRECT] 
2026-09-27 17:11:08,556 [ERROR] LogOutputStream:75 - [STDERR_REDIRECT] [Fatal Error] :1:1: Premature end of file.
2026-09-27 17:11:08,556 [ERROR] LogOutputStream:75 - [STDERR_REDIRECT] 
2026-09-27 17:11:09,558 [ERROR] LogOutputStream:75 - [STDERR_REDIRECT] [Fatal Error] :1:1: Premature end of file.
2026-09-27 17:11:09,558 [ERROR] LogOutputStream:75 - [STDERR_REDIRECT] 
2026-09-27 17:11:10,227 [INFO] LogOutputStream:77 - [STDOUT_REDIRECT] StartTraceHandler.execute(), success : Collect=true
2026-09-27 17:11:10,556 [ERROR] LogOutputStream:75 - [STDERR_REDIRECT] [Fatal Error] :1:1: Premature end of file.
2026-09-27 17:11:10,556 [ERROR] LogOutputStream:75 - [STDERR_REDIRECT] 
2026-09-27 17:11:11,557 [ERROR] LogOutputStream:75 - [STDERR_REDIRECT] [Fatal Error] :1:1: Premature end of file.
2026-09-27 17:11:11,557 [ERROR] LogOutputStream:75 - [STDERR_REDIRECT] 
2026-09-27 17:11:12,554 [ERROR] LogOutputStream:75 - [STDERR_REDIRECT] [Fatal Error] :1:1: Premature end of file.
2026-09-27 17:11:12,554 [ERROR] LogOutputStream:75 - [STDERR_REDIRECT] 
2026-09-27 17:11:13,555 [ERROR] LogOutputStream:75 - [STDERR_REDIRECT] [Fatal Error] :1:1: Premature end of file.
2026-09-27 17:11:13,555 [ERROR] LogOutputStream:75 - [STDERR_REDIRECT] 
2026-09-27 17:11:14,554 [ERROR] LogOutputStream:75 - [STDERR_REDIRECT] [Fatal Error] :1:1: Premature end of file.
2026-09-27 17:11:14,554 [ERROR] LogOutputStream:75 - [STDERR_REDIRECT] 
2026-09-27 17:11:15,550 [ERROR] LogOutputStream:75 - [STDERR_REDIRECT] [Fatal Error] :1:1: Premature end of file.
2026-09-27 17:11:15,550 [ERROR] LogOutputStream:75 - [STDERR_REDIRECT] 
2026-09-27 17:11:16,567 [ERROR] LogOutputStream:75 - [STDERR_REDIRECT] [Fatal Error] :1:1: Premature end of file.
2026-09-27 17:11:16,567 [ERROR] LogOutputStream:75 - [STDERR_REDIRECT] 
2026-09-27 17:11:17,554 [ERROR] LogOutputStream:75 - [STDERR_REDIRECT] [Fatal Error] :1:1: Premature end of file.
2026-09-27 17:11:17,554 [ERROR] LogOutputStream:75 - [STDERR_REDIRECT] 
2026-09-27 17:11:18,554 [ERROR] LogOutputStream:75 - [STDERR_REDIRECT] [Fatal Error] :1:1: Premature end of file.
2026-09-27 17:11:18,554 [ERROR] LogOutputStream:75 - [STDERR_REDIRECT] 
2026-09-27 17:11:19,551 [ERROR] LogOutputStream:75 - [STDERR_REDIRECT] [Fatal Error] :1:1: Premature end of file.
2026-09-27 17:11:19,557 [ERROR] LogOutputStream:75 - [STDERR_REDIRECT] 
2026-09-27 17:11:20,547 [ERROR] LogOutputStream:75 - [STDERR_REDIRECT] [Fatal Error] :1:1: Premature end of file.
2026-09-27 17:11:20,547 [ERROR] LogOutputStream:75 - [STDERR_REDIRECT] 
2026-09-27 17:11:21,563 [ERROR] LogOutputStream:75 - [STDERR_REDIRECT] [Fatal Error] :1:1: Premature end of file.
2026-09-27 17:11:21,563 [ERROR] LogOutputStream:75 - [STDERR_REDIRECT] 
2026-09-27 17:11:22,554 [ERROR] LogOutputStream:75 - [STDERR_REDIRECT] [Fatal Error] :1:1: Premature end of file.
2026-09-27 17:11:22,554 [ERROR] LogOutputStream:75 - [STDERR_REDIRECT] 
2026-09-27 17:11:23,560 [ERROR] LogOutputStream:75 - [STDERR_REDIRECT] [Fatal Error] :1:1: Premature end of file.
2026-09-27 17:11:23,560 [ERROR] LogOutputStream:75 - [STDERR_REDIRECT] 
2026-09-27 17:11:24,555 [ERROR] LogOutputStream:75 - [STDERR_REDIRECT] [Fatal Error] :1:1: Premature end of file.
2026-09-27 17:11:24,555 [ERROR] LogOutputStream:75 - [STDERR_REDIRECT] 
2026-09-27 17:11:25,552 [ERROR] LogOutputStream:75 - [STDERR_REDIRECT] [Fatal Error] :1:1: Premature end of file.
2026-09-27 17:11:25,552 [ERROR] LogOutputStream:75 - [STDERR_REDIRECT] 
2026-09-27 17:11:26,557 [ERROR] LogOutputStream:75 - [STDERR_REDIRECT] [Fatal Error] :1:1: Premature end of file.
2026-09-27 17:11:26,557 [ERROR] LogOutputStream:75 - [STDERR_REDIRECT] 
2026-09-27 17:11:27,548 [ERROR] LogOutputStream:75 - [STDERR_REDIRECT] [Fatal Error] :1:1: Premature end of file.
2026-09-27 17:11:27,557 [ERROR] LogOutputStream:75 - [STDERR_REDIRECT] 
2026-09-27 17:11:28,554 [ERROR] LogOutputStream:75 - [STDERR_REDIRECT] [Fatal Error] :1:1: Premature end of file.
2026-09-27 17:11:28,554 [ERROR] LogOutputStream:75 - [STDERR_REDIRECT] 
2026-09-27 17:11:29,555 [ERROR] LogOutputStream:75 - [STDERR_REDIRECT] [Fatal Error] :1:1: Premature end of file.
2026-09-27 17:11:29,555 [ERROR] LogOutputStream:75 - [STDERR_REDIRECT] 
2026-09-27 17:11:30,560 [ERROR] LogOutputStream:75 - [STDERR_REDIRECT] [Fatal Error] :1:1: Premature end of file.
2026-09-27 17:11:30,560 [ERROR] LogOutputStream:75 - [STDERR_REDIRECT] 
2026-09-27 17:11:31,561 [ERROR] LogOutputStream:75 - [STDERR_REDIRECT] [Fatal Error] :1:1: Premature end of file.
2026-09-27 17:11:31,561 [ERROR] LogOutputStream:75 - [STDERR_REDIRECT] 
2026-09-27 17:11:32,549 [ERROR] LogOutputStream:75 - [STDERR_REDIRECT] [Fatal Error] :1:1: Premature end of file.
2026-09-27 17:11:32,549 [ERROR] LogOutputStream:75 - [STDERR_REDIRECT] 
2026-09-27 17:11:33,553 [ERROR] LogOutputStream:75 - [STDERR_REDIRECT] [Fatal Error] :1:1: Premature end of file.
2026-09-27 17:11:33,553 [ERROR] LogOutputStream:75 - [STDERR_REDIRECT] 
2026-09-27 17:11:34,565 [ERROR] LogOutputStream:75 - [STDERR_REDIRECT] [Fatal Error] :1:1: Premature end of file.
2026-09-27 17:11:34,565 [ERROR] LogOutputStream:75 - [STDERR_REDIRECT] 
2026-09-27 17:11:35,555 [ERROR] LogOutputStream:75 - [STDERR_REDIRECT] [Fatal Error] :1:1: Premature end of file.
2026-09-27 17:11:35,555 [ERROR] LogOutputStream:75 - [STDERR_REDIRECT] 
2026-09-27 17:11:36,547 [ERROR] LogOutputStream:75 - [STDERR_REDIRECT] [Fatal Error] :1:1: Premature end of file.
2026-09-27 17:11:36,547 [ERROR] LogOutputStream:75 - [STDERR_REDIRECT] 
2026-09-27 17:11:37,566 [ERROR] LogOutputStream:75 - [STDERR_REDIRECT] [Fatal Error] :1:1: Premature end of file.
2026-09-27 17:11:37,568 [ERROR] LogOutputStream:75 - [STDERR_REDIRECT] 
2026-09-27 17:11:38,554 [ERROR] LogOutputStream:75 - [STDERR_REDIRECT] [Fatal Error] :1:1: Premature end of file.
2026-09-27 17:11:38,554 [ERROR] LogOutputStream:75 - [STDERR_REDIRECT] 
2026-09-27 17:11:39,555 [ERROR] LogOutputStream:75 - [STDERR_REDIRECT] [Fatal Error] :1:1: Premature end of file.
2026-09-27 17:11:39,555 [ERROR] LogOutputStream:75 - [STDERR_REDIRECT] 
2026-09-27 17:11:40,550 [ERROR] LogOutputStream:75 - [STDERR_REDIRECT] [Fatal Error] :1:1: Premature end of file.
2026-09-27 17:11:40,555 [ERROR] LogOutputStream:75 - [STDERR_REDIRECT] 
2026-09-27 17:11:41,553 [ERROR] LogOutputStream:75 - [STDERR_REDIRECT] [Fatal Error] :1:1: Premature end of file.
2026-09-27 17:11:41,553 [ERROR] LogOutputStream:75 - [STDERR_REDIRECT] 
2026-09-27 17:11:42,553 [ERROR] LogOutputStream:75 - [STDERR_REDIRECT] [Fatal Error] :1:1: Premature end of file.
2026-09-27 17:11:42,553 [ERROR] LogOutputStream:75 - [STDERR_REDIRECT] 
2026-09-27 17:11:43,559 [ERROR] LogOutputStream:75 - [STDERR_REDIRECT] [Fatal Error] :1:1: Premature end of file.
2026-09-27 17:11:43,559 [ERROR] LogOutputStream:75 - [STDERR_REDIRECT] 
2026-09-27 17:11:44,558 [ERROR] LogOutputStream:75 - [STDERR_REDIRECT] [Fatal Error] :1:1: Premature end of file.
2026-09-27 17:11:44,558 [ERROR] LogOutputStream:75 - [STDERR_REDIRECT] 
2026-09-27 17:11:45,554 [ERROR] LogOutputStream:75 - [STDERR_REDIRECT] [Fatal Error] :1:1: Premature end of file.
2026-09-27 17:11:45,554 [ERROR] LogOutputStream:75 - [STDERR_REDIRECT] 
2026-09-27 17:11:46,556 [ERROR] LogOutputStream:75 - [STDERR_REDIRECT] [Fatal Error] :1:1: Premature end of file.
2026-09-27 17:11:46,556 [ERROR] LogOutputStream:75 - [STDERR_REDIRECT] 
2026-09-27 17:11:47,555 [ERROR] LogOutputStream:75 - [STDERR_REDIRECT] [Fatal Error] :1:1: Premature end of file.
2026-09-27 17:11:47,555 [ERROR] LogOutputStream:75 - [STDERR_REDIRECT] 
2026-09-27 17:11:48,550 [ERROR] LogOutputStream:75 - [STDERR_REDIRECT] [Fatal Error] :1:1: Premature end of file.
2026-09-27 17:11:48,550 [ERROR] LogOutputStream:75 - [STDERR_REDIRECT] 
2026-09-27 17:11:49,587 [ERROR] LogOutputStream:75 - [STDERR_REDIRECT] [Fatal Error] :1:1: Premature end of file.
2026-09-27 17:11:49,587 [ERROR] LogOutputStream:75 - [STDERR_REDIRECT] 
2026-09-27 17:11:50,554 [ERROR] LogOutputStream:75 - [STDERR_REDIRECT] [Fatal Error] :1:1: Premature end of file.
2026-09-27 17:11:50,554 [ERROR] LogOutputStream:75 - [STDERR_REDIRECT] 
2026-09-27 17:11:51,556 [ERROR] LogOutputStream:75 - [STDERR_REDIRECT] [Fatal Error] :1:1: Premature end of file.
2026-09-27 17:11:51,556 [ERROR] LogOutputStream:75 - [STDERR_REDIRECT] 
2026-09-27 17:11:52,557 [ERROR] LogOutputStream:75 - [STDERR_REDIRECT] [Fatal Error] :1:1: Premature end of file.
2026-09-27 17:11:52,557 [ERROR] LogOutputStream:75 - [STDERR_REDIRECT] 
2026-09-27 17:11:53,550 [ERROR] LogOutputStream:75 - [STDERR_REDIRECT] [Fatal Error] :1:1: Premature end of file.
2026-09-27 17:11:53,550 [ERROR] LogOutputStream:75 - [STDERR_REDIRECT] 
2026-09-27 17:11:54,554 [ERROR] LogOutputStream:75 - [STDERR_REDIRECT] [Fatal Error] :1:1: Premature end of file.
2026-09-27 17:11:54,554 [ERROR] LogOutputStream:75 - [STDERR_REDIRECT] 
2026-09-27 17:11:55,558 [ERROR] LogOutputStream:75 - [STDERR_REDIRECT] [Fatal Error] :1:1: Premature end of file.
2026-09-27 17:11:55,558 [ERROR] LogOutputStream:75 - [STDERR_REDIRECT] 
2026-09-27 17:11:56,554 [ERROR] LogOutputStream:75 - [STDERR_REDIRECT] [Fatal Error] :1:1: Premature end of file.
2026-09-27 17:11:56,554 [ERROR] LogOutputStream:75 - [STDERR_REDIRECT] 
2026-09-27 17:11:57,551 [ERROR] LogOutputStream:75 - [STDERR_REDIRECT] [Fatal Error] :1:1: Premature end of file.
2026-09-27 17:11:57,551 [ERROR] LogOutputStream:75 - [STDERR_REDIRECT] 
2026-09-27 17:11:58,554 [ERROR] LogOutputStream:75 - [STDERR_REDIRECT] [Fatal Error] :1:1: Premature end of file.
2026-09-27 17:11:58,554 [ERROR] LogOutputStream:75 - [STDERR_REDIRECT] 
2026-09-27 17:11:59,440 [INFO] LogOutputStream:77 - [STDOUT_REDIRECT] StartTraceHandler.execute(), success : Collect=false
2026-09-27 17:11:59,553 [ERROR] LogOutputStream:75 - [STDERR_REDIRECT] [Fatal Error] :1:1: Premature end of file.
2026-09-27 17:11:59,553 [ERROR] LogOutputStream:75 - [STDERR_REDIRECT] 
2026-09-27 17:12:00,547 [ERROR] LogOutputStream:75 - [STDERR_REDIRECT] [Fatal Error] :1:1: Premature end of file.
2026-09-27 17:12:00,547 [ERROR] LogOutputStream:75 - [STDERR_REDIRECT] 
2026-09-27 17:12:01,561 [ERROR] LogOutputStream:75 - [STDERR_REDIRECT] [Fatal Error] :1:1: Premature end of file.
2026-09-27 17:12:01,561 [ERROR] LogOutputStream:75 - [STDERR_REDIRECT] 
2026-09-27 17:12:02,549 [ERROR] LogOutputStream:75 - [STDERR_REDIRECT] [Fatal Error] :1:1: Premature end of file.
2026-09-27 17:12:02,549 [ERROR] LogOutputStream:75 - [STDERR_REDIRECT] 
2026-09-27 17:12:03,197 [INFO] LogOutputStream:77 - [STDOUT_REDIRECT] StartTraceHandler.execute(), success : Collect=true
2026-09-27 17:12:03,555 [ERROR] LogOutputStream:75 - [STDERR_REDIRECT] [Fatal Error] :1:1: Premature end of file.
2026-09-27 17:12:03,561 [ERROR] LogOutputStream:75 - [STDERR_REDIRECT] 
2026-09-27 17:12:04,555 [ERROR] LogOutputStream:75 - [STDERR_REDIRECT] [Fatal Error] :1:1: Premature end of file.
2026-09-27 17:12:04,555 [ERROR] LogOutputStream:75 - [STDERR_REDIRECT] 
2026-09-27 17:12:05,553 [ERROR] LogOutputStream:75 - [STDERR_REDIRECT] [Fatal Error] :1:1: Premature end of file.
2026-09-27 17:12:05,553 [ERROR] LogOutputStream:75 - [STDERR_REDIRECT] 
2026-09-27 17:12:06,552 [ERROR] LogOutputStream:75 - [STDERR_REDIRECT] [Fatal Error] :1:1: Premature end of file.
2026-09-27 17:12:06,552 [ERROR] LogOutputStream:75 - [STDERR_REDIRECT] 
2026-09-27 17:12:07,550 [ERROR] LogOutputStream:75 - [STDERR_REDIRECT] [Fatal Error] :1:1: Premature end of file.
2026-09-27 17:12:07,550 [ERROR] LogOutputStream:75 - [STDERR_REDIRECT] 
2026-09-27 17:12:08,551 [ERROR] LogOutputStream:75 - [STDERR_REDIRECT] [Fatal Error] :1:1: Premature end of file.
2026-09-27 17:12:08,551 [ERROR] LogOutputStream:75 - [STDERR_REDIRECT] 
2026-09-27 17:12:09,563 [ERROR] LogOutputStream:75 - [STDERR_REDIRECT] [Fatal Error] :1:1: Premature end of file.
2026-09-27 17:12:09,563 [ERROR] LogOutputStream:75 - [STDERR_REDIRECT] 
2026-09-27 17:12:10,555 [ERROR] LogOutputStream:75 - [STDERR_REDIRECT] [Fatal Error] :1:1: Premature end of file.
2026-09-27 17:12:10,555 [ERROR] LogOutputStream:75 - [STDERR_REDIRECT] 
2026-09-27 17:12:11,556 [ERROR] LogOutputStream:75 - [STDERR_REDIRECT] [Fatal Error] :1:1: Premature end of file.
2026-09-27 17:12:11,556 [ERROR] LogOutputStream:75 - [STDERR_REDIRECT] 
2026-09-27 17:12:12,557 [ERROR] LogOutputStream:75 - [STDERR_REDIRECT] [Fatal Error] :1:1: Premature end of file.
2026-09-27 17:12:12,557 [ERROR] LogOutputStream:75 - [STDERR_REDIRECT] 
2026-09-27 17:12:13,556 [ERROR] LogOutputStream:75 - [STDERR_REDIRECT] [Fatal Error] :1:1: Premature end of file.
2026-09-27 17:12:13,556 [ERROR] LogOutputStream:75 - [STDERR_REDIRECT] 
2026-09-27 17:12:14,555 [ERROR] LogOutputStream:75 - [STDERR_REDIRECT] [Fatal Error] :1:1: Premature end of file.
2026-09-27 17:12:14,555 [ERROR] LogOutputStream:75 - [STDERR_REDIRECT] 
2026-09-27 17:12:15,553 [ERROR] LogOutputStream:75 - [STDERR_REDIRECT] [Fatal Error] :1:1: Premature end of file.
2026-09-27 17:12:15,553 [ERROR] LogOutputStream:75 - [STDERR_REDIRECT] 
2026-09-27 17:12:16,554 [ERROR] LogOutputStream:75 - [STDERR_REDIRECT] [Fatal Error] :1:1: Premature end of file.
2026-09-27 17:12:16,554 [ERROR] LogOutputStream:75 - [STDERR_REDIRECT] 
2026-09-27 17:12:17,555 [ERROR] LogOutputStream:75 - [STDERR_REDIRECT] [Fatal Error] :1:1: Premature end of file.
2026-09-27 17:12:17,555 [ERROR] LogOutputStream:75 - [STDERR_REDIRECT] 
2026-09-27 17:12:17,615 [INFO] LogOutputStream:77 - [STDOUT_REDIRECT] StartTraceHandler.execute(), success : Collect=false
2026-09-27 17:12:18,555 [ERROR] LogOutputStream:75 - [STDERR_REDIRECT] [Fatal Error] :1:1: Premature end of file.
2026-09-27 17:12:18,555 [ERROR] LogOutputStream:75 - [STDERR_REDIRECT] 
2026-09-27 17:12:19,558 [ERROR] LogOutputStream:75 - [STDERR_REDIRECT] [Fatal Error] :1:1: Premature end of file.
2026-09-27 17:12:19,558 [ERROR] LogOutputStream:75 - [STDERR_REDIRECT] 
2026-09-27 17:12:20,559 [ERROR] LogOutputStream:75 - [STDERR_REDIRECT] [Fatal Error] :1:1: Premature end of file.
2026-09-27 17:12:20,559 [ERROR] LogOutputStream:75 - [STDERR_REDIRECT] 
2026-09-27 17:12:21,562 [ERROR] LogOutputStream:75 - [STDERR_REDIRECT] [Fatal Error] :1:1: Premature end of file.
2026-09-27 17:12:21,562 [ERROR] LogOutputStream:75 - [STDERR_REDIRECT] 
2026-09-27 17:12:22,557 [ERROR] LogOutputStream:75 - [STDERR_REDIRECT] [Fatal Error] :1:1: Premature end of file.
2026-09-27 17:12:22,557 [ERROR] LogOutputStream:75 - [STDERR_REDIRECT] 
2026-09-27 17:12:23,570 [ERROR] LogOutputStream:75 - [STDERR_REDIRECT] [Fatal Error] :1:1: Premature end of file.
2026-09-27 17:12:23,570 [ERROR] LogOutputStream:75 - [STDERR_REDIRECT] 
2026-09-27 17:12:24,559 [ERROR] LogOutputStream:75 - [STDERR_REDIRECT] [Fatal Error] :1:1: Premature end of file.
2026-09-27 17:12:24,563 [ERROR] LogOutputStream:75 - [STDERR_REDIRECT] 
2026-09-27 17:12:25,555 [ERROR] LogOutputStream:75 - [STDERR_REDIRECT] [Fatal Error] :1:1: Premature end of file.
2026-09-27 17:12:25,555 [ERROR] LogOutputStream:75 - [STDERR_REDIRECT] 
2026-09-27 17:12:26,569 [ERROR] LogOutputStream:75 - [STDERR_REDIRECT] [Fatal Error] :1:1: Premature end of file.
2026-09-27 17:12:26,570 [ERROR] LogOutputStream:75 - [STDERR_REDIRECT] 
2026-09-27 17:12:27,559 [ERROR] LogOutputStream:75 - [STDERR_REDIRECT] [Fatal Error] :1:1: Premature end of file.
2026-09-27 17:12:27,559 [ERROR] LogOutputStream:75 - [STDERR_REDIRECT] 
2026-09-27 17:12:28,569 [ERROR] LogOutputStream:75 - [STDERR_REDIRECT] [Fatal Error] :1:1: Premature end of file.
2026-09-27 17:12:28,569 [ERROR] LogOutputStream:75 - [STDERR_REDIRECT] 
2026-09-27 17:12:29,560 [ERROR] LogOutputStream:75 - [STDERR_REDIRECT] [Fatal Error] :1:1: Premature end of file.
2026-09-27 17:12:29,560 [ERROR] LogOutputStream:75 - [STDERR_REDIRECT] 
2026-09-27 17:12:30,560 [ERROR] LogOutputStream:75 - [STDERR_REDIRECT] [Fatal Error] :1:1: Premature end of file.
2026-09-27 17:12:30,561 [ERROR] LogOutputStream:75 - [STDERR_REDIRECT] 
2026-09-27 17:12:31,556 [ERROR] LogOutputStream:75 - [STDERR_REDIRECT] [Fatal Error] :1:1: Premature end of file.
2026-09-27 17:12:31,556 [ERROR] LogOutputStream:75 - [STDERR_REDIRECT] 
2026-09-27 17:12:32,575 [ERROR] LogOutputStream:75 - [STDERR_REDIRECT] [Fatal Error] :1:1: Premature end of file.
2026-09-27 17:12:32,576 [ERROR] LogOutputStream:75 - [STDERR_REDIRECT] 
2026-09-27 17:12:33,567 [ERROR] LogOutputStream:75 - [STDERR_REDIRECT] [Fatal Error] :1:1: Premature end of file.
2026-09-27 17:12:33,567 [ERROR] LogOutputStream:75 - [STDERR_REDIRECT] 
2026-09-27 17:12:34,555 [ERROR] LogOutputStream:75 - [STDERR_REDIRECT] [Fatal Error] :1:1: Premature end of file.
2026-09-27 17:12:34,555 [ERROR] LogOutputStream:75 - [STDERR_REDIRECT] 
2026-09-27 17:12:34,860 [INFO] LogOutputStream:77 - [STDOUT_REDIRECT] StartTraceHandler.execute(), success : Collect=true
2026-09-27 17:12:35,555 [ERROR] LogOutputStream:75 - [STDERR_REDIRECT] [Fatal Error] :1:1: Premature end of file.
2026-09-27 17:12:35,555 [ERROR] LogOutputStream:75 - [STDERR_REDIRECT] 
2026-09-27 17:12:36,554 [ERROR] LogOutputStream:75 - [STDERR_REDIRECT] [Fatal Error] :1:1: Premature end of file.
2026-09-27 17:12:36,554 [ERROR] LogOutputStream:75 - [STDERR_REDIRECT] 
2026-09-27 17:12:37,554 [ERROR] LogOutputStream:75 - [STDERR_REDIRECT] [Fatal Error] :1:1: Premature end of file.
2026-09-27 17:12:37,554 [ERROR] LogOutputStream:75 - [STDERR_REDIRECT] 
2026-09-27 17:12:38,554 [ERROR] LogOutputStream:75 - [STDERR_REDIRECT] [Fatal Error] :1:1: Premature end of file.
2026-09-27 17:12:38,554 [ERROR] LogOutputStream:75 - [STDERR_REDIRECT] 
2026-09-27 17:12:39,553 [ERROR] LogOutputStream:75 - [STDERR_REDIRECT] [Fatal Error] :1:1: Premature end of file.
2026-09-27 17:12:39,553 [ERROR] LogOutputStream:75 - [STDERR_REDIRECT] 
2026-09-27 17:12:40,554 [ERROR] LogOutputStream:75 - [STDERR_REDIRECT] [Fatal Error] :1:1: Premature end of file.
2026-09-27 17:12:40,554 [ERROR] LogOutputStream:75 - [STDERR_REDIRECT] 
2026-09-27 17:12:41,552 [ERROR] LogOutputStream:75 - [STDERR_REDIRECT] [Fatal Error] :1:1: Premature end of file.
2026-09-27 17:12:41,552 [ERROR] LogOutputStream:75 - [STDERR_REDIRECT] 
2026-09-27 17:12:42,555 [ERROR] LogOutputStream:75 - [STDERR_REDIRECT] [Fatal Error] :1:1: Premature end of file.
2026-09-27 17:12:42,555 [ERROR] LogOutputStream:75 - [STDERR_REDIRECT] 
2026-09-27 17:12:43,553 [ERROR] LogOutputStream:75 - [STDERR_REDIRECT] [Fatal Error] :1:1: Premature end of file.
2026-09-27 17:12:43,553 [ERROR] LogOutputStream:75 - [STDERR_REDIRECT] 
2026-09-27 17:12:44,557 [ERROR] LogOutputStream:75 - [STDERR_REDIRECT] [Fatal Error] :1:1: Premature end of file.
2026-09-27 17:12:44,557 [ERROR] LogOutputStream:75 - [STDERR_REDIRECT] 
2026-09-27 17:12:45,558 [ERROR] LogOutputStream:75 - [STDERR_REDIRECT] [Fatal Error] :1:1: Premature end of file.
2026-09-27 17:12:45,558 [ERROR] LogOutputStream:75 - [STDERR_REDIRECT] 
2026-09-27 17:12:46,555 [ERROR] LogOutputStream:75 - [STDERR_REDIRECT] [Fatal Error] :1:1: Premature end of file.
2026-09-27 17:12:46,555 [ERROR] LogOutputStream:75 - [STDERR_REDIRECT] 
2026-09-27 17:12:47,557 [ERROR] LogOutputStream:75 - [STDERR_REDIRECT] [Fatal Error] :1:1: Premature end of file.
2026-09-27 17:12:47,557 [ERROR] LogOutputStream:75 - [STDERR_REDIRECT] 
2026-09-27 17:12:48,566 [ERROR] LogOutputStream:75 - [STDERR_REDIRECT] [Fatal Error] :1:1: Premature end of file.
2026-09-27 17:12:48,566 [ERROR] LogOutputStream:75 - [STDERR_REDIRECT] 
2026-09-27 17:12:49,556 [ERROR] LogOutputStream:75 - [STDERR_REDIRECT] [Fatal Error] :1:1: Premature end of file.
2026-09-27 17:12:49,556 [ERROR] LogOutputStream:75 - [STDERR_REDIRECT] 
2026-09-27 17:12:50,555 [ERROR] LogOutputStream:75 - [STDERR_REDIRECT] [Fatal Error] :1:1: Premature end of file.
2026-09-27 17:12:50,555 [ERROR] LogOutputStream:75 - [STDERR_REDIRECT] 
2026-09-27 17:12:51,554 [ERROR] LogOutputStream:75 - [STDERR_REDIRECT] [Fatal Error] :1:1: Premature end of file.
2026-09-27 17:12:51,554 [ERROR] LogOutputStream:75 - [STDERR_REDIRECT] 
2026-09-27 17:12:52,555 [ERROR] LogOutputStream:75 - [STDERR_REDIRECT] [Fatal Error] :1:1: Premature end of file.
2026-09-27 17:12:52,555 [ERROR] LogOutputStream:75 - [STDERR_REDIRECT] 
2026-09-27 17:12:53,555 [ERROR] LogOutputStream:75 - [STDERR_REDIRECT] [Fatal Error] :1:1: Premature end of file.
2026-09-27 17:12:53,555 [ERROR] LogOutputStream:75 - [STDERR_REDIRECT] 
2026-09-27 17:12:54,555 [ERROR] LogOutputStream:75 - [STDERR_REDIRECT] [Fatal Error] :1:1: Premature end of file.
2026-09-27 17:12:54,555 [ERROR] LogOutputStream:75 - [STDERR_REDIRECT] 
2026-09-27 17:12:55,555 [ERROR] LogOutputStream:75 - [STDERR_REDIRECT] [Fatal Error] :1:1: Premature end of file.
2026-09-27 17:12:55,555 [ERROR] LogOutputStream:75 - [STDERR_REDIRECT] 
2026-09-27 17:12:56,556 [ERROR] LogOutputStream:75 - [STDERR_REDIRECT] [Fatal Error] :1:1: Premature end of file.
2026-09-27 17:12:56,556 [ERROR] LogOutputStream:75 - [STDERR_REDIRECT] 
2026-09-27 17:12:57,555 [ERROR] LogOutputStream:75 - [STDERR_REDIRECT] [Fatal Error] :1:1: Premature end of file.
2026-09-27 17:12:57,555 [ERROR] LogOutputStream:75 - [STDERR_REDIRECT] 
2026-09-27 17:12:58,559 [ERROR] LogOutputStream:75 - [STDERR_REDIRECT] [Fatal Error] :1:1: Premature end of file.
2026-09-27 17:12:58,559 [ERROR] LogOutputStream:75 - [STDERR_REDIRECT] 
2026-09-27 17:12:59,559 [ERROR] LogOutputStream:75 - [STDERR_REDIRECT] [Fatal Error] :1:1: Premature end of file.
2026-09-27 17:12:59,559 [ERROR] LogOutputStream:75 - [STDERR_REDIRECT] 
2026-09-27 17:13:00,560 [ERROR] LogOutputStream:75 - [STDERR_REDIRECT] [Fatal Error] :1:1: Premature end of file.
2026-09-27 17:13:00,560 [ERROR] LogOutputStream:75 - [STDERR_REDIRECT] 
2026-09-27 17:13:01,554 [ERROR] LogOutputStream:75 - [STDERR_REDIRECT] [Fatal Error] :1:1: Premature end of file.
2026-09-27 17:13:01,554 [ERROR] LogOutputStream:75 - [STDERR_REDIRECT] 
2026-09-27 17:13:02,555 [ERROR] LogOutputStream:75 - [STDERR_REDIRECT] [Fatal Error] :1:1: Premature end of file.
2026-09-27 17:13:02,555 [ERROR] LogOutputStream:75 - [STDERR_REDIRECT] 
2026-09-27 17:13:03,555 [ERROR] LogOutputStream:75 - [STDERR_REDIRECT] [Fatal Error] :1:1: Premature end of file.
2026-09-27 17:13:03,555 [ERROR] LogOutputStream:75 - [STDERR_REDIRECT] 
2026-09-27 17:13:04,548 [ERROR] LogOutputStream:75 - [STDERR_REDIRECT] [Fatal Error] :1:1: Premature end of file.
2026-09-27 17:13:04,548 [ERROR] LogOutputStream:75 - [STDERR_REDIRECT] 
2026-09-27 17:13:05,554 [ERROR] LogOutputStream:75 - [STDERR_REDIRECT] [Fatal Error] :1:1: Premature end of file.
2026-09-27 17:13:05,554 [ERROR] LogOutputStream:75 - [STDERR_REDIRECT] 
2026-09-27 17:13:06,554 [ERROR] LogOutputStream:75 - [STDERR_REDIRECT] [Fatal Error] :1:1: Premature end of file.
2026-09-27 17:13:06,554 [ERROR] LogOutputStream:75 - [STDERR_REDIRECT] 
2026-09-27 17:13:07,551 [ERROR] LogOutputStream:75 - [STDERR_REDIRECT] [Fatal Error] :1:1: Premature end of file.
2026-09-27 17:13:07,556 [ERROR] LogOutputStream:75 - [STDERR_REDIRECT] 
2026-09-27 17:13:08,554 [ERROR] LogOutputStream:75 - [STDERR_REDIRECT] [Fatal Error] :1:1: Premature end of file.
2026-09-27 17:13:08,554 [ERROR] LogOutputStream:75 - [STDERR_REDIRECT] 
2026-09-27 17:13:09,556 [ERROR] LogOutputStream:75 - [STDERR_REDIRECT] [Fatal Error] :1:1: Premature end of file.
2026-09-27 17:13:09,556 [ERROR] LogOutputStream:75 - [STDERR_REDIRECT] 
2026-09-27 17:13:10,558 [ERROR] LogOutputStream:75 - [STDERR_REDIRECT] [Fatal Error] :1:1: Premature end of file.
2026-09-27 17:13:10,558 [ERROR] LogOutputStream:75 - [STDERR_REDIRECT] 
2026-09-27 17:13:11,554 [ERROR] LogOutputStream:75 - [STDERR_REDIRECT] [Fatal Error] :1:1: Premature end of file.
2026-09-27 17:13:11,554 [ERROR] LogOutputStream:75 - [STDERR_REDIRECT] 
2026-09-27 17:13:12,559 [ERROR] LogOutputStream:75 - [STDERR_REDIRECT] [Fatal Error] :1:1: Premature end of file.
2026-09-27 17:13:12,559 [ERROR] LogOutputStream:75 - [STDERR_REDIRECT] 
2026-09-27 17:13:13,554 [ERROR] LogOutputStream:75 - [STDERR_REDIRECT] [Fatal Error] :1:1: Premature end of file.
2026-09-27 17:13:13,554 [ERROR] LogOutputStream:75 - [STDERR_REDIRECT] 
2026-09-27 17:13:14,555 [ERROR] LogOutputStream:75 - [STDERR_REDIRECT] [Fatal Error] :1:1: Premature end of file.
2026-09-27 17:13:14,555 [ERROR] LogOutputStream:75 - [STDERR_REDIRECT] 
2026-09-27 17:13:15,551 [ERROR] LogOutputStream:75 - [STDERR_REDIRECT] [Fatal Error] :1:1: Premature end of file.
2026-09-27 17:13:15,551 [ERROR] LogOutputStream:75 - [STDERR_REDIRECT] 
2026-09-27 17:13:16,556 [ERROR] LogOutputStream:75 - [STDERR_REDIRECT] [Fatal Error] :1:1: Premature end of file.
2026-09-27 17:13:16,556 [ERROR] LogOutputStream:75 - [STDERR_REDIRECT] 
2026-09-27 17:13:17,568 [ERROR] LogOutputStream:75 - [STDERR_REDIRECT] [Fatal Error] :1:1: Premature end of file.
2026-09-27 17:13:17,568 [ERROR] LogOutputStream:75 - [STDERR_REDIRECT] 
2026-09-27 17:13:18,547 [ERROR] LogOutputStream:75 - [STDERR_REDIRECT] [Fatal Error] :1:1: Premature end of file.
2026-09-27 17:13:18,547 [ERROR] LogOutputStream:75 - [STDERR_REDIRECT] 
2026-09-27 17:13:19,554 [ERROR] LogOutputStream:75 - [STDERR_REDIRECT] [Fatal Error] :1:1: Premature end of file.
2026-09-27 17:13:19,554 [ERROR] LogOutputStream:75 - [STDERR_REDIRECT] 
2026-09-27 17:13:20,548 [ERROR] LogOutputStream:75 - [STDERR_REDIRECT] [Fatal Error] :1:1: Premature end of file.
2026-09-27 17:13:20,548 [ERROR] LogOutputStream:75 - [STDERR_REDIRECT] 
2026-09-27 17:13:21,566 [ERROR] LogOutputStream:75 - [STDERR_REDIRECT] [Fatal Error] :1:1: Premature end of file.
2026-09-27 17:13:21,567 [ERROR] LogOutputStream:75 - [STDERR_REDIRECT] 
2026-09-27 17:13:22,568 [ERROR] LogOutputStream:75 - [STDERR_REDIRECT] [Fatal Error] :1:1: Premature end of file.
2026-09-27 17:13:22,568 [ERROR] LogOutputStream:75 - [STDERR_REDIRECT] 
2026-09-27 17:13:23,568 [ERROR] LogOutputStream:75 - [STDERR_REDIRECT] [Fatal Error] :1:1: Premature end of file.
2026-09-27 17:13:23,568 [ERROR] LogOutputStream:75 - [STDERR_REDIRECT] 
2026-09-27 17:13:24,555 [ERROR] LogOutputStream:75 - [STDERR_REDIRECT] [Fatal Error] :1:1: Premature end of file.
2026-09-27 17:13:24,555 [ERROR] LogOutputStream:75 - [STDERR_REDIRECT] 
2026-09-27 17:13:25,554 [ERROR] LogOutputStream:75 - [STDERR_REDIRECT] [Fatal Error] :1:1: Premature end of file.
2026-09-27 17:13:25,555 [ERROR] LogOutputStream:75 - [STDERR_REDIRECT] 
2026-09-27 17:13:26,554 [ERROR] LogOutputStream:75 - [STDERR_REDIRECT] [Fatal Error] :1:1: Premature end of file.
2026-09-27 17:13:26,554 [ERROR] LogOutputStream:75 - [STDERR_REDIRECT] 
2026-09-27 17:13:27,555 [ERROR] LogOutputStream:75 - [STDERR_REDIRECT] [Fatal Error] :1:1: Premature end of file.
2026-09-27 17:13:27,555 [ERROR] LogOutputStream:75 - [STDERR_REDIRECT] 
2026-09-27 17:13:28,555 [ERROR] LogOutputStream:75 - [STDERR_REDIRECT] [Fatal Error] :1:1: Premature end of file.
2026-09-27 17:13:28,555 [ERROR] LogOutputStream:75 - [STDERR_REDIRECT] 
2026-09-27 17:13:29,557 [ERROR] LogOutputStream:75 - [STDERR_REDIRECT] [Fatal Error] :1:1: Premature end of file.
2026-09-27 17:13:29,557 [ERROR] LogOutputStream:75 - [STDERR_REDIRECT] 
2026-09-27 17:13:30,550 [ERROR] LogOutputStream:75 - [STDERR_REDIRECT] [Fatal Error] :1:1: Premature end of file.
2026-09-27 17:13:30,550 [ERROR] LogOutputStream:75 - [STDERR_REDIRECT] 
2026-09-27 17:13:31,562 [ERROR] LogOutputStream:75 - [STDERR_REDIRECT] [Fatal Error] :1:1: Premature end of file.
2026-09-27 17:13:31,562 [ERROR] LogOutputStream:75 - [STDERR_REDIRECT] 
2026-09-27 17:13:32,552 [ERROR] LogOutputStream:75 - [STDERR_REDIRECT] [Fatal Error] :1:1: Premature end of file.
2026-09-27 17:13:32,552 [ERROR] LogOutputStream:75 - [STDERR_REDIRECT] 
2026-09-27 17:13:33,553 [ERROR] LogOutputStream:75 - [STDERR_REDIRECT] [Fatal Error] :1:1: Premature end of file.
2026-09-27 17:13:33,553 [ERROR] LogOutputStream:75 - [STDERR_REDIRECT] 
2026-09-27 17:13:34,560 [ERROR] LogOutputStream:75 - [STDERR_REDIRECT] [Fatal Error] :1:1: Premature end of file.
2026-09-27 17:13:34,560 [ERROR] LogOutputStream:75 - [STDERR_REDIRECT] 
2026-09-27 17:13:35,556 [ERROR] LogOutputStream:75 - [STDERR_REDIRECT] [Fatal Error] :1:1: Premature end of file.
2026-09-27 17:13:35,559 [ERROR] LogOutputStream:75 - [STDERR_REDIRECT] 
2026-09-27 17:13:36,560 [ERROR] LogOutputStream:75 - [STDERR_REDIRECT] [Fatal Error] :1:1: Premature end of file.
2026-09-27 17:13:36,560 [ERROR] LogOutputStream:75 - [STDERR_REDIRECT] 
2026-09-27 17:13:37,571 [ERROR] LogOutputStream:75 - [STDERR_REDIRECT] [Fatal Error] :1:1: Premature end of file.
2026-09-27 17:13:37,571 [ERROR] LogOutputStream:75 - [STDERR_REDIRECT] 
2026-09-27 17:13:38,554 [ERROR] LogOutputStream:75 - [STDERR_REDIRECT] [Fatal Error] :1:1: Premature end of file.
2026-09-27 17:13:38,554 [ERROR] LogOutputStream:75 - [STDERR_REDIRECT] 
2026-09-27 17:13:39,552 [ERROR] LogOutputStream:75 - [STDERR_REDIRECT] [Fatal Error] :1:1: Premature end of file.
2026-09-27 17:13:39,552 [ERROR] LogOutputStream:75 - [STDERR_REDIRECT] 
2026-09-27 17:13:40,556 [ERROR] LogOutputStream:75 - [STDERR_REDIRECT] [Fatal Error] :1:1: Premature end of file.
2026-09-27 17:13:40,556 [ERROR] LogOutputStream:75 - [STDERR_REDIRECT] 
2026-09-27 17:13:41,555 [ERROR] LogOutputStream:75 - [STDERR_REDIRECT] [Fatal Error] :1:1: Premature end of file.
2026-09-27 17:13:41,555 [ERROR] LogOutputStream:75 - [STDERR_REDIRECT] 
2026-09-27 17:13:42,555 [ERROR] LogOutputStream:75 - [STDERR_REDIRECT] [Fatal Error] :1:1: Premature end of file.
2026-09-27 17:13:42,555 [ERROR] LogOutputStream:75 - [STDERR_REDIRECT] 
2026-09-27 17:13:43,554 [ERROR] LogOutputStream:75 - [STDERR_REDIRECT] [Fatal Error] :1:1: Premature end of file.
2026-09-27 17:13:43,554 [ERROR] LogOutputStream:75 - [STDERR_REDIRECT] 
2026-09-27 17:13:44,551 [ERROR] LogOutputStream:75 - [STDERR_REDIRECT] [Fatal Error] :1:1: Premature end of file.
2026-09-27 17:13:44,551 [ERROR] LogOutputStream:75 - [STDERR_REDIRECT] 
2026-09-27 17:13:45,555 [ERROR] LogOutputStream:75 - [STDERR_REDIRECT] [Fatal Error] :1:1: Premature end of file.
2026-09-27 17:13:45,555 [ERROR] LogOutputStream:75 - [STDERR_REDIRECT] 
2026-09-27 17:13:46,554 [ERROR] LogOutputStream:75 - [STDERR_REDIRECT] [Fatal Error] :1:1: Premature end of file.
2026-09-27 17:13:46,554 [ERROR] LogOutputStream:75 - [STDERR_REDIRECT] 
2026-09-27 17:13:47,549 [ERROR] LogOutputStream:75 - [STDERR_REDIRECT] [Fatal Error] :1:1: Premature end of file.
2026-09-27 17:13:47,557 [ERROR] LogOutputStream:75 - [STDERR_REDIRECT] 
2026-09-27 17:13:48,548 [ERROR] LogOutputStream:75 - [STDERR_REDIRECT] [Fatal Error] :1:1: Premature end of file.
2026-09-27 17:13:48,554 [ERROR] LogOutputStream:75 - [STDERR_REDIRECT] 
2026-09-27 17:13:49,220 [INFO] LogOutputStream:77 - [STDOUT_REDIRECT] StartTraceHandler.execute(), success : Collect=false
2026-09-27 17:13:49,553 [ERROR] LogOutputStream:75 - [STDERR_REDIRECT] [Fatal Error] :1:1: Premature end of file.
2026-09-27 17:13:49,553 [ERROR] LogOutputStream:75 - [STDERR_REDIRECT] 
2026-09-27 17:13:50,554 [ERROR] LogOutputStream:75 - [STDERR_REDIRECT] [Fatal Error] :1:1: Premature end of file.
2026-09-27 17:13:50,554 [ERROR] LogOutputStream:75 - [STDERR_REDIRECT] 
2026-09-27 17:13:50,968 [INFO] LogOutputStream:77 - [STDOUT_REDIRECT] StartTraceHandler.execute(), success : Collect=true
2026-09-27 17:13:51,554 [ERROR] LogOutputStream:75 - [STDERR_REDIRECT] [Fatal Error] :1:1: Premature end of file.
2026-09-27 17:13:51,554 [ERROR] LogOutputStream:75 - [STDERR_REDIRECT] 
2026-09-27 17:13:52,555 [ERROR] LogOutputStream:75 - [STDERR_REDIRECT] [Fatal Error] :1:1: Premature end of file.
2026-09-27 17:13:52,555 [ERROR] LogOutputStream:75 - [STDERR_REDIRECT] 
2026-09-27 17:13:53,559 [ERROR] LogOutputStream:75 - [STDERR_REDIRECT] [Fatal Error] :1:1: Premature end of file.
2026-09-27 17:13:53,559 [ERROR] LogOutputStream:75 - [STDERR_REDIRECT] 
2026-09-27 17:13:54,546 [ERROR] LogOutputStream:75 - [STDERR_REDIRECT] [Fatal Error] :1:1: Premature end of file.
2026-09-27 17:13:54,546 [ERROR] LogOutputStream:75 - [STDERR_REDIRECT] 
2026-09-27 17:13:55,565 [ERROR] LogOutputStream:75 - [STDERR_REDIRECT] [Fatal Error] :1:1: Premature end of file.
2026-09-27 17:13:55,565 [ERROR] LogOutputStream:75 - [STDERR_REDIRECT] 
2026-09-27 17:13:56,554 [ERROR] LogOutputStream:75 - [STDERR_REDIRECT] [Fatal Error] :1:1: Premature end of file.
2026-09-27 17:13:56,554 [ERROR] LogOutputStream:75 - [STDERR_REDIRECT] 
2026-09-27 17:13:57,555 [ERROR] LogOutputStream:75 - [STDERR_REDIRECT] [Fatal Error] :1:1: Premature end of file.
2026-09-27 17:13:57,555 [ERROR] LogOutputStream:75 - [STDERR_REDIRECT] 
2026-09-27 17:13:58,549 [ERROR] LogOutputStream:75 - [STDERR_REDIRECT] [Fatal Error] :1:1: Premature end of file.
2026-09-27 17:13:58,549 [ERROR] LogOutputStream:75 - [STDERR_REDIRECT] 
2026-09-27 17:13:59,562 [ERROR] LogOutputStream:75 - [STDERR_REDIRECT] [Fatal Error] :1:1: Premature end of file.
2026-09-27 17:13:59,564 [ERROR] LogOutputStream:75 - [STDERR_REDIRECT] 
2026-09-27 17:14:00,555 [ERROR] LogOutputStream:75 - [STDERR_REDIRECT] [Fatal Error] :1:1: Premature end of file.
2026-09-27 17:14:00,555 [ERROR] LogOutputStream:75 - [STDERR_REDIRECT] 
2026-09-27 17:14:01,557 [ERROR] LogOutputStream:75 - [STDERR_REDIRECT] [Fatal Error] :1:1: Premature end of file.
2026-09-27 17:14:01,557 [ERROR] LogOutputStream:75 - [STDERR_REDIRECT] 
2026-09-27 17:14:02,557 [ERROR] LogOutputStream:75 - [STDERR_REDIRECT] [Fatal Error] :1:1: Premature end of file.
2026-09-27 17:14:02,557 [ERROR] LogOutputStream:75 - [STDERR_REDIRECT] 
2026-09-27 17:14:03,555 [ERROR] LogOutputStream:75 - [STDERR_REDIRECT] [Fatal Error] :1:1: Premature end of file.
2026-09-27 17:14:03,555 [ERROR] LogOutputStream:75 - [STDERR_REDIRECT] 
2026-09-27 17:14:04,555 [ERROR] LogOutputStream:75 - [STDERR_REDIRECT] [Fatal Error] :1:1: Premature end of file.
2026-09-27 17:14:04,555 [ERROR] LogOutputStream:75 - [STDERR_REDIRECT] 
2026-09-27 17:14:05,554 [ERROR] LogOutputStream:75 - [STDERR_REDIRECT] [Fatal Error] :1:1: Premature end of file.
2026-09-27 17:14:05,554 [ERROR] LogOutputStream:75 - [STDERR_REDIRECT] 
2026-09-27 17:14:06,551 [ERROR] LogOutputStream:75 - [STDERR_REDIRECT] [Fatal Error] :1:1: Premature end of file.
2026-09-27 17:14:06,551 [ERROR] LogOutputStream:75 - [STDERR_REDIRECT] 
2026-09-27 17:14:07,567 [ERROR] LogOutputStream:75 - [STDERR_REDIRECT] [Fatal Error] :1:1: Premature end of file.
2026-09-27 17:14:07,569 [ERROR] LogOutputStream:75 - [STDERR_REDIRECT] 
2026-09-27 17:14:08,555 [ERROR] LogOutputStream:75 - [STDERR_REDIRECT] [Fatal Error] :1:1: Premature end of file.
2026-09-27 17:14:08,555 [ERROR] LogOutputStream:75 - [STDERR_REDIRECT] 
2026-09-27 17:14:09,556 [ERROR] LogOutputStream:75 - [STDERR_REDIRECT] [Fatal Error] :1:1: Premature end of file.
2026-09-27 17:14:09,556 [ERROR] LogOutputStream:75 - [STDERR_REDIRECT] 
2026-09-27 17:14:10,554 [ERROR] LogOutputStream:75 - [STDERR_REDIRECT] [Fatal Error] :1:1: Premature end of file.
2026-09-27 17:14:10,554 [ERROR] LogOutputStream:75 - [STDERR_REDIRECT] 
2026-09-27 17:14:11,550 [ERROR] LogOutputStream:75 - [STDERR_REDIRECT] [Fatal Error] :1:1: Premature end of file.
2026-09-27 17:14:11,550 [ERROR] LogOutputStream:75 - [STDERR_REDIRECT] 
2026-09-27 17:14:12,556 [ERROR] LogOutputStream:75 - [STDERR_REDIRECT] [Fatal Error] :1:1: Premature end of file.
2026-09-27 17:14:12,556 [ERROR] LogOutputStream:75 - [STDERR_REDIRECT] 
2026-09-27 17:14:13,557 [ERROR] LogOutputStream:75 - [STDERR_REDIRECT] [Fatal Error] :1:1: Premature end of file.
2026-09-27 17:14:13,557 [ERROR] LogOutputStream:75 - [STDERR_REDIRECT] 
2026-09-27 17:14:14,555 [ERROR] LogOutputStream:75 - [STDERR_REDIRECT] [Fatal Error] :1:1: Premature end of file.
2026-09-27 17:14:14,555 [ERROR] LogOutputStream:75 - [STDERR_REDIRECT] 
2026-09-27 17:14:15,556 [ERROR] LogOutputStream:75 - [STDERR_REDIRECT] [Fatal Error] :1:1: Premature end of file.
2026-09-27 17:14:15,556 [ERROR] LogOutputStream:75 - [STDERR_REDIRECT] 
2026-09-27 17:14:16,554 [ERROR] LogOutputStream:75 - [STDERR_REDIRECT] [Fatal Error] :1:1: Premature end of file.
2026-09-27 17:14:16,556 [ERROR] LogOutputStream:75 - [STDERR_REDIRECT] 
2026-09-27 17:14:17,550 [ERROR] LogOutputStream:75 - [STDERR_REDIRECT] [Fatal Error] :1:1: Premature end of file.
2026-09-27 17:14:17,550 [ERROR] LogOutputStream:75 - [STDERR_REDIRECT] 
2026-09-27 17:14:18,571 [ERROR] LogOutputStream:75 - [STDERR_REDIRECT] [Fatal Error] :1:1: Premature end of file.
2026-09-27 17:14:18,571 [ERROR] LogOutputStream:75 - [STDERR_REDIRECT] 
2026-09-27 17:14:19,554 [ERROR] LogOutputStream:75 - [STDERR_REDIRECT] [Fatal Error] :1:1: Premature end of file.
2026-09-27 17:14:19,554 [ERROR] LogOutputStream:75 - [STDERR_REDIRECT] 
2026-09-27 17:14:20,550 [ERROR] LogOutputStream:75 - [STDERR_REDIRECT] [Fatal Error] :1:1: Premature end of file.
2026-09-27 17:14:20,550 [ERROR] LogOutputStream:75 - [STDERR_REDIRECT] 
2026-09-27 17:14:21,562 [ERROR] LogOutputStream:75 - [STDERR_REDIRECT] [Fatal Error] :1:1: Premature end of file.
2026-09-27 17:14:21,562 [ERROR] LogOutputStream:75 - [STDERR_REDIRECT] 
2026-09-27 17:14:22,553 [ERROR] LogOutputStream:75 - [STDERR_REDIRECT] [Fatal Error] :1:1: Premature end of file.
2026-09-27 17:14:22,553 [ERROR] LogOutputStream:75 - [STDERR_REDIRECT] 
2026-09-27 17:14:23,554 [ERROR] LogOutputStream:75 - [STDERR_REDIRECT] [Fatal Error] :1:1: Premature end of file.
2026-09-27 17:14:23,554 [ERROR] LogOutputStream:75 - [STDERR_REDIRECT] 
2026-09-27 17:14:24,556 [ERROR] LogOutputStream:75 - [STDERR_REDIRECT] [Fatal Error] :1:1: Premature end of file.
2026-09-27 17:14:24,556 [ERROR] LogOutputStream:75 - [STDERR_REDIRECT] 
2026-09-27 17:14:25,561 [ERROR] LogOutputStream:75 - [STDERR_REDIRECT] [Fatal Error] :1:1: Premature end of file.
2026-09-27 17:14:25,561 [ERROR] LogOutputStream:75 - [STDERR_REDIRECT] 
2026-09-27 17:14:26,552 [ERROR] LogOutputStream:75 - [STDERR_REDIRECT] [Fatal Error] :1:1: Premature end of file.
2026-09-27 17:14:26,552 [ERROR] LogOutputStream:75 - [STDERR_REDIRECT] 
2026-09-27 17:14:27,555 [ERROR] LogOutputStream:75 - [STDERR_REDIRECT] [Fatal Error] :1:1: Premature end of file.
2026-09-27 17:14:27,555 [ERROR] LogOutputStream:75 - [STDERR_REDIRECT] 
2026-09-27 17:14:28,548 [ERROR] LogOutputStream:75 - [STDERR_REDIRECT] [Fatal Error] :1:1: Premature end of file.
2026-09-27 17:14:28,548 [ERROR] LogOutputStream:75 - [STDERR_REDIRECT] 
2026-09-27 17:14:29,554 [ERROR] LogOutputStream:75 - [STDERR_REDIRECT] [Fatal Error] :1:1: Premature end of file.
2026-09-27 17:14:29,554 [ERROR] LogOutputStream:75 - [STDERR_REDIRECT] 
2026-09-27 17:14:30,555 [ERROR] LogOutputStream:75 - [STDERR_REDIRECT] [Fatal Error] :1:1: Premature end of file.
2026-09-27 17:14:30,555 [ERROR] LogOutputStream:75 - [STDERR_REDIRECT] 
2026-09-27 17:14:31,335 [INFO] LogOutputStream:77 - [STDOUT_REDIRECT] StartTraceHandler.execute(), success : Collect=false
2026-09-27 17:14:31,557 [ERROR] LogOutputStream:75 - [STDERR_REDIRECT] [Fatal Error] :1:1: Premature end of file.
2026-09-27 17:14:31,557 [ERROR] LogOutputStream:75 - [STDERR_REDIRECT] 
2026-09-27 17:14:32,555 [ERROR] LogOutputStream:75 - [STDERR_REDIRECT] [Fatal Error] :1:1: Premature end of file.
2026-09-27 17:14:32,555 [ERROR] LogOutputStream:75 - [STDERR_REDIRECT] 
2026-09-27 17:14:32,778 [INFO] LogOutputStream:77 - [STDOUT_REDIRECT] StartTraceHandler.execute(), success : Collect=true
2026-09-27 17:14:33,552 [ERROR] LogOutputStream:75 - [STDERR_REDIRECT] [Fatal Error] :1:1: Premature end of file.
2026-09-27 17:14:33,554 [ERROR] LogOutputStream:75 - [STDERR_REDIRECT] 
2026-09-27 17:14:34,549 [ERROR] LogOutputStream:75 - [STDERR_REDIRECT] [Fatal Error] :1:1: Premature end of file.
2026-09-27 17:14:34,549 [ERROR] LogOutputStream:75 - [STDERR_REDIRECT] 
2026-09-27 17:14:35,552 [ERROR] LogOutputStream:75 - [STDERR_REDIRECT] [Fatal Error] :1:1: Premature end of file.
2026-09-27 17:14:35,552 [ERROR] LogOutputStream:75 - [STDERR_REDIRECT] 
2026-09-27 17:14:36,558 [ERROR] LogOutputStream:75 - [STDERR_REDIRECT] [Fatal Error] :1:1: Premature end of file.
2026-09-27 17:14:36,558 [ERROR] LogOutputStream:75 - [STDERR_REDIRECT] 
2026-09-27 17:14:37,555 [ERROR] LogOutputStream:75 - [STDERR_REDIRECT] [Fatal Error] :1:1: Premature end of file.
2026-09-27 17:14:37,555 [ERROR] LogOutputStream:75 - [STDERR_REDIRECT] 
2026-09-27 17:14:38,554 [ERROR] LogOutputStream:75 - [STDERR_REDIRECT] [Fatal Error] :1:1: Premature end of file.
2026-09-27 17:14:38,554 [ERROR] LogOutputStream:75 - [STDERR_REDIRECT] 
2026-09-27 17:14:39,554 [ERROR] LogOutputStream:75 - [STDERR_REDIRECT] [Fatal Error] :1:1: Premature end of file.
2026-09-27 17:14:39,554 [ERROR] LogOutputStream:75 - [STDERR_REDIRECT] 
2026-09-27 17:14:40,554 [ERROR] LogOutputStream:75 - [STDERR_REDIRECT] [Fatal Error] :1:1: Premature end of file.
2026-09-27 17:14:40,554 [ERROR] LogOutputStream:75 - [STDERR_REDIRECT] 
2026-09-27 17:14:41,556 [ERROR] LogOutputStream:75 - [STDERR_REDIRECT] [Fatal Error] :1:1: Premature end of file.
2026-09-27 17:14:41,556 [ERROR] LogOutputStream:75 - [STDERR_REDIRECT] 
2026-09-27 17:14:42,556 [ERROR] LogOutputStream:75 - [STDERR_REDIRECT] [Fatal Error] :1:1: Premature end of file.
2026-09-27 17:14:42,556 [ERROR] LogOutputStream:75 - [STDERR_REDIRECT] 
2026-09-27 17:14:43,554 [ERROR] LogOutputStream:75 - [STDERR_REDIRECT] [Fatal Error] :1:1: Premature end of file.
2026-09-27 17:14:43,554 [ERROR] LogOutputStream:75 - [STDERR_REDIRECT] 
2026-09-27 17:14:44,557 [ERROR] LogOutputStream:75 - [STDERR_REDIRECT] [Fatal Error] :1:1: Premature end of file.
2026-09-27 17:14:44,557 [ERROR] LogOutputStream:75 - [STDERR_REDIRECT] 
2026-09-27 17:14:45,559 [ERROR] LogOutputStream:75 - [STDERR_REDIRECT] [Fatal Error] :1:1: Premature end of file.
2026-09-27 17:14:45,559 [ERROR] LogOutputStream:75 - [STDERR_REDIRECT] 
2026-09-27 17:14:46,556 [ERROR] LogOutputStream:75 - [STDERR_REDIRECT] [Fatal Error] :1:1: Premature end of file.
2026-09-27 17:14:46,556 [ERROR] LogOutputStream:75 - [STDERR_REDIRECT] 
2026-09-27 17:14:47,552 [ERROR] LogOutputStream:75 - [STDERR_REDIRECT] [Fatal Error] :1:1: Premature end of file.
2026-09-27 17:14:47,552 [ERROR] LogOutputStream:75 - [STDERR_REDIRECT] 
2026-09-27 17:14:48,558 [ERROR] LogOutputStream:75 - [STDERR_REDIRECT] [Fatal Error] :1:1: Premature end of file.
2026-09-27 17:14:48,558 [ERROR] LogOutputStream:75 - [STDERR_REDIRECT] 
2026-09-27 17:14:49,552 [ERROR] LogOutputStream:75 - [STDERR_REDIRECT] [Fatal Error] :1:1: Premature end of file.
2026-09-27 17:14:49,552 [ERROR] LogOutputStream:75 - [STDERR_REDIRECT] 
2026-09-27 17:14:50,559 [ERROR] LogOutputStream:75 - [STDERR_REDIRECT] [Fatal Error] :1:1: Premature end of file.
2026-09-27 17:14:50,559 [ERROR] LogOutputStream:75 - [STDERR_REDIRECT] 
2026-09-27 17:14:51,568 [ERROR] LogOutputStream:75 - [STDERR_REDIRECT] [Fatal Error] :1:1: Premature end of file.
2026-09-27 17:14:51,568 [ERROR] LogOutputStream:75 - [STDERR_REDIRECT] 
2026-09-27 17:14:52,557 [ERROR] LogOutputStream:75 - [STDERR_REDIRECT] [Fatal Error] :1:1: Premature end of file.
2026-09-27 17:14:52,557 [ERROR] LogOutputStream:75 - [STDERR_REDIRECT] 
2026-09-27 17:14:53,558 [ERROR] LogOutputStream:75 - [STDERR_REDIRECT] [Fatal Error] :1:1: Premature end of file.
2026-09-27 17:14:53,558 [ERROR] LogOutputStream:75 - [STDERR_REDIRECT] 
2026-09-27 17:14:54,566 [ERROR] LogOutputStream:75 - [STDERR_REDIRECT] [Fatal Error] :1:1: Premature end of file.
2026-09-27 17:14:54,566 [ERROR] LogOutputStream:75 - [STDERR_REDIRECT] 
2026-09-27 17:14:55,553 [ERROR] LogOutputStream:75 - [STDERR_REDIRECT] [Fatal Error] :1:1: Premature end of file.
2026-09-27 17:14:55,553 [ERROR] LogOutputStream:75 - [STDERR_REDIRECT] 
2026-09-27 17:14:56,557 [ERROR] LogOutputStream:75 - [STDERR_REDIRECT] [Fatal Error] :1:1: Premature end of file.
2026-09-27 17:14:56,557 [ERROR] LogOutputStream:75 - [STDERR_REDIRECT] 
2026-09-27 17:14:57,553 [ERROR] LogOutputStream:75 - [STDERR_REDIRECT] [Fatal Error] :1:1: Premature end of file.
2026-09-27 17:14:57,553 [ERROR] LogOutputStream:75 - [STDERR_REDIRECT] 
2026-09-27 17:14:58,556 [ERROR] LogOutputStream:75 - [STDERR_REDIRECT] [Fatal Error] :1:1: Premature end of file.
2026-09-27 17:14:58,556 [ERROR] LogOutputStream:75 - [STDERR_REDIRECT] 
2026-09-27 17:14:59,560 [ERROR] LogOutputStream:75 - [STDERR_REDIRECT] [Fatal Error] :1:1: Premature end of file.
2026-09-27 17:14:59,560 [ERROR] LogOutputStream:75 - [STDERR_REDIRECT] 
2026-09-27 17:15:00,553 [ERROR] LogOutputStream:75 - [STDERR_REDIRECT] [Fatal Error] :1:1: Premature end of file.
2026-09-27 17:15:00,556 [ERROR] LogOutputStream:75 - [STDERR_REDIRECT] 
2026-09-27 17:15:01,556 [ERROR] LogOutputStream:75 - [STDERR_REDIRECT] [Fatal Error] :1:1: Premature end of file.
2026-09-27 17:15:01,556 [ERROR] LogOutputStream:75 - [STDERR_REDIRECT] 
2026-09-27 17:15:02,553 [ERROR] LogOutputStream:75 - [STDERR_REDIRECT] [Fatal Error] :1:1: Premature end of file.
2026-09-27 17:15:02,553 [ERROR] LogOutputStream:75 - [STDERR_REDIRECT] 
2026-09-27 17:15:03,555 [ERROR] LogOutputStream:75 - [STDERR_REDIRECT] [Fatal Error] :1:1: Premature end of file.
2026-09-27 17:15:03,555 [ERROR] LogOutputStream:75 - [STDERR_REDIRECT] 
2026-09-27 17:15:04,555 [ERROR] LogOutputStream:75 - [STDERR_REDIRECT] [Fatal Error] :1:1: Premature end of file.
2026-09-27 17:15:04,555 [ERROR] LogOutputStream:75 - [STDERR_REDIRECT] 
2026-09-27 17:15:05,555 [ERROR] LogOutputStream:75 - [STDERR_REDIRECT] [Fatal Error] :1:1: Premature end of file.
2026-09-27 17:15:05,555 [ERROR] LogOutputStream:75 - [STDERR_REDIRECT] 
2026-09-27 17:15:06,555 [ERROR] LogOutputStream:75 - [STDERR_REDIRECT] [Fatal Error] :1:1: Premature end of file.
2026-09-27 17:15:06,555 [ERROR] LogOutputStream:75 - [STDERR_REDIRECT] 
2026-09-27 17:15:07,556 [ERROR] LogOutputStream:75 - [STDERR_REDIRECT] [Fatal Error] :1:1: Premature end of file.
2026-09-27 17:15:07,556 [ERROR] LogOutputStream:75 - [STDERR_REDIRECT] 
2026-09-27 17:15:08,557 [ERROR] LogOutputStream:75 - [STDERR_REDIRECT] [Fatal Error] :1:1: Premature end of file.
2026-09-27 17:15:08,557 [ERROR] LogOutputStream:75 - [STDERR_REDIRECT] 
2026-09-27 17:15:09,553 [ERROR] LogOutputStream:75 - [STDERR_REDIRECT] [Fatal Error] :1:1: Premature end of file.
2026-09-27 17:15:09,556 [ERROR] LogOutputStream:75 - [STDERR_REDIRECT] 
2026-09-27 17:15:10,556 [ERROR] LogOutputStream:75 - [STDERR_REDIRECT] [Fatal Error] :1:1: Premature end of file.
2026-09-27 17:15:10,556 [ERROR] LogOutputStream:75 - [STDERR_REDIRECT] 
2026-09-27 17:15:11,554 [ERROR] LogOutputStream:75 - [STDERR_REDIRECT] [Fatal Error] :1:1: Premature end of file.
2026-09-27 17:15:11,554 [ERROR] LogOutputStream:75 - [STDERR_REDIRECT] 
2026-09-27 17:15:12,561 [ERROR] LogOutputStream:75 - [STDERR_REDIRECT] [Fatal Error] :1:1: Premature end of file.
2026-09-27 17:15:12,561 [ERROR] LogOutputStream:75 - [STDERR_REDIRECT] 
2026-09-27 17:15:13,561 [ERROR] LogOutputStream:75 - [STDERR_REDIRECT] [Fatal Error] :1:1: Premature end of file.
2026-09-27 17:15:13,561 [ERROR] LogOutputStream:75 - [STDERR_REDIRECT] 
2026-09-27 17:15:14,561 [ERROR] LogOutputStream:75 - [STDERR_REDIRECT] [Fatal Error] :1:1: Premature end of file.
2026-09-27 17:15:14,561 [ERROR] LogOutputStream:75 - [STDERR_REDIRECT] 
2026-09-27 17:15:15,554 [ERROR] LogOutputStream:75 - [STDERR_REDIRECT] [Fatal Error] :1:1: Premature end of file.
2026-09-27 17:15:15,554 [ERROR] LogOutputStream:75 - [STDERR_REDIRECT] 
2026-09-27 17:15:16,567 [ERROR] LogOutputStream:75 - [STDERR_REDIRECT] [Fatal Error] :1:1: Premature end of file.
2026-09-27 17:15:16,567 [ERROR] LogOutputStream:75 - [STDERR_REDIRECT] 
2026-09-27 17:15:17,556 [ERROR] LogOutputStream:75 - [STDERR_REDIRECT] [Fatal Error] :1:1: Premature end of file.
2026-09-27 17:15:17,556 [ERROR] LogOutputStream:75 - [STDERR_REDIRECT] 
2026-09-27 17:15:18,556 [ERROR] LogOutputStream:75 - [STDERR_REDIRECT] [Fatal Error] :1:1: Premature end of file.
2026-09-27 17:15:18,556 [ERROR] LogOutputStream:75 - [STDERR_REDIRECT] 
2026-09-27 17:15:19,554 [ERROR] LogOutputStream:75 - [STDERR_REDIRECT] [Fatal Error] :1:1: Premature end of file.
2026-09-27 17:15:19,554 [ERROR] LogOutputStream:75 - [STDERR_REDIRECT] 
2026-09-27 17:15:20,558 [ERROR] LogOutputStream:75 - [STDERR_REDIRECT] [Fatal Error] :1:1: Premature end of file.
2026-09-27 17:15:20,558 [ERROR] LogOutputStream:75 - [STDERR_REDIRECT] 
2026-09-27 17:15:21,554 [ERROR] LogOutputStream:75 - [STDERR_REDIRECT] [Fatal Error] :1:1: Premature end of file.
2026-09-27 17:15:21,554 [ERROR] LogOutputStream:75 - [STDERR_REDIRECT] 
2026-09-27 17:15:22,556 [ERROR] LogOutputStream:75 - [STDERR_REDIRECT] [Fatal Error] :1:1: Premature end of file.
2026-09-27 17:15:22,556 [ERROR] LogOutputStream:75 - [STDERR_REDIRECT] 
2026-09-27 17:15:23,557 [ERROR] LogOutputStream:75 - [STDERR_REDIRECT] [Fatal Error] :1:1: Premature end of file.
2026-09-27 17:15:23,557 [ERROR] LogOutputStream:75 - [STDERR_REDIRECT] 
2026-09-27 17:15:24,556 [ERROR] LogOutputStream:75 - [STDERR_REDIRECT] [Fatal Error] :1:1: Premature end of file.
2026-09-27 17:15:24,556 [ERROR] LogOutputStream:75 - [STDERR_REDIRECT] 
2026-09-27 17:15:25,554 [ERROR] LogOutputStream:75 - [STDERR_REDIRECT] [Fatal Error] :1:1: Premature end of file.
2026-09-27 17:15:25,554 [ERROR] LogOutputStream:75 - [STDERR_REDIRECT] 
2026-09-27 17:15:26,555 [ERROR] LogOutputStream:75 - [STDERR_REDIRECT] [Fatal Error] :1:1: Premature end of file.
2026-09-27 17:15:26,555 [ERROR] LogOutputStream:75 - [STDERR_REDIRECT] 
2026-09-27 17:15:27,555 [ERROR] LogOutputStream:75 - [STDERR_REDIRECT] [Fatal Error] :1:1: Premature end of file.
2026-09-27 17:15:27,555 [ERROR] LogOutputStream:75 - [STDERR_REDIRECT] 
2026-09-27 17:15:28,556 [ERROR] LogOutputStream:75 - [STDERR_REDIRECT] [Fatal Error] :1:1: Premature end of file.
2026-09-27 17:15:28,556 [ERROR] LogOutputStream:75 - [STDERR_REDIRECT] 
2026-09-27 17:15:29,555 [ERROR] LogOutputStream:75 - [STDERR_REDIRECT] [Fatal Error] :1:1: Premature end of file.
2026-09-27 17:15:29,555 [ERROR] LogOutputStream:75 - [STDERR_REDIRECT] 
2026-09-27 17:15:30,557 [ERROR] LogOutputStream:75 - [STDERR_REDIRECT] [Fatal Error] :1:1: Premature end of file.
2026-09-27 17:15:30,557 [ERROR] LogOutputStream:75 - [STDERR_REDIRECT] 
2026-09-27 17:15:31,565 [ERROR] LogOutputStream:75 - [STDERR_REDIRECT] [Fatal Error] :1:1: Premature end of file.
2026-09-27 17:15:31,565 [ERROR] LogOutputStream:75 - [STDERR_REDIRECT] 
2026-09-27 17:15:32,556 [ERROR] LogOutputStream:75 - [STDERR_REDIRECT] [Fatal Error] :1:1: Premature end of file.
2026-09-27 17:15:32,556 [ERROR] LogOutputStream:75 - [STDERR_REDIRECT] 
2026-09-27 17:15:33,567 [ERROR] LogOutputStream:75 - [STDERR_REDIRECT] [Fatal Error] :1:1: Premature end of file.
2026-09-27 17:15:33,567 [ERROR] LogOutputStream:75 - [STDERR_REDIRECT] 
2026-09-27 17:15:34,556 [ERROR] LogOutputStream:75 - [STDERR_REDIRECT] [Fatal Error] :1:1: Premature end of file.
2026-09-27 17:15:34,556 [ERROR] LogOutputStream:75 - [STDERR_REDIRECT] 
2026-09-27 17:15:35,556 [ERROR] LogOutputStream:75 - [STDERR_REDIRECT] [Fatal Error] :1:1: Premature end of file.
2026-09-27 17:15:35,556 [ERROR] LogOutputStream:75 - [STDERR_REDIRECT] 
2026-09-27 17:15:36,555 [ERROR] LogOutputStream:75 - [STDERR_REDIRECT] [Fatal Error] :1:1: Premature end of file.
2026-09-27 17:15:36,555 [ERROR] LogOutputStream:75 - [STDERR_REDIRECT] 
2026-09-27 17:15:37,554 [ERROR] LogOutputStream:75 - [STDERR_REDIRECT] [Fatal Error] :1:1: Premature end of file.
2026-09-27 17:15:37,554 [ERROR] LogOutputStream:75 - [STDERR_REDIRECT] 
2026-09-27 17:15:38,555 [ERROR] LogOutputStream:75 - [STDERR_REDIRECT] [Fatal Error] :1:1: Premature end of file.
2026-09-27 17:15:38,555 [ERROR] LogOutputStream:75 - [STDERR_REDIRECT] 
2026-09-27 17:15:39,556 [ERROR] LogOutputStream:75 - [STDERR_REDIRECT] [Fatal Error] :1:1: Premature end of file.
2026-09-27 17:15:39,556 [ERROR] LogOutputStream:75 - [STDERR_REDIRECT] 
2026-09-27 17:15:40,555 [ERROR] LogOutputStream:75 - [STDERR_REDIRECT] [Fatal Error] :1:1: Premature end of file.
2026-09-27 17:15:40,555 [ERROR] LogOutputStream:75 - [STDERR_REDIRECT] 
2026-09-27 17:15:41,557 [ERROR] LogOutputStream:75 - [STDERR_REDIRECT] [Fatal Error] :1:1: Premature end of file.
2026-09-27 17:15:41,557 [ERROR] LogOutputStream:75 - [STDERR_REDIRECT] 
2026-09-27 17:15:42,562 [ERROR] LogOutputStream:75 - [STDERR_REDIRECT] [Fatal Error] :1:1: Premature end of file.
2026-09-27 17:15:42,562 [ERROR] LogOutputStream:75 - [STDERR_REDIRECT] 
2026-09-27 17:15:43,553 [ERROR] LogOutputStream:75 - [STDERR_REDIRECT] [Fatal Error] :1:1: Premature end of file.
2026-09-27 17:15:43,553 [ERROR] LogOutputStream:75 - [STDERR_REDIRECT] 
2026-09-27 17:15:44,556 [ERROR] LogOutputStream:75 - [STDERR_REDIRECT] [Fatal Error] :1:1: Premature end of file.
2026-09-27 17:15:44,556 [ERROR] LogOutputStream:75 - [STDERR_REDIRECT] 
2026-09-27 17:15:45,561 [ERROR] LogOutputStream:75 - [STDERR_REDIRECT] [Fatal Error] :1:1: Premature end of file.
2026-09-27 17:15:45,561 [ERROR] LogOutputStream:75 - [STDERR_REDIRECT] 
2026-09-27 17:15:46,548 [ERROR] LogOutputStream:75 - [STDERR_REDIRECT] [Fatal Error] :1:1: Premature end of file.
2026-09-27 17:15:46,548 [ERROR] LogOutputStream:75 - [STDERR_REDIRECT] 
2026-09-27 17:15:47,555 [ERROR] LogOutputStream:75 - [STDERR_REDIRECT] [Fatal Error] :1:1: Premature end of file.
2026-09-27 17:15:47,555 [ERROR] LogOutputStream:75 - [STDERR_REDIRECT] 
2026-09-27 17:15:48,559 [ERROR] LogOutputStream:75 - [STDERR_REDIRECT] [Fatal Error] :1:1: Premature end of file.
2026-09-27 17:15:48,559 [ERROR] LogOutputStream:75 - [STDERR_REDIRECT] 
2026-09-27 17:15:49,577 [ERROR] LogOutputStream:75 - [STDERR_REDIRECT] [Fatal Error] :1:1: Premature end of file.
2026-09-27 17:15:49,577 [ERROR] LogOutputStream:75 - [STDERR_REDIRECT] 
2026-09-27 17:15:50,555 [ERROR] LogOutputStream:75 - [STDERR_REDIRECT] [Fatal Error] :1:1: Premature end of file.
2026-09-27 17:15:50,555 [ERROR] LogOutputStream:75 - [STDERR_REDIRECT] 
2026-09-27 17:15:51,556 [ERROR] LogOutputStream:75 - [STDERR_REDIRECT] [Fatal Error] :1:1: Premature end of file.
2026-09-27 17:15:51,556 [ERROR] LogOutputStream:75 - [STDERR_REDIRECT] 
2026-09-27 17:15:52,555 [ERROR] LogOutputStream:75 - [STDERR_REDIRECT] [Fatal Error] :1:1: Premature end of file.
2026-09-27 17:15:52,555 [ERROR] LogOutputStream:75 - [STDERR_REDIRECT] 
2026-09-27 17:15:53,555 [ERROR] LogOutputStream:75 - [STDERR_REDIRECT] [Fatal Error] :1:1: Premature end of file.
2026-09-27 17:15:53,555 [ERROR] LogOutputStream:75 - [STDERR_REDIRECT] 
2026-09-27 17:15:54,556 [ERROR] LogOutputStream:75 - [STDERR_REDIRECT] [Fatal Error] :1:1: Premature end of file.
2026-09-27 17:15:54,556 [ERROR] LogOutputStream:75 - [STDERR_REDIRECT] 
2026-09-27 17:15:55,556 [ERROR] LogOutputStream:75 - [STDERR_REDIRECT] [Fatal Error] :1:1: Premature end of file.
2026-09-27 17:15:55,556 [ERROR] LogOutputStream:75 - [STDERR_REDIRECT] 
2026-09-27 17:15:56,556 [ERROR] LogOutputStream:75 - [STDERR_REDIRECT] [Fatal Error] :1:1: Premature end of file.
2026-09-27 17:15:56,556 [ERROR] LogOutputStream:75 - [STDERR_REDIRECT] 
2026-09-27 17:15:57,555 [ERROR] LogOutputStream:75 - [STDERR_REDIRECT] [Fatal Error] :1:1: Premature end of file.
2026-09-27 17:15:57,555 [ERROR] LogOutputStream:75 - [STDERR_REDIRECT] 
2026-09-27 17:15:58,555 [ERROR] LogOutputStream:75 - [STDERR_REDIRECT] [Fatal Error] :1:1: Premature end of file.
2026-09-27 17:15:58,555 [ERROR] LogOutputStream:75 - [STDERR_REDIRECT] 
2026-09-27 17:15:59,556 [ERROR] LogOutputStream:75 - [STDERR_REDIRECT] [Fatal Error] :1:1: Premature end of file.
2026-09-27 17:15:59,556 [ERROR] LogOutputStream:75 - [STDERR_REDIRECT] 
2026-09-27 17:16:00,572 [ERROR] LogOutputStream:75 - [STDERR_REDIRECT] [Fatal Error] :1:1: Premature end of file.
2026-09-27 17:16:00,573 [ERROR] LogOutputStream:75 - [STDERR_REDIRECT] 
2026-09-27 17:16:01,571 [ERROR] LogOutputStream:75 - [STDERR_REDIRECT] [Fatal Error] :1:1: Premature end of file.
2026-09-27 17:16:01,571 [ERROR] LogOutputStream:75 - [STDERR_REDIRECT] 
2026-09-27 17:16:02,566 [ERROR] LogOutputStream:75 - [STDERR_REDIRECT] [Fatal Error] :1:1: Premature end of file.
2026-09-27 17:16:02,566 [ERROR] LogOutputStream:75 - [STDERR_REDIRECT] 
2026-09-27 17:16:03,562 [ERROR] LogOutputStream:75 - [STDERR_REDIRECT] [Fatal Error] :1:1: Premature end of file.
2026-09-27 17:16:03,562 [ERROR] LogOutputStream:75 - [STDERR_REDIRECT] 
2026-09-27 17:16:04,556 [ERROR] LogOutputStream:75 - [STDERR_REDIRECT] [Fatal Error] :1:1: Premature end of file.
2026-09-27 17:16:04,556 [ERROR] LogOutputStream:75 - [STDERR_REDIRECT] 
2026-09-27 17:16:05,560 [ERROR] LogOutputStream:75 - [STDERR_REDIRECT] [Fatal Error] :1:1: Premature end of file.
2026-09-27 17:16:05,560 [ERROR] LogOutputStream:75 - [STDERR_REDIRECT] 
2026-09-27 17:16:06,566 [ERROR] LogOutputStream:75 - [STDERR_REDIRECT] [Fatal Error] :1:1: Premature end of file.
2026-09-27 17:16:06,566 [ERROR] LogOutputStream:75 - [STDERR_REDIRECT] 
2026-09-27 17:16:07,554 [ERROR] LogOutputStream:75 - [STDERR_REDIRECT] [Fatal Error] :1:1: Premature end of file.
2026-09-27 17:16:07,554 [ERROR] LogOutputStream:75 - [STDERR_REDIRECT] 
2026-09-27 17:16:08,563 [ERROR] LogOutputStream:75 - [STDERR_REDIRECT] [Fatal Error] :1:1: Premature end of file.
2026-09-27 17:16:08,564 [ERROR] LogOutputStream:75 - [STDERR_REDIRECT] 
2026-09-27 17:16:09,554 [ERROR] LogOutputStream:75 - [STDERR_REDIRECT] [Fatal Error] :1:1: Premature end of file.
2026-09-27 17:16:09,554 [ERROR] LogOutputStream:75 - [STDERR_REDIRECT] 
2026-09-27 17:16:10,555 [ERROR] LogOutputStream:75 - [STDERR_REDIRECT] [Fatal Error] :1:1: Premature end of file.
2026-09-27 17:16:10,555 [ERROR] LogOutputStream:75 - [STDERR_REDIRECT] 
2026-09-27 17:16:11,556 [ERROR] LogOutputStream:75 - [STDERR_REDIRECT] [Fatal Error] :1:1: Premature end of file.
2026-09-27 17:16:11,556 [ERROR] LogOutputStream:75 - [STDERR_REDIRECT] 
2026-09-27 17:16:12,556 [ERROR] LogOutputStream:75 - [STDERR_REDIRECT] [Fatal Error] :1:1: Premature end of file.
2026-09-27 17:16:12,556 [ERROR] LogOutputStream:75 - [STDERR_REDIRECT] 
2026-09-27 17:16:13,555 [ERROR] LogOutputStream:75 - [STDERR_REDIRECT] [Fatal Error] :1:1: Premature end of file.
2026-09-27 17:16:13,555 [ERROR] LogOutputStream:75 - [STDERR_REDIRECT] 
2026-09-27 17:16:14,562 [ERROR] LogOutputStream:75 - [STDERR_REDIRECT] [Fatal Error] :1:1: Premature end of file.
2026-09-27 17:16:14,562 [ERROR] LogOutputStream:75 - [STDERR_REDIRECT] 
2026-09-27 17:16:15,553 [ERROR] LogOutputStream:75 - [STDERR_REDIRECT] [Fatal Error] :1:1: Premature end of file.
2026-09-27 17:16:15,555 [ERROR] LogOutputStream:75 - [STDERR_REDIRECT] 
2026-09-27 17:16:16,555 [ERROR] LogOutputStream:75 - [STDERR_REDIRECT] [Fatal Error] :1:1: Premature end of file.
2026-09-27 17:16:16,555 [ERROR] LogOutputStream:75 - [STDERR_REDIRECT] 
2026-09-27 17:16:17,556 [ERROR] LogOutputStream:75 - [STDERR_REDIRECT] [Fatal Error] :1:1: Premature end of file.
2026-09-27 17:16:17,556 [ERROR] LogOutputStream:75 - [STDERR_REDIRECT] 
2026-09-27 17:16:18,555 [ERROR] LogOutputStream:75 - [STDERR_REDIRECT] [Fatal Error] :1:1: Premature end of file.
2026-09-27 17:16:18,555 [ERROR] LogOutputStream:75 - [STDERR_REDIRECT] 
2026-09-27 17:16:19,556 [ERROR] LogOutputStream:75 - [STDERR_REDIRECT] [Fatal Error] :1:1: Premature end of file.
2026-09-27 17:16:19,557 [ERROR] LogOutputStream:75 - [STDERR_REDIRECT] 
2026-09-27 17:16:20,561 [ERROR] LogOutputStream:75 - [STDERR_REDIRECT] [Fatal Error] :1:1: Premature end of file.
2026-09-27 17:16:20,562 [ERROR] LogOutputStream:75 - [STDERR_REDIRECT] 
2026-09-27 17:16:21,556 [ERROR] LogOutputStream:75 - [STDERR_REDIRECT] [Fatal Error] :1:1: Premature end of file.
2026-09-27 17:16:21,556 [ERROR] LogOutputStream:75 - [STDERR_REDIRECT] 
2026-09-27 17:16:22,565 [ERROR] LogOutputStream:75 - [STDERR_REDIRECT] [Fatal Error] :1:1: Premature end of file.
2026-09-27 17:16:22,565 [ERROR] LogOutputStream:75 - [STDERR_REDIRECT] 
2026-09-27 17:16:23,550 [ERROR] LogOutputStream:75 - [STDERR_REDIRECT] [Fatal Error] :1:1: Premature end of file.
2026-09-27 17:16:23,550 [ERROR] LogOutputStream:75 - [STDERR_REDIRECT] 
2026-09-27 17:16:24,551 [ERROR] LogOutputStream:75 - [STDERR_REDIRECT] [Fatal Error] :1:1: Premature end of file.
2026-09-27 17:16:24,551 [ERROR] LogOutputStream:75 - [STDERR_REDIRECT] 
2026-09-27 17:16:25,555 [ERROR] LogOutputStream:75 - [STDERR_REDIRECT] [Fatal Error] :1:1: Premature end of file.
2026-09-27 17:16:25,555 [ERROR] LogOutputStream:75 - [STDERR_REDIRECT] 
2026-09-27 17:16:26,552 [ERROR] LogOutputStream:75 - [STDERR_REDIRECT] [Fatal Error] :1:1: Premature end of file.
2026-09-27 17:16:26,552 [ERROR] LogOutputStream:75 - [STDERR_REDIRECT] 
2026-09-27 17:16:27,559 [ERROR] LogOutputStream:75 - [STDERR_REDIRECT] [Fatal Error] :1:1: Premature end of file.
2026-09-27 17:16:27,559 [ERROR] LogOutputStream:75 - [STDERR_REDIRECT] 
2026-09-27 17:16:28,554 [ERROR] LogOutputStream:75 - [STDERR_REDIRECT] [Fatal Error] :1:1: Premature end of file.
2026-09-27 17:16:28,554 [ERROR] LogOutputStream:75 - [STDERR_REDIRECT] 
2026-09-27 17:16:29,555 [ERROR] LogOutputStream:75 - [STDERR_REDIRECT] [Fatal Error] :1:1: Premature end of file.
2026-09-27 17:16:29,555 [ERROR] LogOutputStream:75 - [STDERR_REDIRECT] 
2026-09-27 17:16:30,561 [ERROR] LogOutputStream:75 - [STDERR_REDIRECT] [Fatal Error] :1:1: Premature end of file.
2026-09-27 17:16:30,561 [ERROR] LogOutputStream:75 - [STDERR_REDIRECT] 
2026-09-27 17:16:31,558 [ERROR] LogOutputStream:75 - [STDERR_REDIRECT] [Fatal Error] :1:1: Premature end of file.
2026-09-27 17:16:31,558 [ERROR] LogOutputStream:75 - [STDERR_REDIRECT] 
2026-09-27 17:16:32,557 [ERROR] LogOutputStream:75 - [STDERR_REDIRECT] [Fatal Error] :1:1: Premature end of file.
2026-09-27 17:16:32,557 [ERROR] LogOutputStream:75 - [STDERR_REDIRECT] 
2026-09-27 17:16:33,555 [ERROR] LogOutputStream:75 - [STDERR_REDIRECT] [Fatal Error] :1:1: Premature end of file.
2026-09-27 17:16:33,555 [ERROR] LogOutputStream:75 - [STDERR_REDIRECT] 
2026-09-27 17:16:34,555 [ERROR] LogOutputStream:75 - [STDERR_REDIRECT] [Fatal Error] :1:1: Premature end of file.
2026-09-27 17:16:34,555 [ERROR] LogOutputStream:75 - [STDERR_REDIRECT] 
2026-09-27 17:16:35,554 [ERROR] LogOutputStream:75 - [STDERR_REDIRECT] [Fatal Error] :1:1: Premature end of file.
2026-09-27 17:16:35,554 [ERROR] LogOutputStream:75 - [STDERR_REDIRECT] 
2026-09-27 17:16:36,555 [ERROR] LogOutputStream:75 - [STDERR_REDIRECT] [Fatal Error] :1:1: Premature end of file.
2026-09-27 17:16:36,555 [ERROR] LogOutputStream:75 - [STDERR_REDIRECT] 
2026-09-27 17:16:37,555 [ERROR] LogOutputStream:75 - [STDERR_REDIRECT] [Fatal Error] :1:1: Premature end of file.
2026-09-27 17:16:37,555 [ERROR] LogOutputStream:75 - [STDERR_REDIRECT] 
2026-09-27 17:16:38,555 [ERROR] LogOutputStream:75 - [STDERR_REDIRECT] [Fatal Error] :1:1: Premature end of file.
2026-09-27 17:16:38,555 [ERROR] LogOutputStream:75 - [STDERR_REDIRECT] 
2026-09-27 17:16:39,556 [ERROR] LogOutputStream:75 - [STDERR_REDIRECT] [Fatal Error] :1:1: Premature end of file.
2026-09-27 17:16:39,556 [ERROR] LogOutputStream:75 - [STDERR_REDIRECT] 
2026-09-27 17:16:40,555 [ERROR] LogOutputStream:75 - [STDERR_REDIRECT] [Fatal Error] :1:1: Premature end of file.
2026-09-27 17:16:40,556 [ERROR] LogOutputStream:75 - [STDERR_REDIRECT] 
2026-09-27 17:16:41,554 [ERROR] LogOutputStream:75 - [STDERR_REDIRECT] [Fatal Error] :1:1: Premature end of file.
2026-09-27 17:16:41,554 [ERROR] LogOutputStream:75 - [STDERR_REDIRECT] 
2026-09-27 17:16:42,554 [ERROR] LogOutputStream:75 - [STDERR_REDIRECT] [Fatal Error] :1:1: Premature end of file.
2026-09-27 17:16:42,554 [ERROR] LogOutputStream:75 - [STDERR_REDIRECT] 
2026-09-27 17:16:43,574 [ERROR] LogOutputStream:75 - [STDERR_REDIRECT] [Fatal Error] :1:1: Premature end of file.
2026-09-27 17:16:43,574 [ERROR] LogOutputStream:75 - [STDERR_REDIRECT] 
2026-09-27 17:16:44,554 [ERROR] LogOutputStream:75 - [STDERR_REDIRECT] [Fatal Error] :1:1: Premature end of file.
2026-09-27 17:16:44,554 [ERROR] LogOutputStream:75 - [STDERR_REDIRECT] 
2026-09-27 17:16:45,556 [ERROR] LogOutputStream:75 - [STDERR_REDIRECT] [Fatal Error] :1:1: Premature end of file.
2026-09-27 17:16:45,556 [ERROR] LogOutputStream:75 - [STDERR_REDIRECT] 
2026-09-27 17:16:46,557 [ERROR] LogOutputStream:75 - [STDERR_REDIRECT] [Fatal Error] :1:1: Premature end of file.
2026-09-27 17:16:46,557 [ERROR] LogOutputStream:75 - [STDERR_REDIRECT] 
2026-09-27 17:16:47,554 [ERROR] LogOutputStream:75 - [STDERR_REDIRECT] [Fatal Error] :1:1: Premature end of file.
2026-09-27 17:16:47,554 [ERROR] LogOutputStream:75 - [STDERR_REDIRECT] 
2026-09-27 17:16:48,551 [ERROR] LogOutputStream:75 - [STDERR_REDIRECT] [Fatal Error] :1:1: Premature end of file.
2026-09-27 17:16:48,551 [ERROR] LogOutputStream:75 - [STDERR_REDIRECT] 
2026-09-27 17:16:49,559 [ERROR] LogOutputStream:75 - [STDERR_REDIRECT] [Fatal Error] :1:1: Premature end of file.
2026-09-27 17:16:49,559 [ERROR] LogOutputStream:75 - [STDERR_REDIRECT] 
2026-09-27 17:16:50,555 [ERROR] LogOutputStream:75 - [STDERR_REDIRECT] [Fatal Error] :1:1: Premature end of file.
2026-09-27 17:16:50,555 [ERROR] LogOutputStream:75 - [STDERR_REDIRECT] 
2026-09-27 17:16:51,555 [ERROR] LogOutputStream:75 - [STDERR_REDIRECT] [Fatal Error] :1:1: Premature end of file.
2026-09-27 17:16:51,555 [ERROR] LogOutputStream:75 - [STDERR_REDIRECT] 
2026-09-27 17:16:52,555 [ERROR] LogOutputStream:75 - [STDERR_REDIRECT] [Fatal Error] :1:1: Premature end of file.
2026-09-27 17:16:52,555 [ERROR] LogOutputStream:75 - [STDERR_REDIRECT] 
2026-09-27 17:16:53,555 [ERROR] LogOutputStream:75 - [STDERR_REDIRECT] [Fatal Error] :1:1: Premature end of file.
2026-09-27 17:16:53,555 [ERROR] LogOutputStream:75 - [STDERR_REDIRECT] 
2026-09-27 17:16:54,554 [ERROR] LogOutputStream:75 - [STDERR_REDIRECT] [Fatal Error] :1:1: Premature end of file.
2026-09-27 17:16:54,554 [ERROR] LogOutputStream:75 - [STDERR_REDIRECT] 
2026-09-27 17:16:55,565 [ERROR] LogOutputStream:75 - [STDERR_REDIRECT] [Fatal Error] :1:1: Premature end of file.
2026-09-27 17:16:55,565 [ERROR] LogOutputStream:75 - [STDERR_REDIRECT] 
2026-09-27 17:16:56,555 [ERROR] LogOutputStream:75 - [STDERR_REDIRECT] [Fatal Error] :1:1: Premature end of file.
2026-09-27 17:16:56,555 [ERROR] LogOutputStream:75 - [STDERR_REDIRECT] 
2026-09-27 17:16:57,556 [ERROR] LogOutputStream:75 - [STDERR_REDIRECT] [Fatal Error] :1:1: Premature end of file.
2026-09-27 17:16:57,556 [ERROR] LogOutputStream:75 - [STDERR_REDIRECT] 
2026-09-27 17:16:58,555 [ERROR] LogOutputStream:75 - [STDERR_REDIRECT] [Fatal Error] :1:1: Premature end of file.
2026-09-27 17:16:58,555 [ERROR] LogOutputStream:75 - [STDERR_REDIRECT] 
2026-09-27 17:16:59,566 [ERROR] LogOutputStream:75 - [STDERR_REDIRECT] [Fatal Error] :1:1: Premature end of file.
2026-09-27 17:16:59,566 [ERROR] LogOutputStream:75 - [STDERR_REDIRECT] 
2026-09-27 17:17:00,556 [ERROR] LogOutputStream:75 - [STDERR_REDIRECT] [Fatal Error] :1:1: Premature end of file.
2026-09-27 17:17:00,556 [ERROR] LogOutputStream:75 - [STDERR_REDIRECT] 
2026-09-27 17:17:01,562 [ERROR] LogOutputStream:75 - [STDERR_REDIRECT] [Fatal Error] :1:1: Premature end of file.
2026-09-27 17:17:01,562 [ERROR] LogOutputStream:75 - [STDERR_REDIRECT] 
2026-09-27 17:17:02,562 [ERROR] LogOutputStream:75 - [STDERR_REDIRECT] [Fatal Error] :1:1: Premature end of file.
2026-09-27 17:17:02,563 [ERROR] LogOutputStream:75 - [STDERR_REDIRECT] 
2026-09-27 17:17:03,558 [ERROR] LogOutputStream:75 - [STDERR_REDIRECT] [Fatal Error] :1:1: Premature end of file.
2026-09-27 17:17:03,558 [ERROR] LogOutputStream:75 - [STDERR_REDIRECT] 
2026-09-27 17:17:04,560 [ERROR] LogOutputStream:75 - [STDERR_REDIRECT] [Fatal Error] :1:1: Premature end of file.
2026-09-27 17:17:04,560 [ERROR] LogOutputStream:75 - [STDERR_REDIRECT] 
2026-09-27 17:17:05,559 [ERROR] LogOutputStream:75 - [STDERR_REDIRECT] [Fatal Error] :1:1: Premature end of file.
2026-09-27 17:17:05,559 [ERROR] LogOutputStream:75 - [STDERR_REDIRECT] 
2026-09-27 17:17:06,559 [ERROR] LogOutputStream:75 - [STDERR_REDIRECT] [Fatal Error] :1:1: Premature end of file.
2026-09-27 17:17:06,559 [ERROR] LogOutputStream:75 - [STDERR_REDIRECT] 
2026-09-27 17:17:07,558 [ERROR] LogOutputStream:75 - [STDERR_REDIRECT] [Fatal Error] :1:1: Premature end of file.
2026-09-27 17:17:07,558 [ERROR] LogOutputStream:75 - [STDERR_REDIRECT] 
2026-09-27 17:17:08,558 [ERROR] LogOutputStream:75 - [STDERR_REDIRECT] [Fatal Error] :1:1: Premature end of file.
2026-09-27 17:17:08,558 [ERROR] LogOutputStream:75 - [STDERR_REDIRECT] 
2026-09-27 17:17:09,558 [ERROR] LogOutputStream:75 - [STDERR_REDIRECT] [Fatal Error] :1:1: Premature end of file.
2026-09-27 17:17:09,558 [ERROR] LogOutputStream:75 - [STDERR_REDIRECT] 
2026-09-27 17:17:10,558 [ERROR] LogOutputStream:75 - [STDERR_REDIRECT] [Fatal Error] :1:1: Premature end of file.
2026-09-27 17:17:10,558 [ERROR] LogOutputStream:75 - [STDERR_REDIRECT] 
2026-09-27 17:17:11,560 [ERROR] LogOutputStream:75 - [STDERR_REDIRECT] [Fatal Error] :1:1: Premature end of file.
2026-09-27 17:17:11,560 [ERROR] LogOutputStream:75 - [STDERR_REDIRECT] 
2026-09-27 17:17:12,560 [ERROR] LogOutputStream:75 - [STDERR_REDIRECT] [Fatal Error] :1:1: Premature end of file.
2026-09-27 17:17:12,560 [ERROR] LogOutputStream:75 - [STDERR_REDIRECT] 
2026-09-27 17:17:13,560 [ERROR] LogOutputStream:75 - [STDERR_REDIRECT] [Fatal Error] :1:1: Premature end of file.
2026-09-27 17:17:13,560 [ERROR] LogOutputStream:75 - [STDERR_REDIRECT] 
2026-09-27 17:17:14,560 [ERROR] LogOutputStream:75 - [STDERR_REDIRECT] [Fatal Error] :1:1: Premature end of file.
2026-09-27 17:17:14,560 [ERROR] LogOutputStream:75 - [STDERR_REDIRECT] 
2026-09-27 17:17:15,557 [ERROR] LogOutputStream:75 - [STDERR_REDIRECT] [Fatal Error] :1:1: Premature end of file.
2026-09-27 17:17:15,557 [ERROR] LogOutputStream:75 - [STDERR_REDIRECT] 
2026-09-27 17:17:16,564 [ERROR] LogOutputStream:75 - [STDERR_REDIRECT] [Fatal Error] :1:1: Premature end of file.
2026-09-27 17:17:16,564 [ERROR] LogOutputStream:75 - [STDERR_REDIRECT] 
2026-09-27 17:17:17,561 [ERROR] LogOutputStream:75 - [STDERR_REDIRECT] [Fatal Error] :1:1: Premature end of file.
2026-09-27 17:17:17,561 [ERROR] LogOutputStream:75 - [STDERR_REDIRECT] 
2026-09-27 17:17:18,559 [ERROR] LogOutputStream:75 - [STDERR_REDIRECT] [Fatal Error] :1:1: Premature end of file.
2026-09-27 17:17:18,559 [ERROR] LogOutputStream:75 - [STDERR_REDIRECT] 
2026-09-27 17:17:19,559 [ERROR] LogOutputStream:75 - [STDERR_REDIRECT] [Fatal Error] :1:1: Premature end of file.
2026-09-27 17:17:19,559 [ERROR] LogOutputStream:75 - [STDERR_REDIRECT] 
2026-09-27 17:17:20,561 [ERROR] LogOutputStream:75 - [STDERR_REDIRECT] [Fatal Error] :1:1: Premature end of file.
2026-09-27 17:17:20,561 [ERROR] LogOutputStream:75 - [STDERR_REDIRECT] 
2026-09-27 17:17:21,559 [ERROR] LogOutputStream:75 - [STDERR_REDIRECT] [Fatal Error] :1:1: Premature end of file.
2026-09-27 17:17:21,559 [ERROR] LogOutputStream:75 - [STDERR_REDIRECT] 
2026-09-27 17:17:22,560 [ERROR] LogOutputStream:75 - [STDERR_REDIRECT] [Fatal Error] :1:1: Premature end of file.
2026-09-27 17:17:22,560 [ERROR] LogOutputStream:75 - [STDERR_REDIRECT] 
2026-09-27 17:17:23,559 [ERROR] LogOutputStream:75 - [STDERR_REDIRECT] [Fatal Error] :1:1: Premature end of file.
2026-09-27 17:17:23,559 [ERROR] LogOutputStream:75 - [STDERR_REDIRECT] 
2026-09-27 17:17:24,560 [ERROR] LogOutputStream:75 - [STDERR_REDIRECT] [Fatal Error] :1:1: Premature end of file.
2026-09-27 17:17:24,560 [ERROR] LogOutputStream:75 - [STDERR_REDIRECT] 
2026-09-27 17:17:25,561 [ERROR] LogOutputStream:75 - [STDERR_REDIRECT] [Fatal Error] :1:1: Premature end of file.
2026-09-27 17:17:25,561 [ERROR] LogOutputStream:75 - [STDERR_REDIRECT] 
2026-09-27 17:17:26,558 [ERROR] LogOutputStream:75 - [STDERR_REDIRECT] [Fatal Error] :1:1: Premature end of file.
2026-09-27 17:17:26,558 [ERROR] LogOutputStream:75 - [STDERR_REDIRECT] 
2026-09-27 17:17:27,559 [ERROR] LogOutputStream:75 - [STDERR_REDIRECT] [Fatal Error] :1:1: Premature end of file.
2026-09-27 17:17:27,559 [ERROR] LogOutputStream:75 - [STDERR_REDIRECT] 
2026-09-27 17:17:28,556 [ERROR] LogOutputStream:75 - [STDERR_REDIRECT] [Fatal Error] :1:1: Premature end of file.
2026-09-27 17:17:28,556 [ERROR] LogOutputStream:75 - [STDERR_REDIRECT] 
2026-09-27 17:17:29,559 [ERROR] LogOutputStream:75 - [STDERR_REDIRECT] [Fatal Error] :1:1: Premature end of file.
2026-09-27 17:17:29,559 [ERROR] LogOutputStream:75 - [STDERR_REDIRECT] 
2026-09-27 17:17:30,557 [ERROR] LogOutputStream:75 - [STDERR_REDIRECT] [Fatal Error] :1:1: Premature end of file.
2026-09-27 17:17:30,557 [ERROR] LogOutputStream:75 - [STDERR_REDIRECT] 
2026-09-27 17:17:31,557 [ERROR] LogOutputStream:75 - [STDERR_REDIRECT] [Fatal Error] :1:1: Premature end of file.
2026-09-27 17:17:31,557 [ERROR] LogOutputStream:75 - [STDERR_REDIRECT] 
2026-09-27 17:17:32,556 [ERROR] LogOutputStream:75 - [STDERR_REDIRECT] [Fatal Error] :1:1: Premature end of file.
2026-09-27 17:17:32,556 [ERROR] LogOutputStream:75 - [STDERR_REDIRECT] 
2026-09-27 17:17:33,557 [ERROR] LogOutputStream:75 - [STDERR_REDIRECT] [Fatal Error] :1:1: Premature end of file.
2026-09-27 17:17:33,557 [ERROR] LogOutputStream:75 - [STDERR_REDIRECT] 
2026-09-27 17:17:34,556 [ERROR] LogOutputStream:75 - [STDERR_REDIRECT] [Fatal Error] :1:1: Premature end of file.
2026-09-27 17:17:34,556 [ERROR] LogOutputStream:75 - [STDERR_REDIRECT] 
2026-09-27 17:17:35,556 [ERROR] LogOutputStream:75 - [STDERR_REDIRECT] [Fatal Error] :1:1: Premature end of file.
2026-09-27 17:17:35,556 [ERROR] LogOutputStream:75 - [STDERR_REDIRECT] 
2026-09-27 17:17:36,556 [ERROR] LogOutputStream:75 - [STDERR_REDIRECT] [Fatal Error] :1:1: Premature end of file.
2026-09-27 17:17:36,556 [ERROR] LogOutputStream:75 - [STDERR_REDIRECT] 
2026-09-27 17:17:37,556 [ERROR] LogOutputStream:75 - [STDERR_REDIRECT] [Fatal Error] :1:1: Premature end of file.
2026-09-27 17:17:37,557 [ERROR] LogOutputStream:75 - [STDERR_REDIRECT] 
2026-09-27 17:17:38,557 [ERROR] LogOutputStream:75 - [STDERR_REDIRECT] [Fatal Error] :1:1: Premature end of file.
2026-09-27 17:17:38,557 [ERROR] LogOutputStream:75 - [STDERR_REDIRECT] 
2026-09-27 17:17:39,557 [ERROR] LogOutputStream:75 - [STDERR_REDIRECT] [Fatal Error] :1:1: Premature end of file.
2026-09-27 17:17:39,557 [ERROR] LogOutputStream:75 - [STDERR_REDIRECT] 
2026-09-27 17:17:40,556 [ERROR] LogOutputStream:75 - [STDERR_REDIRECT] [Fatal Error] :1:1: Premature end of file.
2026-09-27 17:17:40,556 [ERROR] LogOutputStream:75 - [STDERR_REDIRECT] 
2026-09-27 17:17:41,554 [ERROR] LogOutputStream:75 - [STDERR_REDIRECT] [Fatal Error] :1:1: Premature end of file.
2026-09-27 17:17:41,554 [ERROR] LogOutputStream:75 - [STDERR_REDIRECT] 
2026-09-27 17:17:42,560 [ERROR] LogOutputStream:75 - [STDERR_REDIRECT] [Fatal Error] :1:1: Premature end of file.
2026-09-27 17:17:42,560 [ERROR] LogOutputStream:75 - [STDERR_REDIRECT] 
2026-09-27 17:17:43,564 [ERROR] LogOutputStream:75 - [STDERR_REDIRECT] [Fatal Error] :1:1: Premature end of file.
2026-09-27 17:17:43,564 [ERROR] LogOutputStream:75 - [STDERR_REDIRECT] 
2026-09-27 17:17:44,564 [ERROR] LogOutputStream:75 - [STDERR_REDIRECT] [Fatal Error] :1:1: Premature end of file.
2026-09-27 17:17:44,564 [ERROR] LogOutputStream:75 - [STDERR_REDIRECT] 
2026-09-27 17:17:45,560 [ERROR] LogOutputStream:75 - [STDERR_REDIRECT] [Fatal Error] :1:1: Premature end of file.
2026-09-27 17:17:45,560 [ERROR] LogOutputStream:75 - [STDERR_REDIRECT] 
2026-09-27 17:17:46,556 [ERROR] LogOutputStream:75 - [STDERR_REDIRECT] [Fatal Error] :1:1: Premature end of file.
2026-09-27 17:17:46,556 [ERROR] LogOutputStream:75 - [STDERR_REDIRECT] 
2026-09-27 17:17:47,557 [ERROR] LogOutputStream:75 - [STDERR_REDIRECT] [Fatal Error] :1:1: Premature end of file.
2026-09-27 17:17:47,557 [ERROR] LogOutputStream:75 - [STDERR_REDIRECT] 
2026-09-27 17:17:48,556 [ERROR] LogOutputStream:75 - [STDERR_REDIRECT] [Fatal Error] :1:1: Premature end of file.
2026-09-27 17:17:48,556 [ERROR] LogOutputStream:75 - [STDERR_REDIRECT] 
2026-09-27 17:17:49,560 [ERROR] LogOutputStream:75 - [STDERR_REDIRECT] [Fatal Error] :1:1: Premature end of file.
2026-09-27 17:17:49,560 [ERROR] LogOutputStream:75 - [STDERR_REDIRECT] 
2026-09-27 17:17:50,563 [ERROR] LogOutputStream:75 - [STDERR_REDIRECT] [Fatal Error] :1:1: Premature end of file.
2026-09-27 17:17:50,563 [ERROR] LogOutputStream:75 - [STDERR_REDIRECT] 
2026-09-27 17:17:51,562 [ERROR] LogOutputStream:75 - [STDERR_REDIRECT] [Fatal Error] :1:1: Premature end of file.
2026-09-27 17:17:51,562 [ERROR] LogOutputStream:75 - [STDERR_REDIRECT] 
2026-09-27 17:17:52,562 [ERROR] LogOutputStream:75 - [STDERR_REDIRECT] [Fatal Error] :1:1: Premature end of file.
2026-09-27 17:17:52,562 [ERROR] LogOutputStream:75 - [STDERR_REDIRECT] 
2026-09-27 17:17:53,558 [ERROR] LogOutputStream:75 - [STDERR_REDIRECT] [Fatal Error] :1:1: Premature end of file.
2026-09-27 17:17:53,558 [ERROR] LogOutputStream:75 - [STDERR_REDIRECT] 
2026-09-27 17:17:54,558 [ERROR] LogOutputStream:75 - [STDERR_REDIRECT] [Fatal Error] :1:1: Premature end of file.
2026-09-27 17:17:54,558 [ERROR] LogOutputStream:75 - [STDERR_REDIRECT] 
2026-09-27 17:17:55,556 [ERROR] LogOutputStream:75 - [STDERR_REDIRECT] [Fatal Error] :1:1: Premature end of file.
2026-09-27 17:17:55,556 [ERROR] LogOutputStream:75 - [STDERR_REDIRECT] 
2026-09-27 17:17:56,557 [ERROR] LogOutputStream:75 - [STDERR_REDIRECT] [Fatal Error] :1:1: Premature end of file.
2026-09-27 17:17:56,557 [ERROR] LogOutputStream:75 - [STDERR_REDIRECT] 
2026-09-27 17:17:57,558 [ERROR] LogOutputStream:75 - [STDERR_REDIRECT] [Fatal Error] :1:1: Premature end of file.
2026-09-27 17:17:57,558 [ERROR] LogOutputStream:75 - [STDERR_REDIRECT] 
2026-09-27 17:17:58,559 [ERROR] LogOutputStream:75 - [STDERR_REDIRECT] [Fatal Error] :1:1: Premature end of file.
2026-09-27 17:17:58,559 [ERROR] LogOutputStream:75 - [STDERR_REDIRECT] 
2026-09-27 17:17:59,557 [ERROR] LogOutputStream:75 - [STDERR_REDIRECT] [Fatal Error] :1:1: Premature end of file.
2026-09-27 17:17:59,557 [ERROR] LogOutputStream:75 - [STDERR_REDIRECT] 
2026-09-27 17:18:00,557 [ERROR] LogOutputStream:75 - [STDERR_REDIRECT] [Fatal Error] :1:1: Premature end of file.
2026-09-27 17:18:00,557 [ERROR] LogOutputStream:75 - [STDERR_REDIRECT] 
2026-09-27 17:18:01,557 [ERROR] LogOutputStream:75 - [STDERR_REDIRECT] [Fatal Error] :1:1: Premature end of file.
2026-09-27 17:18:01,557 [ERROR] LogOutputStream:75 - [STDERR_REDIRECT] 
2026-09-27 17:18:02,558 [ERROR] LogOutputStream:75 - [STDERR_REDIRECT] [Fatal Error] :1:1: Premature end of file.
2026-09-27 17:18:02,558 [ERROR] LogOutputStream:75 - [STDERR_REDIRECT] 
2026-09-27 17:18:03,557 [ERROR] LogOutputStream:75 - [STDERR_REDIRECT] [Fatal Error] :1:1: Premature end of file.
2026-09-27 17:18:03,557 [ERROR] LogOutputStream:75 - [STDERR_REDIRECT] 
2026-09-27 17:18:04,558 [ERROR] LogOutputStream:75 - [STDERR_REDIRECT] [Fatal Error] :1:1: Premature end of file.
2026-09-27 17:18:04,558 [ERROR] LogOutputStream:75 - [STDERR_REDIRECT] 
2026-09-27 17:18:05,560 [ERROR] LogOutputStream:75 - [STDERR_REDIRECT] [Fatal Error] :1:1: Premature end of file.
2026-09-27 17:18:05,560 [ERROR] LogOutputStream:75 - [STDERR_REDIRECT] 
2026-09-27 17:18:06,554 [ERROR] LogOutputStream:75 - [STDERR_REDIRECT] [Fatal Error] :1:1: Premature end of file.
2026-09-27 17:18:06,554 [ERROR] LogOutputStream:75 - [STDERR_REDIRECT] 
2026-09-27 17:18:07,553 [ERROR] LogOutputStream:75 - [STDERR_REDIRECT] [Fatal Error] :1:1: Premature end of file.
2026-09-27 17:18:07,553 [ERROR] LogOutputStream:75 - [STDERR_REDIRECT] 
2026-09-27 17:18:08,558 [ERROR] LogOutputStream:75 - [STDERR_REDIRECT] [Fatal Error] :1:1: Premature end of file.
2026-09-27 17:18:08,558 [ERROR] LogOutputStream:75 - [STDERR_REDIRECT] 
2026-09-27 17:18:09,556 [ERROR] LogOutputStream:75 - [STDERR_REDIRECT] [Fatal Error] :1:1: Premature end of file.
2026-09-27 17:18:09,556 [ERROR] LogOutputStream:75 - [STDERR_REDIRECT] 
2026-09-27 17:18:10,555 [ERROR] LogOutputStream:75 - [STDERR_REDIRECT] [Fatal Error] :1:1: Premature end of file.
2026-09-27 17:18:10,555 [ERROR] LogOutputStream:75 - [STDERR_REDIRECT] 
2026-09-27 17:18:11,553 [ERROR] LogOutputStream:75 - [STDERR_REDIRECT] [Fatal Error] :1:1: Premature end of file.
2026-09-27 17:18:11,553 [ERROR] LogOutputStream:75 - [STDERR_REDIRECT] 
2026-09-27 17:18:12,557 [ERROR] LogOutputStream:75 - [STDERR_REDIRECT] [Fatal Error] :1:1: Premature end of file.
2026-09-27 17:18:12,557 [ERROR] LogOutputStream:75 - [STDERR_REDIRECT] 
2026-09-27 17:18:13,552 [ERROR] LogOutputStream:75 - [STDERR_REDIRECT] [Fatal Error] :1:1: Premature end of file.
2026-09-27 17:18:13,552 [ERROR] LogOutputStream:75 - [STDERR_REDIRECT] 
2026-09-27 17:18:14,553 [ERROR] LogOutputStream:75 - [STDERR_REDIRECT] [Fatal Error] :1:1: Premature end of file.
2026-09-27 17:18:14,553 [ERROR] LogOutputStream:75 - [STDERR_REDIRECT] 
2026-09-27 17:18:15,562 [ERROR] LogOutputStream:75 - [STDERR_REDIRECT] [Fatal Error] :1:1: Premature end of file.
2026-09-27 17:18:15,562 [ERROR] LogOutputStream:75 - [STDERR_REDIRECT] 
2026-09-27 17:18:16,556 [ERROR] LogOutputStream:75 - [STDERR_REDIRECT] [Fatal Error] :1:1: Premature end of file.
2026-09-27 17:18:16,556 [ERROR] LogOutputStream:75 - [STDERR_REDIRECT] 
2026-09-27 17:18:17,554 [ERROR] LogOutputStream:75 - [STDERR_REDIRECT] [Fatal Error] :1:1: Premature end of file.
2026-09-27 17:18:17,554 [ERROR] LogOutputStream:75 - [STDERR_REDIRECT] 
2026-09-27 17:18:18,554 [ERROR] LogOutputStream:75 - [STDERR_REDIRECT] [Fatal Error] :1:1: Premature end of file.
2026-09-27 17:18:18,554 [ERROR] LogOutputStream:75 - [STDERR_REDIRECT] 
2026-09-27 17:18:19,555 [ERROR] LogOutputStream:75 - [STDERR_REDIRECT] [Fatal Error] :1:1: Premature end of file.
2026-09-27 17:18:19,555 [ERROR] LogOutputStream:75 - [STDERR_REDIRECT] 
2026-09-27 17:18:20,557 [ERROR] LogOutputStream:75 - [STDERR_REDIRECT] [Fatal Error] :1:1: Premature end of file.
2026-09-27 17:18:20,557 [ERROR] LogOutputStream:75 - [STDERR_REDIRECT] 
2026-09-27 17:18:21,555 [ERROR] LogOutputStream:75 - [STDERR_REDIRECT] [Fatal Error] :1:1: Premature end of file.
2026-09-27 17:18:21,555 [ERROR] LogOutputStream:75 - [STDERR_REDIRECT] 
2026-09-27 17:18:22,553 [ERROR] LogOutputStream:75 - [STDERR_REDIRECT] [Fatal Error] :1:1: Premature end of file.
2026-09-27 17:18:22,553 [ERROR] LogOutputStream:75 - [STDERR_REDIRECT] 
2026-09-27 17:18:23,558 [ERROR] LogOutputStream:75 - [STDERR_REDIRECT] [Fatal Error] :1:1: Premature end of file.
2026-09-27 17:18:23,558 [ERROR] LogOutputStream:75 - [STDERR_REDIRECT] 
2026-09-27 17:18:24,554 [ERROR] LogOutputStream:75 - [STDERR_REDIRECT] [Fatal Error] :1:1: Premature end of file.
2026-09-27 17:18:24,554 [ERROR] LogOutputStream:75 - [STDERR_REDIRECT] 
2026-09-27 17:18:25,557 [ERROR] LogOutputStream:75 - [STDERR_REDIRECT] [Fatal Error] :1:1: Premature end of file.
2026-09-27 17:18:25,557 [ERROR] LogOutputStream:75 - [STDERR_REDIRECT] 
2026-09-27 17:18:26,556 [ERROR] LogOutputStream:75 - [STDERR_REDIRECT] [Fatal Error] :1:1: Premature end of file.
2026-09-27 17:18:26,556 [ERROR] LogOutputStream:75 - [STDERR_REDIRECT] 
2026-09-27 17:18:27,553 [ERROR] LogOutputStream:75 - [STDERR_REDIRECT] [Fatal Error] :1:1: Premature end of file.
2026-09-27 17:18:27,555 [ERROR] LogOutputStream:75 - [STDERR_REDIRECT] 
2026-09-27 17:18:28,546 [ERROR] LogOutputStream:75 - [STDERR_REDIRECT] [Fatal Error] :1:1: Premature end of file.
2026-09-27 17:18:28,555 [ERROR] LogOutputStream:75 - [STDERR_REDIRECT] 
2026-09-27 17:18:29,556 [ERROR] LogOutputStream:75 - [STDERR_REDIRECT] [Fatal Error] :1:1: Premature end of file.
2026-09-27 17:18:29,556 [ERROR] LogOutputStream:75 - [STDERR_REDIRECT] 
2026-09-27 17:18:30,547 [ERROR] LogOutputStream:75 - [STDERR_REDIRECT] [Fatal Error] :1:1: Premature end of file.
2026-09-27 17:18:30,547 [ERROR] LogOutputStream:75 - [STDERR_REDIRECT] 
2026-09-27 17:18:31,553 [ERROR] LogOutputStream:75 - [STDERR_REDIRECT] [Fatal Error] :1:1: Premature end of file.
2026-09-27 17:18:31,553 [ERROR] LogOutputStream:75 - [STDERR_REDIRECT] 
2026-09-27 17:18:32,570 [ERROR] LogOutputStream:75 - [STDERR_REDIRECT] [Fatal Error] :1:1: Premature end of file.
2026-09-27 17:18:32,570 [ERROR] LogOutputStream:75 - [STDERR_REDIRECT] 
2026-09-27 17:18:32,989 [ERROR] LogOutputStream:75 - [STDERR_REDIRECT] 
2026-09-27 17:18:32,989 [ERROR] LogOutputStream:75 - [STDERR_REDIRECT] 
