2026-09-28 21:45:49,507 [INFO] Activator:176 - 


2026-09-28 21:45:49,513 [INFO] Activator:177 - !SESSION log4j initialized
2026-09-28 21:45:55,593 [INFO] LogOutputStream:77 - [STDOUT_REDIRECT] 
2026-09-28 21:46:09,002 [INFO] ApplicationProperties:184 - Using Application install path: C:\ST\STM32CubeIDE_1.19.0\STM32CubeIDE\plugins\com.st.stm32cube.common.mx_6.15.0.202507011659
2026-09-28 21:46:09,022 [INFO] DbMcusXml:78 - Set database path to: C:\ST\STM32CubeIDE_1.19.0\STM32CubeIDE\plugins\com.st.stm32cube.common.mx_6.15.0.202507011659\\db\/mcu/
2026-09-28 21:46:09,030 [INFO] ApiDb:274 - Set plugin database path to: C:\ST\STM32CubeIDE_1.19.0\STM32CubeIDE\plugins\com.st.stm32cube.common.mx_6.15.0.202507011659\\db\/plugins/boardmanager/
2026-09-28 21:46:09,030 [WARN] ApiDb:259 - Overriding images path with different value:  => C:\ST\STM32CubeIDE_1.19.0\STM32CubeIDE\plugins\com.st.stm32cube.common.mx_6.15.0.202507011659\\db\/plugins/mcufinder/images/
2026-09-28 21:46:09,036 [INFO] ApiDb:250 - Set database path to: C:\Users\HP\.stmcufinder\plugins\mcufinder//mcu/
2026-09-28 21:46:09,036 [INFO] DbMcusAds:125 - Set database path to: C:\Users\HP\.stmcufinder\plugins\mcufinder//mcu/
2026-09-28 21:46:09,093 [INFO] CrossReferenceDbSqlite:203 - Set database path to: C:\Users\HP\.stmcufinder\plugins\mcufinder//mcu/cs/
2026-09-28 21:46:09,274 [INFO] RulesReader:64 - Compatibility file has been processed (317 Rules)
2026-09-28 21:46:09,405 [INFO] DbMcusXml:78 - Set database path to: C:\ST\STM32CubeIDE_1.19.0\STM32CubeIDE\plugins\com.st.stm32cube.common.mx_6.15.0.202507011659\\db\/mcu/
2026-09-28 21:46:09,405 [INFO] ApiDb:274 - Set plugin database path to: C:\ST\STM32CubeIDE_1.19.0\STM32CubeIDE\plugins\com.st.stm32cube.common.mx_6.15.0.202507011659\\db\/plugins/boardmanager/
2026-09-28 21:46:09,405 [INFO] ApiDb:261 - Set plugin images path to: C:\ST\STM32CubeIDE_1.19.0\STM32CubeIDE\plugins\com.st.stm32cube.common.mx_6.15.0.202507011659\\db\/plugins/mcufinder/images/
2026-09-28 21:46:09,405 [WARN] DbFile:41 - Overriding database path with different value: C:\Users\HP\.stmcufinder\plugins\mcufinder/ => C:\Users\HP\.stmcufinder\plugins\mcufinder
2026-09-28 21:46:09,405 [INFO] ApiDb:250 - Set database path to: C:\Users\HP\.stmcufinder\plugins\mcufinder//mcu/
2026-09-28 21:46:09,405 [WARN] DbFile:41 - Overriding database path with different value: C:\Users\HP\.stmcufinder\plugins\mcufinder/ => C:\Users\HP\.stmcufinder\plugins\mcufinder
2026-09-28 21:46:09,405 [INFO] DbMcusAds:125 - Set database path to: C:\Users\HP\.stmcufinder\plugins\mcufinder//mcu/
2026-09-28 21:46:09,405 [WARN] DbFile:41 - Overriding database path with different value: C:\Users\HP\.stmcufinder\plugins\mcufinder/ => C:\Users\HP\.stmcufinder\plugins\mcufinder
2026-09-28 21:46:09,405 [WARN] DbFile:41 - Overriding database path with different value: C:\Users\HP\.stmcufinder\plugins\mcufinder/ => C:\Users\HP\.stmcufinder\plugins\mcufinder
2026-09-28 21:46:09,405 [INFO] CrossReferenceDbSqlite:203 - Set database path to: C:\Users\HP\.stmcufinder\plugins\mcufinder//mcu/cs/
2026-09-28 21:46:09,531 [INFO] MainPanel:274 - HeapMemory: 268435456
2026-09-28 21:46:09,701 [INFO] DbMcusXml:78 - Set database path to: C:\ST\STM32CubeIDE_1.19.0\STM32CubeIDE\plugins\com.st.stm32cube.common.mx_6.15.0.202507011659\\db\/mcu/
2026-09-28 21:46:09,701 [INFO] ApiDb:274 - Set plugin database path to: C:\ST\STM32CubeIDE_1.19.0\STM32CubeIDE\plugins\com.st.stm32cube.common.mx_6.15.0.202507011659\\db\/plugins/boardmanager/
2026-09-28 21:46:09,701 [INFO] ApiDb:261 - Set plugin images path to: C:\ST\STM32CubeIDE_1.19.0\STM32CubeIDE\plugins\com.st.stm32cube.common.mx_6.15.0.202507011659\\db\/plugins/mcufinder/images/
2026-09-28 21:46:09,701 [WARN] DbFile:41 - Overriding database path with different value: C:\Users\HP\.stmcufinder\plugins\mcufinder/ => C:\Users\HP\.stmcufinder\plugins\mcufinder
2026-09-28 21:46:09,701 [INFO] ApiDb:250 - Set database path to: C:\Users\HP\.stmcufinder\plugins\mcufinder//mcu/
2026-09-28 21:46:09,701 [WARN] DbFile:41 - Overriding database path with different value: C:\Users\HP\.stmcufinder\plugins\mcufinder/ => C:\Users\HP\.stmcufinder\plugins\mcufinder
2026-09-28 21:46:09,701 [INFO] DbMcusAds:125 - Set database path to: C:\Users\HP\.stmcufinder\plugins\mcufinder//mcu/
2026-09-28 21:46:09,701 [WARN] DbFile:41 - Overriding database path with different value: C:\Users\HP\.stmcufinder\plugins\mcufinder/ => C:\Users\HP\.stmcufinder\plugins\mcufinder
2026-09-28 21:46:09,701 [WARN] DbFile:41 - Overriding database path with different value: C:\Users\HP\.stmcufinder\plugins\mcufinder/ => C:\Users\HP\.stmcufinder\plugins\mcufinder
2026-09-28 21:46:09,701 [INFO] CrossReferenceDbSqlite:203 - Set database path to: C:\Users\HP\.stmcufinder\plugins\mcufinder//mcu/cs/
2026-09-28 21:46:09,727 [INFO] ApplicationProperties:184 - Using Application install path: C:\ST\STM32CubeIDE_1.19.0\STM32CubeIDE\plugins\com.st.stm32cube.common.mx_6.15.0.202507011659
2026-09-28 21:46:09,727 [INFO] PluginManage:196 - Search for loadable plugins [exclusion list=, ]
2026-09-28 21:46:09,737 [INFO] PluginManage:310 - Check plugin analytics
2026-09-28 21:46:09,963 [INFO] AnalyticsPlugin:253 - Accepted Software Licenses: 
2026-09-28 21:46:09,963 [INFO] AnalyticsPlugin:255 - Accepted CMSIS Pack Licenses: 
2026-09-28 21:46:09,963 [INFO] AnalyticsPlugin:257 - Accepted Firmware Licenses: 
2026-09-28 21:46:09,974 [INFO] PluginManage:359 - Loaded plugin analytics (category:tool,tabindex:-1)
2026-09-28 21:46:09,974 [INFO] PluginManage:310 - Check plugin cadmodel
2026-09-28 21:46:09,979 [INFO] CADModel:105 - Init CAD model plugin
2026-09-28 21:46:09,979 [INFO] PluginManage:359 - Loaded plugin cadmodel (category:power,tabindex:5)
2026-09-28 21:46:09,979 [INFO] PluginManage:310 - Check plugin clock
2026-09-28 21:46:09,990 [INFO] PluginManage:359 - Loaded plugin clock (category:base,tabindex:2)
2026-09-28 21:46:09,990 [INFO] PluginManage:310 - Check plugin ddr
2026-09-28 21:46:09,990 [INFO] PluginManage:359 - Loaded plugin ddr (category:tool,tabindex:6)
2026-09-28 21:46:09,990 [INFO] PluginManage:310 - Check plugin filemanager
2026-09-28 21:46:10,212 [INFO] PluginManage:359 - Loaded plugin filemanager (category:base,tabindex:10)
2026-09-28 21:46:10,212 [INFO] PluginManage:310 - Check plugin ipmanager
2026-09-28 21:46:10,228 [INFO] PluginManage:359 - Loaded plugin ipmanager (category:base,tabindex:5)
2026-09-28 21:46:10,228 [INFO] PluginManage:310 - Check plugin lpbam
2026-09-28 21:46:10,244 [INFO] PluginManage:359 - Loaded plugin lpbam (category:base,tabindex:0)
2026-09-28 21:46:10,244 [INFO] PluginManage:310 - Check plugin memorymap
2026-09-28 21:46:10,260 [INFO] PluginManage:359 - Loaded plugin memorymap (category:base,tabindex:4)
2026-09-28 21:46:10,260 [INFO] PluginManage:310 - Check plugin pinoutandconfiguration
2026-09-28 21:46:10,276 [INFO] PluginManage:359 - Loaded plugin pinoutandconfiguration (category:base,tabindex:1)
2026-09-28 21:46:10,276 [INFO] PluginManage:310 - Check plugin pinoutconfig
2026-09-28 21:46:10,418 [WARN] SupportedApi:132 - Cannot load RTOS API schema: s4s-elt-must-match.1: The content of 'definitions' must match (annotation?, (simpleType | complexType)?, (unique | key | keyref)*)). A problem was found starting at: attribute.
2026-09-28 21:46:10,591 [INFO] PluginManage:359 - Loaded plugin pinoutconfig (category:base,tabindex:0)
2026-09-28 21:46:10,591 [INFO] PluginManage:310 - Check plugin power
2026-09-28 21:46:10,607 [INFO] PluginManage:359 - Loaded plugin power (category:power,tabindex:4)
2026-09-28 21:46:10,607 [INFO] PluginManage:310 - Check plugin projectmanager
2026-09-28 21:46:10,623 [INFO] PluginManage:359 - Loaded plugin projectmanager (category:projectmanager,tabindex:4)
2026-09-28 21:46:10,639 [INFO] PluginManage:310 - Check plugin rif
2026-09-28 21:46:10,641 [INFO] PluginManage:359 - Loaded plugin rif (category:base,tabindex:3)
2026-09-28 21:46:10,641 [INFO] PluginManage:310 - Check plugin thirdparty
2026-09-28 21:46:10,824 [INFO] PluginManage:359 - Loaded plugin thirdparty (category:base,tabindex:-1)
2026-09-28 21:46:10,824 [INFO] PluginManage:310 - Check plugin tools
2026-09-28 21:46:10,824 [WARN] IntegrityCheckThread:84 - waiting for thirdparty lock release [integrity check]
2026-09-28 21:46:10,824 [INFO] IntegrityCheckThread:86 - entering critical section [integrity check]
2026-09-28 21:46:10,824 [INFO] ThirdPartyUpdaterWithRetryManager:70 - Updater plugin not ready yet. [1/15]
2026-09-28 21:46:10,828 [INFO] PluginManage:359 - Loaded plugin tools (category:base,tabindex:7)
2026-09-28 21:46:10,828 [INFO] PluginManage:310 - Check plugin tutovideos
2026-09-28 21:46:11,153 [INFO] PluginManage:359 - Loaded plugin tutovideos (category:base,tabindex:-1)
2026-09-28 21:46:11,153 [INFO] PluginManage:310 - Check plugin updater
2026-09-28 21:46:11,189 [INFO] PluginManage:359 - Loaded plugin updater (category:base,tabindex:12)
2026-09-28 21:46:11,189 [INFO] PluginManage:310 - Check plugin userauth
2026-09-28 21:46:11,199 [INFO] UserAuth:118 - Init User Auth plugin
2026-09-28 21:46:11,199 [INFO] PluginManage:359 - Loaded plugin userauth (category:base,tabindex:14)
2026-09-28 21:46:11,199 [INFO] PluginManage:283 - PluginManage : Loaded plugins [18]
2026-09-28 21:46:11,545 [INFO] PinOutPanel:1589 - setPackage(No Configuration,No Configuration)
2026-09-28 21:46:11,672 [INFO] CADModel:165 - CPN selected for project level
2026-09-28 21:46:11,672 [INFO] CADModel:114 - Register for checkConnection events
2026-09-28 21:46:11,703 [INFO] IPUIPlugin:80 - create IPUIPlugin
2026-09-28 21:46:11,703 [INFO] PluginManager:220 - loadIPPluginJar : add adc
2026-09-28 21:46:11,707 [INFO] IPUIPlugin:80 - create IPUIPlugin
2026-09-28 21:46:11,708 [INFO] PluginManager:220 - loadIPPluginJar : add aes
2026-09-28 21:46:11,711 [INFO] IPUIPlugin:80 - create IPUIPlugin
2026-09-28 21:46:11,711 [INFO] PluginManager:220 - loadIPPluginJar : add can
2026-09-28 21:46:11,715 [INFO] IPUIPlugin:80 - create IPUIPlugin
2026-09-28 21:46:11,715 [INFO] PluginManager:220 - loadIPPluginJar : add comp
2026-09-28 21:46:11,719 [INFO] IPUIPlugin:80 - create IPUIPlugin
2026-09-28 21:46:11,720 [INFO] PluginManager:220 - loadIPPluginJar : add cryp
2026-09-28 21:46:11,723 [INFO] IPUIPlugin:80 - create IPUIPlugin
2026-09-28 21:46:11,723 [INFO] PluginManager:220 - loadIPPluginJar : add ddr_ctrl_phy
2026-09-28 21:46:11,723 [INFO] IPUIPlugin:80 - create IPUIPlugin
2026-09-28 21:46:11,723 [INFO] PluginManager:220 - loadIPPluginJar : add dfsdm
2026-09-28 21:46:11,737 [INFO] IPUIPlugin:80 - create IPUIPlugin
2026-09-28 21:46:11,737 [INFO] PluginManager:220 - loadIPPluginJar : add dma
2026-09-28 21:46:11,745 [INFO] IPUIPlugin:80 - create IPUIPlugin
2026-09-28 21:46:11,746 [INFO] PluginManager:220 - loadIPPluginJar : add dma3
2026-09-28 21:46:11,748 [INFO] IPUIPlugin:80 - create IPUIPlugin
2026-09-28 21:46:11,748 [INFO] PluginManager:220 - loadIPPluginJar : add extmemmanager
2026-09-28 21:46:11,752 [INFO] IPUIPlugin:80 - create IPUIPlugin
2026-09-28 21:46:11,752 [INFO] PluginManager:220 - loadIPPluginJar : add fatfs
2026-09-28 21:46:11,761 [INFO] IPUIPlugin:80 - create IPUIPlugin
2026-09-28 21:46:11,762 [INFO] PluginManager:220 - loadIPPluginJar : add fmc
2026-09-28 21:46:11,773 [INFO] IPUIPlugin:80 - create IPUIPlugin
2026-09-28 21:46:11,773 [INFO] PluginManager:220 - loadIPPluginJar : add freertos
2026-09-28 21:46:11,776 [INFO] IPUIPlugin:80 - create IPUIPlugin
2026-09-28 21:46:11,776 [INFO] PluginManager:220 - loadIPPluginJar : add genericplugin
2026-09-28 21:46:11,780 [INFO] IPUIPlugin:80 - create IPUIPlugin
2026-09-28 21:46:11,781 [INFO] PluginManager:220 - loadIPPluginJar : add gfxmmu
2026-09-28 21:46:11,788 [INFO] IPUIPlugin:80 - create IPUIPlugin
2026-09-28 21:46:11,788 [INFO] PluginManager:220 - loadIPPluginJar : add gic
2026-09-28 21:46:11,795 [INFO] IPUIPlugin:80 - create IPUIPlugin
2026-09-28 21:46:11,795 [INFO] PluginManager:220 - loadIPPluginJar : add gpio
2026-09-28 21:46:11,800 [INFO] IPUIPlugin:80 - create IPUIPlugin
2026-09-28 21:46:11,800 [INFO] PluginManager:220 - loadIPPluginJar : add gtzc
2026-09-28 21:46:11,806 [INFO] IPUIPlugin:80 - create IPUIPlugin
2026-09-28 21:46:11,806 [INFO] PluginManager:220 - loadIPPluginJar : add hash
2026-09-28 21:46:11,813 [INFO] IPUIPlugin:80 - create IPUIPlugin
2026-09-28 21:46:11,813 [INFO] PluginManager:220 - loadIPPluginJar : add i2c
2026-09-28 21:46:11,815 [INFO] IPUIPlugin:80 - create IPUIPlugin
2026-09-28 21:46:11,815 [INFO] PluginManager:220 - loadIPPluginJar : add i2s
2026-09-28 21:46:11,821 [INFO] IPUIPlugin:80 - create IPUIPlugin
2026-09-28 21:46:11,821 [INFO] PluginManager:220 - loadIPPluginJar : add i3c
2026-09-28 21:46:11,827 [INFO] IPUIPlugin:80 - create IPUIPlugin
2026-09-28 21:46:11,827 [INFO] PluginManager:220 - loadIPPluginJar : add ipddr
2026-09-28 21:46:11,840 [INFO] IPUIPlugin:80 - create IPUIPlugin
2026-09-28 21:46:11,840 [INFO] PluginManager:220 - loadIPPluginJar : add linkedlist
2026-09-28 21:46:11,846 [INFO] IPUIPlugin:80 - create IPUIPlugin
2026-09-28 21:46:11,846 [INFO] PluginManager:220 - loadIPPluginJar : add lorawan
2026-09-28 21:46:11,849 [INFO] IPUIPlugin:80 - create IPUIPlugin
2026-09-28 21:46:11,851 [INFO] PluginManager:220 - loadIPPluginJar : add ltdc
2026-09-28 21:46:11,860 [INFO] IPUIPlugin:80 - create IPUIPlugin
2026-09-28 21:46:11,861 [INFO] PluginManager:220 - loadIPPluginJar : add mdma
2026-09-28 21:46:11,876 [INFO] IPUIPlugin:80 - create IPUIPlugin
2026-09-28 21:46:11,876 [INFO] PluginManager:220 - loadIPPluginJar : add nvic
2026-09-28 21:46:11,886 [INFO] IPUIPlugin:80 - create IPUIPlugin
2026-09-28 21:46:11,886 [INFO] PluginManager:220 - loadIPPluginJar : add opamp
2026-09-28 21:46:11,910 [INFO] IPUIPlugin:80 - create IPUIPlugin
2026-09-28 21:46:11,910 [INFO] PluginManager:220 - loadIPPluginJar : add openamp
2026-09-28 21:46:11,915 [INFO] IPUIPlugin:80 - create IPUIPlugin
2026-09-28 21:46:11,915 [INFO] PluginManager:220 - loadIPPluginJar : add pdm2pcm
2026-09-28 21:46:11,923 [INFO] IPUIPlugin:80 - create IPUIPlugin
2026-09-28 21:46:11,926 [INFO] PluginManager:220 - loadIPPluginJar : add plateformsettings
2026-09-28 21:46:11,927 [INFO] IPUIPlugin:80 - create IPUIPlugin
2026-09-28 21:46:11,929 [INFO] PluginManager:220 - loadIPPluginJar : add quadspi
2026-09-28 21:46:11,932 [INFO] IPUIPlugin:80 - create IPUIPlugin
2026-09-28 21:46:11,932 [INFO] PluginManager:220 - loadIPPluginJar : add radio
2026-09-28 21:46:11,935 [INFO] IPUIPlugin:80 - create IPUIPlugin
2026-09-28 21:46:11,935 [INFO] PluginManager:220 - loadIPPluginJar : add resmgrutility
2026-09-28 21:46:11,944 [INFO] IPUIPlugin:80 - create IPUIPlugin
2026-09-28 21:46:11,944 [INFO] PluginManager:220 - loadIPPluginJar : add sai
2026-09-28 21:46:11,947 [INFO] IPUIPlugin:80 - create IPUIPlugin
2026-09-28 21:46:11,948 [INFO] PluginManager:220 - loadIPPluginJar : add spi
2026-09-28 21:46:11,956 [INFO] IPUIPlugin:80 - create IPUIPlugin
2026-09-28 21:46:11,956 [INFO] PluginManager:220 - loadIPPluginJar : add stm32_wpan
2026-09-28 21:46:11,959 [INFO] IPUIPlugin:80 - create IPUIPlugin
2026-09-28 21:46:11,959 [INFO] PluginManager:220 - loadIPPluginJar : add tim
2026-09-28 21:46:11,961 [INFO] IPUIPlugin:80 - create IPUIPlugin
2026-09-28 21:46:11,961 [INFO] PluginManager:220 - loadIPPluginJar : add touchsensing
2026-09-28 21:46:11,967 [INFO] IPUIPlugin:80 - create IPUIPlugin
2026-09-28 21:46:11,967 [INFO] PluginManager:220 - loadIPPluginJar : add tracer_emb
2026-09-28 21:46:11,969 [INFO] IPUIPlugin:80 - create IPUIPlugin
2026-09-28 21:46:11,969 [INFO] PluginManager:220 - loadIPPluginJar : add ts
2026-09-28 21:46:11,973 [INFO] IPUIPlugin:80 - create IPUIPlugin
2026-09-28 21:46:11,973 [INFO] PluginManager:220 - loadIPPluginJar : add tsc
2026-09-28 21:46:11,975 [INFO] IPUIPlugin:80 - create IPUIPlugin
2026-09-28 21:46:11,977 [INFO] PluginManager:220 - loadIPPluginJar : add ucpd
2026-09-28 21:46:11,979 [INFO] IPUIPlugin:80 - create IPUIPlugin
2026-09-28 21:46:11,979 [INFO] PluginManager:220 - loadIPPluginJar : add usart
2026-09-28 21:46:11,986 [INFO] IPUIPlugin:80 - create IPUIPlugin
2026-09-28 21:46:11,986 [INFO] PluginManager:220 - loadIPPluginJar : add usbx
2026-09-28 21:46:12,133 [FATAL] Updater:351 - Updater called before beeing initialized
2026-09-28 21:46:12,173 [INFO] RulesReader:64 - Compatibility file has been processed (317 Rules)
2026-09-28 21:46:12,188 [INFO] RulesReader:64 - Compatibility file has been processed (317 Rules)
2026-09-28 21:46:12,198 [INFO] CADModel:165 - CPN selected for project level
2026-09-28 21:46:12,200 [INFO] CADModel:114 - Register for checkConnection events
2026-09-28 21:46:12,200 [FATAL] Updater:351 - Updater called before beeing initialized
2026-09-28 21:46:12,200 [ERROR] CADModel:125 - Updater not yet initialized, retry later 
2026-09-28 21:46:12,431 [FATAL] Updater:351 - Updater called before beeing initialized
2026-09-28 21:46:12,432 [INFO] CADModel:165 - CPN selected for project level
2026-09-28 21:46:12,434 [INFO] CADModel:114 - Register for checkConnection events
2026-09-28 21:46:12,434 [FATAL] Updater:351 - Updater called before beeing initialized
2026-09-28 21:46:12,434 [ERROR] CADModel:125 - Updater not yet initialized, retry later 
2026-09-28 21:46:12,439 [FATAL] Updater:351 - Updater called before beeing initialized
2026-09-28 21:46:12,565 [FATAL] Updater:351 - Updater called before beeing initialized
2026-09-28 21:46:12,569 [INFO] DbMcusAds:53 - JSON generation date=Tue Sep 22 15:25:16 TRT 2026 (1790079916640)
2026-09-28 21:46:12,569 [FATAL] Updater:351 - Updater called before beeing initialized
2026-09-28 21:46:12,625 [WARN] DetailPanel:346 - Failed to get advertising image, set to default
2026-09-28 21:46:12,733 [FATAL] Updater:351 - Updater called before beeing initialized
2026-09-28 21:46:12,736 [FATAL] Updater:351 - Updater called before beeing initialized
2026-09-28 21:46:12,736 [FATAL] Updater:351 - Updater called before beeing initialized
2026-09-28 21:46:12,736 [WARN] DetailPanel:346 - Failed to get advertising image, set to default
2026-09-28 21:46:12,736 [FATAL] Updater:351 - Updater called before beeing initialized
2026-09-28 21:46:12,802 [ERROR] Updater:1198 - MainUpdater not yet initialized. External WinMGr cannot be set.
2026-09-28 21:46:12,802 [INFO] Updater:1134 - Updater Version found : 6.15.0
2026-09-28 21:46:12,827 [INFO] ApplicationProperties:184 - Using Application install path: C:\ST\STM32CubeIDE_1.19.0\STM32CubeIDE\plugins\com.st.stm32cube.common.mx_6.15.0.202507011659
2026-09-28 21:46:13,831 [INFO] ThirdPartyUpdaterWithRetryManager:70 - Updater plugin not ready yet. [2/15]
2026-09-28 21:46:14,433 [ERROR] LogOutputStream:75 - [STDERR_REDIRECT] Sep 28, 2026 9:46:14 PM java.util.prefs.WindowsPreferences <init>
2026-09-28 21:46:14,437 [ERROR] LogOutputStream:75 - [STDERR_REDIRECT] WARNING: Could not open/create prefs root node Software\JavaSoft\Prefs at root 0xffffffff80000002. Windows RegCreateKeyEx(...) returned error code 5.
2026-09-28 21:46:14,437 [ERROR] LogOutputStream:75 - [STDERR_REDIRECT] 
2026-09-28 21:46:14,908 [INFO] MainUpdater:2872 - connection check result : 10
2026-09-28 21:46:14,908 [INFO] MainUpdater:289 - Updater Check For Update Now.
2026-09-28 21:46:14,909 [INFO] MicroXplorer:498 - Change Database Version : DB.6.0.150
2026-09-28 21:46:14,925 [INFO] McuFinderGlobals:63 - Set McuFinder mode to 2 (CubeIDE integrated)
2026-09-28 21:46:14,925 [INFO] UserAuth:171 - activating auth plugin
2026-09-28 21:46:14,930 [INFO] UserAuth:487 - Internet connection configuration mode: 1
2026-09-28 21:46:14,962 [INFO] JxBrowserEngine:152 - Initiate JxBrowser Engine with user profile folder
2026-09-28 21:46:15,144 [INFO] CheckServerUpdateThread:120 - End of CheckServer Thread
2026-09-28 21:46:16,264 [INFO] WebApp:169 - Instantiating new browser for Auth
2026-09-28 21:46:17,378 [INFO] WebApp:463 - Apply proxy settings
2026-09-28 21:46:17,380 [INFO] WebApp:548 - Chromium requires no authentication
2026-09-28 21:46:17,390 [WARN] PackLoader:240 - Cannot read IP mode file for STMicroelectronics.X-CUBE-AZRTOS-H7.3.5.0
2026-09-28 21:46:17,409 [INFO] WebApp:491 - Direct internet connection detected
2026-09-28 21:46:17,416 [WARN] PackLoader:240 - Cannot read IP mode file for STMicroelectronics.FP-ATR-ASTRA1.2.0.3
2026-09-28 21:46:17,443 [ERROR] Engine:466 - C:\Users\HP\.stm32cubemx\thirdparties\pdsc\STMicroelectronics.X-CUBE-SMBUS.2.1.1.pdsc: PDSC version is not supported
2026-09-28 21:46:17,478 [WARN] PackLoader:240 - Cannot read IP mode file for STMicroelectronics.X-CUBE-AZRTOS-F7.1.1.0
2026-09-28 21:46:17,492 [WARN] PackLoader:240 - Cannot read IP mode file for STMicroelectronics.X-CUBE-FREERTOS.1.6.0
2026-09-28 21:46:17,495 [INFO] WebApp:900 - Register for checkConnection events
2026-09-28 21:46:17,495 [INFO] WebApp:463 - Apply proxy settings
2026-09-28 21:46:17,495 [INFO] WebApp:548 - Chromium requires no authentication
2026-09-28 21:46:17,497 [INFO] WebApp:491 - Direct internet connection detected
2026-09-28 21:46:17,500 [WARN] PackLoader:240 - Cannot read IP mode file for STMicroelectronics.FP-SNS-MOTENV1.5.1.0
2026-09-28 21:46:17,527 [WARN] PackLoader:240 - Cannot read IP mode file for STMicroelectronics.X-CUBE-AZRTOS-H7RS.1.3.0
2026-09-28 21:46:17,547 [WARN] PackLoader:240 - Cannot read IP mode file for WES.I-CUBE-Cesium.1.4.0
2026-09-28 21:46:17,558 [WARN] PackLoader:240 - Cannot read IP mode file for STMicroelectronics.X-CUBE-DISPLAY.3.0.0
2026-09-28 21:46:17,579 [WARN] PackLoader:240 - Cannot read IP mode file for STMicroelectronics.X-CUBE-GNSS1.7.1.1
2026-09-28 21:46:17,591 [WARN] PackLoader:240 - Cannot read IP mode file for STMicroelectronics.FP-SNS-MOTENVWB1.1.5.0
2026-09-28 21:46:17,599 [WARN] PackLoader:240 - Cannot read IP mode file for STMicroelectronics.X-CUBE-NFC10.1.0.0
2026-09-28 21:46:17,607 [WARN] PackLoader:240 - Cannot read IP mode file for STMicroelectronics.X-CUBE-ST60.1.1.0
2026-09-28 21:46:17,616 [WARN] PackLoader:240 - Cannot read IP mode file for emotas.I-CUBE-CANOPEN.1.3.0
2026-09-28 21:46:17,623 [WARN] PackLoader:240 - Cannot read IP mode file for wolfSSL.I-CUBE-wolfSSL.5.9.2
2026-09-28 21:46:17,628 [ERROR] Engine:466 - C:\Users\HP\.stm32cubemx\thirdparties\pdsc\STMicroelectronics.X-CUBE-WBA.1.1.0.pdsc: PDSC version is not supported
2026-09-28 21:46:17,637 [WARN] PackLoader:240 - Cannot read IP mode file for STMicroelectronics.FP-SNS-STBOX1.2.1.0
2026-09-28 21:46:17,648 [WARN] PackLoader:240 - Cannot read IP mode file for STMicroelectronics.FP-SNS-SMARTAG2.1.2.0
2026-09-28 21:46:17,655 [WARN] PackLoader:240 - Cannot read IP mode file for STMicroelectronics.FP-SNS-FLIGHT1.5.1.0
2026-09-28 21:46:17,665 [INFO] LogOutputStream:77 - [STDOUT_REDIRECT] 1 : Invalid condition id : UX_CORESTACK_Condition cause : null
2026-09-28 21:46:17,668 [INFO] LogOutputStream:77 - [STDOUT_REDIRECT] 1 : Invalid condition id : UX_CORESTACK_Condition cause : null
2026-09-28 21:46:17,669 [INFO] LogOutputStream:77 - [STDOUT_REDIRECT] 1 : Invalid condition id : UX_CORESTACK_Condition cause : null
2026-09-28 21:46:17,671 [INFO] LogOutputStream:77 - [STDOUT_REDIRECT] 1 : Invalid condition id : UX_CORESTACK_Condition cause : null
2026-09-28 21:46:17,673 [INFO] LogOutputStream:77 - [STDOUT_REDIRECT] 1 : Invalid condition id : UX_CORESTACK_Condition cause : null
2026-09-28 21:46:17,674 [WARN] PackLoader:240 - Cannot read IP mode file for STMicroelectronics.X-CUBE-AZRTOS-WL.2.0.0
2026-09-28 21:46:17,686 [WARN] PackLoader:240 - Cannot read IP mode file for STMicroelectronics.X-CUBE-BLE2.3.3.0
2026-09-28 21:46:17,737 [WARN] PackLoader:240 - Cannot read IP mode file for Infineon.AIROC-Wi-Fi-Bluetooth-STM32.1.8.0
2026-09-28 21:46:17,759 [WARN] PackLoader:240 - Cannot read IP mode file for STMicroelectronics.X-CUBE-NFC9.1.0.0
2026-09-28 21:46:17,769 [WARN] PackLoader:240 - Cannot read IP mode file for STMicroelectronics.X-CUBE-BLE1.7.1.0
2026-09-28 21:46:17,774 [WARN] PackLoader:240 - Cannot read IP mode file for wolfSSL.I-CUBE-wolfMQTT.1.19.2
2026-09-28 21:46:17,794 [WARN] PackLoader:240 - Cannot read IP mode file for STMicroelectronics.X-CUBE-EEPRMA1.5.2.0
2026-09-28 21:46:17,812 [WARN] PackLoader:240 - Cannot read IP mode file for STMicroelectronics.FP-SNS-STAIOTCFT.1.1.0
2026-09-28 21:46:17,838 [WARN] PackLoader:240 - Cannot read IP mode file for STMicroelectronics.X-CUBE-AZRTOS-G0.1.1.0
2026-09-28 21:46:17,850 [WARN] PackLoader:240 - Cannot read IP mode file for STMicroelectronics.X-CUBE-NFC4.3.0.0
2026-09-28 21:46:17,868 [WARN] PackLoader:240 - Cannot read IP mode file for EmbeddedOffice.I-CUBE-FS-RTOS.1.0.1
2026-09-28 21:46:17,879 [WARN] PackLoader:240 - Cannot read IP mode file for wolfSSL.I-CUBE-wolfTPM.3.8.0
2026-09-28 21:46:17,888 [WARN] PackLoader:240 - Cannot read IP mode file for STMicroelectronics.X-CUBE-TCPP.4.2.0
2026-09-28 21:46:17,895 [INFO] WebApp:191 - Connection restablished
2026-09-28 21:46:17,899 [WARN] PackLoader:240 - Cannot read IP mode file for RealThread.X-CUBE-RT-Thread_Nano.4.1.1
2026-09-28 21:46:17,907 [WARN] PackLoader:240 - Cannot read IP mode file for STMicroelectronics.FP-ATR-SIGFOX1.3.2.0
2026-09-28 21:46:17,917 [WARN] PackLoader:240 - Cannot read IP mode file for ITTIA_DB.I-CUBE-ITTIADB.8.9.0
2026-09-28 21:46:17,924 [WARN] PackLoader:240 - Cannot read IP mode file for Cesanta.I-CUBE-Mongoose.7.21.7
2026-09-28 21:46:17,933 [WARN] PackLoader:240 - Cannot read IP mode file for STMicroelectronics.X-CUBE-NFC6.3.2.0
2026-09-28 21:46:17,940 [WARN] PackLoader:240 - Cannot read IP mode file for STMicroelectronics.X-CUBE-AI.10.2.1
2026-09-28 21:46:17,960 [INFO] WebApp:225 - Starting web application
2026-09-28 21:46:17,960 [INFO] WebApp:593 - Web application path used C:\ST\STM32CubeIDE_1.19.0\STM32CubeIDE\plugins\com.st.stm32cube.common.mx_6.15.0.202507011659\db\plugins\mcufinder\reactClient1\index.html
2026-09-28 21:46:17,973 [WARN] PackLoader:240 - Cannot read IP mode file for SEGGER.I-CUBE-embOS.1.3.1
2026-09-28 21:46:18,014 [ERROR] Engine:466 - C:\Users\HP\.stm32cubemx\thirdparties\pdsc\STMicroelectronics.FP-SNS-STAIOTCFT.2.0.0.pdsc: PDSC version is not supported
2026-09-28 21:46:18,031 [WARN] PackLoader:240 - Cannot read IP mode file for STMicroelectronics.X-CUBE-NFC13.1.0.0
2026-09-28 21:46:18,045 [WARN] PackLoader:240 - Cannot read IP mode file for STMicroelectronics.X-CUBE-PM33A1.1.0.0
2026-09-28 21:46:18,063 [WARN] PackLoader:240 - Cannot read IP mode file for STMicroelectronics.X-CUBE-AZRTOS-F4.1.1.0
2026-09-28 21:46:18,071 [WARN] PackLoader:240 - Cannot read IP mode file for STMicroelectronics.X-CUBE-ISPU.2.1.0
2026-09-28 21:46:18,091 [WARN] PackLoader:240 - Cannot read IP mode file for STMicroelectronics.X-CUBE-IPS.3.2.0
2026-09-28 21:46:18,104 [WARN] PackLoader:240 - Cannot read IP mode file for STMicroelectronics.eDS-WB_DPC_TT-BIDIR.2.1.1
2026-09-28 21:46:18,116 [WARN] PackLoader:240 - Cannot read IP mode file for STMicroelectronics.X-CUBE-NFC12.1.0.0
2026-09-28 21:46:18,132 [WARN] PackLoader:240 - Cannot read IP mode file for STMicroelectronics.X-CUBE-AZRTOS-L5.2.0.0
2026-09-28 21:46:18,146 [WARN] PackLoader:240 - Cannot read IP mode file for STMicroelectronics.X-CUBE-ALGOBUILD.1.5.0
2026-09-28 21:46:18,157 [WARN] PackLoader:240 - Cannot read IP mode file for STMicroelectronics.eDS-WB_DPC_VIENNA.1.2.0
2026-09-28 21:46:18,208 [WARN] PackLoader:240 - Cannot read IP mode file for STMicroelectronics.X-CUBE-MEMS1.13.0.0
2026-09-28 21:46:18,294 [WARN] PackLoader:240 - Cannot read IP mode file for STMicroelectronics.eDS-WB_DPC_3PH2L-BIDIR.1.1.1
2026-09-28 21:46:18,298 [ERROR] Engine:466 - C:\Users\HP\.stm32cubemx\thirdparties\pdsc\STMicroelectronics.X-CUBE-ST67W61.1.3.0.pdsc: PDSC version is not supported
2026-09-28 21:46:18,304 [WARN] PackLoader:240 - Cannot read IP mode file for STMicroelectronics.X-CUBE-TOUCHGFX.4.26.1
2026-09-28 21:46:18,313 [WARN] PackLoader:240 - Cannot read IP mode file for STMicroelectronics.X-CUBE-DPower.1.3.0
2026-09-28 21:46:18,355 [ERROR] LogOutputStream:75 - [STDERR_REDIRECT] [Fatal Error] :1:1: Premature end of file.
2026-09-28 21:46:18,355 [ERROR] LogOutputStream:75 - [STDERR_REDIRECT] 
2026-09-28 21:46:18,363 [WARN] ConditionMgr:438 - getConditionDescription Invalid condition id : LAN8742 Phy interface Condition cause : null
2026-09-28 21:46:18,364 [WARN] PackLoader:240 - Cannot read IP mode file for STMicroelectronics.X-CUBE-AZRTOS-L4.2.0.0
2026-09-28 21:46:18,365 [WARN] ConditionMgr:1044 - genDependencies : Invalid condition id : LAN8742 Phy interface Condition cause : null
2026-09-28 21:46:18,366 [WARN] ConditionMgr:1044 - genDependencies : Invalid condition id : LAN8742 Phy interface Condition cause : null
2026-09-28 21:46:18,366 [WARN] ConditionMgr:1044 - genDependencies : Invalid condition id : LAN8742 Phy interface Condition cause : null
2026-09-28 21:46:18,377 [WARN] PackLoader:240 - Cannot read IP mode file for STMicroelectronics.X-CUBE-SFXS2LP1.4.0.0
2026-09-28 21:46:18,386 [WARN] PackLoader:240 - Cannot read IP mode file for STMicroelectronics.X-CUBE-WB05N.2.1.0
2026-09-28 21:46:18,402 [WARN] ConditionMgr:438 - getConditionDescription Invalid condition id : UX DEVICE CLASS RTOS Condition cause : null
2026-09-28 21:46:18,403 [WARN] ConditionMgr:438 - getConditionDescription Invalid condition id : UX DEVICE CLASS RTOS Condition cause : null
2026-09-28 21:46:18,405 [WARN] PackLoader:240 - Cannot read IP mode file for STMicroelectronics.X-CUBE-AZRTOS-WB.2.0.0
2026-09-28 21:46:18,407 [WARN] ConditionMgr:1044 - genDependencies : Invalid condition id : UX DEVICE CLASS RTOS Condition cause : null
2026-09-28 21:46:18,408 [WARN] ConditionMgr:1044 - genDependencies : Invalid condition id : UX DEVICE CLASS RTOS Condition cause : null
2026-09-28 21:46:18,409 [WARN] ConditionMgr:1044 - genDependencies : Invalid condition id : UX DEVICE CLASS RTOS Condition cause : null
2026-09-28 21:46:18,409 [WARN] ConditionMgr:1044 - genDependencies : Invalid condition id : UX DEVICE CLASS RTOS Condition cause : null
2026-09-28 21:46:18,409 [WARN] ConditionMgr:1044 - genDependencies : Invalid condition id : UX DEVICE CLASS RTOS Condition cause : null
2026-09-28 21:46:18,420 [WARN] ConditionMgr:438 - getConditionDescription Invalid condition id : Cortex-A Device cause : null
2026-09-28 21:46:18,432 [WARN] ConditionMgr:1044 - genDependencies : Invalid condition id : Cortex-A Device cause : null
2026-09-28 21:46:18,432 [WARN] ConditionMgr:1044 - genDependencies : Invalid condition id : Cortex-A Device cause : null
2026-09-28 21:46:18,432 [WARN] ConditionMgr:1044 - genDependencies : Invalid condition id : Cortex-A Device cause : null
2026-09-28 21:46:18,443 [WARN] PackLoader:240 - Cannot read IP mode file for STMicroelectronics.X-CUBE-STSE01.2.0.0
2026-09-28 21:46:18,457 [WARN] PackLoader:240 - Cannot read IP mode file for STMicroelectronics.X-CUBE-SUBG2.5.0.0
2026-09-28 21:46:18,477 [WARN] PackLoader:240 - Cannot read IP mode file for STMicroelectronics.X-CUBE-AZRTOS-G4.2.0.0
2026-09-28 21:46:18,486 [WARN] PackLoader:240 - Cannot read IP mode file for wolfSSL.I-CUBE-wolfSSH.1.4.20
2026-09-28 21:46:18,495 [WARN] PackLoader:240 - Cannot read IP mode file for STMicroelectronics.X-CUBE-NFC7.2.0.0
2026-09-28 21:46:18,498 [ERROR] Engine:466 - C:\Users\HP\.stm32cubemx\thirdparties\pdsc\STMicroelectronics.X-CUBE-BLEMGR.4.2.0.pdsc: PDSC version is not supported
2026-09-28 21:46:18,506 [WARN] PackLoader:240 - Cannot read IP mode file for STMicroelectronics.X-CUBE-ALS.1.0.2
2026-09-28 21:46:18,519 [WARN] PackLoader:240 - Cannot read IP mode file for STMicroelectronics.X-CUBE-TOF1.3.4.3
2026-09-28 21:46:18,532 [INFO] ThirdParty:978 - Integrity check success = true
2026-09-28 21:46:18,532 [INFO] IntegrityCheckThread:100 - exiting critical section [integrity check]
2026-09-28 21:46:18,532 [INFO] IntegrityCheckThread:103 - End integrity checks thread
2026-09-28 21:46:19,273 [ERROR] LogOutputStream:75 - [STDERR_REDIRECT] [Fatal Error] :1:1: Premature end of file.
2026-09-28 21:46:19,273 [ERROR] LogOutputStream:75 - [STDERR_REDIRECT] 
2026-09-28 21:46:20,267 [ERROR] LogOutputStream:75 - [STDERR_REDIRECT] [Fatal Error] :1:1: Premature end of file.
2026-09-28 21:46:20,267 [ERROR] LogOutputStream:75 - [STDERR_REDIRECT] 
2026-09-28 21:46:20,562 [INFO] WebApp:194 - Connection lost
2026-09-28 21:46:20,981 [INFO] WebApp:191 - Connection restablished
2026-09-28 21:46:21,257 [ERROR] LogOutputStream:75 - [STDERR_REDIRECT] [Fatal Error] :1:1: Premature end of file.
2026-09-28 21:46:21,257 [ERROR] LogOutputStream:75 - [STDERR_REDIRECT] 
2026-09-28 21:46:22,262 [ERROR] LogOutputStream:75 - [STDERR_REDIRECT] [Fatal Error] :1:1: Premature end of file.
2026-09-28 21:46:22,262 [ERROR] LogOutputStream:75 - [STDERR_REDIRECT] 
2026-09-28 21:46:23,254 [ERROR] LogOutputStream:75 - [STDERR_REDIRECT] [Fatal Error] :1:1: Premature end of file.
2026-09-28 21:46:23,254 [ERROR] LogOutputStream:75 - [STDERR_REDIRECT] 
2026-09-28 21:46:24,261 [ERROR] LogOutputStream:75 - [STDERR_REDIRECT] [Fatal Error] :1:1: Premature end of file.
2026-09-28 21:46:24,261 [ERROR] LogOutputStream:75 - [STDERR_REDIRECT] 
2026-09-28 21:46:25,272 [ERROR] LogOutputStream:75 - [STDERR_REDIRECT] [Fatal Error] :1:1: Premature end of file.
2026-09-28 21:46:25,272 [ERROR] LogOutputStream:75 - [STDERR_REDIRECT] 
2026-09-28 21:46:26,267 [ERROR] LogOutputStream:75 - [STDERR_REDIRECT] [Fatal Error] :1:1: Premature end of file.
2026-09-28 21:46:26,269 [ERROR] LogOutputStream:75 - [STDERR_REDIRECT] 
2026-09-28 21:46:27,265 [ERROR] LogOutputStream:75 - [STDERR_REDIRECT] [Fatal Error] :1:1: Premature end of file.
2026-09-28 21:46:27,265 [ERROR] LogOutputStream:75 - [STDERR_REDIRECT] 
2026-09-28 21:46:28,259 [ERROR] LogOutputStream:75 - [STDERR_REDIRECT] [Fatal Error] :1:1: Premature end of file.
2026-09-28 21:46:28,259 [ERROR] LogOutputStream:75 - [STDERR_REDIRECT] 
2026-09-28 21:46:29,261 [ERROR] LogOutputStream:75 - [STDERR_REDIRECT] [Fatal Error] :1:1: Premature end of file.
2026-09-28 21:46:29,261 [ERROR] LogOutputStream:75 - [STDERR_REDIRECT] 
2026-09-28 21:46:30,267 [ERROR] LogOutputStream:75 - [STDERR_REDIRECT] [Fatal Error] :1:1: Premature end of file.
2026-09-28 21:46:30,267 [ERROR] LogOutputStream:75 - [STDERR_REDIRECT] 
2026-09-28 21:46:31,282 [ERROR] LogOutputStream:75 - [STDERR_REDIRECT] [Fatal Error] :1:1: Premature end of file.
2026-09-28 21:46:31,282 [ERROR] LogOutputStream:75 - [STDERR_REDIRECT] 
2026-09-28 21:46:32,275 [ERROR] LogOutputStream:75 - [STDERR_REDIRECT] [Fatal Error] :1:1: Premature end of file.
2026-09-28 21:46:32,275 [ERROR] LogOutputStream:75 - [STDERR_REDIRECT] 
2026-09-28 21:46:33,272 [ERROR] LogOutputStream:75 - [STDERR_REDIRECT] [Fatal Error] :1:1: Premature end of file.
2026-09-28 21:46:33,272 [ERROR] LogOutputStream:75 - [STDERR_REDIRECT] 
2026-09-28 21:46:34,264 [ERROR] LogOutputStream:75 - [STDERR_REDIRECT] [Fatal Error] :1:1: Premature end of file.
2026-09-28 21:46:34,264 [ERROR] LogOutputStream:75 - [STDERR_REDIRECT] 
2026-09-28 21:46:35,265 [ERROR] LogOutputStream:75 - [STDERR_REDIRECT] [Fatal Error] :1:1: Premature end of file.
2026-09-28 21:46:35,266 [ERROR] LogOutputStream:75 - [STDERR_REDIRECT] 
2026-09-28 21:46:36,277 [ERROR] LogOutputStream:75 - [STDERR_REDIRECT] [Fatal Error] :1:1: Premature end of file.
2026-09-28 21:46:36,277 [ERROR] LogOutputStream:75 - [STDERR_REDIRECT] 
2026-09-28 21:46:37,273 [ERROR] LogOutputStream:75 - [STDERR_REDIRECT] [Fatal Error] :1:1: Premature end of file.
2026-09-28 21:46:37,274 [ERROR] LogOutputStream:75 - [STDERR_REDIRECT] 
2026-09-28 21:46:38,273 [ERROR] LogOutputStream:75 - [STDERR_REDIRECT] [Fatal Error] :1:1: Premature end of file.
2026-09-28 21:46:38,274 [ERROR] LogOutputStream:75 - [STDERR_REDIRECT] 
2026-09-28 21:46:39,259 [ERROR] LogOutputStream:75 - [STDERR_REDIRECT] [Fatal Error] :1:1: Premature end of file.
2026-09-28 21:46:39,259 [ERROR] LogOutputStream:75 - [STDERR_REDIRECT] 
2026-09-28 21:46:40,271 [ERROR] LogOutputStream:75 - [STDERR_REDIRECT] [Fatal Error] :1:1: Premature end of file.
2026-09-28 21:46:40,271 [ERROR] LogOutputStream:75 - [STDERR_REDIRECT] 
2026-09-28 21:46:41,280 [ERROR] LogOutputStream:75 - [STDERR_REDIRECT] [Fatal Error] :1:1: Premature end of file.
2026-09-28 21:46:41,280 [ERROR] LogOutputStream:75 - [STDERR_REDIRECT] 
2026-09-28 21:46:42,270 [ERROR] LogOutputStream:75 - [STDERR_REDIRECT] [Fatal Error] :1:1: Premature end of file.
2026-09-28 21:46:42,270 [ERROR] LogOutputStream:75 - [STDERR_REDIRECT] 
2026-09-28 21:46:43,268 [ERROR] LogOutputStream:75 - [STDERR_REDIRECT] [Fatal Error] :1:1: Premature end of file.
2026-09-28 21:46:43,268 [ERROR] LogOutputStream:75 - [STDERR_REDIRECT] 
2026-09-28 21:46:44,265 [ERROR] LogOutputStream:75 - [STDERR_REDIRECT] [Fatal Error] :1:1: Premature end of file.
2026-09-28 21:46:44,265 [ERROR] LogOutputStream:75 - [STDERR_REDIRECT] 
2026-09-28 21:46:45,275 [ERROR] LogOutputStream:75 - [STDERR_REDIRECT] [Fatal Error] :1:1: Premature end of file.
2026-09-28 21:46:45,275 [ERROR] LogOutputStream:75 - [STDERR_REDIRECT] 
2026-09-28 21:46:46,274 [ERROR] LogOutputStream:75 - [STDERR_REDIRECT] [Fatal Error] :1:1: Premature end of file.
2026-09-28 21:46:46,274 [ERROR] LogOutputStream:75 - [STDERR_REDIRECT] 
2026-09-28 21:46:47,265 [ERROR] LogOutputStream:75 - [STDERR_REDIRECT] [Fatal Error] :1:1: Premature end of file.
2026-09-28 21:46:47,265 [ERROR] LogOutputStream:75 - [STDERR_REDIRECT] 
2026-09-28 21:46:48,263 [ERROR] LogOutputStream:75 - [STDERR_REDIRECT] [Fatal Error] :1:1: Premature end of file.
2026-09-28 21:46:48,263 [ERROR] LogOutputStream:75 - [STDERR_REDIRECT] 
2026-09-28 21:46:49,271 [ERROR] LogOutputStream:75 - [STDERR_REDIRECT] [Fatal Error] :1:1: Premature end of file.
2026-09-28 21:46:49,271 [ERROR] LogOutputStream:75 - [STDERR_REDIRECT] 
2026-09-28 21:46:50,261 [ERROR] LogOutputStream:75 - [STDERR_REDIRECT] [Fatal Error] :1:1: Premature end of file.
2026-09-28 21:46:50,261 [ERROR] LogOutputStream:75 - [STDERR_REDIRECT] 
2026-09-28 21:46:51,261 [ERROR] LogOutputStream:75 - [STDERR_REDIRECT] [Fatal Error] :1:1: Premature end of file.
2026-09-28 21:46:51,261 [ERROR] LogOutputStream:75 - [STDERR_REDIRECT] 
2026-09-28 21:46:52,277 [ERROR] LogOutputStream:75 - [STDERR_REDIRECT] [Fatal Error] :1:1: Premature end of file.
2026-09-28 21:46:52,277 [ERROR] LogOutputStream:75 - [STDERR_REDIRECT] 
2026-09-28 21:46:53,271 [ERROR] LogOutputStream:75 - [STDERR_REDIRECT] [Fatal Error] :1:1: Premature end of file.
2026-09-28 21:46:53,271 [ERROR] LogOutputStream:75 - [STDERR_REDIRECT] 
2026-09-28 21:46:54,258 [ERROR] LogOutputStream:75 - [STDERR_REDIRECT] [Fatal Error] :1:1: Premature end of file.
2026-09-28 21:46:54,258 [ERROR] LogOutputStream:75 - [STDERR_REDIRECT] 
2026-09-28 21:46:55,258 [ERROR] LogOutputStream:75 - [STDERR_REDIRECT] [Fatal Error] :1:1: Premature end of file.
2026-09-28 21:46:55,258 [ERROR] LogOutputStream:75 - [STDERR_REDIRECT] 
2026-09-28 21:46:56,264 [ERROR] LogOutputStream:75 - [STDERR_REDIRECT] [Fatal Error] :1:1: Premature end of file.
2026-09-28 21:46:56,264 [ERROR] LogOutputStream:75 - [STDERR_REDIRECT] 
2026-09-28 21:46:57,257 [ERROR] LogOutputStream:75 - [STDERR_REDIRECT] [Fatal Error] :1:1: Premature end of file.
2026-09-28 21:46:57,257 [ERROR] LogOutputStream:75 - [STDERR_REDIRECT] 
2026-09-28 21:46:58,259 [ERROR] LogOutputStream:75 - [STDERR_REDIRECT] [Fatal Error] :1:1: Premature end of file.
2026-09-28 21:46:58,261 [ERROR] LogOutputStream:75 - [STDERR_REDIRECT] 
2026-09-28 21:46:59,284 [ERROR] LogOutputStream:75 - [STDERR_REDIRECT] [Fatal Error] :1:1: Premature end of file.
2026-09-28 21:46:59,284 [ERROR] LogOutputStream:75 - [STDERR_REDIRECT] 
2026-09-28 21:47:00,265 [ERROR] LogOutputStream:75 - [STDERR_REDIRECT] [Fatal Error] :1:1: Premature end of file.
2026-09-28 21:47:00,265 [ERROR] LogOutputStream:75 - [STDERR_REDIRECT] 
2026-09-28 21:47:01,264 [ERROR] LogOutputStream:75 - [STDERR_REDIRECT] [Fatal Error] :1:1: Premature end of file.
2026-09-28 21:47:01,264 [ERROR] LogOutputStream:75 - [STDERR_REDIRECT] 
2026-09-28 21:47:02,271 [ERROR] LogOutputStream:75 - [STDERR_REDIRECT] [Fatal Error] :1:1: Premature end of file.
2026-09-28 21:47:02,271 [ERROR] LogOutputStream:75 - [STDERR_REDIRECT] 
2026-09-28 21:47:03,267 [ERROR] LogOutputStream:75 - [STDERR_REDIRECT] [Fatal Error] :1:1: Premature end of file.
2026-09-28 21:47:03,268 [ERROR] LogOutputStream:75 - [STDERR_REDIRECT] 
2026-09-28 21:47:04,268 [ERROR] LogOutputStream:75 - [STDERR_REDIRECT] [Fatal Error] :1:1: Premature end of file.
2026-09-28 21:47:04,268 [ERROR] LogOutputStream:75 - [STDERR_REDIRECT] 
2026-09-28 21:47:05,273 [ERROR] LogOutputStream:75 - [STDERR_REDIRECT] [Fatal Error] :1:1: Premature end of file.
2026-09-28 21:47:05,273 [ERROR] LogOutputStream:75 - [STDERR_REDIRECT] 
2026-09-28 21:47:06,272 [ERROR] LogOutputStream:75 - [STDERR_REDIRECT] [Fatal Error] :1:1: Premature end of file.
2026-09-28 21:47:06,272 [ERROR] LogOutputStream:75 - [STDERR_REDIRECT] 
2026-09-28 21:47:07,265 [ERROR] LogOutputStream:75 - [STDERR_REDIRECT] [Fatal Error] :1:1: Premature end of file.
2026-09-28 21:47:07,265 [ERROR] LogOutputStream:75 - [STDERR_REDIRECT] 
2026-09-28 21:47:08,266 [ERROR] LogOutputStream:75 - [STDERR_REDIRECT] [Fatal Error] :1:1: Premature end of file.
2026-09-28 21:47:08,266 [ERROR] LogOutputStream:75 - [STDERR_REDIRECT] 
2026-09-28 21:47:09,243 [ERROR] LogOutputStream:75 - [STDERR_REDIRECT] [Fatal Error] :1:1: Premature end of file.
2026-09-28 21:47:09,243 [ERROR] LogOutputStream:75 - [STDERR_REDIRECT] 
2026-09-28 21:47:10,271 [ERROR] LogOutputStream:75 - [STDERR_REDIRECT] [Fatal Error] :1:1: Premature end of file.
2026-09-28 21:47:10,271 [ERROR] LogOutputStream:75 - [STDERR_REDIRECT] 
2026-09-28 21:47:11,264 [ERROR] LogOutputStream:75 - [STDERR_REDIRECT] [Fatal Error] :1:1: Premature end of file.
2026-09-28 21:47:11,264 [ERROR] LogOutputStream:75 - [STDERR_REDIRECT] 
2026-09-28 21:47:12,273 [ERROR] LogOutputStream:75 - [STDERR_REDIRECT] [Fatal Error] :1:1: Premature end of file.
2026-09-28 21:47:12,273 [ERROR] LogOutputStream:75 - [STDERR_REDIRECT] 
2026-09-28 21:47:13,259 [ERROR] LogOutputStream:75 - [STDERR_REDIRECT] [Fatal Error] :1:1: Premature end of file.
2026-09-28 21:47:13,259 [ERROR] LogOutputStream:75 - [STDERR_REDIRECT] 
2026-09-28 21:47:14,259 [ERROR] LogOutputStream:75 - [STDERR_REDIRECT] [Fatal Error] :1:1: Premature end of file.
2026-09-28 21:47:14,260 [ERROR] LogOutputStream:75 - [STDERR_REDIRECT] 
2026-09-28 21:47:15,263 [ERROR] LogOutputStream:75 - [STDERR_REDIRECT] [Fatal Error] :1:1: Premature end of file.
2026-09-28 21:47:15,263 [ERROR] LogOutputStream:75 - [STDERR_REDIRECT] 
2026-09-28 21:47:16,273 [ERROR] LogOutputStream:75 - [STDERR_REDIRECT] [Fatal Error] :1:1: Premature end of file.
2026-09-28 21:47:16,273 [ERROR] LogOutputStream:75 - [STDERR_REDIRECT] 
2026-09-28 21:47:17,268 [ERROR] LogOutputStream:75 - [STDERR_REDIRECT] [Fatal Error] :1:1: Premature end of file.
2026-09-28 21:47:17,268 [ERROR] LogOutputStream:75 - [STDERR_REDIRECT] 
2026-09-28 21:47:18,267 [ERROR] LogOutputStream:75 - [STDERR_REDIRECT] [Fatal Error] :1:1: Premature end of file.
2026-09-28 21:47:18,267 [ERROR] LogOutputStream:75 - [STDERR_REDIRECT] 
2026-09-28 21:47:19,279 [ERROR] LogOutputStream:75 - [STDERR_REDIRECT] [Fatal Error] :1:1: Premature end of file.
2026-09-28 21:47:19,279 [ERROR] LogOutputStream:75 - [STDERR_REDIRECT] 
2026-09-28 21:47:20,268 [ERROR] LogOutputStream:75 - [STDERR_REDIRECT] [Fatal Error] :1:1: Premature end of file.
2026-09-28 21:47:20,268 [ERROR] LogOutputStream:75 - [STDERR_REDIRECT] 
2026-09-28 21:47:21,263 [ERROR] LogOutputStream:75 - [STDERR_REDIRECT] [Fatal Error] :1:1: Premature end of file.
2026-09-28 21:47:21,265 [ERROR] LogOutputStream:75 - [STDERR_REDIRECT] 
2026-09-28 21:47:22,266 [ERROR] LogOutputStream:75 - [STDERR_REDIRECT] [Fatal Error] :1:1: Premature end of file.
2026-09-28 21:47:22,266 [ERROR] LogOutputStream:75 - [STDERR_REDIRECT] 
2026-09-28 21:47:23,282 [ERROR] LogOutputStream:75 - [STDERR_REDIRECT] [Fatal Error] :1:1: Premature end of file.
2026-09-28 21:47:23,282 [ERROR] LogOutputStream:75 - [STDERR_REDIRECT] 
2026-09-28 21:47:24,285 [ERROR] LogOutputStream:75 - [STDERR_REDIRECT] [Fatal Error] :1:1: Premature end of file.
2026-09-28 21:47:24,285 [ERROR] LogOutputStream:75 - [STDERR_REDIRECT] 
2026-09-28 21:47:25,262 [ERROR] LogOutputStream:75 - [STDERR_REDIRECT] [Fatal Error] :1:1: Premature end of file.
2026-09-28 21:47:25,262 [ERROR] LogOutputStream:75 - [STDERR_REDIRECT] 
2026-09-28 21:47:26,267 [ERROR] LogOutputStream:75 - [STDERR_REDIRECT] [Fatal Error] :1:1: Premature end of file.
2026-09-28 21:47:26,267 [ERROR] LogOutputStream:75 - [STDERR_REDIRECT] 
2026-09-28 21:47:27,255 [ERROR] LogOutputStream:75 - [STDERR_REDIRECT] [Fatal Error] :1:1: Premature end of file.
2026-09-28 21:47:27,255 [ERROR] LogOutputStream:75 - [STDERR_REDIRECT] 
2026-09-28 21:47:28,259 [ERROR] LogOutputStream:75 - [STDERR_REDIRECT] [Fatal Error] :1:1: Premature end of file.
2026-09-28 21:47:28,259 [ERROR] LogOutputStream:75 - [STDERR_REDIRECT] 
2026-09-28 21:47:29,271 [ERROR] LogOutputStream:75 - [STDERR_REDIRECT] [Fatal Error] :1:1: Premature end of file.
2026-09-28 21:47:29,271 [ERROR] LogOutputStream:75 - [STDERR_REDIRECT] 
2026-09-28 21:47:30,262 [ERROR] LogOutputStream:75 - [STDERR_REDIRECT] [Fatal Error] :1:1: Premature end of file.
2026-09-28 21:47:30,262 [ERROR] LogOutputStream:75 - [STDERR_REDIRECT] 
2026-09-28 21:47:31,278 [ERROR] LogOutputStream:75 - [STDERR_REDIRECT] [Fatal Error] :1:1: Premature end of file.
2026-09-28 21:47:31,278 [ERROR] LogOutputStream:75 - [STDERR_REDIRECT] 
2026-09-28 21:47:32,264 [ERROR] LogOutputStream:75 - [STDERR_REDIRECT] [Fatal Error] :1:1: Premature end of file.
2026-09-28 21:47:32,264 [ERROR] LogOutputStream:75 - [STDERR_REDIRECT] 
2026-09-28 21:47:33,259 [ERROR] LogOutputStream:75 - [STDERR_REDIRECT] [Fatal Error] :1:1: Premature end of file.
2026-09-28 21:47:33,259 [ERROR] LogOutputStream:75 - [STDERR_REDIRECT] 
2026-09-28 21:47:34,266 [ERROR] LogOutputStream:75 - [STDERR_REDIRECT] [Fatal Error] :1:1: Premature end of file.
2026-09-28 21:47:34,266 [ERROR] LogOutputStream:75 - [STDERR_REDIRECT] 
2026-09-28 21:47:35,264 [ERROR] LogOutputStream:75 - [STDERR_REDIRECT] [Fatal Error] :1:1: Premature end of file.
2026-09-28 21:47:35,264 [ERROR] LogOutputStream:75 - [STDERR_REDIRECT] 
2026-09-28 21:47:36,262 [ERROR] LogOutputStream:75 - [STDERR_REDIRECT] [Fatal Error] :1:1: Premature end of file.
2026-09-28 21:47:36,262 [ERROR] LogOutputStream:75 - [STDERR_REDIRECT] 
2026-09-28 21:47:37,269 [ERROR] LogOutputStream:75 - [STDERR_REDIRECT] [Fatal Error] :1:1: Premature end of file.
2026-09-28 21:47:37,269 [ERROR] LogOutputStream:75 - [STDERR_REDIRECT] 
2026-09-28 21:47:38,281 [ERROR] LogOutputStream:75 - [STDERR_REDIRECT] [Fatal Error] :1:1: Premature end of file.
2026-09-28 21:47:38,281 [ERROR] LogOutputStream:75 - [STDERR_REDIRECT] 
2026-09-28 21:47:39,283 [ERROR] LogOutputStream:75 - [STDERR_REDIRECT] [Fatal Error] :1:1: Premature end of file.
2026-09-28 21:47:39,283 [ERROR] LogOutputStream:75 - [STDERR_REDIRECT] 
2026-09-28 21:47:40,263 [ERROR] LogOutputStream:75 - [STDERR_REDIRECT] [Fatal Error] :1:1: Premature end of file.
2026-09-28 21:47:40,263 [ERROR] LogOutputStream:75 - [STDERR_REDIRECT] 
2026-09-28 21:47:41,269 [ERROR] LogOutputStream:75 - [STDERR_REDIRECT] [Fatal Error] :1:1: Premature end of file.
2026-09-28 21:47:41,269 [ERROR] LogOutputStream:75 - [STDERR_REDIRECT] 
2026-09-28 21:47:42,260 [ERROR] LogOutputStream:75 - [STDERR_REDIRECT] [Fatal Error] :1:1: Premature end of file.
2026-09-28 21:47:42,260 [ERROR] LogOutputStream:75 - [STDERR_REDIRECT] 
2026-09-28 21:47:43,264 [ERROR] LogOutputStream:75 - [STDERR_REDIRECT] [Fatal Error] :1:1: Premature end of file.
2026-09-28 21:47:43,264 [ERROR] LogOutputStream:75 - [STDERR_REDIRECT] 
2026-09-28 21:47:44,263 [ERROR] LogOutputStream:75 - [STDERR_REDIRECT] [Fatal Error] :1:1: Premature end of file.
2026-09-28 21:47:44,263 [ERROR] LogOutputStream:75 - [STDERR_REDIRECT] 
2026-09-28 21:47:45,274 [ERROR] LogOutputStream:75 - [STDERR_REDIRECT] [Fatal Error] :1:1: Premature end of file.
2026-09-28 21:47:45,276 [ERROR] LogOutputStream:75 - [STDERR_REDIRECT] 
2026-09-28 21:47:46,263 [ERROR] LogOutputStream:75 - [STDERR_REDIRECT] [Fatal Error] :1:1: Premature end of file.
2026-09-28 21:47:46,263 [ERROR] LogOutputStream:75 - [STDERR_REDIRECT] 
2026-09-28 21:47:47,269 [ERROR] LogOutputStream:75 - [STDERR_REDIRECT] [Fatal Error] :1:1: Premature end of file.
2026-09-28 21:47:47,271 [ERROR] LogOutputStream:75 - [STDERR_REDIRECT] 
2026-09-28 21:47:48,252 [ERROR] LogOutputStream:75 - [STDERR_REDIRECT] [Fatal Error] :1:1: Premature end of file.
2026-09-28 21:47:48,252 [ERROR] LogOutputStream:75 - [STDERR_REDIRECT] 
2026-09-28 21:47:49,262 [ERROR] LogOutputStream:75 - [STDERR_REDIRECT] [Fatal Error] :1:1: Premature end of file.
2026-09-28 21:47:49,262 [ERROR] LogOutputStream:75 - [STDERR_REDIRECT] 
2026-09-28 21:47:50,257 [ERROR] LogOutputStream:75 - [STDERR_REDIRECT] [Fatal Error] :1:1: Premature end of file.
2026-09-28 21:47:50,257 [ERROR] LogOutputStream:75 - [STDERR_REDIRECT] 
2026-09-28 21:47:51,263 [ERROR] LogOutputStream:75 - [STDERR_REDIRECT] [Fatal Error] :1:1: Premature end of file.
2026-09-28 21:47:51,263 [ERROR] LogOutputStream:75 - [STDERR_REDIRECT] 
2026-09-28 21:47:52,266 [ERROR] LogOutputStream:75 - [STDERR_REDIRECT] [Fatal Error] :1:1: Premature end of file.
2026-09-28 21:47:52,266 [ERROR] LogOutputStream:75 - [STDERR_REDIRECT] 
2026-09-28 21:47:53,271 [ERROR] LogOutputStream:75 - [STDERR_REDIRECT] [Fatal Error] :1:1: Premature end of file.
2026-09-28 21:47:53,272 [ERROR] LogOutputStream:75 - [STDERR_REDIRECT] 
2026-09-28 21:47:54,263 [ERROR] LogOutputStream:75 - [STDERR_REDIRECT] [Fatal Error] :1:1: Premature end of file.
2026-09-28 21:47:54,263 [ERROR] LogOutputStream:75 - [STDERR_REDIRECT] 
2026-09-28 21:47:55,270 [ERROR] LogOutputStream:75 - [STDERR_REDIRECT] [Fatal Error] :1:1: Premature end of file.
2026-09-28 21:47:55,270 [ERROR] LogOutputStream:75 - [STDERR_REDIRECT] 
2026-09-28 21:47:56,272 [ERROR] LogOutputStream:75 - [STDERR_REDIRECT] [Fatal Error] :1:1: Premature end of file.
2026-09-28 21:47:56,272 [ERROR] LogOutputStream:75 - [STDERR_REDIRECT] 
2026-09-28 21:47:57,258 [ERROR] LogOutputStream:75 - [STDERR_REDIRECT] [Fatal Error] :1:1: Premature end of file.
2026-09-28 21:47:57,259 [ERROR] LogOutputStream:75 - [STDERR_REDIRECT] 
2026-09-28 21:47:58,252 [ERROR] LogOutputStream:75 - [STDERR_REDIRECT] [Fatal Error] :1:1: Premature end of file.
2026-09-28 21:47:58,252 [ERROR] LogOutputStream:75 - [STDERR_REDIRECT] 
2026-09-28 21:47:59,266 [ERROR] LogOutputStream:75 - [STDERR_REDIRECT] [Fatal Error] :1:1: Premature end of file.
2026-09-28 21:47:59,266 [ERROR] LogOutputStream:75 - [STDERR_REDIRECT] 
2026-09-28 21:48:00,260 [ERROR] LogOutputStream:75 - [STDERR_REDIRECT] [Fatal Error] :1:1: Premature end of file.
2026-09-28 21:48:00,260 [ERROR] LogOutputStream:75 - [STDERR_REDIRECT] 
2026-09-28 21:48:01,270 [ERROR] LogOutputStream:75 - [STDERR_REDIRECT] [Fatal Error] :1:1: Premature end of file.
2026-09-28 21:48:01,270 [ERROR] LogOutputStream:75 - [STDERR_REDIRECT] 
2026-09-28 21:48:02,264 [ERROR] LogOutputStream:75 - [STDERR_REDIRECT] [Fatal Error] :1:1: Premature end of file.
2026-09-28 21:48:02,264 [ERROR] LogOutputStream:75 - [STDERR_REDIRECT] 
2026-09-28 21:48:03,253 [ERROR] LogOutputStream:75 - [STDERR_REDIRECT] [Fatal Error] :1:1: Premature end of file.
2026-09-28 21:48:03,254 [ERROR] LogOutputStream:75 - [STDERR_REDIRECT] 
2026-09-28 21:48:04,258 [ERROR] LogOutputStream:75 - [STDERR_REDIRECT] [Fatal Error] :1:1: Premature end of file.
2026-09-28 21:48:04,259 [ERROR] LogOutputStream:75 - [STDERR_REDIRECT] 
2026-09-28 21:48:05,250 [ERROR] LogOutputStream:75 - [STDERR_REDIRECT] [Fatal Error] :1:1: Premature end of file.
2026-09-28 21:48:05,252 [ERROR] LogOutputStream:75 - [STDERR_REDIRECT] 
2026-09-28 21:48:06,267 [ERROR] LogOutputStream:75 - [STDERR_REDIRECT] [Fatal Error] :1:1: Premature end of file.
2026-09-28 21:48:06,267 [ERROR] LogOutputStream:75 - [STDERR_REDIRECT] 
2026-09-28 21:48:07,257 [ERROR] LogOutputStream:75 - [STDERR_REDIRECT] [Fatal Error] :1:1: Premature end of file.
2026-09-28 21:48:07,257 [ERROR] LogOutputStream:75 - [STDERR_REDIRECT] 
2026-09-28 21:48:08,258 [ERROR] LogOutputStream:75 - [STDERR_REDIRECT] [Fatal Error] :1:1: Premature end of file.
2026-09-28 21:48:08,258 [ERROR] LogOutputStream:75 - [STDERR_REDIRECT] 
2026-09-28 21:48:09,257 [ERROR] LogOutputStream:75 - [STDERR_REDIRECT] [Fatal Error] :1:1: Premature end of file.
2026-09-28 21:48:09,258 [ERROR] LogOutputStream:75 - [STDERR_REDIRECT] 
2026-09-28 21:48:10,260 [ERROR] LogOutputStream:75 - [STDERR_REDIRECT] [Fatal Error] :1:1: Premature end of file.
2026-09-28 21:48:10,260 [ERROR] LogOutputStream:75 - [STDERR_REDIRECT] 
2026-09-28 21:48:11,254 [ERROR] LogOutputStream:75 - [STDERR_REDIRECT] [Fatal Error] :1:1: Premature end of file.
2026-09-28 21:48:11,254 [ERROR] LogOutputStream:75 - [STDERR_REDIRECT] 
2026-09-28 21:48:12,256 [ERROR] LogOutputStream:75 - [STDERR_REDIRECT] [Fatal Error] :1:1: Premature end of file.
2026-09-28 21:48:12,256 [ERROR] LogOutputStream:75 - [STDERR_REDIRECT] 
2026-09-28 21:48:13,260 [ERROR] LogOutputStream:75 - [STDERR_REDIRECT] [Fatal Error] :1:1: Premature end of file.
2026-09-28 21:48:13,260 [ERROR] LogOutputStream:75 - [STDERR_REDIRECT] 
2026-09-28 21:48:14,251 [ERROR] LogOutputStream:75 - [STDERR_REDIRECT] [Fatal Error] :1:1: Premature end of file.
2026-09-28 21:48:14,251 [ERROR] LogOutputStream:75 - [STDERR_REDIRECT] 
2026-09-28 21:48:15,264 [ERROR] LogOutputStream:75 - [STDERR_REDIRECT] [Fatal Error] :1:1: Premature end of file.
2026-09-28 21:48:15,264 [ERROR] LogOutputStream:75 - [STDERR_REDIRECT] 
2026-09-28 21:48:16,253 [ERROR] LogOutputStream:75 - [STDERR_REDIRECT] [Fatal Error] :1:1: Premature end of file.
2026-09-28 21:48:16,253 [ERROR] LogOutputStream:75 - [STDERR_REDIRECT] 
2026-09-28 21:48:17,256 [ERROR] LogOutputStream:75 - [STDERR_REDIRECT] [Fatal Error] :1:1: Premature end of file.
2026-09-28 21:48:17,256 [ERROR] LogOutputStream:75 - [STDERR_REDIRECT] 
2026-09-28 21:48:18,248 [ERROR] LogOutputStream:75 - [STDERR_REDIRECT] [Fatal Error] :1:1: Premature end of file.
2026-09-28 21:48:18,248 [ERROR] LogOutputStream:75 - [STDERR_REDIRECT] 
2026-09-28 21:48:19,248 [ERROR] LogOutputStream:75 - [STDERR_REDIRECT] [Fatal Error] :1:1: Premature end of file.
2026-09-28 21:48:19,248 [ERROR] LogOutputStream:75 - [STDERR_REDIRECT] 
2026-09-28 21:48:20,256 [ERROR] LogOutputStream:75 - [STDERR_REDIRECT] [Fatal Error] :1:1: Premature end of file.
2026-09-28 21:48:20,256 [ERROR] LogOutputStream:75 - [STDERR_REDIRECT] 
2026-09-28 21:48:21,256 [ERROR] LogOutputStream:75 - [STDERR_REDIRECT] [Fatal Error] :1:1: Premature end of file.
2026-09-28 21:48:21,256 [ERROR] LogOutputStream:75 - [STDERR_REDIRECT] 
2026-09-28 21:48:22,250 [ERROR] LogOutputStream:75 - [STDERR_REDIRECT] [Fatal Error] :1:1: Premature end of file.
2026-09-28 21:48:22,250 [ERROR] LogOutputStream:75 - [STDERR_REDIRECT] 
2026-09-28 21:48:23,261 [ERROR] LogOutputStream:75 - [STDERR_REDIRECT] [Fatal Error] :1:1: Premature end of file.
2026-09-28 21:48:23,261 [ERROR] LogOutputStream:75 - [STDERR_REDIRECT] 
2026-09-28 21:48:24,253 [ERROR] LogOutputStream:75 - [STDERR_REDIRECT] [Fatal Error] :1:1: Premature end of file.
2026-09-28 21:48:24,253 [ERROR] LogOutputStream:75 - [STDERR_REDIRECT] 
2026-09-28 21:48:25,252 [ERROR] LogOutputStream:75 - [STDERR_REDIRECT] [Fatal Error] :1:1: Premature end of file.
2026-09-28 21:48:25,252 [ERROR] LogOutputStream:75 - [STDERR_REDIRECT] 
2026-09-28 21:48:26,253 [ERROR] LogOutputStream:75 - [STDERR_REDIRECT] [Fatal Error] :1:1: Premature end of file.
2026-09-28 21:48:26,253 [ERROR] LogOutputStream:75 - [STDERR_REDIRECT] 
2026-09-28 21:48:27,251 [ERROR] LogOutputStream:75 - [STDERR_REDIRECT] [Fatal Error] :1:1: Premature end of file.
2026-09-28 21:48:27,251 [ERROR] LogOutputStream:75 - [STDERR_REDIRECT] 
2026-09-28 21:48:28,252 [ERROR] LogOutputStream:75 - [STDERR_REDIRECT] [Fatal Error] :1:1: Premature end of file.
2026-09-28 21:48:28,252 [ERROR] LogOutputStream:75 - [STDERR_REDIRECT] 
2026-09-28 21:48:29,258 [ERROR] LogOutputStream:75 - [STDERR_REDIRECT] [Fatal Error] :1:1: Premature end of file.
2026-09-28 21:48:29,258 [ERROR] LogOutputStream:75 - [STDERR_REDIRECT] 
2026-09-28 21:48:30,264 [ERROR] LogOutputStream:75 - [STDERR_REDIRECT] [Fatal Error] :1:1: Premature end of file.
2026-09-28 21:48:30,264 [ERROR] LogOutputStream:75 - [STDERR_REDIRECT] 
2026-09-28 21:48:31,264 [ERROR] LogOutputStream:75 - [STDERR_REDIRECT] [Fatal Error] :1:1: Premature end of file.
2026-09-28 21:48:31,264 [ERROR] LogOutputStream:75 - [STDERR_REDIRECT] 
2026-09-28 21:48:32,252 [ERROR] LogOutputStream:75 - [STDERR_REDIRECT] [Fatal Error] :1:1: Premature end of file.
2026-09-28 21:48:32,252 [ERROR] LogOutputStream:75 - [STDERR_REDIRECT] 
2026-09-28 21:48:33,243 [ERROR] LogOutputStream:75 - [STDERR_REDIRECT] [Fatal Error] :1:1: Premature end of file.
2026-09-28 21:48:33,248 [ERROR] LogOutputStream:75 - [STDERR_REDIRECT] 
2026-09-28 21:48:34,269 [ERROR] LogOutputStream:75 - [STDERR_REDIRECT] [Fatal Error] :1:1: Premature end of file.
2026-09-28 21:48:34,269 [ERROR] LogOutputStream:75 - [STDERR_REDIRECT] 
2026-09-28 21:48:35,258 [ERROR] LogOutputStream:75 - [STDERR_REDIRECT] [Fatal Error] :1:1: Premature end of file.
2026-09-28 21:48:35,258 [ERROR] LogOutputStream:75 - [STDERR_REDIRECT] 
2026-09-28 21:48:36,258 [ERROR] LogOutputStream:75 - [STDERR_REDIRECT] [Fatal Error] :1:1: Premature end of file.
2026-09-28 21:48:36,259 [ERROR] LogOutputStream:75 - [STDERR_REDIRECT] 
2026-09-28 21:48:37,254 [ERROR] LogOutputStream:75 - [STDERR_REDIRECT] [Fatal Error] :1:1: Premature end of file.
2026-09-28 21:48:37,254 [ERROR] LogOutputStream:75 - [STDERR_REDIRECT] 
2026-09-28 21:48:38,261 [ERROR] LogOutputStream:75 - [STDERR_REDIRECT] [Fatal Error] :1:1: Premature end of file.
2026-09-28 21:48:38,261 [ERROR] LogOutputStream:75 - [STDERR_REDIRECT] 
2026-09-28 21:48:39,259 [ERROR] LogOutputStream:75 - [STDERR_REDIRECT] [Fatal Error] :1:1: Premature end of file.
2026-09-28 21:48:39,259 [ERROR] LogOutputStream:75 - [STDERR_REDIRECT] 
2026-09-28 21:48:40,261 [ERROR] LogOutputStream:75 - [STDERR_REDIRECT] [Fatal Error] :1:1: Premature end of file.
2026-09-28 21:48:40,261 [ERROR] LogOutputStream:75 - [STDERR_REDIRECT] 
2026-09-28 21:48:41,265 [ERROR] LogOutputStream:75 - [STDERR_REDIRECT] [Fatal Error] :1:1: Premature end of file.
2026-09-28 21:48:41,265 [ERROR] LogOutputStream:75 - [STDERR_REDIRECT] 
2026-09-28 21:48:42,256 [ERROR] LogOutputStream:75 - [STDERR_REDIRECT] [Fatal Error] :1:1: Premature end of file.
2026-09-28 21:48:42,256 [ERROR] LogOutputStream:75 - [STDERR_REDIRECT] 
2026-09-28 21:48:43,262 [ERROR] LogOutputStream:75 - [STDERR_REDIRECT] [Fatal Error] :1:1: Premature end of file.
2026-09-28 21:48:43,262 [ERROR] LogOutputStream:75 - [STDERR_REDIRECT] 
2026-09-28 21:48:44,248 [ERROR] LogOutputStream:75 - [STDERR_REDIRECT] [Fatal Error] :1:1: Premature end of file.
2026-09-28 21:48:44,248 [ERROR] LogOutputStream:75 - [STDERR_REDIRECT] 
2026-09-28 21:48:45,254 [ERROR] LogOutputStream:75 - [STDERR_REDIRECT] [Fatal Error] :1:1: Premature end of file.
2026-09-28 21:48:45,254 [ERROR] LogOutputStream:75 - [STDERR_REDIRECT] 
2026-09-28 21:48:46,256 [ERROR] LogOutputStream:75 - [STDERR_REDIRECT] [Fatal Error] :1:1: Premature end of file.
2026-09-28 21:48:46,256 [ERROR] LogOutputStream:75 - [STDERR_REDIRECT] 
2026-09-28 21:48:47,258 [ERROR] LogOutputStream:75 - [STDERR_REDIRECT] [Fatal Error] :1:1: Premature end of file.
2026-09-28 21:48:47,258 [ERROR] LogOutputStream:75 - [STDERR_REDIRECT] 
2026-09-28 21:48:48,284 [ERROR] LogOutputStream:75 - [STDERR_REDIRECT] [Fatal Error] :1:1: Premature end of file.
2026-09-28 21:48:48,284 [ERROR] LogOutputStream:75 - [STDERR_REDIRECT] 
2026-09-28 21:48:49,247 [ERROR] LogOutputStream:75 - [STDERR_REDIRECT] [Fatal Error] :1:1: Premature end of file.
2026-09-28 21:48:49,247 [ERROR] LogOutputStream:75 - [STDERR_REDIRECT] 
2026-09-28 21:48:50,253 [ERROR] LogOutputStream:75 - [STDERR_REDIRECT] [Fatal Error] :1:1: Premature end of file.
2026-09-28 21:48:50,253 [ERROR] LogOutputStream:75 - [STDERR_REDIRECT] 
2026-09-28 21:48:51,255 [ERROR] LogOutputStream:75 - [STDERR_REDIRECT] [Fatal Error] :1:1: Premature end of file.
2026-09-28 21:48:51,255 [ERROR] LogOutputStream:75 - [STDERR_REDIRECT] 
2026-09-28 21:48:52,252 [ERROR] LogOutputStream:75 - [STDERR_REDIRECT] [Fatal Error] :1:1: Premature end of file.
2026-09-28 21:48:52,252 [ERROR] LogOutputStream:75 - [STDERR_REDIRECT] 
2026-09-28 21:48:53,259 [ERROR] LogOutputStream:75 - [STDERR_REDIRECT] [Fatal Error] :1:1: Premature end of file.
2026-09-28 21:48:53,259 [ERROR] LogOutputStream:75 - [STDERR_REDIRECT] 
2026-09-28 21:48:54,251 [ERROR] LogOutputStream:75 - [STDERR_REDIRECT] [Fatal Error] :1:1: Premature end of file.
2026-09-28 21:48:54,251 [ERROR] LogOutputStream:75 - [STDERR_REDIRECT] 
2026-09-28 21:48:55,253 [ERROR] LogOutputStream:75 - [STDERR_REDIRECT] [Fatal Error] :1:1: Premature end of file.
2026-09-28 21:48:55,256 [ERROR] LogOutputStream:75 - [STDERR_REDIRECT] 
2026-09-28 21:48:56,252 [ERROR] LogOutputStream:75 - [STDERR_REDIRECT] [Fatal Error] :1:1: Premature end of file.
2026-09-28 21:48:56,252 [ERROR] LogOutputStream:75 - [STDERR_REDIRECT] 
2026-09-28 21:48:57,264 [ERROR] LogOutputStream:75 - [STDERR_REDIRECT] [Fatal Error] :1:1: Premature end of file.
2026-09-28 21:48:57,266 [ERROR] LogOutputStream:75 - [STDERR_REDIRECT] 
2026-09-28 21:48:58,255 [ERROR] LogOutputStream:75 - [STDERR_REDIRECT] [Fatal Error] :1:1: Premature end of file.
2026-09-28 21:48:58,256 [ERROR] LogOutputStream:75 - [STDERR_REDIRECT] 
2026-09-28 21:48:59,250 [ERROR] LogOutputStream:75 - [STDERR_REDIRECT] [Fatal Error] :1:1: Premature end of file.
2026-09-28 21:48:59,250 [ERROR] LogOutputStream:75 - [STDERR_REDIRECT] 
2026-09-28 21:49:00,254 [ERROR] LogOutputStream:75 - [STDERR_REDIRECT] [Fatal Error] :1:1: Premature end of file.
2026-09-28 21:49:00,256 [ERROR] LogOutputStream:75 - [STDERR_REDIRECT] 
2026-09-28 21:49:01,255 [ERROR] LogOutputStream:75 - [STDERR_REDIRECT] [Fatal Error] :1:1: Premature end of file.
2026-09-28 21:49:01,255 [ERROR] LogOutputStream:75 - [STDERR_REDIRECT] 
2026-09-28 21:49:02,266 [ERROR] LogOutputStream:75 - [STDERR_REDIRECT] [Fatal Error] :1:1: Premature end of file.
2026-09-28 21:49:02,266 [ERROR] LogOutputStream:75 - [STDERR_REDIRECT] 
2026-09-28 21:49:03,259 [ERROR] LogOutputStream:75 - [STDERR_REDIRECT] [Fatal Error] :1:1: Premature end of file.
2026-09-28 21:49:03,259 [ERROR] LogOutputStream:75 - [STDERR_REDIRECT] 
2026-09-28 21:49:04,256 [ERROR] LogOutputStream:75 - [STDERR_REDIRECT] [Fatal Error] :1:1: Premature end of file.
2026-09-28 21:49:04,256 [ERROR] LogOutputStream:75 - [STDERR_REDIRECT] 
2026-09-28 21:49:05,288 [ERROR] LogOutputStream:75 - [STDERR_REDIRECT] [Fatal Error] :1:1: Premature end of file.
2026-09-28 21:49:05,288 [ERROR] LogOutputStream:75 - [STDERR_REDIRECT] 
2026-09-28 21:49:06,258 [ERROR] LogOutputStream:75 - [STDERR_REDIRECT] [Fatal Error] :1:1: Premature end of file.
2026-09-28 21:49:06,258 [ERROR] LogOutputStream:75 - [STDERR_REDIRECT] 
2026-09-28 21:49:07,256 [ERROR] LogOutputStream:75 - [STDERR_REDIRECT] [Fatal Error] :1:1: Premature end of file.
2026-09-28 21:49:07,256 [ERROR] LogOutputStream:75 - [STDERR_REDIRECT] 
2026-09-28 21:49:08,263 [ERROR] LogOutputStream:75 - [STDERR_REDIRECT] [Fatal Error] :1:1: Premature end of file.
2026-09-28 21:49:08,263 [ERROR] LogOutputStream:75 - [STDERR_REDIRECT] 
2026-09-28 21:49:09,254 [ERROR] LogOutputStream:75 - [STDERR_REDIRECT] [Fatal Error] :1:1: Premature end of file.
2026-09-28 21:49:09,254 [ERROR] LogOutputStream:75 - [STDERR_REDIRECT] 
2026-09-28 21:49:10,253 [ERROR] LogOutputStream:75 - [STDERR_REDIRECT] [Fatal Error] :1:1: Premature end of file.
2026-09-28 21:49:10,253 [ERROR] LogOutputStream:75 - [STDERR_REDIRECT] 
2026-09-28 21:49:11,266 [ERROR] LogOutputStream:75 - [STDERR_REDIRECT] [Fatal Error] :1:1: Premature end of file.
2026-09-28 21:49:11,266 [ERROR] LogOutputStream:75 - [STDERR_REDIRECT] 
2026-09-28 21:49:12,252 [ERROR] LogOutputStream:75 - [STDERR_REDIRECT] [Fatal Error] :1:1: Premature end of file.
2026-09-28 21:49:12,252 [ERROR] LogOutputStream:75 - [STDERR_REDIRECT] 
2026-09-28 21:49:13,254 [ERROR] LogOutputStream:75 - [STDERR_REDIRECT] [Fatal Error] :1:1: Premature end of file.
2026-09-28 21:49:13,254 [ERROR] LogOutputStream:75 - [STDERR_REDIRECT] 
2026-09-28 21:49:14,252 [ERROR] LogOutputStream:75 - [STDERR_REDIRECT] [Fatal Error] :1:1: Premature end of file.
2026-09-28 21:49:14,253 [ERROR] LogOutputStream:75 - [STDERR_REDIRECT] 
2026-09-28 21:49:15,265 [ERROR] LogOutputStream:75 - [STDERR_REDIRECT] [Fatal Error] :1:1: Premature end of file.
2026-09-28 21:49:15,265 [ERROR] LogOutputStream:75 - [STDERR_REDIRECT] 
2026-09-28 21:49:16,250 [ERROR] LogOutputStream:75 - [STDERR_REDIRECT] [Fatal Error] :1:1: Premature end of file.
2026-09-28 21:49:16,250 [ERROR] LogOutputStream:75 - [STDERR_REDIRECT] 
2026-09-28 21:49:17,252 [ERROR] LogOutputStream:75 - [STDERR_REDIRECT] [Fatal Error] :1:1: Premature end of file.
2026-09-28 21:49:17,252 [ERROR] LogOutputStream:75 - [STDERR_REDIRECT] 
2026-09-28 21:49:18,254 [ERROR] LogOutputStream:75 - [STDERR_REDIRECT] [Fatal Error] :1:1: Premature end of file.
2026-09-28 21:49:18,254 [ERROR] LogOutputStream:75 - [STDERR_REDIRECT] 
2026-09-28 21:49:19,249 [ERROR] LogOutputStream:75 - [STDERR_REDIRECT] [Fatal Error] :1:1: Premature end of file.
2026-09-28 21:49:19,249 [ERROR] LogOutputStream:75 - [STDERR_REDIRECT] 
2026-09-28 21:49:20,251 [ERROR] LogOutputStream:75 - [STDERR_REDIRECT] [Fatal Error] :1:1: Premature end of file.
2026-09-28 21:49:20,251 [ERROR] LogOutputStream:75 - [STDERR_REDIRECT] 
2026-09-28 21:49:21,248 [ERROR] LogOutputStream:75 - [STDERR_REDIRECT] [Fatal Error] :1:1: Premature end of file.
2026-09-28 21:49:21,248 [ERROR] LogOutputStream:75 - [STDERR_REDIRECT] 
2026-09-28 21:49:22,253 [ERROR] LogOutputStream:75 - [STDERR_REDIRECT] [Fatal Error] :1:1: Premature end of file.
2026-09-28 21:49:22,253 [ERROR] LogOutputStream:75 - [STDERR_REDIRECT] 
2026-09-28 21:49:23,257 [ERROR] LogOutputStream:75 - [STDERR_REDIRECT] [Fatal Error] :1:1: Premature end of file.
2026-09-28 21:49:23,258 [ERROR] LogOutputStream:75 - [STDERR_REDIRECT] 
2026-09-28 21:49:24,248 [ERROR] LogOutputStream:75 - [STDERR_REDIRECT] [Fatal Error] :1:1: Premature end of file.
2026-09-28 21:49:24,250 [ERROR] LogOutputStream:75 - [STDERR_REDIRECT] 
2026-09-28 21:49:25,259 [ERROR] LogOutputStream:75 - [STDERR_REDIRECT] [Fatal Error] :1:1: Premature end of file.
2026-09-28 21:49:25,259 [ERROR] LogOutputStream:75 - [STDERR_REDIRECT] 
2026-09-28 21:49:26,263 [ERROR] LogOutputStream:75 - [STDERR_REDIRECT] [Fatal Error] :1:1: Premature end of file.
2026-09-28 21:49:26,263 [ERROR] LogOutputStream:75 - [STDERR_REDIRECT] 
2026-09-28 21:49:27,253 [ERROR] LogOutputStream:75 - [STDERR_REDIRECT] [Fatal Error] :1:1: Premature end of file.
2026-09-28 21:49:27,253 [ERROR] LogOutputStream:75 - [STDERR_REDIRECT] 
2026-09-28 21:49:28,249 [ERROR] LogOutputStream:75 - [STDERR_REDIRECT] [Fatal Error] :1:1: Premature end of file.
2026-09-28 21:49:28,249 [ERROR] LogOutputStream:75 - [STDERR_REDIRECT] 
2026-09-28 21:49:29,252 [ERROR] LogOutputStream:75 - [STDERR_REDIRECT] [Fatal Error] :1:1: Premature end of file.
2026-09-28 21:49:29,253 [ERROR] LogOutputStream:75 - [STDERR_REDIRECT] 
2026-09-28 21:49:30,253 [ERROR] LogOutputStream:75 - [STDERR_REDIRECT] [Fatal Error] :1:1: Premature end of file.
2026-09-28 21:49:30,253 [ERROR] LogOutputStream:75 - [STDERR_REDIRECT] 
2026-09-28 21:49:31,254 [ERROR] LogOutputStream:75 - [STDERR_REDIRECT] [Fatal Error] :1:1: Premature end of file.
2026-09-28 21:49:31,254 [ERROR] LogOutputStream:75 - [STDERR_REDIRECT] 
2026-09-28 21:49:32,250 [ERROR] LogOutputStream:75 - [STDERR_REDIRECT] [Fatal Error] :1:1: Premature end of file.
2026-09-28 21:49:32,250 [ERROR] LogOutputStream:75 - [STDERR_REDIRECT] 
2026-09-28 21:49:33,252 [ERROR] LogOutputStream:75 - [STDERR_REDIRECT] [Fatal Error] :1:1: Premature end of file.
2026-09-28 21:49:33,252 [ERROR] LogOutputStream:75 - [STDERR_REDIRECT] 
2026-09-28 21:49:34,251 [ERROR] LogOutputStream:75 - [STDERR_REDIRECT] [Fatal Error] :1:1: Premature end of file.
2026-09-28 21:49:34,251 [ERROR] LogOutputStream:75 - [STDERR_REDIRECT] 
2026-09-28 21:49:35,255 [ERROR] LogOutputStream:75 - [STDERR_REDIRECT] [Fatal Error] :1:1: Premature end of file.
2026-09-28 21:49:35,255 [ERROR] LogOutputStream:75 - [STDERR_REDIRECT] 
2026-09-28 21:49:36,256 [ERROR] LogOutputStream:75 - [STDERR_REDIRECT] [Fatal Error] :1:1: Premature end of file.
2026-09-28 21:49:36,256 [ERROR] LogOutputStream:75 - [STDERR_REDIRECT] 
2026-09-28 21:49:37,254 [ERROR] LogOutputStream:75 - [STDERR_REDIRECT] [Fatal Error] :1:1: Premature end of file.
2026-09-28 21:49:37,254 [ERROR] LogOutputStream:75 - [STDERR_REDIRECT] 
2026-09-28 21:49:38,256 [ERROR] LogOutputStream:75 - [STDERR_REDIRECT] [Fatal Error] :1:1: Premature end of file.
2026-09-28 21:49:38,256 [ERROR] LogOutputStream:75 - [STDERR_REDIRECT] 
2026-09-28 21:49:39,256 [ERROR] LogOutputStream:75 - [STDERR_REDIRECT] [Fatal Error] :1:1: Premature end of file.
2026-09-28 21:49:39,256 [ERROR] LogOutputStream:75 - [STDERR_REDIRECT] 
2026-09-28 21:49:40,263 [ERROR] LogOutputStream:75 - [STDERR_REDIRECT] [Fatal Error] :1:1: Premature end of file.
2026-09-28 21:49:40,263 [ERROR] LogOutputStream:75 - [STDERR_REDIRECT] 
2026-09-28 21:49:41,270 [ERROR] LogOutputStream:75 - [STDERR_REDIRECT] [Fatal Error] :1:1: Premature end of file.
2026-09-28 21:49:41,270 [ERROR] LogOutputStream:75 - [STDERR_REDIRECT] 
2026-09-28 21:49:42,271 [ERROR] LogOutputStream:75 - [STDERR_REDIRECT] [Fatal Error] :1:1: Premature end of file.
2026-09-28 21:49:42,271 [ERROR] LogOutputStream:75 - [STDERR_REDIRECT] 
2026-09-28 21:49:43,272 [ERROR] LogOutputStream:75 - [STDERR_REDIRECT] [Fatal Error] :1:1: Premature end of file.
2026-09-28 21:49:43,272 [ERROR] LogOutputStream:75 - [STDERR_REDIRECT] 
2026-09-28 21:49:44,248 [ERROR] LogOutputStream:75 - [STDERR_REDIRECT] [Fatal Error] :1:1: Premature end of file.
2026-09-28 21:49:44,248 [ERROR] LogOutputStream:75 - [STDERR_REDIRECT] 
2026-09-28 21:49:45,259 [ERROR] LogOutputStream:75 - [STDERR_REDIRECT] [Fatal Error] :1:1: Premature end of file.
2026-09-28 21:49:45,259 [ERROR] LogOutputStream:75 - [STDERR_REDIRECT] 
2026-09-28 21:49:46,256 [ERROR] LogOutputStream:75 - [STDERR_REDIRECT] [Fatal Error] :1:1: Premature end of file.
2026-09-28 21:49:46,256 [ERROR] LogOutputStream:75 - [STDERR_REDIRECT] 
2026-09-28 21:49:47,253 [ERROR] LogOutputStream:75 - [STDERR_REDIRECT] [Fatal Error] :1:1: Premature end of file.
2026-09-28 21:49:47,253 [ERROR] LogOutputStream:75 - [STDERR_REDIRECT] 
2026-09-28 21:49:48,257 [ERROR] LogOutputStream:75 - [STDERR_REDIRECT] [Fatal Error] :1:1: Premature end of file.
2026-09-28 21:49:48,257 [ERROR] LogOutputStream:75 - [STDERR_REDIRECT] 
2026-09-28 21:49:49,253 [ERROR] LogOutputStream:75 - [STDERR_REDIRECT] [Fatal Error] :1:1: Premature end of file.
2026-09-28 21:49:49,253 [ERROR] LogOutputStream:75 - [STDERR_REDIRECT] 
2026-09-28 21:49:50,257 [ERROR] LogOutputStream:75 - [STDERR_REDIRECT] [Fatal Error] :1:1: Premature end of file.
2026-09-28 21:49:50,257 [ERROR] LogOutputStream:75 - [STDERR_REDIRECT] 
2026-09-28 21:49:51,255 [ERROR] LogOutputStream:75 - [STDERR_REDIRECT] [Fatal Error] :1:1: Premature end of file.
2026-09-28 21:49:51,255 [ERROR] LogOutputStream:75 - [STDERR_REDIRECT] 
2026-09-28 21:49:52,255 [ERROR] LogOutputStream:75 - [STDERR_REDIRECT] [Fatal Error] :1:1: Premature end of file.
2026-09-28 21:49:52,255 [ERROR] LogOutputStream:75 - [STDERR_REDIRECT] 
2026-09-28 21:49:53,256 [ERROR] LogOutputStream:75 - [STDERR_REDIRECT] [Fatal Error] :1:1: Premature end of file.
2026-09-28 21:49:53,256 [ERROR] LogOutputStream:75 - [STDERR_REDIRECT] 
2026-09-28 21:49:54,255 [ERROR] LogOutputStream:75 - [STDERR_REDIRECT] [Fatal Error] :1:1: Premature end of file.
2026-09-28 21:49:54,255 [ERROR] LogOutputStream:75 - [STDERR_REDIRECT] 
2026-09-28 21:49:55,262 [ERROR] LogOutputStream:75 - [STDERR_REDIRECT] [Fatal Error] :1:1: Premature end of file.
2026-09-28 21:49:55,262 [ERROR] LogOutputStream:75 - [STDERR_REDIRECT] 
2026-09-28 21:49:56,295 [ERROR] LogOutputStream:75 - [STDERR_REDIRECT] [Fatal Error] :1:1: Premature end of file.
2026-09-28 21:49:56,295 [ERROR] LogOutputStream:75 - [STDERR_REDIRECT] 
2026-09-28 21:49:57,267 [ERROR] LogOutputStream:75 - [STDERR_REDIRECT] [Fatal Error] :1:1: Premature end of file.
2026-09-28 21:49:57,267 [ERROR] LogOutputStream:75 - [STDERR_REDIRECT] 
2026-09-28 21:49:58,262 [ERROR] LogOutputStream:75 - [STDERR_REDIRECT] [Fatal Error] :1:1: Premature end of file.
2026-09-28 21:49:58,262 [ERROR] LogOutputStream:75 - [STDERR_REDIRECT] 
2026-09-28 21:49:59,257 [ERROR] LogOutputStream:75 - [STDERR_REDIRECT] [Fatal Error] :1:1: Premature end of file.
2026-09-28 21:49:59,257 [ERROR] LogOutputStream:75 - [STDERR_REDIRECT] 
2026-09-28 21:50:00,256 [ERROR] LogOutputStream:75 - [STDERR_REDIRECT] [Fatal Error] :1:1: Premature end of file.
2026-09-28 21:50:00,256 [ERROR] LogOutputStream:75 - [STDERR_REDIRECT] 
2026-09-28 21:50:01,266 [ERROR] LogOutputStream:75 - [STDERR_REDIRECT] [Fatal Error] :1:1: Premature end of file.
2026-09-28 21:50:01,266 [ERROR] LogOutputStream:75 - [STDERR_REDIRECT] 
2026-09-28 21:50:02,254 [ERROR] LogOutputStream:75 - [STDERR_REDIRECT] [Fatal Error] :1:1: Premature end of file.
2026-09-28 21:50:02,254 [ERROR] LogOutputStream:75 - [STDERR_REDIRECT] 
2026-09-28 21:50:03,252 [ERROR] LogOutputStream:75 - [STDERR_REDIRECT] [Fatal Error] :1:1: Premature end of file.
2026-09-28 21:50:03,252 [ERROR] LogOutputStream:75 - [STDERR_REDIRECT] 
2026-09-28 21:50:04,260 [ERROR] LogOutputStream:75 - [STDERR_REDIRECT] [Fatal Error] :1:1: Premature end of file.
2026-09-28 21:50:04,260 [ERROR] LogOutputStream:75 - [STDERR_REDIRECT] 
2026-09-28 21:50:05,288 [ERROR] LogOutputStream:75 - [STDERR_REDIRECT] [Fatal Error] :1:1: Premature end of file.
2026-09-28 21:50:05,288 [ERROR] LogOutputStream:75 - [STDERR_REDIRECT] 
2026-09-28 21:50:06,251 [ERROR] LogOutputStream:75 - [STDERR_REDIRECT] [Fatal Error] :1:1: Premature end of file.
2026-09-28 21:50:06,251 [ERROR] LogOutputStream:75 - [STDERR_REDIRECT] 
2026-09-28 21:50:07,257 [ERROR] LogOutputStream:75 - [STDERR_REDIRECT] [Fatal Error] :1:1: Premature end of file.
2026-09-28 21:50:07,257 [ERROR] LogOutputStream:75 - [STDERR_REDIRECT] 
2026-09-28 21:50:08,257 [ERROR] LogOutputStream:75 - [STDERR_REDIRECT] [Fatal Error] :1:1: Premature end of file.
2026-09-28 21:50:08,257 [ERROR] LogOutputStream:75 - [STDERR_REDIRECT] 
2026-09-28 21:50:09,256 [ERROR] LogOutputStream:75 - [STDERR_REDIRECT] [Fatal Error] :1:1: Premature end of file.
2026-09-28 21:50:09,256 [ERROR] LogOutputStream:75 - [STDERR_REDIRECT] 
2026-09-28 21:50:10,248 [ERROR] LogOutputStream:75 - [STDERR_REDIRECT] [Fatal Error] :1:1: Premature end of file.
2026-09-28 21:50:10,248 [ERROR] LogOutputStream:75 - [STDERR_REDIRECT] 
2026-09-28 21:50:11,256 [ERROR] LogOutputStream:75 - [STDERR_REDIRECT] [Fatal Error] :1:1: Premature end of file.
2026-09-28 21:50:11,256 [ERROR] LogOutputStream:75 - [STDERR_REDIRECT] 
2026-09-28 21:50:12,261 [ERROR] LogOutputStream:75 - [STDERR_REDIRECT] [Fatal Error] :1:1: Premature end of file.
2026-09-28 21:50:12,261 [ERROR] LogOutputStream:75 - [STDERR_REDIRECT] 
2026-09-28 21:50:13,256 [ERROR] LogOutputStream:75 - [STDERR_REDIRECT] [Fatal Error] :1:1: Premature end of file.
2026-09-28 21:50:13,256 [ERROR] LogOutputStream:75 - [STDERR_REDIRECT] 
2026-09-28 21:50:14,258 [ERROR] LogOutputStream:75 - [STDERR_REDIRECT] [Fatal Error] :1:1: Premature end of file.
2026-09-28 21:50:14,258 [ERROR] LogOutputStream:75 - [STDERR_REDIRECT] 
2026-09-28 21:50:15,253 [ERROR] LogOutputStream:75 - [STDERR_REDIRECT] [Fatal Error] :1:1: Premature end of file.
2026-09-28 21:50:15,253 [ERROR] LogOutputStream:75 - [STDERR_REDIRECT] 
2026-09-28 21:50:16,252 [ERROR] LogOutputStream:75 - [STDERR_REDIRECT] [Fatal Error] :1:1: Premature end of file.
2026-09-28 21:50:16,253 [ERROR] LogOutputStream:75 - [STDERR_REDIRECT] 
2026-09-28 21:50:17,254 [ERROR] LogOutputStream:75 - [STDERR_REDIRECT] [Fatal Error] :1:1: Premature end of file.
2026-09-28 21:50:17,254 [ERROR] LogOutputStream:75 - [STDERR_REDIRECT] 
2026-09-28 21:50:18,262 [ERROR] LogOutputStream:75 - [STDERR_REDIRECT] [Fatal Error] :1:1: Premature end of file.
2026-09-28 21:50:18,262 [ERROR] LogOutputStream:75 - [STDERR_REDIRECT] 
2026-09-28 21:50:19,256 [ERROR] LogOutputStream:75 - [STDERR_REDIRECT] [Fatal Error] :1:1: Premature end of file.
2026-09-28 21:50:19,256 [ERROR] LogOutputStream:75 - [STDERR_REDIRECT] 
2026-09-28 21:50:20,246 [ERROR] LogOutputStream:75 - [STDERR_REDIRECT] [Fatal Error] :1:1: Premature end of file.
2026-09-28 21:50:20,251 [ERROR] LogOutputStream:75 - [STDERR_REDIRECT] 
2026-09-28 21:50:21,248 [ERROR] LogOutputStream:75 - [STDERR_REDIRECT] [Fatal Error] :1:1: Premature end of file.
2026-09-28 21:50:21,249 [ERROR] LogOutputStream:75 - [STDERR_REDIRECT] 
2026-09-28 21:50:22,248 [ERROR] LogOutputStream:75 - [STDERR_REDIRECT] [Fatal Error] :1:1: Premature end of file.
2026-09-28 21:50:22,248 [ERROR] LogOutputStream:75 - [STDERR_REDIRECT] 
2026-09-28 21:50:23,250 [ERROR] LogOutputStream:75 - [STDERR_REDIRECT] [Fatal Error] :1:1: Premature end of file.
2026-09-28 21:50:23,250 [ERROR] LogOutputStream:75 - [STDERR_REDIRECT] 
2026-09-28 21:50:24,279 [ERROR] LogOutputStream:75 - [STDERR_REDIRECT] [Fatal Error] :1:1: Premature end of file.
2026-09-28 21:50:24,279 [ERROR] LogOutputStream:75 - [STDERR_REDIRECT] 
2026-09-28 21:50:25,262 [ERROR] LogOutputStream:75 - [STDERR_REDIRECT] [Fatal Error] :1:1: Premature end of file.
2026-09-28 21:50:25,262 [ERROR] LogOutputStream:75 - [STDERR_REDIRECT] 
2026-09-28 21:50:26,248 [ERROR] LogOutputStream:75 - [STDERR_REDIRECT] [Fatal Error] :1:1: Premature end of file.
2026-09-28 21:50:26,250 [ERROR] LogOutputStream:75 - [STDERR_REDIRECT] 
2026-09-28 21:50:27,247 [ERROR] LogOutputStream:75 - [STDERR_REDIRECT] [Fatal Error] :1:1: Premature end of file.
2026-09-28 21:50:27,247 [ERROR] LogOutputStream:75 - [STDERR_REDIRECT] 
2026-09-28 21:50:28,251 [ERROR] LogOutputStream:75 - [STDERR_REDIRECT] [Fatal Error] :1:1: Premature end of file.
2026-09-28 21:50:28,251 [ERROR] LogOutputStream:75 - [STDERR_REDIRECT] 
2026-09-28 21:50:29,252 [ERROR] LogOutputStream:75 - [STDERR_REDIRECT] [Fatal Error] :1:1: Premature end of file.
2026-09-28 21:50:29,252 [ERROR] LogOutputStream:75 - [STDERR_REDIRECT] 
2026-09-28 21:50:30,257 [ERROR] LogOutputStream:75 - [STDERR_REDIRECT] [Fatal Error] :1:1: Premature end of file.
2026-09-28 21:50:30,257 [ERROR] LogOutputStream:75 - [STDERR_REDIRECT] 
2026-09-28 21:50:31,255 [ERROR] LogOutputStream:75 - [STDERR_REDIRECT] [Fatal Error] :1:1: Premature end of file.
2026-09-28 21:50:31,255 [ERROR] LogOutputStream:75 - [STDERR_REDIRECT] 
2026-09-28 21:50:32,256 [ERROR] LogOutputStream:75 - [STDERR_REDIRECT] [Fatal Error] :1:1: Premature end of file.
2026-09-28 21:50:32,256 [ERROR] LogOutputStream:75 - [STDERR_REDIRECT] 
2026-09-28 21:50:33,255 [ERROR] LogOutputStream:75 - [STDERR_REDIRECT] [Fatal Error] :1:1: Premature end of file.
2026-09-28 21:50:33,255 [ERROR] LogOutputStream:75 - [STDERR_REDIRECT] 
2026-09-28 21:50:34,251 [ERROR] LogOutputStream:75 - [STDERR_REDIRECT] [Fatal Error] :1:1: Premature end of file.
2026-09-28 21:50:34,251 [ERROR] LogOutputStream:75 - [STDERR_REDIRECT] 
2026-09-28 21:50:35,249 [ERROR] LogOutputStream:75 - [STDERR_REDIRECT] [Fatal Error] :1:1: Premature end of file.
2026-09-28 21:50:35,250 [ERROR] LogOutputStream:75 - [STDERR_REDIRECT] 
2026-09-28 21:50:36,254 [ERROR] LogOutputStream:75 - [STDERR_REDIRECT] [Fatal Error] :1:1: Premature end of file.
2026-09-28 21:50:36,255 [ERROR] LogOutputStream:75 - [STDERR_REDIRECT] 
2026-09-28 21:50:37,255 [ERROR] LogOutputStream:75 - [STDERR_REDIRECT] [Fatal Error] :1:1: Premature end of file.
2026-09-28 21:50:37,255 [ERROR] LogOutputStream:75 - [STDERR_REDIRECT] 
2026-09-28 21:50:38,264 [ERROR] LogOutputStream:75 - [STDERR_REDIRECT] [Fatal Error] :1:1: Premature end of file.
2026-09-28 21:50:38,264 [ERROR] LogOutputStream:75 - [STDERR_REDIRECT] 
2026-09-28 21:50:39,250 [ERROR] LogOutputStream:75 - [STDERR_REDIRECT] [Fatal Error] :1:1: Premature end of file.
2026-09-28 21:50:39,250 [ERROR] LogOutputStream:75 - [STDERR_REDIRECT] 
2026-09-28 21:50:40,248 [ERROR] LogOutputStream:75 - [STDERR_REDIRECT] [Fatal Error] :1:1: Premature end of file.
2026-09-28 21:50:40,248 [ERROR] LogOutputStream:75 - [STDERR_REDIRECT] 
2026-09-28 21:50:41,258 [ERROR] LogOutputStream:75 - [STDERR_REDIRECT] [Fatal Error] :1:1: Premature end of file.
2026-09-28 21:50:41,258 [ERROR] LogOutputStream:75 - [STDERR_REDIRECT] 
2026-09-28 21:50:42,253 [ERROR] LogOutputStream:75 - [STDERR_REDIRECT] [Fatal Error] :1:1: Premature end of file.
2026-09-28 21:50:42,253 [ERROR] LogOutputStream:75 - [STDERR_REDIRECT] 
2026-09-28 21:50:43,260 [ERROR] LogOutputStream:75 - [STDERR_REDIRECT] [Fatal Error] :1:1: Premature end of file.
2026-09-28 21:50:43,260 [ERROR] LogOutputStream:75 - [STDERR_REDIRECT] 
2026-09-28 21:50:44,263 [ERROR] LogOutputStream:75 - [STDERR_REDIRECT] [Fatal Error] :1:1: Premature end of file.
2026-09-28 21:50:44,264 [ERROR] LogOutputStream:75 - [STDERR_REDIRECT] 
2026-09-28 21:50:45,257 [ERROR] LogOutputStream:75 - [STDERR_REDIRECT] [Fatal Error] :1:1: Premature end of file.
2026-09-28 21:50:45,258 [ERROR] LogOutputStream:75 - [STDERR_REDIRECT] 
2026-09-28 21:50:46,254 [ERROR] LogOutputStream:75 - [STDERR_REDIRECT] [Fatal Error] :1:1: Premature end of file.
2026-09-28 21:50:46,254 [ERROR] LogOutputStream:75 - [STDERR_REDIRECT] 
2026-09-28 21:50:47,257 [ERROR] LogOutputStream:75 - [STDERR_REDIRECT] [Fatal Error] :1:1: Premature end of file.
2026-09-28 21:50:47,257 [ERROR] LogOutputStream:75 - [STDERR_REDIRECT] 
2026-09-28 21:50:48,257 [ERROR] LogOutputStream:75 - [STDERR_REDIRECT] [Fatal Error] :1:1: Premature end of file.
2026-09-28 21:50:48,257 [ERROR] LogOutputStream:75 - [STDERR_REDIRECT] 
2026-09-28 21:50:49,252 [ERROR] LogOutputStream:75 - [STDERR_REDIRECT] [Fatal Error] :1:1: Premature end of file.
2026-09-28 21:50:49,252 [ERROR] LogOutputStream:75 - [STDERR_REDIRECT] 
2026-09-28 21:50:50,253 [ERROR] LogOutputStream:75 - [STDERR_REDIRECT] [Fatal Error] :1:1: Premature end of file.
2026-09-28 21:50:50,253 [ERROR] LogOutputStream:75 - [STDERR_REDIRECT] 
2026-09-28 21:50:51,267 [ERROR] LogOutputStream:75 - [STDERR_REDIRECT] [Fatal Error] :1:1: Premature end of file.
2026-09-28 21:50:51,270 [ERROR] LogOutputStream:75 - [STDERR_REDIRECT] 
2026-09-28 21:50:52,248 [ERROR] LogOutputStream:75 - [STDERR_REDIRECT] [Fatal Error] :1:1: Premature end of file.
2026-09-28 21:50:52,248 [ERROR] LogOutputStream:75 - [STDERR_REDIRECT] 
2026-09-28 21:50:53,251 [ERROR] LogOutputStream:75 - [STDERR_REDIRECT] [Fatal Error] :1:1: Premature end of file.
2026-09-28 21:50:53,251 [ERROR] LogOutputStream:75 - [STDERR_REDIRECT] 
2026-09-28 21:50:54,251 [ERROR] LogOutputStream:75 - [STDERR_REDIRECT] [Fatal Error] :1:1: Premature end of file.
2026-09-28 21:50:54,251 [ERROR] LogOutputStream:75 - [STDERR_REDIRECT] 
2026-09-28 21:50:55,250 [ERROR] LogOutputStream:75 - [STDERR_REDIRECT] [Fatal Error] :1:1: Premature end of file.
2026-09-28 21:50:55,250 [ERROR] LogOutputStream:75 - [STDERR_REDIRECT] 
2026-09-28 21:50:56,259 [ERROR] LogOutputStream:75 - [STDERR_REDIRECT] [Fatal Error] :1:1: Premature end of file.
2026-09-28 21:50:56,259 [ERROR] LogOutputStream:75 - [STDERR_REDIRECT] 
2026-09-28 21:50:57,263 [ERROR] LogOutputStream:75 - [STDERR_REDIRECT] [Fatal Error] :1:1: Premature end of file.
2026-09-28 21:50:57,263 [ERROR] LogOutputStream:75 - [STDERR_REDIRECT] 
2026-09-28 21:50:58,276 [ERROR] LogOutputStream:75 - [STDERR_REDIRECT] [Fatal Error] :1:1: Premature end of file.
2026-09-28 21:50:58,276 [ERROR] LogOutputStream:75 - [STDERR_REDIRECT] 
2026-09-28 21:50:59,264 [ERROR] LogOutputStream:75 - [STDERR_REDIRECT] [Fatal Error] :1:1: Premature end of file.
2026-09-28 21:50:59,264 [ERROR] LogOutputStream:75 - [STDERR_REDIRECT] 
2026-09-28 21:51:00,252 [ERROR] LogOutputStream:75 - [STDERR_REDIRECT] [Fatal Error] :1:1: Premature end of file.
2026-09-28 21:51:00,252 [ERROR] LogOutputStream:75 - [STDERR_REDIRECT] 
2026-09-28 21:51:01,256 [ERROR] LogOutputStream:75 - [STDERR_REDIRECT] [Fatal Error] :1:1: Premature end of file.
2026-09-28 21:51:01,256 [ERROR] LogOutputStream:75 - [STDERR_REDIRECT] 
2026-09-28 21:51:02,256 [ERROR] LogOutputStream:75 - [STDERR_REDIRECT] [Fatal Error] :1:1: Premature end of file.
2026-09-28 21:51:02,256 [ERROR] LogOutputStream:75 - [STDERR_REDIRECT] 
2026-09-28 21:51:03,252 [ERROR] LogOutputStream:75 - [STDERR_REDIRECT] [Fatal Error] :1:1: Premature end of file.
2026-09-28 21:51:03,254 [ERROR] LogOutputStream:75 - [STDERR_REDIRECT] 
2026-09-28 21:51:04,248 [ERROR] LogOutputStream:75 - [STDERR_REDIRECT] [Fatal Error] :1:1: Premature end of file.
2026-09-28 21:51:04,248 [ERROR] LogOutputStream:75 - [STDERR_REDIRECT] 
2026-09-28 21:51:05,251 [ERROR] LogOutputStream:75 - [STDERR_REDIRECT] [Fatal Error] :1:1: Premature end of file.
2026-09-28 21:51:05,251 [ERROR] LogOutputStream:75 - [STDERR_REDIRECT] 
2026-09-28 21:51:06,260 [ERROR] LogOutputStream:75 - [STDERR_REDIRECT] [Fatal Error] :1:1: Premature end of file.
2026-09-28 21:51:06,260 [ERROR] LogOutputStream:75 - [STDERR_REDIRECT] 
2026-09-28 21:51:07,256 [ERROR] LogOutputStream:75 - [STDERR_REDIRECT] [Fatal Error] :1:1: Premature end of file.
2026-09-28 21:51:07,256 [ERROR] LogOutputStream:75 - [STDERR_REDIRECT] 
2026-09-28 21:51:08,254 [ERROR] LogOutputStream:75 - [STDERR_REDIRECT] [Fatal Error] :1:1: Premature end of file.
2026-09-28 21:51:08,254 [ERROR] LogOutputStream:75 - [STDERR_REDIRECT] 
2026-09-28 21:51:09,255 [ERROR] LogOutputStream:75 - [STDERR_REDIRECT] [Fatal Error] :1:1: Premature end of file.
2026-09-28 21:51:09,255 [ERROR] LogOutputStream:75 - [STDERR_REDIRECT] 
2026-09-28 21:51:10,248 [ERROR] LogOutputStream:75 - [STDERR_REDIRECT] [Fatal Error] :1:1: Premature end of file.
2026-09-28 21:51:10,248 [ERROR] LogOutputStream:75 - [STDERR_REDIRECT] 
2026-09-28 21:51:11,250 [ERROR] LogOutputStream:75 - [STDERR_REDIRECT] [Fatal Error] :1:1: Premature end of file.
2026-09-28 21:51:11,250 [ERROR] LogOutputStream:75 - [STDERR_REDIRECT] 
2026-09-28 21:51:12,256 [ERROR] LogOutputStream:75 - [STDERR_REDIRECT] [Fatal Error] :1:1: Premature end of file.
2026-09-28 21:51:12,256 [ERROR] LogOutputStream:75 - [STDERR_REDIRECT] 
2026-09-28 21:51:13,259 [ERROR] LogOutputStream:75 - [STDERR_REDIRECT] [Fatal Error] :1:1: Premature end of file.
2026-09-28 21:51:13,259 [ERROR] LogOutputStream:75 - [STDERR_REDIRECT] 
2026-09-28 21:51:14,251 [ERROR] LogOutputStream:75 - [STDERR_REDIRECT] [Fatal Error] :1:1: Premature end of file.
2026-09-28 21:51:14,251 [ERROR] LogOutputStream:75 - [STDERR_REDIRECT] 
2026-09-28 21:51:15,249 [ERROR] LogOutputStream:75 - [STDERR_REDIRECT] [Fatal Error] :1:1: Premature end of file.
2026-09-28 21:51:15,249 [ERROR] LogOutputStream:75 - [STDERR_REDIRECT] 
2026-09-28 21:51:16,254 [ERROR] LogOutputStream:75 - [STDERR_REDIRECT] [Fatal Error] :1:1: Premature end of file.
2026-09-28 21:51:16,254 [ERROR] LogOutputStream:75 - [STDERR_REDIRECT] 
2026-09-28 21:51:17,252 [ERROR] LogOutputStream:75 - [STDERR_REDIRECT] [Fatal Error] :1:1: Premature end of file.
2026-09-28 21:51:17,253 [ERROR] LogOutputStream:75 - [STDERR_REDIRECT] 
2026-09-28 21:51:18,245 [ERROR] LogOutputStream:75 - [STDERR_REDIRECT] [Fatal Error] :1:1: Premature end of file.
2026-09-28 21:51:18,245 [ERROR] LogOutputStream:75 - [STDERR_REDIRECT] 
2026-09-28 21:51:19,256 [ERROR] LogOutputStream:75 - [STDERR_REDIRECT] [Fatal Error] :1:1: Premature end of file.
2026-09-28 21:51:19,256 [ERROR] LogOutputStream:75 - [STDERR_REDIRECT] 
2026-09-28 21:51:20,256 [ERROR] LogOutputStream:75 - [STDERR_REDIRECT] [Fatal Error] :1:1: Premature end of file.
2026-09-28 21:51:20,256 [ERROR] LogOutputStream:75 - [STDERR_REDIRECT] 
2026-09-28 21:51:21,252 [ERROR] LogOutputStream:75 - [STDERR_REDIRECT] [Fatal Error] :1:1: Premature end of file.
2026-09-28 21:51:21,252 [ERROR] LogOutputStream:75 - [STDERR_REDIRECT] 
2026-09-28 21:51:22,258 [ERROR] LogOutputStream:75 - [STDERR_REDIRECT] [Fatal Error] :1:1: Premature end of file.
2026-09-28 21:51:22,258 [ERROR] LogOutputStream:75 - [STDERR_REDIRECT] 
2026-09-28 21:51:23,258 [ERROR] LogOutputStream:75 - [STDERR_REDIRECT] [Fatal Error] :1:1: Premature end of file.
2026-09-28 21:51:23,258 [ERROR] LogOutputStream:75 - [STDERR_REDIRECT] 
2026-09-28 21:51:24,251 [ERROR] LogOutputStream:75 - [STDERR_REDIRECT] [Fatal Error] :1:1: Premature end of file.
2026-09-28 21:51:24,251 [ERROR] LogOutputStream:75 - [STDERR_REDIRECT] 
2026-09-28 21:51:25,277 [ERROR] LogOutputStream:75 - [STDERR_REDIRECT] [Fatal Error] :1:1: Premature end of file.
2026-09-28 21:51:25,277 [ERROR] LogOutputStream:75 - [STDERR_REDIRECT] 
2026-09-28 21:51:26,252 [ERROR] LogOutputStream:75 - [STDERR_REDIRECT] [Fatal Error] :1:1: Premature end of file.
2026-09-28 21:51:26,254 [ERROR] LogOutputStream:75 - [STDERR_REDIRECT] 
2026-09-28 21:51:27,250 [ERROR] LogOutputStream:75 - [STDERR_REDIRECT] [Fatal Error] :1:1: Premature end of file.
2026-09-28 21:51:27,252 [ERROR] LogOutputStream:75 - [STDERR_REDIRECT] 
2026-09-28 21:51:28,261 [ERROR] LogOutputStream:75 - [STDERR_REDIRECT] [Fatal Error] :1:1: Premature end of file.
2026-09-28 21:51:28,261 [ERROR] LogOutputStream:75 - [STDERR_REDIRECT] 
2026-09-28 21:51:29,261 [ERROR] LogOutputStream:75 - [STDERR_REDIRECT] [Fatal Error] :1:1: Premature end of file.
2026-09-28 21:51:29,261 [ERROR] LogOutputStream:75 - [STDERR_REDIRECT] 
2026-09-28 21:51:30,252 [ERROR] LogOutputStream:75 - [STDERR_REDIRECT] [Fatal Error] :1:1: Premature end of file.
2026-09-28 21:51:30,252 [ERROR] LogOutputStream:75 - [STDERR_REDIRECT] 
2026-09-28 21:51:31,259 [ERROR] LogOutputStream:75 - [STDERR_REDIRECT] [Fatal Error] :1:1: Premature end of file.
2026-09-28 21:51:31,259 [ERROR] LogOutputStream:75 - [STDERR_REDIRECT] 
2026-09-28 21:51:32,256 [ERROR] LogOutputStream:75 - [STDERR_REDIRECT] [Fatal Error] :1:1: Premature end of file.
2026-09-28 21:51:32,257 [ERROR] LogOutputStream:75 - [STDERR_REDIRECT] 
2026-09-28 21:51:33,250 [ERROR] LogOutputStream:75 - [STDERR_REDIRECT] [Fatal Error] :1:1: Premature end of file.
2026-09-28 21:51:33,251 [ERROR] LogOutputStream:75 - [STDERR_REDIRECT] 
2026-09-28 21:51:34,266 [ERROR] LogOutputStream:75 - [STDERR_REDIRECT] [Fatal Error] :1:1: Premature end of file.
2026-09-28 21:51:34,266 [ERROR] LogOutputStream:75 - [STDERR_REDIRECT] 
2026-09-28 21:51:35,256 [ERROR] LogOutputStream:75 - [STDERR_REDIRECT] [Fatal Error] :1:1: Premature end of file.
2026-09-28 21:51:35,256 [ERROR] LogOutputStream:75 - [STDERR_REDIRECT] 
2026-09-28 21:51:36,245 [ERROR] LogOutputStream:75 - [STDERR_REDIRECT] [Fatal Error] :1:1: Premature end of file.
2026-09-28 21:51:36,245 [ERROR] LogOutputStream:75 - [STDERR_REDIRECT] 
2026-09-28 21:51:37,250 [ERROR] LogOutputStream:75 - [STDERR_REDIRECT] [Fatal Error] :1:1: Premature end of file.
2026-09-28 21:51:37,250 [ERROR] LogOutputStream:75 - [STDERR_REDIRECT] 
2026-09-28 21:51:38,254 [ERROR] LogOutputStream:75 - [STDERR_REDIRECT] [Fatal Error] :1:1: Premature end of file.
2026-09-28 21:51:38,256 [ERROR] LogOutputStream:75 - [STDERR_REDIRECT] 
2026-09-28 21:51:39,254 [ERROR] LogOutputStream:75 - [STDERR_REDIRECT] [Fatal Error] :1:1: Premature end of file.
2026-09-28 21:51:39,254 [ERROR] LogOutputStream:75 - [STDERR_REDIRECT] 
2026-09-28 21:51:40,265 [ERROR] LogOutputStream:75 - [STDERR_REDIRECT] [Fatal Error] :1:1: Premature end of file.
2026-09-28 21:51:40,265 [ERROR] LogOutputStream:75 - [STDERR_REDIRECT] 
2026-09-28 21:51:41,258 [ERROR] LogOutputStream:75 - [STDERR_REDIRECT] [Fatal Error] :1:1: Premature end of file.
2026-09-28 21:51:41,258 [ERROR] LogOutputStream:75 - [STDERR_REDIRECT] 
2026-09-28 21:51:42,256 [ERROR] LogOutputStream:75 - [STDERR_REDIRECT] [Fatal Error] :1:1: Premature end of file.
2026-09-28 21:51:42,256 [ERROR] LogOutputStream:75 - [STDERR_REDIRECT] 
2026-09-28 21:51:43,251 [ERROR] LogOutputStream:75 - [STDERR_REDIRECT] [Fatal Error] :1:1: Premature end of file.
2026-09-28 21:51:43,251 [ERROR] LogOutputStream:75 - [STDERR_REDIRECT] 
2026-09-28 21:51:44,252 [ERROR] LogOutputStream:75 - [STDERR_REDIRECT] [Fatal Error] :1:1: Premature end of file.
2026-09-28 21:51:44,252 [ERROR] LogOutputStream:75 - [STDERR_REDIRECT] 
2026-09-28 21:51:45,251 [ERROR] LogOutputStream:75 - [STDERR_REDIRECT] [Fatal Error] :1:1: Premature end of file.
2026-09-28 21:51:45,252 [ERROR] LogOutputStream:75 - [STDERR_REDIRECT] 
2026-09-28 21:51:46,254 [ERROR] LogOutputStream:75 - [STDERR_REDIRECT] [Fatal Error] :1:1: Premature end of file.
2026-09-28 21:51:46,254 [ERROR] LogOutputStream:75 - [STDERR_REDIRECT] 
2026-09-28 21:51:47,256 [ERROR] LogOutputStream:75 - [STDERR_REDIRECT] [Fatal Error] :1:1: Premature end of file.
2026-09-28 21:51:47,256 [ERROR] LogOutputStream:75 - [STDERR_REDIRECT] 
2026-09-28 21:51:48,264 [ERROR] LogOutputStream:75 - [STDERR_REDIRECT] [Fatal Error] :1:1: Premature end of file.
2026-09-28 21:51:48,264 [ERROR] LogOutputStream:75 - [STDERR_REDIRECT] 
2026-09-28 21:51:49,264 [ERROR] LogOutputStream:75 - [STDERR_REDIRECT] [Fatal Error] :1:1: Premature end of file.
2026-09-28 21:51:49,265 [ERROR] LogOutputStream:75 - [STDERR_REDIRECT] 
2026-09-28 21:51:50,266 [ERROR] LogOutputStream:75 - [STDERR_REDIRECT] [Fatal Error] :1:1: Premature end of file.
2026-09-28 21:51:50,266 [ERROR] LogOutputStream:75 - [STDERR_REDIRECT] 
2026-09-28 21:51:51,252 [ERROR] LogOutputStream:75 - [STDERR_REDIRECT] [Fatal Error] :1:1: Premature end of file.
2026-09-28 21:51:51,252 [ERROR] LogOutputStream:75 - [STDERR_REDIRECT] 
2026-09-28 21:51:52,257 [ERROR] LogOutputStream:75 - [STDERR_REDIRECT] [Fatal Error] :1:1: Premature end of file.
2026-09-28 21:51:52,257 [ERROR] LogOutputStream:75 - [STDERR_REDIRECT] 
2026-09-28 21:51:53,265 [ERROR] LogOutputStream:75 - [STDERR_REDIRECT] [Fatal Error] :1:1: Premature end of file.
2026-09-28 21:51:53,265 [ERROR] LogOutputStream:75 - [STDERR_REDIRECT] 
2026-09-28 21:51:54,263 [ERROR] LogOutputStream:75 - [STDERR_REDIRECT] [Fatal Error] :1:1: Premature end of file.
2026-09-28 21:51:54,263 [ERROR] LogOutputStream:75 - [STDERR_REDIRECT] 
2026-09-28 21:51:55,260 [ERROR] LogOutputStream:75 - [STDERR_REDIRECT] [Fatal Error] :1:1: Premature end of file.
2026-09-28 21:51:55,260 [ERROR] LogOutputStream:75 - [STDERR_REDIRECT] 
2026-09-28 21:51:56,257 [ERROR] LogOutputStream:75 - [STDERR_REDIRECT] [Fatal Error] :1:1: Premature end of file.
2026-09-28 21:51:56,257 [ERROR] LogOutputStream:75 - [STDERR_REDIRECT] 
2026-09-28 21:51:57,258 [ERROR] LogOutputStream:75 - [STDERR_REDIRECT] [Fatal Error] :1:1: Premature end of file.
2026-09-28 21:51:57,258 [ERROR] LogOutputStream:75 - [STDERR_REDIRECT] 
2026-09-28 21:51:58,259 [ERROR] LogOutputStream:75 - [STDERR_REDIRECT] [Fatal Error] :1:1: Premature end of file.
2026-09-28 21:51:58,260 [ERROR] LogOutputStream:75 - [STDERR_REDIRECT] 
2026-09-28 21:51:59,262 [ERROR] LogOutputStream:75 - [STDERR_REDIRECT] [Fatal Error] :1:1: Premature end of file.
2026-09-28 21:51:59,262 [ERROR] LogOutputStream:75 - [STDERR_REDIRECT] 
2026-09-28 21:52:00,255 [ERROR] LogOutputStream:75 - [STDERR_REDIRECT] [Fatal Error] :1:1: Premature end of file.
2026-09-28 21:52:00,255 [ERROR] LogOutputStream:75 - [STDERR_REDIRECT] 
2026-09-28 21:52:01,261 [ERROR] LogOutputStream:75 - [STDERR_REDIRECT] [Fatal Error] :1:1: Premature end of file.
2026-09-28 21:52:01,262 [ERROR] LogOutputStream:75 - [STDERR_REDIRECT] 
2026-09-28 21:52:02,258 [ERROR] LogOutputStream:75 - [STDERR_REDIRECT] [Fatal Error] :1:1: Premature end of file.
2026-09-28 21:52:02,258 [ERROR] LogOutputStream:75 - [STDERR_REDIRECT] 
2026-09-28 21:52:03,257 [ERROR] LogOutputStream:75 - [STDERR_REDIRECT] [Fatal Error] :1:1: Premature end of file.
2026-09-28 21:52:03,257 [ERROR] LogOutputStream:75 - [STDERR_REDIRECT] 
2026-09-28 21:52:04,247 [ERROR] LogOutputStream:75 - [STDERR_REDIRECT] [Fatal Error] :1:1: Premature end of file.
2026-09-28 21:52:04,247 [ERROR] LogOutputStream:75 - [STDERR_REDIRECT] 
2026-09-28 21:52:05,250 [ERROR] LogOutputStream:75 - [STDERR_REDIRECT] [Fatal Error] :1:1: Premature end of file.
2026-09-28 21:52:05,250 [ERROR] LogOutputStream:75 - [STDERR_REDIRECT] 
2026-09-28 21:52:06,250 [ERROR] LogOutputStream:75 - [STDERR_REDIRECT] [Fatal Error] :1:1: Premature end of file.
2026-09-28 21:52:06,250 [ERROR] LogOutputStream:75 - [STDERR_REDIRECT] 
2026-09-28 21:52:07,247 [ERROR] LogOutputStream:75 - [STDERR_REDIRECT] [Fatal Error] :1:1: Premature end of file.
2026-09-28 21:52:07,247 [ERROR] LogOutputStream:75 - [STDERR_REDIRECT] 
2026-09-28 21:52:07,699 [INFO] McuFinderGlobals:63 - Set McuFinder mode to 2 (CubeIDE integrated)
2026-09-28 21:52:07,703 [INFO] MainUpdater:2872 - connection check result : 10
2026-09-28 21:52:07,705 [INFO] McuFinderGlobals:76 - Set McuFinderConnectedMode to true
2026-09-28 21:52:08,226 [INFO] ServerAccessManage:452 - Complete download http(s) 200
2026-09-28 21:52:08,228 [INFO] ServerAccessManage:509 - Download File mcusAds.json._tmp_
2026-09-28 21:52:08,255 [ERROR] LogOutputStream:75 - [STDERR_REDIRECT] [Fatal Error] :1:1: Premature end of file.
2026-09-28 21:52:08,255 [ERROR] LogOutputStream:75 - [STDERR_REDIRECT] 
2026-09-28 21:52:08,337 [INFO] LoadUrlFilesThread:156 - End of LoadUrlFiles Thread
2026-09-28 21:52:09,078 [INFO] ServerAccessManage:452 - Complete download http(s) 200
2026-09-28 21:52:09,079 [INFO] ServerAccessManage:509 - Download File cube-finder-db.zip
2026-09-28 21:52:09,250 [ERROR] LogOutputStream:75 - [STDERR_REDIRECT] [Fatal Error] :1:1: Premature end of file.
2026-09-28 21:52:09,251 [ERROR] LogOutputStream:75 - [STDERR_REDIRECT] 
2026-09-28 21:52:10,249 [ERROR] LogOutputStream:75 - [STDERR_REDIRECT] [Fatal Error] :1:1: Premature end of file.
2026-09-28 21:52:10,249 [ERROR] LogOutputStream:75 - [STDERR_REDIRECT] 
2026-09-28 21:52:11,247 [ERROR] LogOutputStream:75 - [STDERR_REDIRECT] [Fatal Error] :1:1: Premature end of file.
2026-09-28 21:52:11,247 [ERROR] LogOutputStream:75 - [STDERR_REDIRECT] 
2026-09-28 21:52:12,251 [ERROR] LogOutputStream:75 - [STDERR_REDIRECT] [Fatal Error] :1:1: Premature end of file.
2026-09-28 21:52:12,251 [ERROR] LogOutputStream:75 - [STDERR_REDIRECT] 
2026-09-28 21:52:13,248 [ERROR] LogOutputStream:75 - [STDERR_REDIRECT] [Fatal Error] :1:1: Premature end of file.
2026-09-28 21:52:13,249 [ERROR] LogOutputStream:75 - [STDERR_REDIRECT] 
2026-09-28 21:52:14,249 [ERROR] LogOutputStream:75 - [STDERR_REDIRECT] [Fatal Error] :1:1: Premature end of file.
2026-09-28 21:52:14,249 [ERROR] LogOutputStream:75 - [STDERR_REDIRECT] 
2026-09-28 21:52:15,248 [ERROR] LogOutputStream:75 - [STDERR_REDIRECT] [Fatal Error] :1:1: Premature end of file.
2026-09-28 21:52:15,248 [ERROR] LogOutputStream:75 - [STDERR_REDIRECT] 
2026-09-28 21:52:16,250 [ERROR] LogOutputStream:75 - [STDERR_REDIRECT] [Fatal Error] :1:1: Premature end of file.
2026-09-28 21:52:16,250 [ERROR] LogOutputStream:75 - [STDERR_REDIRECT] 
2026-09-28 21:52:17,249 [ERROR] LogOutputStream:75 - [STDERR_REDIRECT] [Fatal Error] :1:1: Premature end of file.
2026-09-28 21:52:17,251 [ERROR] LogOutputStream:75 - [STDERR_REDIRECT] 
2026-09-28 21:52:18,249 [ERROR] LogOutputStream:75 - [STDERR_REDIRECT] [Fatal Error] :1:1: Premature end of file.
2026-09-28 21:52:18,249 [ERROR] LogOutputStream:75 - [STDERR_REDIRECT] 
2026-09-28 21:52:19,249 [ERROR] LogOutputStream:75 - [STDERR_REDIRECT] [Fatal Error] :1:1: Premature end of file.
2026-09-28 21:52:19,249 [ERROR] LogOutputStream:75 - [STDERR_REDIRECT] 
2026-09-28 21:52:20,252 [ERROR] LogOutputStream:75 - [STDERR_REDIRECT] [Fatal Error] :1:1: Premature end of file.
2026-09-28 21:52:20,253 [ERROR] LogOutputStream:75 - [STDERR_REDIRECT] 
2026-09-28 21:52:21,251 [ERROR] LogOutputStream:75 - [STDERR_REDIRECT] [Fatal Error] :1:1: Premature end of file.
2026-09-28 21:52:21,251 [ERROR] LogOutputStream:75 - [STDERR_REDIRECT] 
2026-09-28 21:52:22,250 [ERROR] LogOutputStream:75 - [STDERR_REDIRECT] [Fatal Error] :1:1: Premature end of file.
2026-09-28 21:52:22,250 [ERROR] LogOutputStream:75 - [STDERR_REDIRECT] 
2026-09-28 21:52:23,246 [ERROR] LogOutputStream:75 - [STDERR_REDIRECT] [Fatal Error] :1:1: Premature end of file.
2026-09-28 21:52:23,246 [ERROR] LogOutputStream:75 - [STDERR_REDIRECT] 
2026-09-28 21:52:23,358 [INFO] FileExtend:248 - Unzip File : cube-finder-db.zip
2026-09-28 21:52:23,358 [INFO] FileExtend:263 - Standard Zip Deflate
2026-09-28 21:52:24,028 [INFO] LoadUrlFilesThread:156 - End of LoadUrlFiles Thread
2026-09-28 21:52:24,251 [ERROR] LogOutputStream:75 - [STDERR_REDIRECT] [Fatal Error] :1:1: Premature end of file.
2026-09-28 21:52:24,252 [ERROR] LogOutputStream:75 - [STDERR_REDIRECT] 
2026-09-28 21:52:25,249 [ERROR] LogOutputStream:75 - [STDERR_REDIRECT] [Fatal Error] :1:1: Premature end of file.
2026-09-28 21:52:25,249 [ERROR] LogOutputStream:75 - [STDERR_REDIRECT] 
2026-09-28 21:52:26,250 [ERROR] LogOutputStream:75 - [STDERR_REDIRECT] [Fatal Error] :1:1: Premature end of file.
2026-09-28 21:52:26,250 [ERROR] LogOutputStream:75 - [STDERR_REDIRECT] 
2026-09-28 21:52:27,246 [ERROR] LogOutputStream:75 - [STDERR_REDIRECT] [Fatal Error] :1:1: Premature end of file.
2026-09-28 21:52:27,246 [ERROR] LogOutputStream:75 - [STDERR_REDIRECT] 
2026-09-28 21:52:28,248 [ERROR] LogOutputStream:75 - [STDERR_REDIRECT] [Fatal Error] :1:1: Premature end of file.
2026-09-28 21:52:28,248 [ERROR] LogOutputStream:75 - [STDERR_REDIRECT] 
2026-09-28 21:52:29,251 [ERROR] LogOutputStream:75 - [STDERR_REDIRECT] [Fatal Error] :1:1: Premature end of file.
2026-09-28 21:52:29,251 [ERROR] LogOutputStream:75 - [STDERR_REDIRECT] 
2026-09-28 21:52:30,248 [ERROR] LogOutputStream:75 - [STDERR_REDIRECT] [Fatal Error] :1:1: Premature end of file.
2026-09-28 21:52:30,249 [ERROR] LogOutputStream:75 - [STDERR_REDIRECT] 
2026-09-28 21:52:31,248 [ERROR] LogOutputStream:75 - [STDERR_REDIRECT] [Fatal Error] :1:1: Premature end of file.
2026-09-28 21:52:31,248 [ERROR] LogOutputStream:75 - [STDERR_REDIRECT] 
2026-09-28 21:52:32,249 [ERROR] LogOutputStream:75 - [STDERR_REDIRECT] [Fatal Error] :1:1: Premature end of file.
2026-09-28 21:52:32,249 [ERROR] LogOutputStream:75 - [STDERR_REDIRECT] 
2026-09-28 21:52:33,250 [ERROR] LogOutputStream:75 - [STDERR_REDIRECT] [Fatal Error] :1:1: Premature end of file.
2026-09-28 21:52:33,250 [ERROR] LogOutputStream:75 - [STDERR_REDIRECT] 
2026-09-28 21:52:34,250 [ERROR] LogOutputStream:75 - [STDERR_REDIRECT] [Fatal Error] :1:1: Premature end of file.
2026-09-28 21:52:34,250 [ERROR] LogOutputStream:75 - [STDERR_REDIRECT] 
2026-09-28 21:52:35,250 [ERROR] LogOutputStream:75 - [STDERR_REDIRECT] [Fatal Error] :1:1: Premature end of file.
2026-09-28 21:52:35,250 [ERROR] LogOutputStream:75 - [STDERR_REDIRECT] 
2026-09-28 21:52:36,246 [ERROR] LogOutputStream:75 - [STDERR_REDIRECT] [Fatal Error] :1:1: Premature end of file.
2026-09-28 21:52:36,246 [ERROR] LogOutputStream:75 - [STDERR_REDIRECT] 
2026-09-28 21:52:37,249 [ERROR] LogOutputStream:75 - [STDERR_REDIRECT] [Fatal Error] :1:1: Premature end of file.
2026-09-28 21:52:37,249 [ERROR] LogOutputStream:75 - [STDERR_REDIRECT] 
2026-09-28 21:52:38,250 [ERROR] LogOutputStream:75 - [STDERR_REDIRECT] [Fatal Error] :1:1: Premature end of file.
2026-09-28 21:52:38,250 [ERROR] LogOutputStream:75 - [STDERR_REDIRECT] 
2026-09-28 21:52:39,247 [ERROR] LogOutputStream:75 - [STDERR_REDIRECT] [Fatal Error] :1:1: Premature end of file.
2026-09-28 21:52:39,248 [ERROR] LogOutputStream:75 - [STDERR_REDIRECT] 
2026-09-28 21:52:40,250 [ERROR] LogOutputStream:75 - [STDERR_REDIRECT] [Fatal Error] :1:1: Premature end of file.
2026-09-28 21:52:40,250 [ERROR] LogOutputStream:75 - [STDERR_REDIRECT] 
2026-09-28 21:52:41,246 [ERROR] LogOutputStream:75 - [STDERR_REDIRECT] [Fatal Error] :1:1: Premature end of file.
2026-09-28 21:52:41,247 [ERROR] LogOutputStream:75 - [STDERR_REDIRECT] 
2026-09-28 21:52:42,249 [ERROR] LogOutputStream:75 - [STDERR_REDIRECT] [Fatal Error] :1:1: Premature end of file.
2026-09-28 21:52:42,250 [ERROR] LogOutputStream:75 - [STDERR_REDIRECT] 
2026-09-28 21:52:43,250 [ERROR] LogOutputStream:75 - [STDERR_REDIRECT] [Fatal Error] :1:1: Premature end of file.
2026-09-28 21:52:43,250 [ERROR] LogOutputStream:75 - [STDERR_REDIRECT] 
2026-09-28 21:52:44,249 [ERROR] LogOutputStream:75 - [STDERR_REDIRECT] [Fatal Error] :1:1: Premature end of file.
2026-09-28 21:52:44,249 [ERROR] LogOutputStream:75 - [STDERR_REDIRECT] 
2026-09-28 21:52:45,250 [ERROR] LogOutputStream:75 - [STDERR_REDIRECT] [Fatal Error] :1:1: Premature end of file.
2026-09-28 21:52:45,250 [ERROR] LogOutputStream:75 - [STDERR_REDIRECT] 
2026-09-28 21:52:45,330 [ERROR] ServerAccessManage:1295 - Problem during Server Connection :  IO error Connection timed out: getsockopt
2026-09-28 21:52:45,331 [ERROR] ServerAccessManage:740 - Problem during Server Connection :  : crdb.zip.
2026-09-28 21:52:46,247 [ERROR] LogOutputStream:75 - [STDERR_REDIRECT] [Fatal Error] :1:1: Premature end of file.
2026-09-28 21:52:46,248 [ERROR] LogOutputStream:75 - [STDERR_REDIRECT] 
2026-09-28 21:52:47,250 [ERROR] LogOutputStream:75 - [STDERR_REDIRECT] [Fatal Error] :1:1: Premature end of file.
2026-09-28 21:52:47,250 [ERROR] LogOutputStream:75 - [STDERR_REDIRECT] 
2026-09-28 21:52:48,250 [ERROR] LogOutputStream:75 - [STDERR_REDIRECT] [Fatal Error] :1:1: Premature end of file.
2026-09-28 21:52:48,250 [ERROR] LogOutputStream:75 - [STDERR_REDIRECT] 
2026-09-28 21:52:49,250 [ERROR] LogOutputStream:75 - [STDERR_REDIRECT] [Fatal Error] :1:1: Premature end of file.
2026-09-28 21:52:49,250 [ERROR] LogOutputStream:75 - [STDERR_REDIRECT] 
2026-09-28 21:52:50,246 [ERROR] LogOutputStream:75 - [STDERR_REDIRECT] [Fatal Error] :1:1: Premature end of file.
2026-09-28 21:52:50,246 [ERROR] LogOutputStream:75 - [STDERR_REDIRECT] 
2026-09-28 21:52:51,250 [ERROR] LogOutputStream:75 - [STDERR_REDIRECT] [Fatal Error] :1:1: Premature end of file.
2026-09-28 21:52:51,251 [ERROR] LogOutputStream:75 - [STDERR_REDIRECT] 
2026-09-28 21:52:52,263 [ERROR] LogOutputStream:75 - [STDERR_REDIRECT] [Fatal Error] :1:1: Premature end of file.
2026-09-28 21:52:52,263 [ERROR] LogOutputStream:75 - [STDERR_REDIRECT] 
2026-09-28 21:52:53,253 [ERROR] LogOutputStream:75 - [STDERR_REDIRECT] [Fatal Error] :1:1: Premature end of file.
2026-09-28 21:52:53,253 [ERROR] LogOutputStream:75 - [STDERR_REDIRECT] 
2026-09-28 21:52:54,257 [ERROR] LogOutputStream:75 - [STDERR_REDIRECT] [Fatal Error] :1:1: Premature end of file.
2026-09-28 21:52:54,257 [ERROR] LogOutputStream:75 - [STDERR_REDIRECT] 
2026-09-28 21:52:55,253 [ERROR] LogOutputStream:75 - [STDERR_REDIRECT] [Fatal Error] :1:1: Premature end of file.
2026-09-28 21:52:55,253 [ERROR] LogOutputStream:75 - [STDERR_REDIRECT] 
2026-09-28 21:52:56,253 [ERROR] LogOutputStream:75 - [STDERR_REDIRECT] [Fatal Error] :1:1: Premature end of file.
2026-09-28 21:52:56,254 [ERROR] LogOutputStream:75 - [STDERR_REDIRECT] 
2026-09-28 21:52:57,256 [ERROR] LogOutputStream:75 - [STDERR_REDIRECT] [Fatal Error] :1:1: Premature end of file.
2026-09-28 21:52:57,256 [ERROR] LogOutputStream:75 - [STDERR_REDIRECT] 
2026-09-28 21:52:58,258 [ERROR] LogOutputStream:75 - [STDERR_REDIRECT] [Fatal Error] :1:1: Premature end of file.
2026-09-28 21:52:58,258 [ERROR] LogOutputStream:75 - [STDERR_REDIRECT] 
2026-09-28 21:52:59,255 [ERROR] LogOutputStream:75 - [STDERR_REDIRECT] [Fatal Error] :1:1: Premature end of file.
2026-09-28 21:52:59,256 [ERROR] LogOutputStream:75 - [STDERR_REDIRECT] 
2026-09-28 21:53:00,256 [ERROR] LogOutputStream:75 - [STDERR_REDIRECT] [Fatal Error] :1:1: Premature end of file.
2026-09-28 21:53:00,256 [ERROR] LogOutputStream:75 - [STDERR_REDIRECT] 
2026-09-28 21:53:01,254 [ERROR] LogOutputStream:75 - [STDERR_REDIRECT] [Fatal Error] :1:1: Premature end of file.
2026-09-28 21:53:01,254 [ERROR] LogOutputStream:75 - [STDERR_REDIRECT] 
2026-09-28 21:53:02,255 [ERROR] LogOutputStream:75 - [STDERR_REDIRECT] [Fatal Error] :1:1: Premature end of file.
2026-09-28 21:53:02,255 [ERROR] LogOutputStream:75 - [STDERR_REDIRECT] 
2026-09-28 21:53:03,258 [ERROR] LogOutputStream:75 - [STDERR_REDIRECT] [Fatal Error] :1:1: Premature end of file.
2026-09-28 21:53:03,258 [ERROR] LogOutputStream:75 - [STDERR_REDIRECT] 
2026-09-28 21:53:04,254 [ERROR] LogOutputStream:75 - [STDERR_REDIRECT] [Fatal Error] :1:1: Premature end of file.
2026-09-28 21:53:04,254 [ERROR] LogOutputStream:75 - [STDERR_REDIRECT] 
2026-09-28 21:53:05,257 [ERROR] LogOutputStream:75 - [STDERR_REDIRECT] [Fatal Error] :1:1: Premature end of file.
2026-09-28 21:53:05,257 [ERROR] LogOutputStream:75 - [STDERR_REDIRECT] 
2026-09-28 21:53:06,267 [ERROR] LogOutputStream:75 - [STDERR_REDIRECT] [Fatal Error] :1:1: Premature end of file.
2026-09-28 21:53:06,267 [ERROR] LogOutputStream:75 - [STDERR_REDIRECT] 
2026-09-28 21:53:07,262 [ERROR] LogOutputStream:75 - [STDERR_REDIRECT] [Fatal Error] :1:1: Premature end of file.
2026-09-28 21:53:07,262 [ERROR] LogOutputStream:75 - [STDERR_REDIRECT] 
2026-09-28 21:53:08,263 [ERROR] LogOutputStream:75 - [STDERR_REDIRECT] [Fatal Error] :1:1: Premature end of file.
2026-09-28 21:53:08,264 [ERROR] LogOutputStream:75 - [STDERR_REDIRECT] 
2026-09-28 21:53:09,258 [ERROR] LogOutputStream:75 - [STDERR_REDIRECT] [Fatal Error] :1:1: Premature end of file.
2026-09-28 21:53:09,258 [ERROR] LogOutputStream:75 - [STDERR_REDIRECT] 
2026-09-28 21:53:09,694 [INFO] LoadUrlFilesThread:156 - End of LoadUrlFiles Thread
2026-09-28 21:53:10,259 [ERROR] LogOutputStream:75 - [STDERR_REDIRECT] [Fatal Error] :1:1: Premature end of file.
2026-09-28 21:53:10,259 [ERROR] LogOutputStream:75 - [STDERR_REDIRECT] 
2026-09-28 21:53:11,257 [ERROR] LogOutputStream:75 - [STDERR_REDIRECT] [Fatal Error] :1:1: Premature end of file.
2026-09-28 21:53:11,257 [ERROR] LogOutputStream:75 - [STDERR_REDIRECT] 
2026-09-28 21:53:11,563 [INFO] DbMcusAds:53 - JSON generation date=Tue Sep 22 15:25:16 TRT 2026 (1790079916640)
2026-09-28 21:53:11,571 [ERROR] TargetSelectorAdapter:267 - Unable to refresh data
2026-09-28 21:53:11,892 [INFO] ApiDb:581 - Connected to CubeFinder SQLite database (C:\Users\HP\.stmcufinder\plugins\mcufinder\mcu\cube-finder-db.db)
2026-09-28 21:53:12,007 [INFO] ApiDb:668 - CubeFinder database Data Model version=2.1
2026-09-28 21:53:12,007 [INFO] ApiDb:669 - CubeFinder database Configuration version=3.0.42
2026-09-28 21:53:12,008 [INFO] ApiDb:670 - CubeFinder database generation date=2026-08-04 (1785840812)
2026-09-28 21:53:12,008 [INFO] ApiDb:671 - CubeFinder database FW Pack versions=[FP-ATR-ASTRA1_V2.0.0, FP-SNS-FLIGHT1_V5.1.0, FP-SNS-MOTENV1_V5.1.0, FP-SNS-MOTENVWB1_V1.5.0, FP-SNS-SMARTAG2_V1.2.0, FP-SNS-STBOX1_V2.1.0, STM32Cube_FW_C0_V1.4.1, STM32Cube_FW_F4_V1.28.3, STM32Cube_FW_F7_V1.17.4, STM32Cube_FW_G0_V1.6.3, STM32Cube_FW_G4_V1.6.2, STM32Cube_FW_H5_V1.7.0, STM32Cube_FW_H7RS_V1.3.0, STM32Cube_FW_H7_V1.13.0, STM32Cube_FW_L0_V1.12.2, STM32Cube_FW_L4_V1.18.2, STM32Cube_FW_L5_V1.6.0, STM32Cube_FW_N6_V1.4.0, STM32Cube_FW_U0_V1.3.0, STM32Cube_FW_U3_V1.4.0, STM32Cube_FW_U5_V1.9.0, STM32Cube_FW_WB0_V1.5.0, STM32Cube_FW_WBA_V1.10.0, STM32Cube_FW_WB_V1.24.0, STM32Cube_FW_WL3_V1.5.0, STM32Cube_FW_WL_V1.6.0, X-CUBE-ALGOBUILD_V1.5.0, X-CUBE-ALS_V1.0.2, X-CUBE-AZRTOS-F4_V1.1.0, X-CUBE-AZRTOS-F7_V1.1.0, X-CUBE-AZRTOS-G0_V1.1.0, X-CUBE-AZRTOS-G4_V2.0.0, X-CUBE-AZRTOS-H7RS_V1.3.0, X-CUBE-AZRTOS-H7_V3.5.0, X-CUBE-AZRTOS-L4_V2.0.0, X-CUBE-AZRTOS-L5_V2.0.0, X-CUBE-AZRTOS-WB_V2.0.0, X-CUBE-AZRTOS-WL_V2.0.0, X-CUBE-BLE1_V7.1.0, X-CUBE-BLE2_V3.3.0, X-CUBE-BLEMGR_V4.2.0, X-CUBE-EEPRMA1_V5.2.0, X-CUBE-FREERTOS_V1.6.0, X-CUBE-GNSS1_V7.1.1, X-CUBE-MEMS1_V13.0.0, X-CUBE-NFC4_V3.0.0, X-CUBE-NFC7_V2.0.0, X-CUBE-SFXS2LP1_V4.0.0, X-CUBE-ST67W61_V1.3.0, X-CUBE-SUBG2_V5.0.0, X-CUBE-TOF1_V3.4.3]
2026-09-28 21:53:12,274 [ERROR] LogOutputStream:75 - [STDERR_REDIRECT] [Fatal Error] :1:1: Premature end of file.
2026-09-28 21:53:12,274 [ERROR] LogOutputStream:75 - [STDERR_REDIRECT] 
2026-09-28 21:53:13,269 [ERROR] LogOutputStream:75 - [STDERR_REDIRECT] [Fatal Error] :1:1: Premature end of file.
2026-09-28 21:53:13,269 [ERROR] LogOutputStream:75 - [STDERR_REDIRECT] 
2026-09-28 21:53:14,257 [ERROR] LogOutputStream:75 - [STDERR_REDIRECT] [Fatal Error] :1:1: Premature end of file.
2026-09-28 21:53:14,257 [ERROR] LogOutputStream:75 - [STDERR_REDIRECT] 
2026-09-28 21:53:15,262 [ERROR] LogOutputStream:75 - [STDERR_REDIRECT] [Fatal Error] :1:1: Premature end of file.
2026-09-28 21:53:15,262 [ERROR] LogOutputStream:75 - [STDERR_REDIRECT] 
2026-09-28 21:53:15,859 [INFO] ApiDb:240 - Found 880 in-development CPN: [B-G473E-ZEST1S, B-WB1M-WPAN1, B-WBA5M-WPAN, B-WL5M-SUBG1, NUCLEO-C031C6, NUCLEO-C051C8, NUCLEO-C071RB, NUCLEO-C092RC, NUCLEO-H503RB, NUCLEO-H533RE, NUCLEO-H563ZI, NUCLEO-H7S3L8, NUCLEO-N657X0-Q, NUCLEO-U031R8, NUCLEO-U083RC, NUCLEO-U385RG-Q, NUCLEO-U545RE-Q, NUCLEO-U5A5ZJ-Q, NUCLEO-WB05KZ, NUCLEO-WB07CC, NUCLEO-WB09KE, NUCLEO-WBA52CG, NUCLEO-WBA55CG, NUCLEO-WL33CC1, NUCLEO-WL33CC2, STEVAL-PROTEUS1, STEVAL-SMARTAG2, STEVAL-STWINBX1, STM320518-EVAL, STM32C0116-DK, STM32C011D6Y3TR, STM32C011D6Y6TR, STM32C011F4P3, STM32C011F4P6, STM32C011F4U3, STM32C011F4U6TR, STM32C011F6P3, STM32C011F6P6, STM32C011F6U3, STM32C011F6U6TR, STM32C011J4M3, STM32C011J4M6, STM32C011J6M3, STM32C011J6M6, STM32C0316-DK, STM32C031C4T3, STM32C031C4T6, STM32C031C4U3, STM32C031C4U6, STM32C031C6T3, STM32C031C6T6, STM32C031C6U3, STM32C031C6U6, STM32C031F4P3, STM32C031F4P6, STM32C031F6P3, STM32C031F6P6, STM32C031G4U3, STM32C031G4U6, STM32C031G6U3, STM32C031G6U6, STM32C031K4T3, STM32C031K4T6, STM32C031K4U3, STM32C031K4U6, STM32C031K6T3, STM32C031K6T6, STM32C031K6U3, STM32C031K6U6, STM32C051C6T6, STM32C051C6U6, STM32C051C8T6, STM32C051C8U6, STM32C051D8Y6TR, STM32C051F6P6, STM32C051F8P6, STM32C051G6U6, STM32C051G8U6, STM32C051K6T6, STM32C051K6U6, STM32C051K8T6, STM32C071C8T6, STM32C071C8T6N, STM32C071C8U6, STM32C071C8U6N, STM32C071CBT6, STM32C071CBT6N, STM32C071CBU6, STM32C071CBU6N, STM32C071F8P6, STM32C071F8P6N, STM32C071FBP6, STM32C071FBP6N, STM32C071FBY6TR, STM32C071G8U6, STM32C071G8U6N, STM32C071GBU6, STM32C071GBU6N, STM32C071K8T6, STM32C071K8T6N, STM32C071K8U6, STM32C071K8U6N, STM32C071KBT6, STM32C071KBT6N, STM32C071KBU6, STM32C071KBU6N, STM32C071R8T6, STM32C071R8T6N, STM32C071RBI6N, STM32C071RBT6, STM32C071RBT6N, STM32C091CBT6, STM32C091CBU6, STM32C091CCT6, STM32C091CCU6, STM32C091ECY6TR, STM32C091FBP6, STM32C091FCP6, STM32C091GBU6, STM32C091GCU6, STM32C091KBT6, STM32C091KBU6, STM32C091KCT6, STM32C091KCU6, STM32C091RBT6, STM32C091RCI6, STM32C091RCT6, STM32C092CBT6, STM32C092CBU6, STM32C092CCT6, STM32C092CCU6, STM32C092ECY6TR, STM32C092FBP6, STM32C092FCP6, STM32C092GBU6, STM32C092GCU6, STM32C092KBT6, STM32C092KBU6, STM32C092KCT6, STM32C092KCU6, STM32C092RBT6, STM32C092RCI6, STM32C092RCT6, STM32G071K8TXN, STM32G071K8UXN, STM32G081GBU6N, STM32G081KBT6N, STM32G081KBUXN, STM32G0B1CCT6N, STM32G0B1KCT6, STM32G0B1NEY6TR, STM32G0B1RCT6N, STM32G0C1CCT6, STM32G0C1CCT6N, STM32G0C1CCU6N, STM32G0C1CET6N, STM32G0C1CEU6N, STM32G0C1KCT6, STM32G0C1NEY6TR, STM32G0C1RCI6N, STM32G0C1RCT6N, STM32G0C1REI6N, STM32G0C1RET6N, STM32G0C1VCI6, STM32G0C1VEI6, STM32G411C6T3, STM32G411C6T6, STM32G411C6U3, STM32G411C6U6, STM32G411C8T3, STM32G411C8T6, STM32G411C8U3, STM32G411C8U6, STM32G411CBT3, STM32G411CBT6, STM32G411CBU3, STM32G411CBU6, STM32G411K6T3, STM32G411K6T6, STM32G411K6U3, STM32G411K6U6, STM32G411K8T3, STM32G411K8T6, STM32G411K8U3, STM32G411K8U6, STM32G411KBT3, STM32G411KBT6, STM32G411KBU3, STM32G411KBU6, STM32G411M6T3, STM32G411M6T6, STM32G411M8T3, STM32G411M8T6, STM32G411MBT3, STM32G411MBT6, STM32G411R6T3, STM32G411R6T6, STM32G411R8T3, STM32G411R8T6, STM32G411RBT3, STM32G411RBT6, STM32G414CBT3, STM32G414CBT6, STM32G414CBU3, STM32G414CBU6, STM32G414CCT3, STM32G414CCT6, STM32G414CCU3, STM32G414CCU6, STM32G414MBT3, STM32G414MBT6, STM32G414MCT3, STM32G414MCT6, STM32G414RBT3, STM32G414RBT6, STM32G414RCT3, STM32G414RCT6, STM32G414VBT3, STM32G414VBT6, STM32G414VCT3, STM32G414VCT6, STM32G431CBT3Z, STM32G431RBT3Z, STM32G471CCT6, STM32G471CCU6, STM32G471CET3, STM32G471CET6, STM32G471CEU3, STM32G471CEU6, STM32G471MCT6, STM32G471MET3, STM32G471MET6, STM32G471MEY6TR, STM32G471QCT6, STM32G471QET3, STM32G471RCT6, STM32G471RET3, STM32G471RET6, STM32G471VCH6, STM32G471VCI6, STM32G471VCT6, STM32G471VEH3, STM32G471VEH6, STM32G471VEI3, STM32G471VEI6, STM32G471VET3, STM32G471VET6, STM32G473QET3Z, STM32G473RET3Z, STM32G474CCT6, STM32G491RET3Z, STM32H503CBT6, STM32H503CBU6, STM32H503EBY6TR, STM32H503KBU6, STM32H503RBT6, STM32H523CCT6, STM32H523CCU6, STM32H523CET6, STM32H523CEU6, STM32H523HEY6TR, STM32H523RCT6, STM32H523RET6, STM32H523VCI6, STM32H523VCT6, STM32H523VEI6, STM32H523VET6, STM32H523ZCJ6, STM32H523ZCT6, STM32H523ZEJ6, STM32H523ZET6, STM32H533CET6, STM32H533CEU6, STM32H533HEY6TR, STM32H533RET6, STM32H533VEI6, STM32H533VET6, STM32H533ZEJ6, STM32H533ZET6, STM32H562AGI6, STM32H562AII6, STM32H562IGK6, STM32H562IGT6, STM32H562IIK6, STM32H562IIT6, STM32H562RGT6, STM32H562RGV6, STM32H562RIT6, STM32H562RIV6, STM32H562VGT6, STM32H562VIT6, STM32H562ZGT6, STM32H562ZIT6, STM32H563AGI6, STM32H563AII3Q, STM32H563AII6, STM32H563IGK6, STM32H563IGT6, STM32H563IIK3Q, STM32H563IIK6, STM32H563IIT3Q, STM32H563IIT6, STM32H563MIY3QTR, STM32H563RGT6, STM32H563RGV6, STM32H563RIT6, STM32H563RIV6, STM32H563VGT6, STM32H563VIT3Q, STM32H563VIT6, STM32H563ZGT6, STM32H563ZIT3Q, STM32H563ZIT6, STM32H573AII3Q, STM32H573AII6, STM32H573I-DK, STM32H573IIK3Q, STM32H573IIK6, STM32H573IIT3Q, STM32H573IIT6, STM32H573MIY3QTR, STM32H573RIT6, STM32H573RIV6, STM32H573VIT3Q, STM32H573VIT6, STM32H573ZIT3Q, STM32H573ZIT6, STM32H7R3A8I6, STM32H7R3I8K6, STM32H7R3I8T6, STM32H7R3L8H6, STM32H7R3L8H6H, STM32H7R3R8V6, STM32H7R3V8H6, STM32H7R3V8T6, STM32H7R3V8Y6TR, STM32H7R3Z8J6, STM32H7R3Z8T6, STM32H7R7A8I6, STM32H7R7I8K6, STM32H7R7I8T6, STM32H7R7L8H6, STM32H7R7L8H6H, STM32H7R7Z8J6, STM32H7S3A8I6, STM32H7S3I8K6, STM32H7S3I8T6, STM32H7S3L8H6, STM32H7S3L8H6H, STM32H7S3R8V6, STM32H7S3V8H6, STM32H7S3V8T6, STM32H7S3V8Y6TR, STM32H7S3Z8J6, STM32H7S3Z8T6, STM32H7S78-DK, STM32H7S7A8I6, STM32H7S7I8K6, STM32H7S7I8T6, STM32H7S7L8H6, STM32H7S7L8H6H, STM32H7S7Z8J6, STM32L4R5QGI6STR, STM32MP131AAE3, STM32MP131AAF3, STM32MP131AAG3, STM32MP131CAE3, STM32MP131CAF3, STM32MP131CAG3, STM32MP131DAE7, STM32MP131DAF7, STM32MP131DAG7, STM32MP131FAE7, STM32MP131FAF7, STM32MP131FAG7, STM32MP133AAE3, STM32MP133AAF3, STM32MP133AAG3, STM32MP133CAE3, STM32MP133CAF3, STM32MP133CAG3, STM32MP133DAE7, STM32MP133DAF7, STM32MP133DAG7, STM32MP133FAE7, STM32MP133FAF7, STM32MP133FAG7, STM32MP135AAE3, STM32MP135AAF3, STM32MP135AAG3, STM32MP135CAE3, STM32MP135CAF3, STM32MP135CAG3, STM32MP135DAE7, STM32MP135DAF7, STM32MP135DAG7, STM32MP135F-DK, STM32MP135FAE7, STM32MP135FAF7, STM32MP135FAF7T, STM32MP135FAF7U, STM32MP135FAG7, STM32MP211AAL3, STM32MP211AAM3, STM32MP211AAN3, STM32MP211AAO3, STM32MP211CAL3, STM32MP211CAM3, STM32MP211CAN3, STM32MP211CAO3, STM32MP211DAL3, STM32MP211DAM3, STM32MP211DAN3, STM32MP211DAO3, STM32MP211FAL3, STM32MP211FAM3, STM32MP211FAN3, STM32MP211FAO3, STM32MP213AAL3, STM32MP213AAM3, STM32MP213AAN3, STM32MP213AAO3, STM32MP213CAL3, STM32MP213CAM3, STM32MP213CAN3, STM32MP213CAO3, STM32MP213DAL3, STM32MP213DAM3, STM32MP213DAN3, STM32MP213DAO3, STM32MP213FAL3, STM32MP213FAM3, STM32MP213FAN3, STM32MP213FAO3, STM32MP215AAL3, STM32MP215AAM3, STM32MP215AAN3, STM32MP215AAO3, STM32MP215CAL3, STM32MP215CAM3, STM32MP215CAN3, STM32MP215CAO3, STM32MP215DAL3, STM32MP215DAM3, STM32MP215DAN3, STM32MP215DAO3, STM32MP215F-DK, STM32MP215FAL3, STM32MP215FAM3, STM32MP215FAN3, STM32MP215FAO3, STM32MP231AAJ3, STM32MP231AAK3, STM32MP231AAL3, STM32MP231CAJ3, STM32MP231CAK3, STM32MP231CAL3, STM32MP231DAJ3, STM32MP231DAK3, STM32MP231DAL3, STM32MP231FAJ3, STM32MP231FAK3, STM32MP231FAL3, STM32MP233AAJ3, STM32MP233AAK3, STM32MP233AAL3, STM32MP233CAJ3, STM32MP233CAK3, STM32MP233CAL3, STM32MP233DAJ3, STM32MP233DAK3, STM32MP233DAL3, STM32MP233FAJ3, STM32MP233FAK3, STM32MP233FAL3, STM32MP235AAJ3, STM32MP235AAK3, STM32MP235AAL3, STM32MP235CAJ3, STM32MP235CAK3, STM32MP235CAL3, STM32MP235DAJ3, STM32MP235DAK3, STM32MP235DAL3, STM32MP235FAJ3, STM32MP235FAK3, STM32MP235FAL3, STM32MP251AAI3, STM32MP251AAK3, STM32MP251AAL3, STM32MP251CAI3, STM32MP251CAK3, STM32MP251CAL3, STM32MP251DAI3, STM32MP251DAK3, STM32MP251DAL3, STM32MP251FAI3, STM32MP251FAK3, STM32MP251FAL3, STM32MP253AAI3, STM32MP253AAK3, STM32MP253AAL3, STM32MP253CAI3, STM32MP253CAK3, STM32MP253CAL3, STM32MP253DAI3, STM32MP253DAK3, STM32MP253DAL3, STM32MP253FAI3, STM32MP253FAK3, STM32MP253FAL3, STM32MP255AAI3, STM32MP255AAK3, STM32MP255AAL3, STM32MP255CAI3, STM32MP255CAK3, STM32MP255CAL3, STM32MP255DAI3, STM32MP255DAK3, STM32MP255DAL3, STM32MP255FAI3, STM32MP255FAK3, STM32MP255FAL3, STM32MP257AAI3, STM32MP257AAK3, STM32MP257AAL3, STM32MP257CAI3, STM32MP257CAK3, STM32MP257CAL3, STM32MP257DAI3, STM32MP257DAK3, STM32MP257DAL3, STM32MP257F-DK, STM32MP257F-EV1, STM32MP257FAI3, STM32MP257FAK3, STM32MP257FAL3, STM32N645A0H3Q, STM32N645B0H3Q, STM32N645I0H3Q, STM32N645L0H3Q, STM32N645X0H3Q, STM32N645Z0H3Q, STM32N647A0H3Q, STM32N647B0H3Q, STM32N647I0H3Q, STM32N647L0H3Q, STM32N647X0H3Q, STM32N647Z0H3Q, STM32N655A0H3Q, STM32N655B0H3Q, STM32N655I0H3Q, STM32N655L0H3Q, STM32N655X0H3Q, STM32N655Z0H3Q, STM32N6570-DK, STM32N657A0H3Q, STM32N657B0H3Q, STM32N657I0H3Q, STM32N657L0H3Q, STM32N657X0H3Q, STM32N657Z0H3Q, STM32U031C6T6, STM32U031C6U6, STM32U031C8T6, STM32U031C8U6, STM32U031F4P6, STM32U031F6P6, STM32U031F8P6, STM32U031G6Y6TR, STM32U031G8Y6TR, STM32U031K4U6, STM32U031K6U6, STM32U031K8U6, STM32U031R6I6, STM32U031R6T6, STM32U031R8I6, STM32U031R8T6, STM32U073C8T6, STM32U073C8U6, STM32U073CBT6, STM32U073CBU6, STM32U073CCT6, STM32U073CCU6, STM32U073H8Y6TR, STM32U073HBY6TR, STM32U073HCY6TR, STM32U073K8U6, STM32U073KBU6, STM32U073KCU6, STM32U073M8I6, STM32U073M8T6, STM32U073MBI6, STM32U073MBT6, STM32U073MCI6, STM32U073MCT6, STM32U073R8I6, STM32U073R8T6, STM32U073RBI6, STM32U073RBT6, STM32U073RCI6, STM32U073RCT6, STM32U083C-DK, STM32U083CCT6, STM32U083CCU6, STM32U083HCY6TR, STM32U083KCU6, STM32U083MCI6, STM32U083MCT6, STM32U083RCI6, STM32U083RCT6, STM32U375CET6, STM32U375CET6Q, STM32U375CEU6, STM32U375CEU6Q, STM32U375CEY6QTR, STM32U375CGT6, STM32U375CGT6Q, STM32U375CGU6, STM32U375CGU6Q, STM32U375CGY6QTR, STM32U375KEU6, STM32U375KGU6, STM32U375REI6, STM32U375REI6Q, STM32U375RET6, STM32U375RET6Q, STM32U375REY6GTR, STM32U375REY6QTR, STM32U375RGI6, STM32U375RGI6Q, STM32U375RGT6, STM32U375RGT6Q, STM32U375RGY6GTR, STM32U375RGY6QTR, STM32U375VEI6, STM32U375VEI6Q, STM32U375VET6, STM32U375VET6Q, STM32U375VGI6, STM32U375VGI6Q, STM32U375VGT6, STM32U375VGT6Q, STM32U385CGT6, STM32U385CGT6Q, STM32U385CGU6, STM32U385CGU6Q, STM32U385CGY6QTR, STM32U385KGU6, STM32U385RGI6, STM32U385RGI6Q, STM32U385RGT6, STM32U385RGT6Q, STM32U385RGY6GTR, STM32U385RGY6QTR, STM32U385VGI6, STM32U385VGI6Q, STM32U385VGT6, STM32U385VGT6Q, STM32U535CBT6, STM32U535CBT6Q, STM32U535CBU6, STM32U535CBU6Q, STM32U535CCT6, STM32U535CCT6Q, STM32U535CCU6, STM32U535CCU6Q, STM32U535CET6, STM32U535CET6Q, STM32U535CEU6, STM32U535CEU6Q, STM32U535JEY6QTR, STM32U535NCY6QTR, STM32U535NEY6QTR, STM32U535RBI6, STM32U535RBI6Q, STM32U535RBT6, STM32U535RBT6Q, STM32U535RCI6, STM32U535RCI6Q, STM32U535RCT6, STM32U535RCT6Q, STM32U535REI6, STM32U535REI6Q, STM32U535RET6, STM32U535RET6Q, STM32U535VCI6, STM32U535VCI6Q, STM32U535VCT6, STM32U535VCT6Q, STM32U535VEI6, STM32U535VEI6Q, STM32U535VET6, STM32U535VET6Q, STM32U545CET6, STM32U545CET6Q, STM32U545CEU6, STM32U545CEU6Q, STM32U545JEY6QTR, STM32U545NEY6QTR, STM32U545REI6, STM32U545REI6Q, STM32U545RET6, STM32U545RET6Q, STM32U545VEI6, STM32U545VEI6Q, STM32U545VET6, STM32U545VET6Q, STM32U595AIH6, STM32U595AIH6Q, STM32U595AJH6, STM32U595AJH6Q, STM32U595QII6, STM32U595QII6Q, STM32U595QJI6, STM32U595QJI6Q, STM32U595RIT6, STM32U595RIT6Q, STM32U595RJT6, STM32U595RJT6Q, STM32U595VIT6, STM32U595VIT6Q, STM32U595VJT6, STM32U595VJT6Q, STM32U595ZIT6, STM32U595ZIT6Q, STM32U595ZIY6QTR, STM32U595ZJT6, STM32U595ZJT6Q, STM32U595ZJY6QTR, STM32U599BJY6QTR, STM32U599NIH6Q, STM32U599NJH6Q, STM32U599VIT6Q, STM32U599VJT6, STM32U599VJT6Q, STM32U599ZIT6Q, STM32U599ZIY6QTR, STM32U599ZJT6Q, STM32U599ZJY6QTR, STM32U5A5AJH6, STM32U5A5AJH6Q, STM32U5A5QII3Q , STM32U5A5QJI6, STM32U5A5QJI6Q, STM32U5A5RJT6, STM32U5A5RJT6Q, STM32U5A5VJT6, STM32U5A5VJT6Q, STM32U5A5ZJT6, STM32U5A5ZJT6Q, STM32U5A5ZJY6QTR, STM32U5A9BJY6QTR, STM32U5A9J-DK, STM32U5A9NJH6Q, STM32U5A9VJT6Q, STM32U5A9ZJT6Q, STM32U5A9ZJY6QTR, STM32U5F7VIT6, STM32U5F7VIT6Q, STM32U5F7VJT6, STM32U5F7VJT6Q, STM32U5F9BJY6QTR, STM32U5F9NJH6Q, STM32U5F9VIT6Q, STM32U5F9VJT6Q, STM32U5F9ZIJ6QTR, STM32U5F9ZIT6Q, STM32U5F9ZJJ6QTR, STM32U5F9ZJT6Q, STM32U5G7VJT6, STM32U5G7VJT6Q, STM32U5G9BJY6QTR, STM32U5G9J-DK1, STM32U5G9J-DK2, STM32U5G9NJH6Q, STM32U5G9VJT6Q, STM32U5G9ZJJ6QTR, STM32U5G9ZJT6Q, STM32WB05KZV6TR, STM32WB05KZV7TR, STM32WB05TZF6TR, STM32WB05TZF7TR, STM32WB06CCF6TR, STM32WB06CCF7TR, STM32WB06CCV6TR, STM32WB06CCV7TR, STM32WB06KCV6TR, STM32WB06KCV7TR, STM32WB07CCF6TR, STM32WB07CCF7TR, STM32WB07CCV6TR, STM32WB07CCV7TR, STM32WB07KCV6TR, STM32WB07KCV7TR, STM32WB09KEV6TR, STM32WB09KEV7TR, STM32WB09TEF6TR, STM32WB09TEF7TR, STM32WB1MMCH6, STM32WBA50KGU6, STM32WBA50KGU6TR, STM32WBA52CEU6, STM32WBA52CEU6TR, STM32WBA52CEU7, STM32WBA52CEU7TR, STM32WBA52CGU6, STM32WBA52CGU6TR, STM32WBA52CGU6U, STM32WBA52CGU7, STM32WBA52CGU7TR, STM32WBA52KEU6, STM32WBA52KEU6TR, STM32WBA52KGU6, STM32WBA52KGU6TR, STM32WBA54CEU6, STM32WBA54CEU6TR, STM32WBA54CEU7, STM32WBA54CEU7TR, STM32WBA54CGU6, STM32WBA54CGU6TR, STM32WBA54CGU7, STM32WBA54CGU7TR, STM32WBA54KEU6, STM32WBA54KEU6TR, STM32WBA54KEU7, STM32WBA54KEU7TR, STM32WBA54KGU6, STM32WBA54KGU6TR, STM32WBA54KGU7, STM32WBA54KGU7TR, STM32WBA55CEU6, STM32WBA55CEU6TR, STM32WBA55CEU7, STM32WBA55CEU7TR, STM32WBA55CGU6, STM32WBA55CGU6TR, STM32WBA55CGU6U, STM32WBA55CGU7, STM32WBA55CGU7TR, STM32WBA55G-DK1, STM32WBA55HEF6, STM32WBA55HEF7, STM32WBA55HGF6, STM32WBA55HGF7, STM32WBA55UEI6, STM32WBA55UEI6TR, STM32WBA55UEI7, STM32WBA55UEI7TR, STM32WBA55UGI6, STM32WBA55UGI6TR, STM32WBA55UGI7, STM32WBA55UGI7TR, STM32WBA5MMGH6TR, STM32WBA62MGF6, STM32WBA62MIF6, STM32WBA65MGF7, STM32WBA65MIF6, STM32WBA65MIF7, STM32WL30K8V6, STM32WL30KBV6, STM32WL31C8V6, STM32WL31CBV6, STM32WL31K8V6, STM32WL31KBV6, STM32WL33C8V6, STM32WL33C8V6X, STM32WL33CBV6, STM32WL33CBV6X, STM32WL33CCV6, STM32WL33CCV6A, STM32WL33CCV6X, STM32WL33K8V7, STM32WL33K8V7X, STM32WL33KBV7 , STM32WL33KBV7X, STM32WL33KCV7, STM32WL33KCV7X, STM32WL5MOCH6, STM32WL5MOCH6TR]
2026-09-28 21:53:15,875 [INFO] DbMcus:218 - Found 5314 MCUs, 5126 are supported
2026-09-28 21:53:15,887 [INFO] ApiDb:423 - Load user favorites file C:\Users\HP/.stm32cubeide/favorites.mcus.txt: 0 item(s)
2026-09-28 21:53:15,887 [INFO] ApiDb:427 - User favorites MCUs=[]
2026-09-28 21:53:15,887 [INFO] DbMcus:224 - Set 0 / 0 favorites MCUs
2026-09-28 21:53:16,274 [ERROR] LogOutputStream:75 - [STDERR_REDIRECT] [Fatal Error] :1:1: Premature end of file.
2026-09-28 21:53:16,274 [ERROR] LogOutputStream:75 - [STDERR_REDIRECT] 
2026-09-28 21:53:16,408 [INFO] ApiDb:668 - CubeFinder database Data Model version=2.1
2026-09-28 21:53:16,412 [INFO] ApiDb:669 - CubeFinder database Configuration version=3.0.42
2026-09-28 21:53:16,412 [INFO] ApiDb:670 - CubeFinder database generation date=2026-08-04 (1785840812)
2026-09-28 21:53:16,412 [INFO] ApiDb:671 - CubeFinder database FW Pack versions=[FP-ATR-ASTRA1_V2.0.0, FP-SNS-FLIGHT1_V5.1.0, FP-SNS-MOTENV1_V5.1.0, FP-SNS-MOTENVWB1_V1.5.0, FP-SNS-SMARTAG2_V1.2.0, FP-SNS-STBOX1_V2.1.0, STM32Cube_FW_C0_V1.4.1, STM32Cube_FW_F4_V1.28.3, STM32Cube_FW_F7_V1.17.4, STM32Cube_FW_G0_V1.6.3, STM32Cube_FW_G4_V1.6.2, STM32Cube_FW_H5_V1.7.0, STM32Cube_FW_H7RS_V1.3.0, STM32Cube_FW_H7_V1.13.0, STM32Cube_FW_L0_V1.12.2, STM32Cube_FW_L4_V1.18.2, STM32Cube_FW_L5_V1.6.0, STM32Cube_FW_N6_V1.4.0, STM32Cube_FW_U0_V1.3.0, STM32Cube_FW_U3_V1.4.0, STM32Cube_FW_U5_V1.9.0, STM32Cube_FW_WB0_V1.5.0, STM32Cube_FW_WBA_V1.10.0, STM32Cube_FW_WB_V1.24.0, STM32Cube_FW_WL3_V1.5.0, STM32Cube_FW_WL_V1.6.0, X-CUBE-ALGOBUILD_V1.5.0, X-CUBE-ALS_V1.0.2, X-CUBE-AZRTOS-F4_V1.1.0, X-CUBE-AZRTOS-F7_V1.1.0, X-CUBE-AZRTOS-G0_V1.1.0, X-CUBE-AZRTOS-G4_V2.0.0, X-CUBE-AZRTOS-H7RS_V1.3.0, X-CUBE-AZRTOS-H7_V3.5.0, X-CUBE-AZRTOS-L4_V2.0.0, X-CUBE-AZRTOS-L5_V2.0.0, X-CUBE-AZRTOS-WB_V2.0.0, X-CUBE-AZRTOS-WL_V2.0.0, X-CUBE-BLE1_V7.1.0, X-CUBE-BLE2_V3.3.0, X-CUBE-BLEMGR_V4.2.0, X-CUBE-EEPRMA1_V5.2.0, X-CUBE-FREERTOS_V1.6.0, X-CUBE-GNSS1_V7.1.1, X-CUBE-MEMS1_V13.0.0, X-CUBE-NFC4_V3.0.0, X-CUBE-NFC7_V2.0.0, X-CUBE-SFXS2LP1_V4.0.0, X-CUBE-ST67W61_V1.3.0, X-CUBE-SUBG2_V5.0.0, X-CUBE-TOF1_V3.4.3]
2026-09-28 21:53:16,490 [INFO] DbBoardsSqlite:226 - include board P-NUCLEO-WB55-NUCLEO as a kit item of type 'Nucleo-64'
2026-09-28 21:53:16,490 [INFO] DbBoardsSqlite:226 - include board P-NUCLEO-WB55-USBDONGLE as a kit item of type 'Nucleo USB Dongle'
2026-09-28 21:53:16,490 [INFO] DbBoardsSqlite:226 - include board STEVAL-IDP005V1 as a kit item of type 'Evaluation Board'
2026-09-28 21:53:16,490 [INFO] DbBoardsSqlite:226 - include board STEVAL-IDP005V2 as a kit item of type 'Evaluation Board'
2026-09-28 21:53:16,613 [INFO] ApiDb:240 - Found 880 in-development CPN: [B-G473E-ZEST1S, B-WB1M-WPAN1, B-WBA5M-WPAN, B-WL5M-SUBG1, NUCLEO-C031C6, NUCLEO-C051C8, NUCLEO-C071RB, NUCLEO-C092RC, NUCLEO-H503RB, NUCLEO-H533RE, NUCLEO-H563ZI, NUCLEO-H7S3L8, NUCLEO-N657X0-Q, NUCLEO-U031R8, NUCLEO-U083RC, NUCLEO-U385RG-Q, NUCLEO-U545RE-Q, NUCLEO-U5A5ZJ-Q, NUCLEO-WB05KZ, NUCLEO-WB07CC, NUCLEO-WB09KE, NUCLEO-WBA52CG, NUCLEO-WBA55CG, NUCLEO-WL33CC1, NUCLEO-WL33CC2, STEVAL-PROTEUS1, STEVAL-SMARTAG2, STEVAL-STWINBX1, STM320518-EVAL, STM32C0116-DK, STM32C011D6Y3TR, STM32C011D6Y6TR, STM32C011F4P3, STM32C011F4P6, STM32C011F4U3, STM32C011F4U6TR, STM32C011F6P3, STM32C011F6P6, STM32C011F6U3, STM32C011F6U6TR, STM32C011J4M3, STM32C011J4M6, STM32C011J6M3, STM32C011J6M6, STM32C0316-DK, STM32C031C4T3, STM32C031C4T6, STM32C031C4U3, STM32C031C4U6, STM32C031C6T3, STM32C031C6T6, STM32C031C6U3, STM32C031C6U6, STM32C031F4P3, STM32C031F4P6, STM32C031F6P3, STM32C031F6P6, STM32C031G4U3, STM32C031G4U6, STM32C031G6U3, STM32C031G6U6, STM32C031K4T3, STM32C031K4T6, STM32C031K4U3, STM32C031K4U6, STM32C031K6T3, STM32C031K6T6, STM32C031K6U3, STM32C031K6U6, STM32C051C6T6, STM32C051C6U6, STM32C051C8T6, STM32C051C8U6, STM32C051D8Y6TR, STM32C051F6P6, STM32C051F8P6, STM32C051G6U6, STM32C051G8U6, STM32C051K6T6, STM32C051K6U6, STM32C051K8T6, STM32C071C8T6, STM32C071C8T6N, STM32C071C8U6, STM32C071C8U6N, STM32C071CBT6, STM32C071CBT6N, STM32C071CBU6, STM32C071CBU6N, STM32C071F8P6, STM32C071F8P6N, STM32C071FBP6, STM32C071FBP6N, STM32C071FBY6TR, STM32C071G8U6, STM32C071G8U6N, STM32C071GBU6, STM32C071GBU6N, STM32C071K8T6, STM32C071K8T6N, STM32C071K8U6, STM32C071K8U6N, STM32C071KBT6, STM32C071KBT6N, STM32C071KBU6, STM32C071KBU6N, STM32C071R8T6, STM32C071R8T6N, STM32C071RBI6N, STM32C071RBT6, STM32C071RBT6N, STM32C091CBT6, STM32C091CBU6, STM32C091CCT6, STM32C091CCU6, STM32C091ECY6TR, STM32C091FBP6, STM32C091FCP6, STM32C091GBU6, STM32C091GCU6, STM32C091KBT6, STM32C091KBU6, STM32C091KCT6, STM32C091KCU6, STM32C091RBT6, STM32C091RCI6, STM32C091RCT6, STM32C092CBT6, STM32C092CBU6, STM32C092CCT6, STM32C092CCU6, STM32C092ECY6TR, STM32C092FBP6, STM32C092FCP6, STM32C092GBU6, STM32C092GCU6, STM32C092KBT6, STM32C092KBU6, STM32C092KCT6, STM32C092KCU6, STM32C092RBT6, STM32C092RCI6, STM32C092RCT6, STM32G071K8TXN, STM32G071K8UXN, STM32G081GBU6N, STM32G081KBT6N, STM32G081KBUXN, STM32G0B1CCT6N, STM32G0B1KCT6, STM32G0B1NEY6TR, STM32G0B1RCT6N, STM32G0C1CCT6, STM32G0C1CCT6N, STM32G0C1CCU6N, STM32G0C1CET6N, STM32G0C1CEU6N, STM32G0C1KCT6, STM32G0C1NEY6TR, STM32G0C1RCI6N, STM32G0C1RCT6N, STM32G0C1REI6N, STM32G0C1RET6N, STM32G0C1VCI6, STM32G0C1VEI6, STM32G411C6T3, STM32G411C6T6, STM32G411C6U3, STM32G411C6U6, STM32G411C8T3, STM32G411C8T6, STM32G411C8U3, STM32G411C8U6, STM32G411CBT3, STM32G411CBT6, STM32G411CBU3, STM32G411CBU6, STM32G411K6T3, STM32G411K6T6, STM32G411K6U3, STM32G411K6U6, STM32G411K8T3, STM32G411K8T6, STM32G411K8U3, STM32G411K8U6, STM32G411KBT3, STM32G411KBT6, STM32G411KBU3, STM32G411KBU6, STM32G411M6T3, STM32G411M6T6, STM32G411M8T3, STM32G411M8T6, STM32G411MBT3, STM32G411MBT6, STM32G411R6T3, STM32G411R6T6, STM32G411R8T3, STM32G411R8T6, STM32G411RBT3, STM32G411RBT6, STM32G414CBT3, STM32G414CBT6, STM32G414CBU3, STM32G414CBU6, STM32G414CCT3, STM32G414CCT6, STM32G414CCU3, STM32G414CCU6, STM32G414MBT3, STM32G414MBT6, STM32G414MCT3, STM32G414MCT6, STM32G414RBT3, STM32G414RBT6, STM32G414RCT3, STM32G414RCT6, STM32G414VBT3, STM32G414VBT6, STM32G414VCT3, STM32G414VCT6, STM32G431CBT3Z, STM32G431RBT3Z, STM32G471CCT6, STM32G471CCU6, STM32G471CET3, STM32G471CET6, STM32G471CEU3, STM32G471CEU6, STM32G471MCT6, STM32G471MET3, STM32G471MET6, STM32G471MEY6TR, STM32G471QCT6, STM32G471QET3, STM32G471RCT6, STM32G471RET3, STM32G471RET6, STM32G471VCH6, STM32G471VCI6, STM32G471VCT6, STM32G471VEH3, STM32G471VEH6, STM32G471VEI3, STM32G471VEI6, STM32G471VET3, STM32G471VET6, STM32G473QET3Z, STM32G473RET3Z, STM32G474CCT6, STM32G491RET3Z, STM32H503CBT6, STM32H503CBU6, STM32H503EBY6TR, STM32H503KBU6, STM32H503RBT6, STM32H523CCT6, STM32H523CCU6, STM32H523CET6, STM32H523CEU6, STM32H523HEY6TR, STM32H523RCT6, STM32H523RET6, STM32H523VCI6, STM32H523VCT6, STM32H523VEI6, STM32H523VET6, STM32H523ZCJ6, STM32H523ZCT6, STM32H523ZEJ6, STM32H523ZET6, STM32H533CET6, STM32H533CEU6, STM32H533HEY6TR, STM32H533RET6, STM32H533VEI6, STM32H533VET6, STM32H533ZEJ6, STM32H533ZET6, STM32H562AGI6, STM32H562AII6, STM32H562IGK6, STM32H562IGT6, STM32H562IIK6, STM32H562IIT6, STM32H562RGT6, STM32H562RGV6, STM32H562RIT6, STM32H562RIV6, STM32H562VGT6, STM32H562VIT6, STM32H562ZGT6, STM32H562ZIT6, STM32H563AGI6, STM32H563AII3Q, STM32H563AII6, STM32H563IGK6, STM32H563IGT6, STM32H563IIK3Q, STM32H563IIK6, STM32H563IIT3Q, STM32H563IIT6, STM32H563MIY3QTR, STM32H563RGT6, STM32H563RGV6, STM32H563RIT6, STM32H563RIV6, STM32H563VGT6, STM32H563VIT3Q, STM32H563VIT6, STM32H563ZGT6, STM32H563ZIT3Q, STM32H563ZIT6, STM32H573AII3Q, STM32H573AII6, STM32H573I-DK, STM32H573IIK3Q, STM32H573IIK6, STM32H573IIT3Q, STM32H573IIT6, STM32H573MIY3QTR, STM32H573RIT6, STM32H573RIV6, STM32H573VIT3Q, STM32H573VIT6, STM32H573ZIT3Q, STM32H573ZIT6, STM32H7R3A8I6, STM32H7R3I8K6, STM32H7R3I8T6, STM32H7R3L8H6, STM32H7R3L8H6H, STM32H7R3R8V6, STM32H7R3V8H6, STM32H7R3V8T6, STM32H7R3V8Y6TR, STM32H7R3Z8J6, STM32H7R3Z8T6, STM32H7R7A8I6, STM32H7R7I8K6, STM32H7R7I8T6, STM32H7R7L8H6, STM32H7R7L8H6H, STM32H7R7Z8J6, STM32H7S3A8I6, STM32H7S3I8K6, STM32H7S3I8T6, STM32H7S3L8H6, STM32H7S3L8H6H, STM32H7S3R8V6, STM32H7S3V8H6, STM32H7S3V8T6, STM32H7S3V8Y6TR, STM32H7S3Z8J6, STM32H7S3Z8T6, STM32H7S78-DK, STM32H7S7A8I6, STM32H7S7I8K6, STM32H7S7I8T6, STM32H7S7L8H6, STM32H7S7L8H6H, STM32H7S7Z8J6, STM32L4R5QGI6STR, STM32MP131AAE3, STM32MP131AAF3, STM32MP131AAG3, STM32MP131CAE3, STM32MP131CAF3, STM32MP131CAG3, STM32MP131DAE7, STM32MP131DAF7, STM32MP131DAG7, STM32MP131FAE7, STM32MP131FAF7, STM32MP131FAG7, STM32MP133AAE3, STM32MP133AAF3, STM32MP133AAG3, STM32MP133CAE3, STM32MP133CAF3, STM32MP133CAG3, STM32MP133DAE7, STM32MP133DAF7, STM32MP133DAG7, STM32MP133FAE7, STM32MP133FAF7, STM32MP133FAG7, STM32MP135AAE3, STM32MP135AAF3, STM32MP135AAG3, STM32MP135CAE3, STM32MP135CAF3, STM32MP135CAG3, STM32MP135DAE7, STM32MP135DAF7, STM32MP135DAG7, STM32MP135F-DK, STM32MP135FAE7, STM32MP135FAF7, STM32MP135FAF7T, STM32MP135FAF7U, STM32MP135FAG7, STM32MP211AAL3, STM32MP211AAM3, STM32MP211AAN3, STM32MP211AAO3, STM32MP211CAL3, STM32MP211CAM3, STM32MP211CAN3, STM32MP211CAO3, STM32MP211DAL3, STM32MP211DAM3, STM32MP211DAN3, STM32MP211DAO3, STM32MP211FAL3, STM32MP211FAM3, STM32MP211FAN3, STM32MP211FAO3, STM32MP213AAL3, STM32MP213AAM3, STM32MP213AAN3, STM32MP213AAO3, STM32MP213CAL3, STM32MP213CAM3, STM32MP213CAN3, STM32MP213CAO3, STM32MP213DAL3, STM32MP213DAM3, STM32MP213DAN3, STM32MP213DAO3, STM32MP213FAL3, STM32MP213FAM3, STM32MP213FAN3, STM32MP213FAO3, STM32MP215AAL3, STM32MP215AAM3, STM32MP215AAN3, STM32MP215AAO3, STM32MP215CAL3, STM32MP215CAM3, STM32MP215CAN3, STM32MP215CAO3, STM32MP215DAL3, STM32MP215DAM3, STM32MP215DAN3, STM32MP215DAO3, STM32MP215F-DK, STM32MP215FAL3, STM32MP215FAM3, STM32MP215FAN3, STM32MP215FAO3, STM32MP231AAJ3, STM32MP231AAK3, STM32MP231AAL3, STM32MP231CAJ3, STM32MP231CAK3, STM32MP231CAL3, STM32MP231DAJ3, STM32MP231DAK3, STM32MP231DAL3, STM32MP231FAJ3, STM32MP231FAK3, STM32MP231FAL3, STM32MP233AAJ3, STM32MP233AAK3, STM32MP233AAL3, STM32MP233CAJ3, STM32MP233CAK3, STM32MP233CAL3, STM32MP233DAJ3, STM32MP233DAK3, STM32MP233DAL3, STM32MP233FAJ3, STM32MP233FAK3, STM32MP233FAL3, STM32MP235AAJ3, STM32MP235AAK3, STM32MP235AAL3, STM32MP235CAJ3, STM32MP235CAK3, STM32MP235CAL3, STM32MP235DAJ3, STM32MP235DAK3, STM32MP235DAL3, STM32MP235FAJ3, STM32MP235FAK3, STM32MP235FAL3, STM32MP251AAI3, STM32MP251AAK3, STM32MP251AAL3, STM32MP251CAI3, STM32MP251CAK3, STM32MP251CAL3, STM32MP251DAI3, STM32MP251DAK3, STM32MP251DAL3, STM32MP251FAI3, STM32MP251FAK3, STM32MP251FAL3, STM32MP253AAI3, STM32MP253AAK3, STM32MP253AAL3, STM32MP253CAI3, STM32MP253CAK3, STM32MP253CAL3, STM32MP253DAI3, STM32MP253DAK3, STM32MP253DAL3, STM32MP253FAI3, STM32MP253FAK3, STM32MP253FAL3, STM32MP255AAI3, STM32MP255AAK3, STM32MP255AAL3, STM32MP255CAI3, STM32MP255CAK3, STM32MP255CAL3, STM32MP255DAI3, STM32MP255DAK3, STM32MP255DAL3, STM32MP255FAI3, STM32MP255FAK3, STM32MP255FAL3, STM32MP257AAI3, STM32MP257AAK3, STM32MP257AAL3, STM32MP257CAI3, STM32MP257CAK3, STM32MP257CAL3, STM32MP257DAI3, STM32MP257DAK3, STM32MP257DAL3, STM32MP257F-DK, STM32MP257F-EV1, STM32MP257FAI3, STM32MP257FAK3, STM32MP257FAL3, STM32N645A0H3Q, STM32N645B0H3Q, STM32N645I0H3Q, STM32N645L0H3Q, STM32N645X0H3Q, STM32N645Z0H3Q, STM32N647A0H3Q, STM32N647B0H3Q, STM32N647I0H3Q, STM32N647L0H3Q, STM32N647X0H3Q, STM32N647Z0H3Q, STM32N655A0H3Q, STM32N655B0H3Q, STM32N655I0H3Q, STM32N655L0H3Q, STM32N655X0H3Q, STM32N655Z0H3Q, STM32N6570-DK, STM32N657A0H3Q, STM32N657B0H3Q, STM32N657I0H3Q, STM32N657L0H3Q, STM32N657X0H3Q, STM32N657Z0H3Q, STM32U031C6T6, STM32U031C6U6, STM32U031C8T6, STM32U031C8U6, STM32U031F4P6, STM32U031F6P6, STM32U031F8P6, STM32U031G6Y6TR, STM32U031G8Y6TR, STM32U031K4U6, STM32U031K6U6, STM32U031K8U6, STM32U031R6I6, STM32U031R6T6, STM32U031R8I6, STM32U031R8T6, STM32U073C8T6, STM32U073C8U6, STM32U073CBT6, STM32U073CBU6, STM32U073CCT6, STM32U073CCU6, STM32U073H8Y6TR, STM32U073HBY6TR, STM32U073HCY6TR, STM32U073K8U6, STM32U073KBU6, STM32U073KCU6, STM32U073M8I6, STM32U073M8T6, STM32U073MBI6, STM32U073MBT6, STM32U073MCI6, STM32U073MCT6, STM32U073R8I6, STM32U073R8T6, STM32U073RBI6, STM32U073RBT6, STM32U073RCI6, STM32U073RCT6, STM32U083C-DK, STM32U083CCT6, STM32U083CCU6, STM32U083HCY6TR, STM32U083KCU6, STM32U083MCI6, STM32U083MCT6, STM32U083RCI6, STM32U083RCT6, STM32U375CET6, STM32U375CET6Q, STM32U375CEU6, STM32U375CEU6Q, STM32U375CEY6QTR, STM32U375CGT6, STM32U375CGT6Q, STM32U375CGU6, STM32U375CGU6Q, STM32U375CGY6QTR, STM32U375KEU6, STM32U375KGU6, STM32U375REI6, STM32U375REI6Q, STM32U375RET6, STM32U375RET6Q, STM32U375REY6GTR, STM32U375REY6QTR, STM32U375RGI6, STM32U375RGI6Q, STM32U375RGT6, STM32U375RGT6Q, STM32U375RGY6GTR, STM32U375RGY6QTR, STM32U375VEI6, STM32U375VEI6Q, STM32U375VET6, STM32U375VET6Q, STM32U375VGI6, STM32U375VGI6Q, STM32U375VGT6, STM32U375VGT6Q, STM32U385CGT6, STM32U385CGT6Q, STM32U385CGU6, STM32U385CGU6Q, STM32U385CGY6QTR, STM32U385KGU6, STM32U385RGI6, STM32U385RGI6Q, STM32U385RGT6, STM32U385RGT6Q, STM32U385RGY6GTR, STM32U385RGY6QTR, STM32U385VGI6, STM32U385VGI6Q, STM32U385VGT6, STM32U385VGT6Q, STM32U535CBT6, STM32U535CBT6Q, STM32U535CBU6, STM32U535CBU6Q, STM32U535CCT6, STM32U535CCT6Q, STM32U535CCU6, STM32U535CCU6Q, STM32U535CET6, STM32U535CET6Q, STM32U535CEU6, STM32U535CEU6Q, STM32U535JEY6QTR, STM32U535NCY6QTR, STM32U535NEY6QTR, STM32U535RBI6, STM32U535RBI6Q, STM32U535RBT6, STM32U535RBT6Q, STM32U535RCI6, STM32U535RCI6Q, STM32U535RCT6, STM32U535RCT6Q, STM32U535REI6, STM32U535REI6Q, STM32U535RET6, STM32U535RET6Q, STM32U535VCI6, STM32U535VCI6Q, STM32U535VCT6, STM32U535VCT6Q, STM32U535VEI6, STM32U535VEI6Q, STM32U535VET6, STM32U535VET6Q, STM32U545CET6, STM32U545CET6Q, STM32U545CEU6, STM32U545CEU6Q, STM32U545JEY6QTR, STM32U545NEY6QTR, STM32U545REI6, STM32U545REI6Q, STM32U545RET6, STM32U545RET6Q, STM32U545VEI6, STM32U545VEI6Q, STM32U545VET6, STM32U545VET6Q, STM32U595AIH6, STM32U595AIH6Q, STM32U595AJH6, STM32U595AJH6Q, STM32U595QII6, STM32U595QII6Q, STM32U595QJI6, STM32U595QJI6Q, STM32U595RIT6, STM32U595RIT6Q, STM32U595RJT6, STM32U595RJT6Q, STM32U595VIT6, STM32U595VIT6Q, STM32U595VJT6, STM32U595VJT6Q, STM32U595ZIT6, STM32U595ZIT6Q, STM32U595ZIY6QTR, STM32U595ZJT6, STM32U595ZJT6Q, STM32U595ZJY6QTR, STM32U599BJY6QTR, STM32U599NIH6Q, STM32U599NJH6Q, STM32U599VIT6Q, STM32U599VJT6, STM32U599VJT6Q, STM32U599ZIT6Q, STM32U599ZIY6QTR, STM32U599ZJT6Q, STM32U599ZJY6QTR, STM32U5A5AJH6, STM32U5A5AJH6Q, STM32U5A5QII3Q , STM32U5A5QJI6, STM32U5A5QJI6Q, STM32U5A5RJT6, STM32U5A5RJT6Q, STM32U5A5VJT6, STM32U5A5VJT6Q, STM32U5A5ZJT6, STM32U5A5ZJT6Q, STM32U5A5ZJY6QTR, STM32U5A9BJY6QTR, STM32U5A9J-DK, STM32U5A9NJH6Q, STM32U5A9VJT6Q, STM32U5A9ZJT6Q, STM32U5A9ZJY6QTR, STM32U5F7VIT6, STM32U5F7VIT6Q, STM32U5F7VJT6, STM32U5F7VJT6Q, STM32U5F9BJY6QTR, STM32U5F9NJH6Q, STM32U5F9VIT6Q, STM32U5F9VJT6Q, STM32U5F9ZIJ6QTR, STM32U5F9ZIT6Q, STM32U5F9ZJJ6QTR, STM32U5F9ZJT6Q, STM32U5G7VJT6, STM32U5G7VJT6Q, STM32U5G9BJY6QTR, STM32U5G9J-DK1, STM32U5G9J-DK2, STM32U5G9NJH6Q, STM32U5G9VJT6Q, STM32U5G9ZJJ6QTR, STM32U5G9ZJT6Q, STM32WB05KZV6TR, STM32WB05KZV7TR, STM32WB05TZF6TR, STM32WB05TZF7TR, STM32WB06CCF6TR, STM32WB06CCF7TR, STM32WB06CCV6TR, STM32WB06CCV7TR, STM32WB06KCV6TR, STM32WB06KCV7TR, STM32WB07CCF6TR, STM32WB07CCF7TR, STM32WB07CCV6TR, STM32WB07CCV7TR, STM32WB07KCV6TR, STM32WB07KCV7TR, STM32WB09KEV6TR, STM32WB09KEV7TR, STM32WB09TEF6TR, STM32WB09TEF7TR, STM32WB1MMCH6, STM32WBA50KGU6, STM32WBA50KGU6TR, STM32WBA52CEU6, STM32WBA52CEU6TR, STM32WBA52CEU7, STM32WBA52CEU7TR, STM32WBA52CGU6, STM32WBA52CGU6TR, STM32WBA52CGU6U, STM32WBA52CGU7, STM32WBA52CGU7TR, STM32WBA52KEU6, STM32WBA52KEU6TR, STM32WBA52KGU6, STM32WBA52KGU6TR, STM32WBA54CEU6, STM32WBA54CEU6TR, STM32WBA54CEU7, STM32WBA54CEU7TR, STM32WBA54CGU6, STM32WBA54CGU6TR, STM32WBA54CGU7, STM32WBA54CGU7TR, STM32WBA54KEU6, STM32WBA54KEU6TR, STM32WBA54KEU7, STM32WBA54KEU7TR, STM32WBA54KGU6, STM32WBA54KGU6TR, STM32WBA54KGU7, STM32WBA54KGU7TR, STM32WBA55CEU6, STM32WBA55CEU6TR, STM32WBA55CEU7, STM32WBA55CEU7TR, STM32WBA55CGU6, STM32WBA55CGU6TR, STM32WBA55CGU6U, STM32WBA55CGU7, STM32WBA55CGU7TR, STM32WBA55G-DK1, STM32WBA55HEF6, STM32WBA55HEF7, STM32WBA55HGF6, STM32WBA55HGF7, STM32WBA55UEI6, STM32WBA55UEI6TR, STM32WBA55UEI7, STM32WBA55UEI7TR, STM32WBA55UGI6, STM32WBA55UGI6TR, STM32WBA55UGI7, STM32WBA55UGI7TR, STM32WBA5MMGH6TR, STM32WBA62MGF6, STM32WBA62MIF6, STM32WBA65MGF7, STM32WBA65MIF6, STM32WBA65MIF7, STM32WL30K8V6, STM32WL30KBV6, STM32WL31C8V6, STM32WL31CBV6, STM32WL31K8V6, STM32WL31KBV6, STM32WL33C8V6, STM32WL33C8V6X, STM32WL33CBV6, STM32WL33CBV6X, STM32WL33CCV6, STM32WL33CCV6A, STM32WL33CCV6X, STM32WL33K8V7, STM32WL33K8V7X, STM32WL33KBV7 , STM32WL33KBV7X, STM32WL33KCV7, STM32WL33KCV7X, STM32WL5MOCH6, STM32WL5MOCH6TR]
2026-09-28 21:53:16,835 [INFO] BoardInfo:889 - No configuration file found for board NUCLEO-H553ZG
2026-09-28 21:53:16,836 [INFO] DbBoards:161 - Board is not supported: NUCLEO-H553ZG
2026-09-28 21:53:16,840 [INFO] BoardInfo:889 - No configuration file found for board NUCLEO-H5E5ZJ
2026-09-28 21:53:16,842 [INFO] DbBoards:161 - Board is not supported: NUCLEO-H5E5ZJ
2026-09-28 21:53:16,930 [INFO] BoardInfo:889 - No configuration file found for board NUCLEO-U3C5ZI-Q
2026-09-28 21:53:16,932 [INFO] DbBoards:161 - Board is not supported: NUCLEO-U3C5ZI-Q
2026-09-28 21:53:16,953 [INFO] BoardInfo:889 - No configuration file found for board NUCLEO-WBA25CE1
2026-09-28 21:53:16,956 [INFO] DbBoards:161 - Board is not supported: NUCLEO-WBA25CE1
2026-09-28 21:53:16,971 [INFO] BoardInfo:889 - No configuration file found for board NUCLEO-WL3RKB1
2026-09-28 21:53:16,973 [INFO] DbBoards:161 - Board is not supported: NUCLEO-WL3RKB1
2026-09-28 21:53:16,975 [INFO] BoardInfo:889 - No configuration file found for board NUCLEO-WL3RKB2
2026-09-28 21:53:16,977 [INFO] DbBoards:161 - Board is not supported: NUCLEO-WL3RKB2
2026-09-28 21:53:16,988 [INFO] BoardInfo:889 - No configuration file found for board P-NUCLEO-WB55
2026-09-28 21:53:16,990 [INFO] DbBoards:161 - Kit is not supported: P-NUCLEO-WB55
2026-09-28 21:53:16,999 [INFO] BoardInfo:889 - No configuration file found for board STEVAL-BFA001V1B
2026-09-28 21:53:17,002 [INFO] DbBoards:161 - Kit is not supported: STEVAL-BFA001V1B
2026-09-28 21:53:17,003 [INFO] BoardInfo:889 - No configuration file found for board STEVAL-BFA001V2B
2026-09-28 21:53:17,004 [INFO] DbBoards:161 - Kit is not supported: STEVAL-BFA001V2B
2026-09-28 21:53:17,184 [INFO] BoardInfo:889 - No configuration file found for board STM32H5F5J-DK
2026-09-28 21:53:17,184 [INFO] DbBoards:161 - Board is not supported: STM32H5F5J-DK
2026-09-28 21:53:17,256 [ERROR] LogOutputStream:75 - [STDERR_REDIRECT] [Fatal Error] :1:1: Premature end of file.
2026-09-28 21:53:17,256 [ERROR] LogOutputStream:75 - [STDERR_REDIRECT] 
2026-09-28 21:53:17,307 [INFO] DbBoards:168 - Found 219 boards, 209 are supported
2026-09-28 21:53:17,307 [INFO] DbBoards:169 - Found 219 boards, 43 of them is supported for  Bsp
2026-09-28 21:53:17,320 [INFO] ApiDb:423 - Load user favorites file C:\Users\HP/.stm32cubeide/favorites.boards.txt: 0 item(s)
2026-09-28 21:53:17,320 [INFO] ApiDb:427 - User favorites Boards=[]
2026-09-28 21:53:17,320 [INFO] DbBoards:198 - Set 0 / 0 favorites Boards
2026-09-28 21:53:17,320 [INFO] McuFinderGlobals:76 - Set McuFinderConnectedMode to true
2026-09-28 21:53:17,327 [INFO] MultiScanPanel:200 - Auto-refresh data requested => check proxy status ongoing
2026-09-28 21:53:17,329 [INFO] FinderPluginLoader:96 - Searching for filters in installed packs
2026-09-28 21:53:18,245 [ERROR] LogOutputStream:75 - [STDERR_REDIRECT] [Fatal Error] :1:1: Premature end of file.
2026-09-28 21:53:18,245 [ERROR] LogOutputStream:75 - [STDERR_REDIRECT] 
2026-09-28 21:53:19,161 [INFO] LoadUrlFilesThread:185 - End of LoadServerUrlFiles without Thread
2026-09-28 21:53:19,208 [INFO] DetailPanel:341 - Set advertising image to C:/Users/HP/STM32Cube/Repository/\en.banner-sidekick.jpg
2026-09-28 21:53:19,272 [ERROR] LogOutputStream:75 - [STDERR_REDIRECT] [Fatal Error] :1:1: Premature end of file.
2026-09-28 21:53:19,273 [ERROR] LogOutputStream:75 - [STDERR_REDIRECT] 
2026-09-28 21:53:20,262 [ERROR] LogOutputStream:75 - [STDERR_REDIRECT] [Fatal Error] :1:1: Premature end of file.
2026-09-28 21:53:20,262 [ERROR] LogOutputStream:75 - [STDERR_REDIRECT] 
2026-09-28 21:53:21,253 [ERROR] LogOutputStream:75 - [STDERR_REDIRECT] [Fatal Error] :1:1: Premature end of file.
2026-09-28 21:53:21,253 [ERROR] LogOutputStream:75 - [STDERR_REDIRECT] 
2026-09-28 21:53:22,245 [ERROR] LogOutputStream:75 - [STDERR_REDIRECT] [Fatal Error] :1:1: Premature end of file.
2026-09-28 21:53:22,245 [ERROR] LogOutputStream:75 - [STDERR_REDIRECT] 
2026-09-28 21:53:22,570 [INFO] MultiScanPanel:200 - Auto-refresh data requested => check proxy status ongoing
2026-09-28 21:53:22,703 [INFO] LoadUrlFilesThread:185 - End of LoadServerUrlFiles without Thread
2026-09-28 21:53:22,703 [INFO] DetailPanel:341 - Set advertising image to C:/Users/HP/STM32Cube/Repository/\en.banner-sidekick.jpg
2026-09-28 21:53:22,715 [INFO] DbBoards:642 - Loading board mini-images...
2026-09-28 21:53:23,210 [ERROR] DbBoards:659 - Image file not found for board NUCLEO-H553ZG: C:\Users\HP\.stmcufinder\plugins\mcufinder//mcu//boards_images/NUCLEO-H553ZG.jpg
2026-09-28 21:53:23,261 [ERROR] LogOutputStream:75 - [STDERR_REDIRECT] [Fatal Error] :1:1: Premature end of file.
2026-09-28 21:53:23,261 [ERROR] LogOutputStream:75 - [STDERR_REDIRECT] 
2026-09-28 21:53:24,442 [ERROR] LogOutputStream:75 - [STDERR_REDIRECT] [Fatal Error] :1:1: Premature end of file.
2026-09-28 21:53:24,442 [ERROR] LogOutputStream:75 - [STDERR_REDIRECT] 
2026-09-28 21:53:25,266 [ERROR] LogOutputStream:75 - [STDERR_REDIRECT] [Fatal Error] :1:1: Premature end of file.
2026-09-28 21:53:25,266 [ERROR] LogOutputStream:75 - [STDERR_REDIRECT] 
2026-09-28 21:53:25,449 [INFO] DbBoards:665 - Loaded 218 board mini-images
2026-09-28 21:53:26,255 [ERROR] LogOutputStream:75 - [STDERR_REDIRECT] [Fatal Error] :1:1: Premature end of file.
2026-09-28 21:53:26,255 [ERROR] LogOutputStream:75 - [STDERR_REDIRECT] 
2026-09-28 21:53:27,269 [ERROR] LogOutputStream:75 - [STDERR_REDIRECT] [Fatal Error] :1:1: Premature end of file.
2026-09-28 21:53:27,269 [ERROR] LogOutputStream:75 - [STDERR_REDIRECT] 
2026-09-28 21:53:28,260 [ERROR] LogOutputStream:75 - [STDERR_REDIRECT] [Fatal Error] :1:1: Premature end of file.
2026-09-28 21:53:28,260 [ERROR] LogOutputStream:75 - [STDERR_REDIRECT] 
2026-09-28 21:53:29,259 [ERROR] LogOutputStream:75 - [STDERR_REDIRECT] [Fatal Error] :1:1: Premature end of file.
2026-09-28 21:53:29,259 [ERROR] LogOutputStream:75 - [STDERR_REDIRECT] 
2026-09-28 21:53:30,268 [ERROR] LogOutputStream:75 - [STDERR_REDIRECT] [Fatal Error] :1:1: Premature end of file.
2026-09-28 21:53:30,268 [ERROR] LogOutputStream:75 - [STDERR_REDIRECT] 
2026-09-28 21:53:31,262 [ERROR] LogOutputStream:75 - [STDERR_REDIRECT] [Fatal Error] :1:1: Premature end of file.
2026-09-28 21:53:31,262 [ERROR] LogOutputStream:75 - [STDERR_REDIRECT] 
2026-09-28 21:53:32,264 [ERROR] LogOutputStream:75 - [STDERR_REDIRECT] [Fatal Error] :1:1: Premature end of file.
2026-09-28 21:53:32,265 [ERROR] LogOutputStream:75 - [STDERR_REDIRECT] 
2026-09-28 21:53:33,271 [ERROR] LogOutputStream:75 - [STDERR_REDIRECT] [Fatal Error] :1:1: Premature end of file.
2026-09-28 21:53:33,271 [ERROR] LogOutputStream:75 - [STDERR_REDIRECT] 
2026-09-28 21:53:34,273 [ERROR] LogOutputStream:75 - [STDERR_REDIRECT] [Fatal Error] :1:1: Premature end of file.
2026-09-28 21:53:34,274 [ERROR] LogOutputStream:75 - [STDERR_REDIRECT] 
2026-09-28 21:53:35,255 [ERROR] LogOutputStream:75 - [STDERR_REDIRECT] [Fatal Error] :1:1: Premature end of file.
2026-09-28 21:53:35,255 [ERROR] LogOutputStream:75 - [STDERR_REDIRECT] 
2026-09-28 21:53:36,254 [ERROR] LogOutputStream:75 - [STDERR_REDIRECT] [Fatal Error] :1:1: Premature end of file.
2026-09-28 21:53:36,262 [ERROR] LogOutputStream:75 - [STDERR_REDIRECT] 
2026-09-28 21:53:37,271 [ERROR] LogOutputStream:75 - [STDERR_REDIRECT] [Fatal Error] :1:1: Premature end of file.
2026-09-28 21:53:37,271 [ERROR] LogOutputStream:75 - [STDERR_REDIRECT] 
2026-09-28 21:53:38,269 [ERROR] LogOutputStream:75 - [STDERR_REDIRECT] [Fatal Error] :1:1: Premature end of file.
2026-09-28 21:53:38,269 [ERROR] LogOutputStream:75 - [STDERR_REDIRECT] 
2026-09-28 21:53:39,270 [ERROR] LogOutputStream:75 - [STDERR_REDIRECT] [Fatal Error] :1:1: Premature end of file.
2026-09-28 21:53:39,270 [ERROR] LogOutputStream:75 - [STDERR_REDIRECT] 
2026-09-28 21:53:40,259 [ERROR] LogOutputStream:75 - [STDERR_REDIRECT] [Fatal Error] :1:1: Premature end of file.
2026-09-28 21:53:40,259 [ERROR] LogOutputStream:75 - [STDERR_REDIRECT] 
2026-09-28 21:53:41,267 [ERROR] LogOutputStream:75 - [STDERR_REDIRECT] [Fatal Error] :1:1: Premature end of file.
2026-09-28 21:53:41,267 [ERROR] LogOutputStream:75 - [STDERR_REDIRECT] 
2026-09-28 21:53:42,262 [ERROR] LogOutputStream:75 - [STDERR_REDIRECT] [Fatal Error] :1:1: Premature end of file.
2026-09-28 21:53:42,262 [ERROR] LogOutputStream:75 - [STDERR_REDIRECT] 
2026-09-28 21:53:43,266 [ERROR] LogOutputStream:75 - [STDERR_REDIRECT] [Fatal Error] :1:1: Premature end of file.
2026-09-28 21:53:43,266 [ERROR] LogOutputStream:75 - [STDERR_REDIRECT] 
2026-09-28 21:53:44,277 [ERROR] LogOutputStream:75 - [STDERR_REDIRECT] [Fatal Error] :1:1: Premature end of file.
2026-09-28 21:53:44,285 [ERROR] LogOutputStream:75 - [STDERR_REDIRECT] 
2026-09-28 21:53:45,270 [ERROR] LogOutputStream:75 - [STDERR_REDIRECT] [Fatal Error] :1:1: Premature end of file.
2026-09-28 21:53:45,270 [ERROR] LogOutputStream:75 - [STDERR_REDIRECT] 
2026-09-28 21:53:46,272 [ERROR] LogOutputStream:75 - [STDERR_REDIRECT] [Fatal Error] :1:1: Premature end of file.
2026-09-28 21:53:46,272 [ERROR] LogOutputStream:75 - [STDERR_REDIRECT] 
2026-09-28 21:53:47,263 [ERROR] LogOutputStream:75 - [STDERR_REDIRECT] [Fatal Error] :1:1: Premature end of file.
2026-09-28 21:53:47,263 [ERROR] LogOutputStream:75 - [STDERR_REDIRECT] 
2026-09-28 21:53:48,263 [ERROR] LogOutputStream:75 - [STDERR_REDIRECT] [Fatal Error] :1:1: Premature end of file.
2026-09-28 21:53:48,263 [ERROR] LogOutputStream:75 - [STDERR_REDIRECT] 
2026-09-28 21:53:49,302 [ERROR] LogOutputStream:75 - [STDERR_REDIRECT] [Fatal Error] :1:1: Premature end of file.
2026-09-28 21:53:49,302 [ERROR] LogOutputStream:75 - [STDERR_REDIRECT] 
2026-09-28 21:53:50,264 [ERROR] LogOutputStream:75 - [STDERR_REDIRECT] [Fatal Error] :1:1: Premature end of file.
2026-09-28 21:53:50,264 [ERROR] LogOutputStream:75 - [STDERR_REDIRECT] 
2026-09-28 21:53:51,267 [ERROR] LogOutputStream:75 - [STDERR_REDIRECT] [Fatal Error] :1:1: Premature end of file.
2026-09-28 21:53:51,267 [ERROR] LogOutputStream:75 - [STDERR_REDIRECT] 
2026-09-28 21:53:52,272 [ERROR] LogOutputStream:75 - [STDERR_REDIRECT] [Fatal Error] :1:1: Premature end of file.
2026-09-28 21:53:52,272 [ERROR] LogOutputStream:75 - [STDERR_REDIRECT] 
2026-09-28 21:53:53,261 [ERROR] LogOutputStream:75 - [STDERR_REDIRECT] [Fatal Error] :1:1: Premature end of file.
2026-09-28 21:53:53,261 [ERROR] LogOutputStream:75 - [STDERR_REDIRECT] 
2026-09-28 21:53:54,269 [ERROR] LogOutputStream:75 - [STDERR_REDIRECT] [Fatal Error] :1:1: Premature end of file.
2026-09-28 21:53:54,269 [ERROR] LogOutputStream:75 - [STDERR_REDIRECT] 
2026-09-28 21:53:55,258 [ERROR] LogOutputStream:75 - [STDERR_REDIRECT] [Fatal Error] :1:1: Premature end of file.
2026-09-28 21:53:55,258 [ERROR] LogOutputStream:75 - [STDERR_REDIRECT] 
2026-09-28 21:53:56,257 [ERROR] LogOutputStream:75 - [STDERR_REDIRECT] [Fatal Error] :1:1: Premature end of file.
2026-09-28 21:53:56,257 [ERROR] LogOutputStream:75 - [STDERR_REDIRECT] 
2026-09-28 21:53:57,263 [ERROR] LogOutputStream:75 - [STDERR_REDIRECT] [Fatal Error] :1:1: Premature end of file.
2026-09-28 21:53:57,263 [ERROR] LogOutputStream:75 - [STDERR_REDIRECT] 
2026-09-28 21:53:58,255 [ERROR] LogOutputStream:75 - [STDERR_REDIRECT] [Fatal Error] :1:1: Premature end of file.
2026-09-28 21:53:58,255 [ERROR] LogOutputStream:75 - [STDERR_REDIRECT] 
2026-09-28 21:53:59,267 [ERROR] LogOutputStream:75 - [STDERR_REDIRECT] [Fatal Error] :1:1: Premature end of file.
2026-09-28 21:53:59,267 [ERROR] LogOutputStream:75 - [STDERR_REDIRECT] 
2026-09-28 21:54:00,253 [ERROR] LogOutputStream:75 - [STDERR_REDIRECT] [Fatal Error] :1:1: Premature end of file.
2026-09-28 21:54:00,253 [ERROR] LogOutputStream:75 - [STDERR_REDIRECT] 
2026-09-28 21:54:01,264 [ERROR] LogOutputStream:75 - [STDERR_REDIRECT] [Fatal Error] :1:1: Premature end of file.
2026-09-28 21:54:01,265 [ERROR] LogOutputStream:75 - [STDERR_REDIRECT] 
2026-09-28 21:54:02,260 [ERROR] LogOutputStream:75 - [STDERR_REDIRECT] [Fatal Error] :1:1: Premature end of file.
2026-09-28 21:54:02,260 [ERROR] LogOutputStream:75 - [STDERR_REDIRECT] 
2026-09-28 21:54:03,255 [ERROR] LogOutputStream:75 - [STDERR_REDIRECT] [Fatal Error] :1:1: Premature end of file.
2026-09-28 21:54:03,255 [ERROR] LogOutputStream:75 - [STDERR_REDIRECT] 
2026-09-28 21:54:04,256 [ERROR] LogOutputStream:75 - [STDERR_REDIRECT] [Fatal Error] :1:1: Premature end of file.
2026-09-28 21:54:04,256 [ERROR] LogOutputStream:75 - [STDERR_REDIRECT] 
2026-09-28 21:54:05,255 [ERROR] LogOutputStream:75 - [STDERR_REDIRECT] [Fatal Error] :1:1: Premature end of file.
2026-09-28 21:54:05,256 [ERROR] LogOutputStream:75 - [STDERR_REDIRECT] 
2026-09-28 21:54:06,260 [ERROR] LogOutputStream:75 - [STDERR_REDIRECT] [Fatal Error] :1:1: Premature end of file.
2026-09-28 21:54:06,261 [ERROR] LogOutputStream:75 - [STDERR_REDIRECT] 
2026-09-28 21:54:07,257 [ERROR] LogOutputStream:75 - [STDERR_REDIRECT] [Fatal Error] :1:1: Premature end of file.
2026-09-28 21:54:07,257 [ERROR] LogOutputStream:75 - [STDERR_REDIRECT] 
2026-09-28 21:54:08,261 [ERROR] LogOutputStream:75 - [STDERR_REDIRECT] [Fatal Error] :1:1: Premature end of file.
2026-09-28 21:54:08,262 [ERROR] LogOutputStream:75 - [STDERR_REDIRECT] 
2026-09-28 21:54:09,256 [ERROR] LogOutputStream:75 - [STDERR_REDIRECT] [Fatal Error] :1:1: Premature end of file.
2026-09-28 21:54:09,256 [ERROR] LogOutputStream:75 - [STDERR_REDIRECT] 
2026-09-28 21:54:10,260 [ERROR] LogOutputStream:75 - [STDERR_REDIRECT] [Fatal Error] :1:1: Premature end of file.
2026-09-28 21:54:10,261 [ERROR] LogOutputStream:75 - [STDERR_REDIRECT] 
2026-09-28 21:54:11,262 [ERROR] LogOutputStream:75 - [STDERR_REDIRECT] [Fatal Error] :1:1: Premature end of file.
2026-09-28 21:54:11,262 [ERROR] LogOutputStream:75 - [STDERR_REDIRECT] 
2026-09-28 21:54:12,267 [ERROR] LogOutputStream:75 - [STDERR_REDIRECT] [Fatal Error] :1:1: Premature end of file.
2026-09-28 21:54:12,267 [ERROR] LogOutputStream:75 - [STDERR_REDIRECT] 
2026-09-28 21:54:13,262 [ERROR] LogOutputStream:75 - [STDERR_REDIRECT] [Fatal Error] :1:1: Premature end of file.
2026-09-28 21:54:13,263 [ERROR] LogOutputStream:75 - [STDERR_REDIRECT] 
2026-09-28 21:54:14,258 [ERROR] LogOutputStream:75 - [STDERR_REDIRECT] [Fatal Error] :1:1: Premature end of file.
2026-09-28 21:54:14,258 [ERROR] LogOutputStream:75 - [STDERR_REDIRECT] 
2026-09-28 21:54:15,256 [ERROR] LogOutputStream:75 - [STDERR_REDIRECT] [Fatal Error] :1:1: Premature end of file.
2026-09-28 21:54:15,256 [ERROR] LogOutputStream:75 - [STDERR_REDIRECT] 
2026-09-28 21:54:16,253 [ERROR] LogOutputStream:75 - [STDERR_REDIRECT] [Fatal Error] :1:1: Premature end of file.
2026-09-28 21:54:16,254 [ERROR] LogOutputStream:75 - [STDERR_REDIRECT] 
2026-09-28 21:54:17,260 [ERROR] LogOutputStream:75 - [STDERR_REDIRECT] [Fatal Error] :1:1: Premature end of file.
2026-09-28 21:54:17,260 [ERROR] LogOutputStream:75 - [STDERR_REDIRECT] 
2026-09-28 21:54:18,247 [ERROR] LogOutputStream:75 - [STDERR_REDIRECT] [Fatal Error] :1:1: Premature end of file.
2026-09-28 21:54:18,247 [ERROR] LogOutputStream:75 - [STDERR_REDIRECT] 
2026-09-28 21:54:19,247 [ERROR] LogOutputStream:75 - [STDERR_REDIRECT] [Fatal Error] :1:1: Premature end of file.
2026-09-28 21:54:19,248 [ERROR] LogOutputStream:75 - [STDERR_REDIRECT] 
2026-09-28 21:54:19,307 [INFO] McuFinderGlobals:76 - Set McuFinderConnectedMode to true
2026-09-28 21:54:19,310 [INFO] ApiDb:448 - Save user favorites file C:\Users\HP/.stm32cubeide/favorites.mcus.txt: 0 item(s)
2026-09-28 21:54:19,310 [INFO] ApiDb:452 - User favorites MCUs=[]
2026-09-28 21:54:19,311 [INFO] ApiDb:448 - Save user favorites file C:\Users\HP/.stm32cubeide/favorites.boards.txt: 0 item(s)
2026-09-28 21:54:19,311 [INFO] ApiDb:452 - User favorites Boards=[]
2026-09-28 21:54:20,246 [ERROR] LogOutputStream:75 - [STDERR_REDIRECT] [Fatal Error] :1:1: Premature end of file.
2026-09-28 21:54:20,246 [ERROR] LogOutputStream:75 - [STDERR_REDIRECT] 
2026-09-28 21:54:21,245 [ERROR] LogOutputStream:75 - [STDERR_REDIRECT] [Fatal Error] :1:1: Premature end of file.
2026-09-28 21:54:21,246 [ERROR] LogOutputStream:75 - [STDERR_REDIRECT] 
2026-09-28 21:54:22,250 [ERROR] LogOutputStream:75 - [STDERR_REDIRECT] [Fatal Error] :1:1: Premature end of file.
2026-09-28 21:54:22,250 [ERROR] LogOutputStream:75 - [STDERR_REDIRECT] 
2026-09-28 21:54:23,248 [ERROR] LogOutputStream:75 - [STDERR_REDIRECT] [Fatal Error] :1:1: Premature end of file.
2026-09-28 21:54:23,248 [ERROR] LogOutputStream:75 - [STDERR_REDIRECT] 
2026-09-28 21:54:24,247 [ERROR] LogOutputStream:75 - [STDERR_REDIRECT] [Fatal Error] :1:1: Premature end of file.
2026-09-28 21:54:24,247 [ERROR] LogOutputStream:75 - [STDERR_REDIRECT] 
2026-09-28 21:54:25,249 [ERROR] LogOutputStream:75 - [STDERR_REDIRECT] [Fatal Error] :1:1: Premature end of file.
2026-09-28 21:54:25,249 [ERROR] LogOutputStream:75 - [STDERR_REDIRECT] 
2026-09-28 21:54:26,248 [ERROR] LogOutputStream:75 - [STDERR_REDIRECT] [Fatal Error] :1:1: Premature end of file.
2026-09-28 21:54:26,248 [ERROR] LogOutputStream:75 - [STDERR_REDIRECT] 
2026-09-28 21:54:27,251 [ERROR] LogOutputStream:75 - [STDERR_REDIRECT] [Fatal Error] :1:1: Premature end of file.
2026-09-28 21:54:27,251 [ERROR] LogOutputStream:75 - [STDERR_REDIRECT] 
2026-09-28 21:54:28,248 [ERROR] LogOutputStream:75 - [STDERR_REDIRECT] [Fatal Error] :1:1: Premature end of file.
2026-09-28 21:54:28,248 [ERROR] LogOutputStream:75 - [STDERR_REDIRECT] 
2026-09-28 21:54:29,248 [ERROR] LogOutputStream:75 - [STDERR_REDIRECT] [Fatal Error] :1:1: Premature end of file.
2026-09-28 21:54:29,248 [ERROR] LogOutputStream:75 - [STDERR_REDIRECT] 
2026-09-28 21:54:30,248 [ERROR] LogOutputStream:75 - [STDERR_REDIRECT] [Fatal Error] :1:1: Premature end of file.
2026-09-28 21:54:30,249 [ERROR] LogOutputStream:75 - [STDERR_REDIRECT] 
2026-09-28 21:54:31,252 [ERROR] LogOutputStream:75 - [STDERR_REDIRECT] [Fatal Error] :1:1: Premature end of file.
2026-09-28 21:54:31,252 [ERROR] LogOutputStream:75 - [STDERR_REDIRECT] 
2026-09-28 21:54:32,251 [ERROR] LogOutputStream:75 - [STDERR_REDIRECT] [Fatal Error] :1:1: Premature end of file.
2026-09-28 21:54:32,251 [ERROR] LogOutputStream:75 - [STDERR_REDIRECT] 
2026-09-28 21:54:33,254 [ERROR] LogOutputStream:75 - [STDERR_REDIRECT] [Fatal Error] :1:1: Premature end of file.
2026-09-28 21:54:33,254 [ERROR] LogOutputStream:75 - [STDERR_REDIRECT] 
2026-09-28 21:54:34,258 [ERROR] LogOutputStream:75 - [STDERR_REDIRECT] [Fatal Error] :1:1: Premature end of file.
2026-09-28 21:54:34,260 [ERROR] LogOutputStream:75 - [STDERR_REDIRECT] 
2026-09-28 21:54:35,255 [ERROR] LogOutputStream:75 - [STDERR_REDIRECT] [Fatal Error] :1:1: Premature end of file.
2026-09-28 21:54:35,255 [ERROR] LogOutputStream:75 - [STDERR_REDIRECT] 
2026-09-28 21:54:36,258 [ERROR] LogOutputStream:75 - [STDERR_REDIRECT] [Fatal Error] :1:1: Premature end of file.
2026-09-28 21:54:36,260 [ERROR] LogOutputStream:75 - [STDERR_REDIRECT] 
2026-09-28 21:54:37,255 [ERROR] LogOutputStream:75 - [STDERR_REDIRECT] [Fatal Error] :1:1: Premature end of file.
2026-09-28 21:54:37,255 [ERROR] LogOutputStream:75 - [STDERR_REDIRECT] 
2026-09-28 21:54:38,258 [ERROR] LogOutputStream:75 - [STDERR_REDIRECT] [Fatal Error] :1:1: Premature end of file.
2026-09-28 21:54:38,258 [ERROR] LogOutputStream:75 - [STDERR_REDIRECT] 
2026-09-28 21:54:39,253 [ERROR] LogOutputStream:75 - [STDERR_REDIRECT] [Fatal Error] :1:1: Premature end of file.
2026-09-28 21:54:39,255 [ERROR] LogOutputStream:75 - [STDERR_REDIRECT] 
2026-09-28 21:54:40,254 [ERROR] LogOutputStream:75 - [STDERR_REDIRECT] [Fatal Error] :1:1: Premature end of file.
2026-09-28 21:54:40,254 [ERROR] LogOutputStream:75 - [STDERR_REDIRECT] 
2026-09-28 21:54:41,274 [ERROR] LogOutputStream:75 - [STDERR_REDIRECT] [Fatal Error] :1:1: Premature end of file.
2026-09-28 21:54:41,274 [ERROR] LogOutputStream:75 - [STDERR_REDIRECT] 
2026-09-28 21:54:42,258 [ERROR] LogOutputStream:75 - [STDERR_REDIRECT] [Fatal Error] :1:1: Premature end of file.
2026-09-28 21:54:42,258 [ERROR] LogOutputStream:75 - [STDERR_REDIRECT] 
2026-09-28 21:54:43,258 [ERROR] LogOutputStream:75 - [STDERR_REDIRECT] [Fatal Error] :1:1: Premature end of file.
2026-09-28 21:54:43,258 [ERROR] LogOutputStream:75 - [STDERR_REDIRECT] 
2026-09-28 21:54:44,267 [ERROR] LogOutputStream:75 - [STDERR_REDIRECT] [Fatal Error] :1:1: Premature end of file.
2026-09-28 21:54:44,267 [ERROR] LogOutputStream:75 - [STDERR_REDIRECT] 
2026-09-28 21:54:45,259 [ERROR] LogOutputStream:75 - [STDERR_REDIRECT] [Fatal Error] :1:1: Premature end of file.
2026-09-28 21:54:45,259 [ERROR] LogOutputStream:75 - [STDERR_REDIRECT] 
2026-09-28 21:54:46,264 [ERROR] LogOutputStream:75 - [STDERR_REDIRECT] [Fatal Error] :1:1: Premature end of file.
2026-09-28 21:54:46,264 [ERROR] LogOutputStream:75 - [STDERR_REDIRECT] 
2026-09-28 21:54:47,261 [ERROR] LogOutputStream:75 - [STDERR_REDIRECT] [Fatal Error] :1:1: Premature end of file.
2026-09-28 21:54:47,261 [ERROR] LogOutputStream:75 - [STDERR_REDIRECT] 
2026-09-28 21:54:48,257 [ERROR] LogOutputStream:75 - [STDERR_REDIRECT] [Fatal Error] :1:1: Premature end of file.
2026-09-28 21:54:48,257 [ERROR] LogOutputStream:75 - [STDERR_REDIRECT] 
2026-09-28 21:54:49,273 [ERROR] LogOutputStream:75 - [STDERR_REDIRECT] [Fatal Error] :1:1: Premature end of file.
2026-09-28 21:54:49,273 [ERROR] LogOutputStream:75 - [STDERR_REDIRECT] 
2026-09-28 21:54:50,266 [ERROR] LogOutputStream:75 - [STDERR_REDIRECT] [Fatal Error] :1:1: Premature end of file.
2026-09-28 21:54:50,266 [ERROR] LogOutputStream:75 - [STDERR_REDIRECT] 
2026-09-28 21:54:51,262 [ERROR] LogOutputStream:75 - [STDERR_REDIRECT] [Fatal Error] :1:1: Premature end of file.
2026-09-28 21:54:51,262 [ERROR] LogOutputStream:75 - [STDERR_REDIRECT] 
2026-09-28 21:54:52,267 [ERROR] LogOutputStream:75 - [STDERR_REDIRECT] [Fatal Error] :1:1: Premature end of file.
2026-09-28 21:54:52,275 [ERROR] LogOutputStream:75 - [STDERR_REDIRECT] 
2026-09-28 21:54:53,260 [ERROR] LogOutputStream:75 - [STDERR_REDIRECT] [Fatal Error] :1:1: Premature end of file.
2026-09-28 21:54:53,260 [ERROR] LogOutputStream:75 - [STDERR_REDIRECT] 
2026-09-28 21:54:54,263 [ERROR] LogOutputStream:75 - [STDERR_REDIRECT] [Fatal Error] :1:1: Premature end of file.
2026-09-28 21:54:54,263 [ERROR] LogOutputStream:75 - [STDERR_REDIRECT] 
2026-09-28 21:54:55,266 [ERROR] LogOutputStream:75 - [STDERR_REDIRECT] [Fatal Error] :1:1: Premature end of file.
2026-09-28 21:54:55,266 [ERROR] LogOutputStream:75 - [STDERR_REDIRECT] 
2026-09-28 21:54:56,256 [ERROR] LogOutputStream:75 - [STDERR_REDIRECT] [Fatal Error] :1:1: Premature end of file.
2026-09-28 21:54:56,256 [ERROR] LogOutputStream:75 - [STDERR_REDIRECT] 
2026-09-28 21:54:57,263 [ERROR] LogOutputStream:75 - [STDERR_REDIRECT] [Fatal Error] :1:1: Premature end of file.
2026-09-28 21:54:57,263 [ERROR] LogOutputStream:75 - [STDERR_REDIRECT] 
2026-09-28 21:54:58,313 [ERROR] LogOutputStream:75 - [STDERR_REDIRECT] [Fatal Error] :1:1: Premature end of file.
2026-09-28 21:54:58,313 [ERROR] LogOutputStream:75 - [STDERR_REDIRECT] 
2026-09-28 21:54:59,255 [ERROR] LogOutputStream:75 - [STDERR_REDIRECT] [Fatal Error] :1:1: Premature end of file.
2026-09-28 21:54:59,255 [ERROR] LogOutputStream:75 - [STDERR_REDIRECT] 
2026-09-28 21:55:00,259 [ERROR] LogOutputStream:75 - [STDERR_REDIRECT] [Fatal Error] :1:1: Premature end of file.
2026-09-28 21:55:00,259 [ERROR] LogOutputStream:75 - [STDERR_REDIRECT] 
2026-09-28 21:55:01,278 [ERROR] LogOutputStream:75 - [STDERR_REDIRECT] [Fatal Error] :1:1: Premature end of file.
2026-09-28 21:55:01,278 [ERROR] LogOutputStream:75 - [STDERR_REDIRECT] 
2026-09-28 21:55:02,257 [ERROR] LogOutputStream:75 - [STDERR_REDIRECT] [Fatal Error] :1:1: Premature end of file.
2026-09-28 21:55:02,257 [ERROR] LogOutputStream:75 - [STDERR_REDIRECT] 
2026-09-28 21:55:03,258 [ERROR] LogOutputStream:75 - [STDERR_REDIRECT] [Fatal Error] :1:1: Premature end of file.
2026-09-28 21:55:03,258 [ERROR] LogOutputStream:75 - [STDERR_REDIRECT] 
2026-09-28 21:55:04,271 [ERROR] LogOutputStream:75 - [STDERR_REDIRECT] [Fatal Error] :1:1: Premature end of file.
2026-09-28 21:55:04,271 [ERROR] LogOutputStream:75 - [STDERR_REDIRECT] 
2026-09-28 21:55:05,254 [ERROR] LogOutputStream:75 - [STDERR_REDIRECT] [Fatal Error] :1:1: Premature end of file.
2026-09-28 21:55:05,254 [ERROR] LogOutputStream:75 - [STDERR_REDIRECT] 
2026-09-28 21:55:06,254 [ERROR] LogOutputStream:75 - [STDERR_REDIRECT] [Fatal Error] :1:1: Premature end of file.
2026-09-28 21:55:06,254 [ERROR] LogOutputStream:75 - [STDERR_REDIRECT] 
2026-09-28 21:55:07,257 [ERROR] LogOutputStream:75 - [STDERR_REDIRECT] [Fatal Error] :1:1: Premature end of file.
2026-09-28 21:55:07,257 [ERROR] LogOutputStream:75 - [STDERR_REDIRECT] 
2026-09-28 21:55:08,256 [ERROR] LogOutputStream:75 - [STDERR_REDIRECT] [Fatal Error] :1:1: Premature end of file.
2026-09-28 21:55:08,256 [ERROR] LogOutputStream:75 - [STDERR_REDIRECT] 
2026-09-28 21:55:09,263 [ERROR] LogOutputStream:75 - [STDERR_REDIRECT] [Fatal Error] :1:1: Premature end of file.
2026-09-28 21:55:09,263 [ERROR] LogOutputStream:75 - [STDERR_REDIRECT] 
2026-09-28 21:55:10,259 [ERROR] LogOutputStream:75 - [STDERR_REDIRECT] [Fatal Error] :1:1: Premature end of file.
2026-09-28 21:55:10,259 [ERROR] LogOutputStream:75 - [STDERR_REDIRECT] 
2026-09-28 21:55:11,256 [ERROR] LogOutputStream:75 - [STDERR_REDIRECT] [Fatal Error] :1:1: Premature end of file.
2026-09-28 21:55:11,256 [ERROR] LogOutputStream:75 - [STDERR_REDIRECT] 
2026-09-28 21:55:12,255 [ERROR] LogOutputStream:75 - [STDERR_REDIRECT] [Fatal Error] :1:1: Premature end of file.
2026-09-28 21:55:12,255 [ERROR] LogOutputStream:75 - [STDERR_REDIRECT] 
2026-09-28 21:55:13,259 [ERROR] LogOutputStream:75 - [STDERR_REDIRECT] [Fatal Error] :1:1: Premature end of file.
2026-09-28 21:55:13,259 [ERROR] LogOutputStream:75 - [STDERR_REDIRECT] 
2026-09-28 21:55:14,257 [ERROR] LogOutputStream:75 - [STDERR_REDIRECT] [Fatal Error] :1:1: Premature end of file.
2026-09-28 21:55:14,257 [ERROR] LogOutputStream:75 - [STDERR_REDIRECT] 
2026-09-28 21:55:15,256 [ERROR] LogOutputStream:75 - [STDERR_REDIRECT] [Fatal Error] :1:1: Premature end of file.
2026-09-28 21:55:15,256 [ERROR] LogOutputStream:75 - [STDERR_REDIRECT] 
2026-09-28 21:55:16,256 [ERROR] LogOutputStream:75 - [STDERR_REDIRECT] [Fatal Error] :1:1: Premature end of file.
2026-09-28 21:55:16,256 [ERROR] LogOutputStream:75 - [STDERR_REDIRECT] 
2026-09-28 21:55:17,255 [ERROR] LogOutputStream:75 - [STDERR_REDIRECT] [Fatal Error] :1:1: Premature end of file.
2026-09-28 21:55:17,255 [ERROR] LogOutputStream:75 - [STDERR_REDIRECT] 
2026-09-28 21:55:18,256 [ERROR] LogOutputStream:75 - [STDERR_REDIRECT] [Fatal Error] :1:1: Premature end of file.
2026-09-28 21:55:18,256 [ERROR] LogOutputStream:75 - [STDERR_REDIRECT] 
2026-09-28 21:55:19,254 [ERROR] LogOutputStream:75 - [STDERR_REDIRECT] [Fatal Error] :1:1: Premature end of file.
2026-09-28 21:55:19,254 [ERROR] LogOutputStream:75 - [STDERR_REDIRECT] 
2026-09-28 21:55:20,256 [ERROR] LogOutputStream:75 - [STDERR_REDIRECT] [Fatal Error] :1:1: Premature end of file.
2026-09-28 21:55:20,256 [ERROR] LogOutputStream:75 - [STDERR_REDIRECT] 
2026-09-28 21:55:21,258 [ERROR] LogOutputStream:75 - [STDERR_REDIRECT] [Fatal Error] :1:1: Premature end of file.
2026-09-28 21:55:21,258 [ERROR] LogOutputStream:75 - [STDERR_REDIRECT] 
2026-09-28 21:55:22,266 [ERROR] LogOutputStream:75 - [STDERR_REDIRECT] [Fatal Error] :1:1: Premature end of file.
2026-09-28 21:55:22,266 [ERROR] LogOutputStream:75 - [STDERR_REDIRECT] 
2026-09-28 21:55:23,263 [ERROR] LogOutputStream:75 - [STDERR_REDIRECT] [Fatal Error] :1:1: Premature end of file.
2026-09-28 21:55:23,263 [ERROR] LogOutputStream:75 - [STDERR_REDIRECT] 
2026-09-28 21:55:24,263 [ERROR] LogOutputStream:75 - [STDERR_REDIRECT] [Fatal Error] :1:1: Premature end of file.
2026-09-28 21:55:24,264 [ERROR] LogOutputStream:75 - [STDERR_REDIRECT] 
2026-09-28 21:55:25,272 [ERROR] LogOutputStream:75 - [STDERR_REDIRECT] [Fatal Error] :1:1: Premature end of file.
2026-09-28 21:55:25,272 [ERROR] LogOutputStream:75 - [STDERR_REDIRECT] 
2026-09-28 21:55:26,260 [ERROR] LogOutputStream:75 - [STDERR_REDIRECT] [Fatal Error] :1:1: Premature end of file.
2026-09-28 21:55:26,260 [ERROR] LogOutputStream:75 - [STDERR_REDIRECT] 
2026-09-28 21:55:27,270 [ERROR] LogOutputStream:75 - [STDERR_REDIRECT] [Fatal Error] :1:1: Premature end of file.
2026-09-28 21:55:27,270 [ERROR] LogOutputStream:75 - [STDERR_REDIRECT] 
2026-09-28 21:55:28,260 [ERROR] LogOutputStream:75 - [STDERR_REDIRECT] [Fatal Error] :1:1: Premature end of file.
2026-09-28 21:55:28,260 [ERROR] LogOutputStream:75 - [STDERR_REDIRECT] 
2026-09-28 21:55:29,269 [ERROR] LogOutputStream:75 - [STDERR_REDIRECT] [Fatal Error] :1:1: Premature end of file.
2026-09-28 21:55:29,269 [ERROR] LogOutputStream:75 - [STDERR_REDIRECT] 
2026-09-28 21:55:30,275 [ERROR] LogOutputStream:75 - [STDERR_REDIRECT] [Fatal Error] :1:1: Premature end of file.
2026-09-28 21:55:30,275 [ERROR] LogOutputStream:75 - [STDERR_REDIRECT] 
2026-09-28 21:55:31,261 [ERROR] LogOutputStream:75 - [STDERR_REDIRECT] [Fatal Error] :1:1: Premature end of file.
2026-09-28 21:55:31,261 [ERROR] LogOutputStream:75 - [STDERR_REDIRECT] 
2026-09-28 21:55:32,257 [ERROR] LogOutputStream:75 - [STDERR_REDIRECT] [Fatal Error] :1:1: Premature end of file.
2026-09-28 21:55:32,257 [ERROR] LogOutputStream:75 - [STDERR_REDIRECT] 
2026-09-28 21:55:33,262 [ERROR] LogOutputStream:75 - [STDERR_REDIRECT] [Fatal Error] :1:1: Premature end of file.
2026-09-28 21:55:33,262 [ERROR] LogOutputStream:75 - [STDERR_REDIRECT] 
2026-09-28 21:55:34,262 [ERROR] LogOutputStream:75 - [STDERR_REDIRECT] [Fatal Error] :1:1: Premature end of file.
2026-09-28 21:55:34,262 [ERROR] LogOutputStream:75 - [STDERR_REDIRECT] 
2026-09-28 21:55:35,272 [ERROR] LogOutputStream:75 - [STDERR_REDIRECT] [Fatal Error] :1:1: Premature end of file.
2026-09-28 21:55:35,272 [ERROR] LogOutputStream:75 - [STDERR_REDIRECT] 
2026-09-28 21:55:36,262 [ERROR] LogOutputStream:75 - [STDERR_REDIRECT] [Fatal Error] :1:1: Premature end of file.
2026-09-28 21:55:36,262 [ERROR] LogOutputStream:75 - [STDERR_REDIRECT] 
2026-09-28 21:55:37,255 [ERROR] LogOutputStream:75 - [STDERR_REDIRECT] [Fatal Error] :1:1: Premature end of file.
2026-09-28 21:55:37,259 [ERROR] LogOutputStream:75 - [STDERR_REDIRECT] 
2026-09-28 21:55:38,262 [ERROR] LogOutputStream:75 - [STDERR_REDIRECT] [Fatal Error] :1:1: Premature end of file.
2026-09-28 21:55:38,262 [ERROR] LogOutputStream:75 - [STDERR_REDIRECT] 
2026-09-28 21:55:39,258 [ERROR] LogOutputStream:75 - [STDERR_REDIRECT] [Fatal Error] :1:1: Premature end of file.
2026-09-28 21:55:39,258 [ERROR] LogOutputStream:75 - [STDERR_REDIRECT] 
2026-09-28 21:55:40,257 [ERROR] LogOutputStream:75 - [STDERR_REDIRECT] [Fatal Error] :1:1: Premature end of file.
2026-09-28 21:55:40,257 [ERROR] LogOutputStream:75 - [STDERR_REDIRECT] 
2026-09-28 21:55:41,250 [ERROR] LogOutputStream:75 - [STDERR_REDIRECT] [Fatal Error] :1:1: Premature end of file.
2026-09-28 21:55:41,250 [ERROR] LogOutputStream:75 - [STDERR_REDIRECT] 
2026-09-28 21:55:42,292 [ERROR] LogOutputStream:75 - [STDERR_REDIRECT] [Fatal Error] :1:1: Premature end of file.
2026-09-28 21:55:42,292 [ERROR] LogOutputStream:75 - [STDERR_REDIRECT] 
2026-09-28 21:55:43,259 [ERROR] LogOutputStream:75 - [STDERR_REDIRECT] [Fatal Error] :1:1: Premature end of file.
2026-09-28 21:55:43,259 [ERROR] LogOutputStream:75 - [STDERR_REDIRECT] 
2026-09-28 21:55:44,275 [ERROR] LogOutputStream:75 - [STDERR_REDIRECT] [Fatal Error] :1:1: Premature end of file.
2026-09-28 21:55:44,275 [ERROR] LogOutputStream:75 - [STDERR_REDIRECT] 
2026-09-28 21:55:45,252 [ERROR] LogOutputStream:75 - [STDERR_REDIRECT] [Fatal Error] :1:1: Premature end of file.
2026-09-28 21:55:45,252 [ERROR] LogOutputStream:75 - [STDERR_REDIRECT] 
2026-09-28 21:55:46,250 [ERROR] LogOutputStream:75 - [STDERR_REDIRECT] [Fatal Error] :1:1: Premature end of file.
2026-09-28 21:55:46,250 [ERROR] LogOutputStream:75 - [STDERR_REDIRECT] 
2026-09-28 21:55:47,252 [ERROR] LogOutputStream:75 - [STDERR_REDIRECT] [Fatal Error] :1:1: Premature end of file.
2026-09-28 21:55:47,252 [ERROR] LogOutputStream:75 - [STDERR_REDIRECT] 
2026-09-28 21:55:48,256 [ERROR] LogOutputStream:75 - [STDERR_REDIRECT] [Fatal Error] :1:1: Premature end of file.
2026-09-28 21:55:48,256 [ERROR] LogOutputStream:75 - [STDERR_REDIRECT] 
2026-09-28 21:55:49,253 [ERROR] LogOutputStream:75 - [STDERR_REDIRECT] [Fatal Error] :1:1: Premature end of file.
2026-09-28 21:55:49,253 [ERROR] LogOutputStream:75 - [STDERR_REDIRECT] 
2026-09-28 21:55:50,259 [ERROR] LogOutputStream:75 - [STDERR_REDIRECT] [Fatal Error] :1:1: Premature end of file.
2026-09-28 21:55:50,259 [ERROR] LogOutputStream:75 - [STDERR_REDIRECT] 
2026-09-28 21:55:51,261 [ERROR] LogOutputStream:75 - [STDERR_REDIRECT] [Fatal Error] :1:1: Premature end of file.
2026-09-28 21:55:51,261 [ERROR] LogOutputStream:75 - [STDERR_REDIRECT] 
2026-09-28 21:55:52,258 [ERROR] LogOutputStream:75 - [STDERR_REDIRECT] [Fatal Error] :1:1: Premature end of file.
2026-09-28 21:55:52,258 [ERROR] LogOutputStream:75 - [STDERR_REDIRECT] 
2026-09-28 21:55:53,251 [ERROR] LogOutputStream:75 - [STDERR_REDIRECT] [Fatal Error] :1:1: Premature end of file.
2026-09-28 21:55:53,251 [ERROR] LogOutputStream:75 - [STDERR_REDIRECT] 
2026-09-28 21:55:54,255 [ERROR] LogOutputStream:75 - [STDERR_REDIRECT] [Fatal Error] :1:1: Premature end of file.
2026-09-28 21:55:54,255 [ERROR] LogOutputStream:75 - [STDERR_REDIRECT] 
2026-09-28 21:55:55,246 [ERROR] LogOutputStream:75 - [STDERR_REDIRECT] [Fatal Error] :1:1: Premature end of file.
2026-09-28 21:55:55,246 [ERROR] LogOutputStream:75 - [STDERR_REDIRECT] 
2026-09-28 21:55:56,256 [ERROR] LogOutputStream:75 - [STDERR_REDIRECT] [Fatal Error] :1:1: Premature end of file.
2026-09-28 21:55:56,256 [ERROR] LogOutputStream:75 - [STDERR_REDIRECT] 
2026-09-28 21:55:57,247 [ERROR] LogOutputStream:75 - [STDERR_REDIRECT] [Fatal Error] :1:1: Premature end of file.
2026-09-28 21:55:57,247 [ERROR] LogOutputStream:75 - [STDERR_REDIRECT] 
2026-09-28 21:55:58,250 [ERROR] LogOutputStream:75 - [STDERR_REDIRECT] [Fatal Error] :1:1: Premature end of file.
2026-09-28 21:55:58,250 [ERROR] LogOutputStream:75 - [STDERR_REDIRECT] 
2026-09-28 21:55:59,252 [ERROR] LogOutputStream:75 - [STDERR_REDIRECT] [Fatal Error] :1:1: Premature end of file.
2026-09-28 21:55:59,252 [ERROR] LogOutputStream:75 - [STDERR_REDIRECT] 
2026-09-28 21:56:00,247 [ERROR] LogOutputStream:75 - [STDERR_REDIRECT] [Fatal Error] :1:1: Premature end of file.
2026-09-28 21:56:00,248 [ERROR] LogOutputStream:75 - [STDERR_REDIRECT] 
2026-09-28 21:56:01,249 [ERROR] LogOutputStream:75 - [STDERR_REDIRECT] [Fatal Error] :1:1: Premature end of file.
2026-09-28 21:56:01,249 [ERROR] LogOutputStream:75 - [STDERR_REDIRECT] 
2026-09-28 21:56:02,258 [ERROR] LogOutputStream:75 - [STDERR_REDIRECT] [Fatal Error] :1:1: Premature end of file.
2026-09-28 21:56:02,260 [ERROR] LogOutputStream:75 - [STDERR_REDIRECT] 
2026-09-28 21:56:03,253 [ERROR] LogOutputStream:75 - [STDERR_REDIRECT] [Fatal Error] :1:1: Premature end of file.
2026-09-28 21:56:03,253 [ERROR] LogOutputStream:75 - [STDERR_REDIRECT] 
2026-09-28 21:56:04,249 [ERROR] LogOutputStream:75 - [STDERR_REDIRECT] [Fatal Error] :1:1: Premature end of file.
2026-09-28 21:56:04,249 [ERROR] LogOutputStream:75 - [STDERR_REDIRECT] 
2026-09-28 21:56:05,261 [ERROR] LogOutputStream:75 - [STDERR_REDIRECT] [Fatal Error] :1:1: Premature end of file.
2026-09-28 21:56:05,261 [ERROR] LogOutputStream:75 - [STDERR_REDIRECT] 
2026-09-28 21:56:06,254 [ERROR] LogOutputStream:75 - [STDERR_REDIRECT] [Fatal Error] :1:1: Premature end of file.
2026-09-28 21:56:06,254 [ERROR] LogOutputStream:75 - [STDERR_REDIRECT] 
2026-09-28 21:56:07,255 [ERROR] LogOutputStream:75 - [STDERR_REDIRECT] [Fatal Error] :1:1: Premature end of file.
2026-09-28 21:56:07,256 [ERROR] LogOutputStream:75 - [STDERR_REDIRECT] 
2026-09-28 21:56:08,248 [ERROR] LogOutputStream:75 - [STDERR_REDIRECT] [Fatal Error] :1:1: Premature end of file.
2026-09-28 21:56:08,248 [ERROR] LogOutputStream:75 - [STDERR_REDIRECT] 
2026-09-28 21:56:09,248 [ERROR] LogOutputStream:75 - [STDERR_REDIRECT] [Fatal Error] :1:1: Premature end of file.
2026-09-28 21:56:09,248 [ERROR] LogOutputStream:75 - [STDERR_REDIRECT] 
2026-09-28 21:56:10,254 [ERROR] LogOutputStream:75 - [STDERR_REDIRECT] [Fatal Error] :1:1: Premature end of file.
2026-09-28 21:56:10,255 [ERROR] LogOutputStream:75 - [STDERR_REDIRECT] 
2026-09-28 21:56:11,260 [ERROR] LogOutputStream:75 - [STDERR_REDIRECT] [Fatal Error] :1:1: Premature end of file.
2026-09-28 21:56:11,260 [ERROR] LogOutputStream:75 - [STDERR_REDIRECT] 
2026-09-28 21:56:12,256 [ERROR] LogOutputStream:75 - [STDERR_REDIRECT] [Fatal Error] :1:1: Premature end of file.
2026-09-28 21:56:12,256 [ERROR] LogOutputStream:75 - [STDERR_REDIRECT] 
2026-09-28 21:56:13,248 [ERROR] LogOutputStream:75 - [STDERR_REDIRECT] [Fatal Error] :1:1: Premature end of file.
2026-09-28 21:56:13,248 [ERROR] LogOutputStream:75 - [STDERR_REDIRECT] 
2026-09-28 21:56:14,249 [ERROR] LogOutputStream:75 - [STDERR_REDIRECT] [Fatal Error] :1:1: Premature end of file.
2026-09-28 21:56:14,249 [ERROR] LogOutputStream:75 - [STDERR_REDIRECT] 
2026-09-28 21:56:15,252 [ERROR] LogOutputStream:75 - [STDERR_REDIRECT] [Fatal Error] :1:1: Premature end of file.
2026-09-28 21:56:15,252 [ERROR] LogOutputStream:75 - [STDERR_REDIRECT] 
2026-09-28 21:56:16,252 [ERROR] LogOutputStream:75 - [STDERR_REDIRECT] [Fatal Error] :1:1: Premature end of file.
2026-09-28 21:56:16,252 [ERROR] LogOutputStream:75 - [STDERR_REDIRECT] 
2026-09-28 21:56:17,251 [ERROR] LogOutputStream:75 - [STDERR_REDIRECT] [Fatal Error] :1:1: Premature end of file.
2026-09-28 21:56:17,251 [ERROR] LogOutputStream:75 - [STDERR_REDIRECT] 
2026-09-28 21:56:18,256 [ERROR] LogOutputStream:75 - [STDERR_REDIRECT] [Fatal Error] :1:1: Premature end of file.
2026-09-28 21:56:18,256 [ERROR] LogOutputStream:75 - [STDERR_REDIRECT] 
2026-09-28 21:56:19,260 [ERROR] LogOutputStream:75 - [STDERR_REDIRECT] [Fatal Error] :1:1: Premature end of file.
2026-09-28 21:56:19,260 [ERROR] LogOutputStream:75 - [STDERR_REDIRECT] 
2026-09-28 21:56:20,279 [ERROR] LogOutputStream:75 - [STDERR_REDIRECT] [Fatal Error] :1:1: Premature end of file.
2026-09-28 21:56:20,279 [ERROR] LogOutputStream:75 - [STDERR_REDIRECT] 
2026-09-28 21:56:21,260 [ERROR] LogOutputStream:75 - [STDERR_REDIRECT] [Fatal Error] :1:1: Premature end of file.
2026-09-28 21:56:21,260 [ERROR] LogOutputStream:75 - [STDERR_REDIRECT] 
2026-09-28 21:56:22,259 [ERROR] LogOutputStream:75 - [STDERR_REDIRECT] [Fatal Error] :1:1: Premature end of file.
2026-09-28 21:56:22,259 [ERROR] LogOutputStream:75 - [STDERR_REDIRECT] 
2026-09-28 21:56:23,262 [ERROR] LogOutputStream:75 - [STDERR_REDIRECT] [Fatal Error] :1:1: Premature end of file.
2026-09-28 21:56:23,262 [ERROR] LogOutputStream:75 - [STDERR_REDIRECT] 
2026-09-28 21:56:24,286 [ERROR] LogOutputStream:75 - [STDERR_REDIRECT] [Fatal Error] :1:1: Premature end of file.
2026-09-28 21:56:24,286 [ERROR] LogOutputStream:75 - [STDERR_REDIRECT] 
2026-09-28 21:56:25,251 [ERROR] LogOutputStream:75 - [STDERR_REDIRECT] [Fatal Error] :1:1: Premature end of file.
2026-09-28 21:56:25,251 [ERROR] LogOutputStream:75 - [STDERR_REDIRECT] 
2026-09-28 21:56:26,251 [ERROR] LogOutputStream:75 - [STDERR_REDIRECT] [Fatal Error] :1:1: Premature end of file.
2026-09-28 21:56:26,251 [ERROR] LogOutputStream:75 - [STDERR_REDIRECT] 
2026-09-28 21:56:27,257 [ERROR] LogOutputStream:75 - [STDERR_REDIRECT] [Fatal Error] :1:1: Premature end of file.
2026-09-28 21:56:27,257 [ERROR] LogOutputStream:75 - [STDERR_REDIRECT] 
2026-09-28 21:56:28,249 [ERROR] LogOutputStream:75 - [STDERR_REDIRECT] [Fatal Error] :1:1: Premature end of file.
2026-09-28 21:56:28,250 [ERROR] LogOutputStream:75 - [STDERR_REDIRECT] 
2026-09-28 21:56:29,254 [ERROR] LogOutputStream:75 - [STDERR_REDIRECT] [Fatal Error] :1:1: Premature end of file.
2026-09-28 21:56:29,254 [ERROR] LogOutputStream:75 - [STDERR_REDIRECT] 
2026-09-28 21:56:30,251 [ERROR] LogOutputStream:75 - [STDERR_REDIRECT] [Fatal Error] :1:1: Premature end of file.
2026-09-28 21:56:30,251 [ERROR] LogOutputStream:75 - [STDERR_REDIRECT] 
2026-09-28 21:56:31,249 [ERROR] LogOutputStream:75 - [STDERR_REDIRECT] [Fatal Error] :1:1: Premature end of file.
2026-09-28 21:56:31,249 [ERROR] LogOutputStream:75 - [STDERR_REDIRECT] 
2026-09-28 21:56:32,248 [ERROR] LogOutputStream:75 - [STDERR_REDIRECT] [Fatal Error] :1:1: Premature end of file.
2026-09-28 21:56:32,250 [ERROR] LogOutputStream:75 - [STDERR_REDIRECT] 
2026-09-28 21:56:33,273 [ERROR] LogOutputStream:75 - [STDERR_REDIRECT] [Fatal Error] :1:1: Premature end of file.
2026-09-28 21:56:33,273 [ERROR] LogOutputStream:75 - [STDERR_REDIRECT] 
2026-09-28 21:56:34,249 [ERROR] LogOutputStream:75 - [STDERR_REDIRECT] [Fatal Error] :1:1: Premature end of file.
2026-09-28 21:56:34,249 [ERROR] LogOutputStream:75 - [STDERR_REDIRECT] 
2026-09-28 21:56:35,254 [ERROR] LogOutputStream:75 - [STDERR_REDIRECT] [Fatal Error] :1:1: Premature end of file.
2026-09-28 21:56:35,254 [ERROR] LogOutputStream:75 - [STDERR_REDIRECT] 
2026-09-28 21:56:36,260 [ERROR] LogOutputStream:75 - [STDERR_REDIRECT] [Fatal Error] :1:1: Premature end of file.
2026-09-28 21:56:36,260 [ERROR] LogOutputStream:75 - [STDERR_REDIRECT] 
2026-09-28 21:56:37,258 [ERROR] LogOutputStream:75 - [STDERR_REDIRECT] [Fatal Error] :1:1: Premature end of file.
2026-09-28 21:56:37,258 [ERROR] LogOutputStream:75 - [STDERR_REDIRECT] 
2026-09-28 21:56:38,253 [ERROR] LogOutputStream:75 - [STDERR_REDIRECT] [Fatal Error] :1:1: Premature end of file.
2026-09-28 21:56:38,253 [ERROR] LogOutputStream:75 - [STDERR_REDIRECT] 
2026-09-28 21:56:39,249 [ERROR] LogOutputStream:75 - [STDERR_REDIRECT] [Fatal Error] :1:1: Premature end of file.
2026-09-28 21:56:39,249 [ERROR] LogOutputStream:75 - [STDERR_REDIRECT] 
2026-09-28 21:56:40,251 [ERROR] LogOutputStream:75 - [STDERR_REDIRECT] [Fatal Error] :1:1: Premature end of file.
2026-09-28 21:56:40,251 [ERROR] LogOutputStream:75 - [STDERR_REDIRECT] 
2026-09-28 21:56:41,252 [ERROR] LogOutputStream:75 - [STDERR_REDIRECT] [Fatal Error] :1:1: Premature end of file.
2026-09-28 21:56:41,252 [ERROR] LogOutputStream:75 - [STDERR_REDIRECT] 
2026-09-28 21:56:42,254 [ERROR] LogOutputStream:75 - [STDERR_REDIRECT] [Fatal Error] :1:1: Premature end of file.
2026-09-28 21:56:42,254 [ERROR] LogOutputStream:75 - [STDERR_REDIRECT] 
2026-09-28 21:56:43,249 [ERROR] LogOutputStream:75 - [STDERR_REDIRECT] [Fatal Error] :1:1: Premature end of file.
2026-09-28 21:56:43,249 [ERROR] LogOutputStream:75 - [STDERR_REDIRECT] 
2026-09-28 21:56:44,253 [ERROR] LogOutputStream:75 - [STDERR_REDIRECT] [Fatal Error] :1:1: Premature end of file.
2026-09-28 21:56:44,253 [ERROR] LogOutputStream:75 - [STDERR_REDIRECT] 
2026-09-28 21:56:45,253 [ERROR] LogOutputStream:75 - [STDERR_REDIRECT] [Fatal Error] :1:1: Premature end of file.
2026-09-28 21:56:45,253 [ERROR] LogOutputStream:75 - [STDERR_REDIRECT] 
2026-09-28 21:56:46,288 [ERROR] LogOutputStream:75 - [STDERR_REDIRECT] [Fatal Error] :1:1: Premature end of file.
2026-09-28 21:56:46,288 [ERROR] LogOutputStream:75 - [STDERR_REDIRECT] 
2026-09-28 21:56:47,249 [ERROR] LogOutputStream:75 - [STDERR_REDIRECT] [Fatal Error] :1:1: Premature end of file.
2026-09-28 21:56:47,249 [ERROR] LogOutputStream:75 - [STDERR_REDIRECT] 
2026-09-28 21:56:48,257 [ERROR] LogOutputStream:75 - [STDERR_REDIRECT] [Fatal Error] :1:1: Premature end of file.
2026-09-28 21:56:48,257 [ERROR] LogOutputStream:75 - [STDERR_REDIRECT] 
2026-09-28 21:56:49,253 [ERROR] LogOutputStream:75 - [STDERR_REDIRECT] [Fatal Error] :1:1: Premature end of file.
2026-09-28 21:56:49,253 [ERROR] LogOutputStream:75 - [STDERR_REDIRECT] 
2026-09-28 21:56:50,256 [ERROR] LogOutputStream:75 - [STDERR_REDIRECT] [Fatal Error] :1:1: Premature end of file.
2026-09-28 21:56:50,256 [ERROR] LogOutputStream:75 - [STDERR_REDIRECT] 
2026-09-28 21:56:51,259 [ERROR] LogOutputStream:75 - [STDERR_REDIRECT] [Fatal Error] :1:1: Premature end of file.
2026-09-28 21:56:51,259 [ERROR] LogOutputStream:75 - [STDERR_REDIRECT] 
2026-09-28 21:56:52,251 [ERROR] LogOutputStream:75 - [STDERR_REDIRECT] [Fatal Error] :1:1: Premature end of file.
2026-09-28 21:56:52,251 [ERROR] LogOutputStream:75 - [STDERR_REDIRECT] 
2026-09-28 21:56:53,248 [ERROR] LogOutputStream:75 - [STDERR_REDIRECT] [Fatal Error] :1:1: Premature end of file.
2026-09-28 21:56:53,248 [ERROR] LogOutputStream:75 - [STDERR_REDIRECT] 
2026-09-28 21:56:54,249 [ERROR] LogOutputStream:75 - [STDERR_REDIRECT] [Fatal Error] :1:1: Premature end of file.
2026-09-28 21:56:54,249 [ERROR] LogOutputStream:75 - [STDERR_REDIRECT] 
2026-09-28 21:56:55,255 [ERROR] LogOutputStream:75 - [STDERR_REDIRECT] [Fatal Error] :1:1: Premature end of file.
2026-09-28 21:56:55,255 [ERROR] LogOutputStream:75 - [STDERR_REDIRECT] 
2026-09-28 21:56:56,255 [ERROR] LogOutputStream:75 - [STDERR_REDIRECT] [Fatal Error] :1:1: Premature end of file.
2026-09-28 21:56:56,255 [ERROR] LogOutputStream:75 - [STDERR_REDIRECT] 
2026-09-28 21:56:57,259 [ERROR] LogOutputStream:75 - [STDERR_REDIRECT] [Fatal Error] :1:1: Premature end of file.
2026-09-28 21:56:57,259 [ERROR] LogOutputStream:75 - [STDERR_REDIRECT] 
2026-09-28 21:56:58,252 [ERROR] LogOutputStream:75 - [STDERR_REDIRECT] [Fatal Error] :1:1: Premature end of file.
2026-09-28 21:56:58,252 [ERROR] LogOutputStream:75 - [STDERR_REDIRECT] 
2026-09-28 21:56:59,254 [ERROR] LogOutputStream:75 - [STDERR_REDIRECT] [Fatal Error] :1:1: Premature end of file.
2026-09-28 21:56:59,254 [ERROR] LogOutputStream:75 - [STDERR_REDIRECT] 
2026-09-28 21:57:00,250 [ERROR] LogOutputStream:75 - [STDERR_REDIRECT] [Fatal Error] :1:1: Premature end of file.
2026-09-28 21:57:00,250 [ERROR] LogOutputStream:75 - [STDERR_REDIRECT] 
2026-09-28 21:57:01,255 [ERROR] LogOutputStream:75 - [STDERR_REDIRECT] [Fatal Error] :1:1: Premature end of file.
2026-09-28 21:57:01,255 [ERROR] LogOutputStream:75 - [STDERR_REDIRECT] 
2026-09-28 21:57:02,252 [ERROR] LogOutputStream:75 - [STDERR_REDIRECT] [Fatal Error] :1:1: Premature end of file.
2026-09-28 21:57:02,252 [ERROR] LogOutputStream:75 - [STDERR_REDIRECT] 
2026-09-28 21:57:03,257 [ERROR] LogOutputStream:75 - [STDERR_REDIRECT] [Fatal Error] :1:1: Premature end of file.
2026-09-28 21:57:03,257 [ERROR] LogOutputStream:75 - [STDERR_REDIRECT] 
2026-09-28 21:57:04,249 [ERROR] LogOutputStream:75 - [STDERR_REDIRECT] [Fatal Error] :1:1: Premature end of file.
2026-09-28 21:57:04,249 [ERROR] LogOutputStream:75 - [STDERR_REDIRECT] 
2026-09-28 21:57:05,257 [ERROR] LogOutputStream:75 - [STDERR_REDIRECT] [Fatal Error] :1:1: Premature end of file.
2026-09-28 21:57:05,257 [ERROR] LogOutputStream:75 - [STDERR_REDIRECT] 
2026-09-28 21:57:06,259 [ERROR] LogOutputStream:75 - [STDERR_REDIRECT] [Fatal Error] :1:1: Premature end of file.
2026-09-28 21:57:06,259 [ERROR] LogOutputStream:75 - [STDERR_REDIRECT] 
2026-09-28 21:57:07,257 [ERROR] LogOutputStream:75 - [STDERR_REDIRECT] [Fatal Error] :1:1: Premature end of file.
2026-09-28 21:57:07,257 [ERROR] LogOutputStream:75 - [STDERR_REDIRECT] 
2026-09-28 21:57:08,251 [ERROR] LogOutputStream:75 - [STDERR_REDIRECT] [Fatal Error] :1:1: Premature end of file.
2026-09-28 21:57:08,251 [ERROR] LogOutputStream:75 - [STDERR_REDIRECT] 
2026-09-28 21:57:09,254 [ERROR] LogOutputStream:75 - [STDERR_REDIRECT] [Fatal Error] :1:1: Premature end of file.
2026-09-28 21:57:09,254 [ERROR] LogOutputStream:75 - [STDERR_REDIRECT] 
2026-09-28 21:57:10,254 [ERROR] LogOutputStream:75 - [STDERR_REDIRECT] [Fatal Error] :1:1: Premature end of file.
2026-09-28 21:57:10,254 [ERROR] LogOutputStream:75 - [STDERR_REDIRECT] 
2026-09-28 21:57:11,252 [ERROR] LogOutputStream:75 - [STDERR_REDIRECT] [Fatal Error] :1:1: Premature end of file.
2026-09-28 21:57:11,252 [ERROR] LogOutputStream:75 - [STDERR_REDIRECT] 
2026-09-28 21:57:12,255 [ERROR] LogOutputStream:75 - [STDERR_REDIRECT] [Fatal Error] :1:1: Premature end of file.
2026-09-28 21:57:12,257 [ERROR] LogOutputStream:75 - [STDERR_REDIRECT] 
2026-09-28 21:57:13,250 [ERROR] LogOutputStream:75 - [STDERR_REDIRECT] [Fatal Error] :1:1: Premature end of file.
2026-09-28 21:57:13,250 [ERROR] LogOutputStream:75 - [STDERR_REDIRECT] 
2026-09-28 21:57:14,252 [ERROR] LogOutputStream:75 - [STDERR_REDIRECT] [Fatal Error] :1:1: Premature end of file.
2026-09-28 21:57:14,252 [ERROR] LogOutputStream:75 - [STDERR_REDIRECT] 
2026-09-28 21:57:15,256 [ERROR] LogOutputStream:75 - [STDERR_REDIRECT] [Fatal Error] :1:1: Premature end of file.
2026-09-28 21:57:15,256 [ERROR] LogOutputStream:75 - [STDERR_REDIRECT] 
2026-09-28 21:57:16,250 [ERROR] LogOutputStream:75 - [STDERR_REDIRECT] [Fatal Error] :1:1: Premature end of file.
2026-09-28 21:57:16,250 [ERROR] LogOutputStream:75 - [STDERR_REDIRECT] 
2026-09-28 21:57:17,246 [ERROR] LogOutputStream:75 - [STDERR_REDIRECT] [Fatal Error] :1:1: Premature end of file.
2026-09-28 21:57:17,248 [ERROR] LogOutputStream:75 - [STDERR_REDIRECT] 
2026-09-28 21:57:18,254 [ERROR] LogOutputStream:75 - [STDERR_REDIRECT] [Fatal Error] :1:1: Premature end of file.
2026-09-28 21:57:18,254 [ERROR] LogOutputStream:75 - [STDERR_REDIRECT] 
2026-09-28 21:57:19,252 [ERROR] LogOutputStream:75 - [STDERR_REDIRECT] [Fatal Error] :1:1: Premature end of file.
2026-09-28 21:57:19,254 [ERROR] LogOutputStream:75 - [STDERR_REDIRECT] 
2026-09-28 21:57:20,272 [ERROR] LogOutputStream:75 - [STDERR_REDIRECT] [Fatal Error] :1:1: Premature end of file.
2026-09-28 21:57:20,272 [ERROR] LogOutputStream:75 - [STDERR_REDIRECT] 
2026-09-28 21:57:21,257 [ERROR] LogOutputStream:75 - [STDERR_REDIRECT] [Fatal Error] :1:1: Premature end of file.
2026-09-28 21:57:21,257 [ERROR] LogOutputStream:75 - [STDERR_REDIRECT] 
2026-09-28 21:57:22,250 [ERROR] LogOutputStream:75 - [STDERR_REDIRECT] [Fatal Error] :1:1: Premature end of file.
2026-09-28 21:57:22,250 [ERROR] LogOutputStream:75 - [STDERR_REDIRECT] 
2026-09-28 21:57:23,254 [ERROR] LogOutputStream:75 - [STDERR_REDIRECT] [Fatal Error] :1:1: Premature end of file.
2026-09-28 21:57:23,254 [ERROR] LogOutputStream:75 - [STDERR_REDIRECT] 
2026-09-28 21:57:24,250 [ERROR] LogOutputStream:75 - [STDERR_REDIRECT] [Fatal Error] :1:1: Premature end of file.
2026-09-28 21:57:24,250 [ERROR] LogOutputStream:75 - [STDERR_REDIRECT] 
2026-09-28 21:57:25,250 [ERROR] LogOutputStream:75 - [STDERR_REDIRECT] [Fatal Error] :1:1: Premature end of file.
2026-09-28 21:57:25,250 [ERROR] LogOutputStream:75 - [STDERR_REDIRECT] 
2026-09-28 21:57:26,253 [ERROR] LogOutputStream:75 - [STDERR_REDIRECT] [Fatal Error] :1:1: Premature end of file.
2026-09-28 21:57:26,253 [ERROR] LogOutputStream:75 - [STDERR_REDIRECT] 
2026-09-28 21:57:27,252 [ERROR] LogOutputStream:75 - [STDERR_REDIRECT] [Fatal Error] :1:1: Premature end of file.
2026-09-28 21:57:27,252 [ERROR] LogOutputStream:75 - [STDERR_REDIRECT] 
2026-09-28 21:57:28,254 [ERROR] LogOutputStream:75 - [STDERR_REDIRECT] [Fatal Error] :1:1: Premature end of file.
2026-09-28 21:57:28,254 [ERROR] LogOutputStream:75 - [STDERR_REDIRECT] 
2026-09-28 21:57:29,254 [ERROR] LogOutputStream:75 - [STDERR_REDIRECT] [Fatal Error] :1:1: Premature end of file.
2026-09-28 21:57:29,254 [ERROR] LogOutputStream:75 - [STDERR_REDIRECT] 
2026-09-28 21:57:30,252 [ERROR] LogOutputStream:75 - [STDERR_REDIRECT] [Fatal Error] :1:1: Premature end of file.
2026-09-28 21:57:30,252 [ERROR] LogOutputStream:75 - [STDERR_REDIRECT] 
2026-09-28 21:57:31,252 [ERROR] LogOutputStream:75 - [STDERR_REDIRECT] [Fatal Error] :1:1: Premature end of file.
2026-09-28 21:57:31,252 [ERROR] LogOutputStream:75 - [STDERR_REDIRECT] 
2026-09-28 21:57:32,252 [ERROR] LogOutputStream:75 - [STDERR_REDIRECT] [Fatal Error] :1:1: Premature end of file.
2026-09-28 21:57:32,252 [ERROR] LogOutputStream:75 - [STDERR_REDIRECT] 
2026-09-28 21:57:33,248 [ERROR] LogOutputStream:75 - [STDERR_REDIRECT] [Fatal Error] :1:1: Premature end of file.
2026-09-28 21:57:33,248 [ERROR] LogOutputStream:75 - [STDERR_REDIRECT] 
2026-09-28 21:57:34,253 [ERROR] LogOutputStream:75 - [STDERR_REDIRECT] [Fatal Error] :1:1: Premature end of file.
2026-09-28 21:57:34,253 [ERROR] LogOutputStream:75 - [STDERR_REDIRECT] 
2026-09-28 21:57:35,252 [ERROR] LogOutputStream:75 - [STDERR_REDIRECT] [Fatal Error] :1:1: Premature end of file.
2026-09-28 21:57:35,252 [ERROR] LogOutputStream:75 - [STDERR_REDIRECT] 
2026-09-28 21:57:36,251 [ERROR] LogOutputStream:75 - [STDERR_REDIRECT] [Fatal Error] :1:1: Premature end of file.
2026-09-28 21:57:36,251 [ERROR] LogOutputStream:75 - [STDERR_REDIRECT] 
2026-09-28 21:57:37,248 [ERROR] LogOutputStream:75 - [STDERR_REDIRECT] [Fatal Error] :1:1: Premature end of file.
2026-09-28 21:57:37,248 [ERROR] LogOutputStream:75 - [STDERR_REDIRECT] 
2026-09-28 21:57:38,248 [ERROR] LogOutputStream:75 - [STDERR_REDIRECT] [Fatal Error] :1:1: Premature end of file.
2026-09-28 21:57:38,248 [ERROR] LogOutputStream:75 - [STDERR_REDIRECT] 
2026-09-28 21:57:39,252 [ERROR] LogOutputStream:75 - [STDERR_REDIRECT] [Fatal Error] :1:1: Premature end of file.
2026-09-28 21:57:39,252 [ERROR] LogOutputStream:75 - [STDERR_REDIRECT] 
2026-09-28 21:57:40,248 [ERROR] LogOutputStream:75 - [STDERR_REDIRECT] [Fatal Error] :1:1: Premature end of file.
2026-09-28 21:57:40,248 [ERROR] LogOutputStream:75 - [STDERR_REDIRECT] 
2026-09-28 21:57:41,248 [ERROR] LogOutputStream:75 - [STDERR_REDIRECT] [Fatal Error] :1:1: Premature end of file.
2026-09-28 21:57:41,248 [ERROR] LogOutputStream:75 - [STDERR_REDIRECT] 
2026-09-28 21:57:42,255 [ERROR] LogOutputStream:75 - [STDERR_REDIRECT] [Fatal Error] :1:1: Premature end of file.
2026-09-28 21:57:42,255 [ERROR] LogOutputStream:75 - [STDERR_REDIRECT] 
2026-09-28 21:57:43,254 [ERROR] LogOutputStream:75 - [STDERR_REDIRECT] [Fatal Error] :1:1: Premature end of file.
2026-09-28 21:57:43,254 [ERROR] LogOutputStream:75 - [STDERR_REDIRECT] 
2026-09-28 21:57:44,252 [ERROR] LogOutputStream:75 - [STDERR_REDIRECT] [Fatal Error] :1:1: Premature end of file.
2026-09-28 21:57:44,252 [ERROR] LogOutputStream:75 - [STDERR_REDIRECT] 
2026-09-28 21:57:45,255 [ERROR] LogOutputStream:75 - [STDERR_REDIRECT] [Fatal Error] :1:1: Premature end of file.
2026-09-28 21:57:45,255 [ERROR] LogOutputStream:75 - [STDERR_REDIRECT] 
2026-09-28 21:57:46,249 [ERROR] LogOutputStream:75 - [STDERR_REDIRECT] [Fatal Error] :1:1: Premature end of file.
2026-09-28 21:57:46,251 [ERROR] LogOutputStream:75 - [STDERR_REDIRECT] 
2026-09-28 21:57:47,249 [ERROR] LogOutputStream:75 - [STDERR_REDIRECT] [Fatal Error] :1:1: Premature end of file.
2026-09-28 21:57:47,252 [ERROR] LogOutputStream:75 - [STDERR_REDIRECT] 
2026-09-28 21:57:48,254 [ERROR] LogOutputStream:75 - [STDERR_REDIRECT] [Fatal Error] :1:1: Premature end of file.
2026-09-28 21:57:48,254 [ERROR] LogOutputStream:75 - [STDERR_REDIRECT] 
2026-09-28 21:57:49,258 [ERROR] LogOutputStream:75 - [STDERR_REDIRECT] [Fatal Error] :1:1: Premature end of file.
2026-09-28 21:57:49,258 [ERROR] LogOutputStream:75 - [STDERR_REDIRECT] 
2026-09-28 21:57:50,250 [ERROR] LogOutputStream:75 - [STDERR_REDIRECT] [Fatal Error] :1:1: Premature end of file.
2026-09-28 21:57:50,250 [ERROR] LogOutputStream:75 - [STDERR_REDIRECT] 
2026-09-28 21:57:51,250 [ERROR] LogOutputStream:75 - [STDERR_REDIRECT] [Fatal Error] :1:1: Premature end of file.
2026-09-28 21:57:51,252 [ERROR] LogOutputStream:75 - [STDERR_REDIRECT] 
2026-09-28 21:57:52,251 [ERROR] LogOutputStream:75 - [STDERR_REDIRECT] [Fatal Error] :1:1: Premature end of file.
2026-09-28 21:57:52,251 [ERROR] LogOutputStream:75 - [STDERR_REDIRECT] 
2026-09-28 21:57:53,250 [ERROR] LogOutputStream:75 - [STDERR_REDIRECT] [Fatal Error] :1:1: Premature end of file.
2026-09-28 21:57:53,250 [ERROR] LogOutputStream:75 - [STDERR_REDIRECT] 
2026-09-28 21:57:54,251 [ERROR] LogOutputStream:75 - [STDERR_REDIRECT] [Fatal Error] :1:1: Premature end of file.
2026-09-28 21:57:54,251 [ERROR] LogOutputStream:75 - [STDERR_REDIRECT] 
2026-09-28 21:57:55,254 [ERROR] LogOutputStream:75 - [STDERR_REDIRECT] [Fatal Error] :1:1: Premature end of file.
2026-09-28 21:57:55,254 [ERROR] LogOutputStream:75 - [STDERR_REDIRECT] 
2026-09-28 21:57:56,270 [ERROR] LogOutputStream:75 - [STDERR_REDIRECT] [Fatal Error] :1:1: Premature end of file.
2026-09-28 21:57:56,270 [ERROR] LogOutputStream:75 - [STDERR_REDIRECT] 
2026-09-28 21:57:57,254 [ERROR] LogOutputStream:75 - [STDERR_REDIRECT] [Fatal Error] :1:1: Premature end of file.
2026-09-28 21:57:57,254 [ERROR] LogOutputStream:75 - [STDERR_REDIRECT] 
2026-09-28 21:57:58,251 [ERROR] LogOutputStream:75 - [STDERR_REDIRECT] [Fatal Error] :1:1: Premature end of file.
2026-09-28 21:57:58,251 [ERROR] LogOutputStream:75 - [STDERR_REDIRECT] 
2026-09-28 21:57:59,248 [ERROR] LogOutputStream:75 - [STDERR_REDIRECT] [Fatal Error] :1:1: Premature end of file.
2026-09-28 21:57:59,248 [ERROR] LogOutputStream:75 - [STDERR_REDIRECT] 
2026-09-28 21:58:00,248 [ERROR] LogOutputStream:75 - [STDERR_REDIRECT] [Fatal Error] :1:1: Premature end of file.
2026-09-28 21:58:00,248 [ERROR] LogOutputStream:75 - [STDERR_REDIRECT] 
2026-09-28 21:58:01,262 [ERROR] LogOutputStream:75 - [STDERR_REDIRECT] [Fatal Error] :1:1: Premature end of file.
2026-09-28 21:58:01,263 [ERROR] LogOutputStream:75 - [STDERR_REDIRECT] 
2026-09-28 21:58:02,254 [ERROR] LogOutputStream:75 - [STDERR_REDIRECT] [Fatal Error] :1:1: Premature end of file.
2026-09-28 21:58:02,254 [ERROR] LogOutputStream:75 - [STDERR_REDIRECT] 
2026-09-28 21:58:03,254 [ERROR] LogOutputStream:75 - [STDERR_REDIRECT] [Fatal Error] :1:1: Premature end of file.
2026-09-28 21:58:03,254 [ERROR] LogOutputStream:75 - [STDERR_REDIRECT] 
2026-09-28 21:58:04,258 [ERROR] LogOutputStream:75 - [STDERR_REDIRECT] [Fatal Error] :1:1: Premature end of file.
2026-09-28 21:58:04,258 [ERROR] LogOutputStream:75 - [STDERR_REDIRECT] 
2026-09-28 21:58:05,250 [ERROR] LogOutputStream:75 - [STDERR_REDIRECT] [Fatal Error] :1:1: Premature end of file.
2026-09-28 21:58:05,250 [ERROR] LogOutputStream:75 - [STDERR_REDIRECT] 
2026-09-28 21:58:06,264 [ERROR] LogOutputStream:75 - [STDERR_REDIRECT] [Fatal Error] :1:1: Premature end of file.
2026-09-28 21:58:06,264 [ERROR] LogOutputStream:75 - [STDERR_REDIRECT] 
2026-09-28 21:58:07,248 [ERROR] LogOutputStream:75 - [STDERR_REDIRECT] [Fatal Error] :1:1: Premature end of file.
2026-09-28 21:58:07,248 [ERROR] LogOutputStream:75 - [STDERR_REDIRECT] 
2026-09-28 21:58:08,261 [ERROR] LogOutputStream:75 - [STDERR_REDIRECT] [Fatal Error] :1:1: Premature end of file.
2026-09-28 21:58:08,261 [ERROR] LogOutputStream:75 - [STDERR_REDIRECT] 
2026-09-28 21:58:09,251 [ERROR] LogOutputStream:75 - [STDERR_REDIRECT] [Fatal Error] :1:1: Premature end of file.
2026-09-28 21:58:09,251 [ERROR] LogOutputStream:75 - [STDERR_REDIRECT] 
2026-09-28 21:58:10,250 [ERROR] LogOutputStream:75 - [STDERR_REDIRECT] [Fatal Error] :1:1: Premature end of file.
2026-09-28 21:58:10,250 [ERROR] LogOutputStream:75 - [STDERR_REDIRECT] 
2026-09-28 21:58:11,254 [ERROR] LogOutputStream:75 - [STDERR_REDIRECT] [Fatal Error] :1:1: Premature end of file.
2026-09-28 21:58:11,254 [ERROR] LogOutputStream:75 - [STDERR_REDIRECT] 
2026-09-28 21:58:12,251 [ERROR] LogOutputStream:75 - [STDERR_REDIRECT] [Fatal Error] :1:1: Premature end of file.
2026-09-28 21:58:12,251 [ERROR] LogOutputStream:75 - [STDERR_REDIRECT] 
2026-09-28 21:58:13,252 [ERROR] LogOutputStream:75 - [STDERR_REDIRECT] [Fatal Error] :1:1: Premature end of file.
2026-09-28 21:58:13,252 [ERROR] LogOutputStream:75 - [STDERR_REDIRECT] 
2026-09-28 21:58:14,255 [ERROR] LogOutputStream:75 - [STDERR_REDIRECT] [Fatal Error] :1:1: Premature end of file.
2026-09-28 21:58:14,255 [ERROR] LogOutputStream:75 - [STDERR_REDIRECT] 
2026-09-28 21:58:15,256 [ERROR] LogOutputStream:75 - [STDERR_REDIRECT] [Fatal Error] :1:1: Premature end of file.
2026-09-28 21:58:15,256 [ERROR] LogOutputStream:75 - [STDERR_REDIRECT] 
2026-09-28 21:58:16,247 [ERROR] LogOutputStream:75 - [STDERR_REDIRECT] [Fatal Error] :1:1: Premature end of file.
2026-09-28 21:58:16,247 [ERROR] LogOutputStream:75 - [STDERR_REDIRECT] 
2026-09-28 21:58:17,255 [ERROR] LogOutputStream:75 - [STDERR_REDIRECT] [Fatal Error] :1:1: Premature end of file.
2026-09-28 21:58:17,255 [ERROR] LogOutputStream:75 - [STDERR_REDIRECT] 
2026-09-28 21:58:18,249 [ERROR] LogOutputStream:75 - [STDERR_REDIRECT] [Fatal Error] :1:1: Premature end of file.
2026-09-28 21:58:18,249 [ERROR] LogOutputStream:75 - [STDERR_REDIRECT] 
2026-09-28 21:58:19,256 [ERROR] LogOutputStream:75 - [STDERR_REDIRECT] [Fatal Error] :1:1: Premature end of file.
2026-09-28 21:58:19,256 [ERROR] LogOutputStream:75 - [STDERR_REDIRECT] 
2026-09-28 21:58:20,259 [ERROR] LogOutputStream:75 - [STDERR_REDIRECT] [Fatal Error] :1:1: Premature end of file.
2026-09-28 21:58:20,259 [ERROR] LogOutputStream:75 - [STDERR_REDIRECT] 
2026-09-28 21:58:21,259 [ERROR] LogOutputStream:75 - [STDERR_REDIRECT] [Fatal Error] :1:1: Premature end of file.
2026-09-28 21:58:21,259 [ERROR] LogOutputStream:75 - [STDERR_REDIRECT] 
2026-09-28 21:58:22,256 [ERROR] LogOutputStream:75 - [STDERR_REDIRECT] [Fatal Error] :1:1: Premature end of file.
2026-09-28 21:58:22,256 [ERROR] LogOutputStream:75 - [STDERR_REDIRECT] 
2026-09-28 21:58:23,255 [ERROR] LogOutputStream:75 - [STDERR_REDIRECT] [Fatal Error] :1:1: Premature end of file.
2026-09-28 21:58:23,255 [ERROR] LogOutputStream:75 - [STDERR_REDIRECT] 
2026-09-28 21:58:24,251 [ERROR] LogOutputStream:75 - [STDERR_REDIRECT] [Fatal Error] :1:1: Premature end of file.
2026-09-28 21:58:24,251 [ERROR] LogOutputStream:75 - [STDERR_REDIRECT] 
2026-09-28 21:58:25,278 [ERROR] LogOutputStream:75 - [STDERR_REDIRECT] [Fatal Error] :1:1: Premature end of file.
2026-09-28 21:58:25,278 [ERROR] LogOutputStream:75 - [STDERR_REDIRECT] 
2026-09-28 21:58:26,252 [ERROR] LogOutputStream:75 - [STDERR_REDIRECT] [Fatal Error] :1:1: Premature end of file.
2026-09-28 21:58:26,252 [ERROR] LogOutputStream:75 - [STDERR_REDIRECT] 
2026-09-28 21:58:27,257 [ERROR] LogOutputStream:75 - [STDERR_REDIRECT] [Fatal Error] :1:1: Premature end of file.
2026-09-28 21:58:27,258 [ERROR] LogOutputStream:75 - [STDERR_REDIRECT] 
2026-09-28 21:58:28,252 [ERROR] LogOutputStream:75 - [STDERR_REDIRECT] [Fatal Error] :1:1: Premature end of file.
2026-09-28 21:58:28,252 [ERROR] LogOutputStream:75 - [STDERR_REDIRECT] 
2026-09-28 21:58:29,258 [ERROR] LogOutputStream:75 - [STDERR_REDIRECT] [Fatal Error] :1:1: Premature end of file.
2026-09-28 21:58:29,258 [ERROR] LogOutputStream:75 - [STDERR_REDIRECT] 
2026-09-28 21:58:30,260 [ERROR] LogOutputStream:75 - [STDERR_REDIRECT] [Fatal Error] :1:1: Premature end of file.
2026-09-28 21:58:30,260 [ERROR] LogOutputStream:75 - [STDERR_REDIRECT] 
2026-09-28 21:58:31,264 [ERROR] LogOutputStream:75 - [STDERR_REDIRECT] [Fatal Error] :1:1: Premature end of file.
2026-09-28 21:58:31,264 [ERROR] LogOutputStream:75 - [STDERR_REDIRECT] 
2026-09-28 21:58:32,248 [ERROR] LogOutputStream:75 - [STDERR_REDIRECT] [Fatal Error] :1:1: Premature end of file.
2026-09-28 21:58:32,251 [ERROR] LogOutputStream:75 - [STDERR_REDIRECT] 
2026-09-28 21:58:33,267 [ERROR] LogOutputStream:75 - [STDERR_REDIRECT] [Fatal Error] :1:1: Premature end of file.
2026-09-28 21:58:33,267 [ERROR] LogOutputStream:75 - [STDERR_REDIRECT] 
2026-09-28 21:58:34,259 [ERROR] LogOutputStream:75 - [STDERR_REDIRECT] [Fatal Error] :1:1: Premature end of file.
2026-09-28 21:58:34,259 [ERROR] LogOutputStream:75 - [STDERR_REDIRECT] 
2026-09-28 21:58:35,251 [ERROR] LogOutputStream:75 - [STDERR_REDIRECT] [Fatal Error] :1:1: Premature end of file.
2026-09-28 21:58:35,251 [ERROR] LogOutputStream:75 - [STDERR_REDIRECT] 
2026-09-28 21:58:36,254 [ERROR] LogOutputStream:75 - [STDERR_REDIRECT] [Fatal Error] :1:1: Premature end of file.
2026-09-28 21:58:36,254 [ERROR] LogOutputStream:75 - [STDERR_REDIRECT] 
2026-09-28 21:58:37,258 [ERROR] LogOutputStream:75 - [STDERR_REDIRECT] [Fatal Error] :1:1: Premature end of file.
2026-09-28 21:58:37,259 [ERROR] LogOutputStream:75 - [STDERR_REDIRECT] 
2026-09-28 21:58:38,250 [ERROR] LogOutputStream:75 - [STDERR_REDIRECT] [Fatal Error] :1:1: Premature end of file.
2026-09-28 21:58:38,250 [ERROR] LogOutputStream:75 - [STDERR_REDIRECT] 
2026-09-28 21:58:39,282 [ERROR] LogOutputStream:75 - [STDERR_REDIRECT] [Fatal Error] :1:1: Premature end of file.
2026-09-28 21:58:39,282 [ERROR] LogOutputStream:75 - [STDERR_REDIRECT] 
2026-09-28 21:58:40,255 [ERROR] LogOutputStream:75 - [STDERR_REDIRECT] [Fatal Error] :1:1: Premature end of file.
2026-09-28 21:58:40,255 [ERROR] LogOutputStream:75 - [STDERR_REDIRECT] 
2026-09-28 21:58:41,258 [ERROR] LogOutputStream:75 - [STDERR_REDIRECT] [Fatal Error] :1:1: Premature end of file.
2026-09-28 21:58:41,258 [ERROR] LogOutputStream:75 - [STDERR_REDIRECT] 
2026-09-28 21:58:42,262 [ERROR] LogOutputStream:75 - [STDERR_REDIRECT] [Fatal Error] :1:1: Premature end of file.
2026-09-28 21:58:42,262 [ERROR] LogOutputStream:75 - [STDERR_REDIRECT] 
2026-09-28 21:58:43,254 [ERROR] LogOutputStream:75 - [STDERR_REDIRECT] [Fatal Error] :1:1: Premature end of file.
2026-09-28 21:58:43,254 [ERROR] LogOutputStream:75 - [STDERR_REDIRECT] 
2026-09-28 21:58:44,256 [ERROR] LogOutputStream:75 - [STDERR_REDIRECT] [Fatal Error] :1:1: Premature end of file.
2026-09-28 21:58:44,256 [ERROR] LogOutputStream:75 - [STDERR_REDIRECT] 
2026-09-28 21:58:45,261 [ERROR] LogOutputStream:75 - [STDERR_REDIRECT] [Fatal Error] :1:1: Premature end of file.
2026-09-28 21:58:45,261 [ERROR] LogOutputStream:75 - [STDERR_REDIRECT] 
2026-09-28 21:58:46,262 [ERROR] LogOutputStream:75 - [STDERR_REDIRECT] [Fatal Error] :1:1: Premature end of file.
2026-09-28 21:58:46,262 [ERROR] LogOutputStream:75 - [STDERR_REDIRECT] 
2026-09-28 21:58:47,250 [ERROR] LogOutputStream:75 - [STDERR_REDIRECT] [Fatal Error] :1:1: Premature end of file.
2026-09-28 21:58:47,250 [ERROR] LogOutputStream:75 - [STDERR_REDIRECT] 
2026-09-28 21:58:48,247 [ERROR] LogOutputStream:75 - [STDERR_REDIRECT] [Fatal Error] :1:1: Premature end of file.
2026-09-28 21:58:48,248 [ERROR] LogOutputStream:75 - [STDERR_REDIRECT] 
2026-09-28 21:58:49,249 [ERROR] LogOutputStream:75 - [STDERR_REDIRECT] [Fatal Error] :1:1: Premature end of file.
2026-09-28 21:58:49,249 [ERROR] LogOutputStream:75 - [STDERR_REDIRECT] 
2026-09-28 21:58:50,250 [ERROR] LogOutputStream:75 - [STDERR_REDIRECT] [Fatal Error] :1:1: Premature end of file.
2026-09-28 21:58:50,250 [ERROR] LogOutputStream:75 - [STDERR_REDIRECT] 
2026-09-28 21:58:51,251 [ERROR] LogOutputStream:75 - [STDERR_REDIRECT] [Fatal Error] :1:1: Premature end of file.
2026-09-28 21:58:51,251 [ERROR] LogOutputStream:75 - [STDERR_REDIRECT] 
2026-09-28 21:58:52,249 [ERROR] LogOutputStream:75 - [STDERR_REDIRECT] [Fatal Error] :1:1: Premature end of file.
2026-09-28 21:58:52,249 [ERROR] LogOutputStream:75 - [STDERR_REDIRECT] 
2026-09-28 21:58:53,247 [ERROR] LogOutputStream:75 - [STDERR_REDIRECT] [Fatal Error] :1:1: Premature end of file.
2026-09-28 21:58:53,247 [ERROR] LogOutputStream:75 - [STDERR_REDIRECT] 
2026-09-28 21:58:54,248 [ERROR] LogOutputStream:75 - [STDERR_REDIRECT] [Fatal Error] :1:1: Premature end of file.
2026-09-28 21:58:54,248 [ERROR] LogOutputStream:75 - [STDERR_REDIRECT] 
2026-09-28 21:58:55,248 [ERROR] LogOutputStream:75 - [STDERR_REDIRECT] [Fatal Error] :1:1: Premature end of file.
2026-09-28 21:58:55,248 [ERROR] LogOutputStream:75 - [STDERR_REDIRECT] 
2026-09-28 21:58:56,249 [ERROR] LogOutputStream:75 - [STDERR_REDIRECT] [Fatal Error] :1:1: Premature end of file.
2026-09-28 21:58:56,249 [ERROR] LogOutputStream:75 - [STDERR_REDIRECT] 
2026-09-28 21:58:57,251 [ERROR] LogOutputStream:75 - [STDERR_REDIRECT] [Fatal Error] :1:1: Premature end of file.
2026-09-28 21:58:57,251 [ERROR] LogOutputStream:75 - [STDERR_REDIRECT] 
2026-09-28 21:58:58,248 [ERROR] LogOutputStream:75 - [STDERR_REDIRECT] [Fatal Error] :1:1: Premature end of file.
2026-09-28 21:58:58,248 [ERROR] LogOutputStream:75 - [STDERR_REDIRECT] 
2026-09-28 21:58:59,247 [ERROR] LogOutputStream:75 - [STDERR_REDIRECT] [Fatal Error] :1:1: Premature end of file.
2026-09-28 21:58:59,248 [ERROR] LogOutputStream:75 - [STDERR_REDIRECT] 
2026-09-28 21:59:00,249 [ERROR] LogOutputStream:75 - [STDERR_REDIRECT] [Fatal Error] :1:1: Premature end of file.
2026-09-28 21:59:00,249 [ERROR] LogOutputStream:75 - [STDERR_REDIRECT] 
2026-09-28 21:59:01,249 [ERROR] LogOutputStream:75 - [STDERR_REDIRECT] [Fatal Error] :1:1: Premature end of file.
2026-09-28 21:59:01,249 [ERROR] LogOutputStream:75 - [STDERR_REDIRECT] 
2026-09-28 21:59:02,253 [ERROR] LogOutputStream:75 - [STDERR_REDIRECT] [Fatal Error] :1:1: Premature end of file.
2026-09-28 21:59:02,253 [ERROR] LogOutputStream:75 - [STDERR_REDIRECT] 
2026-09-28 21:59:03,256 [ERROR] LogOutputStream:75 - [STDERR_REDIRECT] [Fatal Error] :1:1: Premature end of file.
2026-09-28 21:59:03,256 [ERROR] LogOutputStream:75 - [STDERR_REDIRECT] 
2026-09-28 21:59:04,262 [ERROR] LogOutputStream:75 - [STDERR_REDIRECT] [Fatal Error] :1:1: Premature end of file.
2026-09-28 21:59:04,262 [ERROR] LogOutputStream:75 - [STDERR_REDIRECT] 
2026-09-28 21:59:05,255 [ERROR] LogOutputStream:75 - [STDERR_REDIRECT] [Fatal Error] :1:1: Premature end of file.
2026-09-28 21:59:05,256 [ERROR] LogOutputStream:75 - [STDERR_REDIRECT] 
2026-09-28 21:59:06,258 [ERROR] LogOutputStream:75 - [STDERR_REDIRECT] [Fatal Error] :1:1: Premature end of file.
2026-09-28 21:59:06,258 [ERROR] LogOutputStream:75 - [STDERR_REDIRECT] 
2026-09-28 21:59:07,255 [ERROR] LogOutputStream:75 - [STDERR_REDIRECT] [Fatal Error] :1:1: Premature end of file.
2026-09-28 21:59:07,256 [ERROR] LogOutputStream:75 - [STDERR_REDIRECT] 
2026-09-28 21:59:08,254 [ERROR] LogOutputStream:75 - [STDERR_REDIRECT] [Fatal Error] :1:1: Premature end of file.
2026-09-28 21:59:08,255 [ERROR] LogOutputStream:75 - [STDERR_REDIRECT] 
2026-09-28 21:59:09,253 [ERROR] LogOutputStream:75 - [STDERR_REDIRECT] [Fatal Error] :1:1: Premature end of file.
2026-09-28 21:59:09,253 [ERROR] LogOutputStream:75 - [STDERR_REDIRECT] 
2026-09-28 21:59:10,252 [ERROR] LogOutputStream:75 - [STDERR_REDIRECT] [Fatal Error] :1:1: Premature end of file.
2026-09-28 21:59:10,252 [ERROR] LogOutputStream:75 - [STDERR_REDIRECT] 
2026-09-28 21:59:11,248 [ERROR] LogOutputStream:75 - [STDERR_REDIRECT] [Fatal Error] :1:1: Premature end of file.
2026-09-28 21:59:11,248 [ERROR] LogOutputStream:75 - [STDERR_REDIRECT] 
2026-09-28 21:59:12,253 [ERROR] LogOutputStream:75 - [STDERR_REDIRECT] [Fatal Error] :1:1: Premature end of file.
2026-09-28 21:59:12,253 [ERROR] LogOutputStream:75 - [STDERR_REDIRECT] 
2026-09-28 21:59:13,254 [ERROR] LogOutputStream:75 - [STDERR_REDIRECT] [Fatal Error] :1:1: Premature end of file.
2026-09-28 21:59:13,254 [ERROR] LogOutputStream:75 - [STDERR_REDIRECT] 
2026-09-28 21:59:14,264 [ERROR] LogOutputStream:75 - [STDERR_REDIRECT] [Fatal Error] :1:1: Premature end of file.
2026-09-28 21:59:14,264 [ERROR] LogOutputStream:75 - [STDERR_REDIRECT] 
2026-09-28 21:59:15,248 [ERROR] LogOutputStream:75 - [STDERR_REDIRECT] [Fatal Error] :1:1: Premature end of file.
2026-09-28 21:59:15,248 [ERROR] LogOutputStream:75 - [STDERR_REDIRECT] 
2026-09-28 21:59:16,249 [ERROR] LogOutputStream:75 - [STDERR_REDIRECT] [Fatal Error] :1:1: Premature end of file.
2026-09-28 21:59:16,249 [ERROR] LogOutputStream:75 - [STDERR_REDIRECT] 
2026-09-28 21:59:17,248 [ERROR] LogOutputStream:75 - [STDERR_REDIRECT] [Fatal Error] :1:1: Premature end of file.
2026-09-28 21:59:17,248 [ERROR] LogOutputStream:75 - [STDERR_REDIRECT] 
2026-09-28 21:59:18,278 [ERROR] LogOutputStream:75 - [STDERR_REDIRECT] [Fatal Error] :1:1: Premature end of file.
2026-09-28 21:59:18,278 [ERROR] LogOutputStream:75 - [STDERR_REDIRECT] 
2026-09-28 21:59:19,248 [ERROR] LogOutputStream:75 - [STDERR_REDIRECT] [Fatal Error] :1:1: Premature end of file.
2026-09-28 21:59:19,248 [ERROR] LogOutputStream:75 - [STDERR_REDIRECT] 
2026-09-28 21:59:20,251 [ERROR] LogOutputStream:75 - [STDERR_REDIRECT] [Fatal Error] :1:1: Premature end of file.
2026-09-28 21:59:20,251 [ERROR] LogOutputStream:75 - [STDERR_REDIRECT] 
2026-09-28 21:59:21,250 [ERROR] LogOutputStream:75 - [STDERR_REDIRECT] [Fatal Error] :1:1: Premature end of file.
2026-09-28 21:59:21,250 [ERROR] LogOutputStream:75 - [STDERR_REDIRECT] 
2026-09-28 21:59:22,252 [ERROR] LogOutputStream:75 - [STDERR_REDIRECT] [Fatal Error] :1:1: Premature end of file.
2026-09-28 21:59:22,252 [ERROR] LogOutputStream:75 - [STDERR_REDIRECT] 
2026-09-28 21:59:23,250 [ERROR] LogOutputStream:75 - [STDERR_REDIRECT] [Fatal Error] :1:1: Premature end of file.
2026-09-28 21:59:23,250 [ERROR] LogOutputStream:75 - [STDERR_REDIRECT] 
2026-09-28 21:59:24,254 [ERROR] LogOutputStream:75 - [STDERR_REDIRECT] [Fatal Error] :1:1: Premature end of file.
2026-09-28 21:59:24,254 [ERROR] LogOutputStream:75 - [STDERR_REDIRECT] 
2026-09-28 21:59:25,251 [ERROR] LogOutputStream:75 - [STDERR_REDIRECT] [Fatal Error] :1:1: Premature end of file.
2026-09-28 21:59:25,251 [ERROR] LogOutputStream:75 - [STDERR_REDIRECT] 
2026-09-28 21:59:26,252 [ERROR] LogOutputStream:75 - [STDERR_REDIRECT] [Fatal Error] :1:1: Premature end of file.
2026-09-28 21:59:26,252 [ERROR] LogOutputStream:75 - [STDERR_REDIRECT] 
2026-09-28 21:59:27,253 [ERROR] LogOutputStream:75 - [STDERR_REDIRECT] [Fatal Error] :1:1: Premature end of file.
2026-09-28 21:59:27,253 [ERROR] LogOutputStream:75 - [STDERR_REDIRECT] 
2026-09-28 21:59:28,254 [ERROR] LogOutputStream:75 - [STDERR_REDIRECT] [Fatal Error] :1:1: Premature end of file.
2026-09-28 21:59:28,254 [ERROR] LogOutputStream:75 - [STDERR_REDIRECT] 
2026-09-28 21:59:29,252 [ERROR] LogOutputStream:75 - [STDERR_REDIRECT] [Fatal Error] :1:1: Premature end of file.
2026-09-28 21:59:29,252 [ERROR] LogOutputStream:75 - [STDERR_REDIRECT] 
2026-09-28 21:59:30,259 [ERROR] LogOutputStream:75 - [STDERR_REDIRECT] [Fatal Error] :1:1: Premature end of file.
2026-09-28 21:59:30,260 [ERROR] LogOutputStream:75 - [STDERR_REDIRECT] 
2026-09-28 21:59:31,262 [ERROR] LogOutputStream:75 - [STDERR_REDIRECT] [Fatal Error] :1:1: Premature end of file.
2026-09-28 21:59:31,262 [ERROR] LogOutputStream:75 - [STDERR_REDIRECT] 
2026-09-28 21:59:32,256 [ERROR] LogOutputStream:75 - [STDERR_REDIRECT] [Fatal Error] :1:1: Premature end of file.
2026-09-28 21:59:32,257 [ERROR] LogOutputStream:75 - [STDERR_REDIRECT] 
2026-09-28 21:59:33,256 [ERROR] LogOutputStream:75 - [STDERR_REDIRECT] [Fatal Error] :1:1: Premature end of file.
2026-09-28 21:59:33,259 [ERROR] LogOutputStream:75 - [STDERR_REDIRECT] 
2026-09-28 21:59:34,253 [ERROR] LogOutputStream:75 - [STDERR_REDIRECT] [Fatal Error] :1:1: Premature end of file.
2026-09-28 21:59:34,253 [ERROR] LogOutputStream:75 - [STDERR_REDIRECT] 
2026-09-28 21:59:35,249 [ERROR] LogOutputStream:75 - [STDERR_REDIRECT] [Fatal Error] :1:1: Premature end of file.
2026-09-28 21:59:35,249 [ERROR] LogOutputStream:75 - [STDERR_REDIRECT] 
2026-09-28 21:59:36,248 [ERROR] LogOutputStream:75 - [STDERR_REDIRECT] [Fatal Error] :1:1: Premature end of file.
2026-09-28 21:59:36,248 [ERROR] LogOutputStream:75 - [STDERR_REDIRECT] 
2026-09-28 21:59:37,248 [ERROR] LogOutputStream:75 - [STDERR_REDIRECT] [Fatal Error] :1:1: Premature end of file.
2026-09-28 21:59:37,248 [ERROR] LogOutputStream:75 - [STDERR_REDIRECT] 
2026-09-28 21:59:38,248 [ERROR] LogOutputStream:75 - [STDERR_REDIRECT] [Fatal Error] :1:1: Premature end of file.
2026-09-28 21:59:38,248 [ERROR] LogOutputStream:75 - [STDERR_REDIRECT] 
2026-09-28 21:59:39,254 [ERROR] LogOutputStream:75 - [STDERR_REDIRECT] [Fatal Error] :1:1: Premature end of file.
2026-09-28 21:59:39,254 [ERROR] LogOutputStream:75 - [STDERR_REDIRECT] 
2026-09-28 21:59:40,259 [ERROR] LogOutputStream:75 - [STDERR_REDIRECT] [Fatal Error] :1:1: Premature end of file.
2026-09-28 21:59:40,259 [ERROR] LogOutputStream:75 - [STDERR_REDIRECT] 
2026-09-28 21:59:41,256 [ERROR] LogOutputStream:75 - [STDERR_REDIRECT] [Fatal Error] :1:1: Premature end of file.
2026-09-28 21:59:41,256 [ERROR] LogOutputStream:75 - [STDERR_REDIRECT] 
2026-09-28 21:59:42,260 [ERROR] LogOutputStream:75 - [STDERR_REDIRECT] [Fatal Error] :1:1: Premature end of file.
2026-09-28 21:59:42,260 [ERROR] LogOutputStream:75 - [STDERR_REDIRECT] 
2026-09-28 21:59:43,249 [ERROR] LogOutputStream:75 - [STDERR_REDIRECT] [Fatal Error] :1:1: Premature end of file.
2026-09-28 21:59:43,249 [ERROR] LogOutputStream:75 - [STDERR_REDIRECT] 
2026-09-28 21:59:44,262 [ERROR] LogOutputStream:75 - [STDERR_REDIRECT] [Fatal Error] :1:1: Premature end of file.
2026-09-28 21:59:44,262 [ERROR] LogOutputStream:75 - [STDERR_REDIRECT] 
2026-09-28 21:59:45,248 [ERROR] LogOutputStream:75 - [STDERR_REDIRECT] [Fatal Error] :1:1: Premature end of file.
2026-09-28 21:59:45,248 [ERROR] LogOutputStream:75 - [STDERR_REDIRECT] 
2026-09-28 21:59:46,256 [ERROR] LogOutputStream:75 - [STDERR_REDIRECT] [Fatal Error] :1:1: Premature end of file.
2026-09-28 21:59:46,256 [ERROR] LogOutputStream:75 - [STDERR_REDIRECT] 
2026-09-28 21:59:47,254 [ERROR] LogOutputStream:75 - [STDERR_REDIRECT] [Fatal Error] :1:1: Premature end of file.
2026-09-28 21:59:47,254 [ERROR] LogOutputStream:75 - [STDERR_REDIRECT] 
2026-09-28 21:59:48,253 [ERROR] LogOutputStream:75 - [STDERR_REDIRECT] [Fatal Error] :1:1: Premature end of file.
2026-09-28 21:59:48,253 [ERROR] LogOutputStream:75 - [STDERR_REDIRECT] 
2026-09-28 21:59:49,252 [ERROR] LogOutputStream:75 - [STDERR_REDIRECT] [Fatal Error] :1:1: Premature end of file.
2026-09-28 21:59:49,254 [ERROR] LogOutputStream:75 - [STDERR_REDIRECT] 
2026-09-28 21:59:50,249 [ERROR] LogOutputStream:75 - [STDERR_REDIRECT] [Fatal Error] :1:1: Premature end of file.
2026-09-28 21:59:50,249 [ERROR] LogOutputStream:75 - [STDERR_REDIRECT] 
2026-09-28 21:59:51,254 [ERROR] LogOutputStream:75 - [STDERR_REDIRECT] [Fatal Error] :1:1: Premature end of file.
2026-09-28 21:59:51,256 [ERROR] LogOutputStream:75 - [STDERR_REDIRECT] 
2026-09-28 21:59:52,248 [ERROR] LogOutputStream:75 - [STDERR_REDIRECT] [Fatal Error] :1:1: Premature end of file.
2026-09-28 21:59:52,248 [ERROR] LogOutputStream:75 - [STDERR_REDIRECT] 
2026-09-28 21:59:53,256 [ERROR] LogOutputStream:75 - [STDERR_REDIRECT] [Fatal Error] :1:1: Premature end of file.
2026-09-28 21:59:53,257 [ERROR] LogOutputStream:75 - [STDERR_REDIRECT] 
2026-09-28 21:59:54,256 [ERROR] LogOutputStream:75 - [STDERR_REDIRECT] [Fatal Error] :1:1: Premature end of file.
2026-09-28 21:59:54,256 [ERROR] LogOutputStream:75 - [STDERR_REDIRECT] 
2026-09-28 21:59:55,250 [ERROR] LogOutputStream:75 - [STDERR_REDIRECT] [Fatal Error] :1:1: Premature end of file.
2026-09-28 21:59:55,250 [ERROR] LogOutputStream:75 - [STDERR_REDIRECT] 
2026-09-28 21:59:56,251 [ERROR] LogOutputStream:75 - [STDERR_REDIRECT] [Fatal Error] :1:1: Premature end of file.
2026-09-28 21:59:56,251 [ERROR] LogOutputStream:75 - [STDERR_REDIRECT] 
2026-09-28 21:59:57,259 [ERROR] LogOutputStream:75 - [STDERR_REDIRECT] [Fatal Error] :1:1: Premature end of file.
2026-09-28 21:59:57,259 [ERROR] LogOutputStream:75 - [STDERR_REDIRECT] 
2026-09-28 21:59:58,251 [ERROR] LogOutputStream:75 - [STDERR_REDIRECT] [Fatal Error] :1:1: Premature end of file.
2026-09-28 21:59:58,251 [ERROR] LogOutputStream:75 - [STDERR_REDIRECT] 
2026-09-28 21:59:59,251 [ERROR] LogOutputStream:75 - [STDERR_REDIRECT] [Fatal Error] :1:1: Premature end of file.
2026-09-28 21:59:59,251 [ERROR] LogOutputStream:75 - [STDERR_REDIRECT] 
2026-09-28 22:00:00,243 [ERROR] LogOutputStream:75 - [STDERR_REDIRECT] [Fatal Error] :1:1: Premature end of file.
2026-09-28 22:00:00,243 [ERROR] LogOutputStream:75 - [STDERR_REDIRECT] 
2026-09-28 22:00:01,262 [ERROR] LogOutputStream:75 - [STDERR_REDIRECT] [Fatal Error] :1:1: Premature end of file.
2026-09-28 22:00:01,262 [ERROR] LogOutputStream:75 - [STDERR_REDIRECT] 
2026-09-28 22:00:02,255 [ERROR] LogOutputStream:75 - [STDERR_REDIRECT] [Fatal Error] :1:1: Premature end of file.
2026-09-28 22:00:02,255 [ERROR] LogOutputStream:75 - [STDERR_REDIRECT] 
2026-09-28 22:00:03,250 [ERROR] LogOutputStream:75 - [STDERR_REDIRECT] [Fatal Error] :1:1: Premature end of file.
2026-09-28 22:00:03,250 [ERROR] LogOutputStream:75 - [STDERR_REDIRECT] 
2026-09-28 22:00:04,247 [ERROR] LogOutputStream:75 - [STDERR_REDIRECT] [Fatal Error] :1:1: Premature end of file.
2026-09-28 22:00:04,247 [ERROR] LogOutputStream:75 - [STDERR_REDIRECT] 
2026-09-28 22:00:05,257 [ERROR] LogOutputStream:75 - [STDERR_REDIRECT] [Fatal Error] :1:1: Premature end of file.
2026-09-28 22:00:05,257 [ERROR] LogOutputStream:75 - [STDERR_REDIRECT] 
2026-09-28 22:00:06,245 [ERROR] LogOutputStream:75 - [STDERR_REDIRECT] [Fatal Error] :1:1: Premature end of file.
2026-09-28 22:00:06,245 [ERROR] LogOutputStream:75 - [STDERR_REDIRECT] 
2026-09-28 22:00:07,253 [ERROR] LogOutputStream:75 - [STDERR_REDIRECT] [Fatal Error] :1:1: Premature end of file.
2026-09-28 22:00:07,253 [ERROR] LogOutputStream:75 - [STDERR_REDIRECT] 
2026-09-28 22:00:08,257 [ERROR] LogOutputStream:75 - [STDERR_REDIRECT] [Fatal Error] :1:1: Premature end of file.
2026-09-28 22:00:08,257 [ERROR] LogOutputStream:75 - [STDERR_REDIRECT] 
2026-09-28 22:00:09,250 [ERROR] LogOutputStream:75 - [STDERR_REDIRECT] [Fatal Error] :1:1: Premature end of file.
2026-09-28 22:00:09,250 [ERROR] LogOutputStream:75 - [STDERR_REDIRECT] 
2026-09-28 22:00:10,265 [ERROR] LogOutputStream:75 - [STDERR_REDIRECT] [Fatal Error] :1:1: Premature end of file.
2026-09-28 22:00:10,265 [ERROR] LogOutputStream:75 - [STDERR_REDIRECT] 
2026-09-28 22:00:11,254 [ERROR] LogOutputStream:75 - [STDERR_REDIRECT] [Fatal Error] :1:1: Premature end of file.
2026-09-28 22:00:11,255 [ERROR] LogOutputStream:75 - [STDERR_REDIRECT] 
2026-09-28 22:00:12,251 [ERROR] LogOutputStream:75 - [STDERR_REDIRECT] [Fatal Error] :1:1: Premature end of file.
2026-09-28 22:00:12,251 [ERROR] LogOutputStream:75 - [STDERR_REDIRECT] 
2026-09-28 22:00:13,249 [ERROR] LogOutputStream:75 - [STDERR_REDIRECT] [Fatal Error] :1:1: Premature end of file.
2026-09-28 22:00:13,249 [ERROR] LogOutputStream:75 - [STDERR_REDIRECT] 
2026-09-28 22:00:14,257 [ERROR] LogOutputStream:75 - [STDERR_REDIRECT] [Fatal Error] :1:1: Premature end of file.
2026-09-28 22:00:14,257 [ERROR] LogOutputStream:75 - [STDERR_REDIRECT] 
2026-09-28 22:00:15,258 [ERROR] LogOutputStream:75 - [STDERR_REDIRECT] [Fatal Error] :1:1: Premature end of file.
2026-09-28 22:00:15,258 [ERROR] LogOutputStream:75 - [STDERR_REDIRECT] 
2026-09-28 22:00:16,256 [ERROR] LogOutputStream:75 - [STDERR_REDIRECT] [Fatal Error] :1:1: Premature end of file.
2026-09-28 22:00:16,256 [ERROR] LogOutputStream:75 - [STDERR_REDIRECT] 
2026-09-28 22:00:17,251 [ERROR] LogOutputStream:75 - [STDERR_REDIRECT] [Fatal Error] :1:1: Premature end of file.
2026-09-28 22:00:17,251 [ERROR] LogOutputStream:75 - [STDERR_REDIRECT] 
2026-09-28 22:00:18,251 [ERROR] LogOutputStream:75 - [STDERR_REDIRECT] [Fatal Error] :1:1: Premature end of file.
2026-09-28 22:00:18,251 [ERROR] LogOutputStream:75 - [STDERR_REDIRECT] 
2026-09-28 22:00:19,253 [ERROR] LogOutputStream:75 - [STDERR_REDIRECT] [Fatal Error] :1:1: Premature end of file.
2026-09-28 22:00:19,253 [ERROR] LogOutputStream:75 - [STDERR_REDIRECT] 
2026-09-28 22:00:20,251 [ERROR] LogOutputStream:75 - [STDERR_REDIRECT] [Fatal Error] :1:1: Premature end of file.
2026-09-28 22:00:20,251 [ERROR] LogOutputStream:75 - [STDERR_REDIRECT] 
2026-09-28 22:00:21,256 [ERROR] LogOutputStream:75 - [STDERR_REDIRECT] [Fatal Error] :1:1: Premature end of file.
2026-09-28 22:00:21,257 [ERROR] LogOutputStream:75 - [STDERR_REDIRECT] 
2026-09-28 22:00:22,249 [ERROR] LogOutputStream:75 - [STDERR_REDIRECT] [Fatal Error] :1:1: Premature end of file.
2026-09-28 22:00:22,249 [ERROR] LogOutputStream:75 - [STDERR_REDIRECT] 
2026-09-28 22:00:23,249 [ERROR] LogOutputStream:75 - [STDERR_REDIRECT] [Fatal Error] :1:1: Premature end of file.
2026-09-28 22:00:23,249 [ERROR] LogOutputStream:75 - [STDERR_REDIRECT] 
2026-09-28 22:00:24,252 [ERROR] LogOutputStream:75 - [STDERR_REDIRECT] [Fatal Error] :1:1: Premature end of file.
2026-09-28 22:00:24,252 [ERROR] LogOutputStream:75 - [STDERR_REDIRECT] 
2026-09-28 22:00:25,252 [ERROR] LogOutputStream:75 - [STDERR_REDIRECT] [Fatal Error] :1:1: Premature end of file.
2026-09-28 22:00:25,252 [ERROR] LogOutputStream:75 - [STDERR_REDIRECT] 
2026-09-28 22:00:26,257 [ERROR] LogOutputStream:75 - [STDERR_REDIRECT] [Fatal Error] :1:1: Premature end of file.
2026-09-28 22:00:26,257 [ERROR] LogOutputStream:75 - [STDERR_REDIRECT] 
2026-09-28 22:00:27,289 [ERROR] LogOutputStream:75 - [STDERR_REDIRECT] [Fatal Error] :1:1: Premature end of file.
2026-09-28 22:00:27,289 [ERROR] LogOutputStream:75 - [STDERR_REDIRECT] 
2026-09-28 22:00:28,249 [ERROR] LogOutputStream:75 - [STDERR_REDIRECT] [Fatal Error] :1:1: Premature end of file.
2026-09-28 22:00:28,249 [ERROR] LogOutputStream:75 - [STDERR_REDIRECT] 
2026-09-28 22:00:29,247 [ERROR] LogOutputStream:75 - [STDERR_REDIRECT] [Fatal Error] :1:1: Premature end of file.
2026-09-28 22:00:29,247 [ERROR] LogOutputStream:75 - [STDERR_REDIRECT] 
2026-09-28 22:00:30,251 [ERROR] LogOutputStream:75 - [STDERR_REDIRECT] [Fatal Error] :1:1: Premature end of file.
2026-09-28 22:00:30,251 [ERROR] LogOutputStream:75 - [STDERR_REDIRECT] 
2026-09-28 22:00:31,257 [ERROR] LogOutputStream:75 - [STDERR_REDIRECT] [Fatal Error] :1:1: Premature end of file.
2026-09-28 22:00:31,257 [ERROR] LogOutputStream:75 - [STDERR_REDIRECT] 
2026-09-28 22:00:32,249 [ERROR] LogOutputStream:75 - [STDERR_REDIRECT] [Fatal Error] :1:1: Premature end of file.
2026-09-28 22:00:32,249 [ERROR] LogOutputStream:75 - [STDERR_REDIRECT] 
2026-09-28 22:00:33,248 [ERROR] LogOutputStream:75 - [STDERR_REDIRECT] [Fatal Error] :1:1: Premature end of file.
2026-09-28 22:00:33,248 [ERROR] LogOutputStream:75 - [STDERR_REDIRECT] 
2026-09-28 22:00:34,246 [ERROR] LogOutputStream:75 - [STDERR_REDIRECT] [Fatal Error] :1:1: Premature end of file.
2026-09-28 22:00:34,247 [ERROR] LogOutputStream:75 - [STDERR_REDIRECT] 
2026-09-28 22:00:35,248 [ERROR] LogOutputStream:75 - [STDERR_REDIRECT] [Fatal Error] :1:1: Premature end of file.
2026-09-28 22:00:35,248 [ERROR] LogOutputStream:75 - [STDERR_REDIRECT] 
2026-09-28 22:00:36,254 [ERROR] LogOutputStream:75 - [STDERR_REDIRECT] [Fatal Error] :1:1: Premature end of file.
2026-09-28 22:00:36,254 [ERROR] LogOutputStream:75 - [STDERR_REDIRECT] 
2026-09-28 22:00:37,251 [ERROR] LogOutputStream:75 - [STDERR_REDIRECT] [Fatal Error] :1:1: Premature end of file.
2026-09-28 22:00:37,251 [ERROR] LogOutputStream:75 - [STDERR_REDIRECT] 
2026-09-28 22:00:38,266 [ERROR] LogOutputStream:75 - [STDERR_REDIRECT] [Fatal Error] :1:1: Premature end of file.
2026-09-28 22:00:38,266 [ERROR] LogOutputStream:75 - [STDERR_REDIRECT] 
2026-09-28 22:00:39,248 [ERROR] LogOutputStream:75 - [STDERR_REDIRECT] [Fatal Error] :1:1: Premature end of file.
2026-09-28 22:00:39,248 [ERROR] LogOutputStream:75 - [STDERR_REDIRECT] 
2026-09-28 22:00:40,248 [ERROR] LogOutputStream:75 - [STDERR_REDIRECT] [Fatal Error] :1:1: Premature end of file.
2026-09-28 22:00:40,248 [ERROR] LogOutputStream:75 - [STDERR_REDIRECT] 
2026-09-28 22:00:41,256 [ERROR] LogOutputStream:75 - [STDERR_REDIRECT] [Fatal Error] :1:1: Premature end of file.
2026-09-28 22:00:41,256 [ERROR] LogOutputStream:75 - [STDERR_REDIRECT] 
2026-09-28 22:00:42,251 [ERROR] LogOutputStream:75 - [STDERR_REDIRECT] [Fatal Error] :1:1: Premature end of file.
2026-09-28 22:00:42,251 [ERROR] LogOutputStream:75 - [STDERR_REDIRECT] 
2026-09-28 22:00:43,251 [ERROR] LogOutputStream:75 - [STDERR_REDIRECT] [Fatal Error] :1:1: Premature end of file.
2026-09-28 22:00:43,253 [ERROR] LogOutputStream:75 - [STDERR_REDIRECT] 
2026-09-28 22:00:44,259 [ERROR] LogOutputStream:75 - [STDERR_REDIRECT] [Fatal Error] :1:1: Premature end of file.
2026-09-28 22:00:44,259 [ERROR] LogOutputStream:75 - [STDERR_REDIRECT] 
2026-09-28 22:00:45,248 [ERROR] LogOutputStream:75 - [STDERR_REDIRECT] [Fatal Error] :1:1: Premature end of file.
2026-09-28 22:00:45,250 [ERROR] LogOutputStream:75 - [STDERR_REDIRECT] 
2026-09-28 22:00:46,254 [ERROR] LogOutputStream:75 - [STDERR_REDIRECT] [Fatal Error] :1:1: Premature end of file.
2026-09-28 22:00:46,254 [ERROR] LogOutputStream:75 - [STDERR_REDIRECT] 
2026-09-28 22:00:47,254 [ERROR] LogOutputStream:75 - [STDERR_REDIRECT] [Fatal Error] :1:1: Premature end of file.
2026-09-28 22:00:47,254 [ERROR] LogOutputStream:75 - [STDERR_REDIRECT] 
2026-09-28 22:00:48,270 [ERROR] LogOutputStream:75 - [STDERR_REDIRECT] [Fatal Error] :1:1: Premature end of file.
2026-09-28 22:00:48,270 [ERROR] LogOutputStream:75 - [STDERR_REDIRECT] 
2026-09-28 22:00:49,254 [ERROR] LogOutputStream:75 - [STDERR_REDIRECT] [Fatal Error] :1:1: Premature end of file.
2026-09-28 22:00:49,254 [ERROR] LogOutputStream:75 - [STDERR_REDIRECT] 
2026-09-28 22:00:50,250 [ERROR] LogOutputStream:75 - [STDERR_REDIRECT] [Fatal Error] :1:1: Premature end of file.
2026-09-28 22:00:50,250 [ERROR] LogOutputStream:75 - [STDERR_REDIRECT] 
2026-09-28 22:00:51,254 [ERROR] LogOutputStream:75 - [STDERR_REDIRECT] [Fatal Error] :1:1: Premature end of file.
2026-09-28 22:00:51,254 [ERROR] LogOutputStream:75 - [STDERR_REDIRECT] 
2026-09-28 22:00:52,253 [ERROR] LogOutputStream:75 - [STDERR_REDIRECT] [Fatal Error] :1:1: Premature end of file.
2026-09-28 22:00:52,253 [ERROR] LogOutputStream:75 - [STDERR_REDIRECT] 
2026-09-28 22:00:53,255 [ERROR] LogOutputStream:75 - [STDERR_REDIRECT] [Fatal Error] :1:1: Premature end of file.
2026-09-28 22:00:53,255 [ERROR] LogOutputStream:75 - [STDERR_REDIRECT] 
2026-09-28 22:00:54,254 [ERROR] LogOutputStream:75 - [STDERR_REDIRECT] [Fatal Error] :1:1: Premature end of file.
2026-09-28 22:00:54,254 [ERROR] LogOutputStream:75 - [STDERR_REDIRECT] 
2026-09-28 22:00:55,252 [ERROR] LogOutputStream:75 - [STDERR_REDIRECT] [Fatal Error] :1:1: Premature end of file.
2026-09-28 22:00:55,252 [ERROR] LogOutputStream:75 - [STDERR_REDIRECT] 
2026-09-28 22:00:56,252 [ERROR] LogOutputStream:75 - [STDERR_REDIRECT] [Fatal Error] :1:1: Premature end of file.
2026-09-28 22:00:56,252 [ERROR] LogOutputStream:75 - [STDERR_REDIRECT] 
2026-09-28 22:00:57,249 [ERROR] LogOutputStream:75 - [STDERR_REDIRECT] [Fatal Error] :1:1: Premature end of file.
2026-09-28 22:00:57,249 [ERROR] LogOutputStream:75 - [STDERR_REDIRECT] 
2026-09-28 22:00:58,260 [ERROR] LogOutputStream:75 - [STDERR_REDIRECT] [Fatal Error] :1:1: Premature end of file.
2026-09-28 22:00:58,260 [ERROR] LogOutputStream:75 - [STDERR_REDIRECT] 
2026-09-28 22:00:59,251 [ERROR] LogOutputStream:75 - [STDERR_REDIRECT] [Fatal Error] :1:1: Premature end of file.
2026-09-28 22:00:59,251 [ERROR] LogOutputStream:75 - [STDERR_REDIRECT] 
2026-09-28 22:01:00,249 [ERROR] LogOutputStream:75 - [STDERR_REDIRECT] [Fatal Error] :1:1: Premature end of file.
2026-09-28 22:01:00,249 [ERROR] LogOutputStream:75 - [STDERR_REDIRECT] 
2026-09-28 22:01:01,251 [ERROR] LogOutputStream:75 - [STDERR_REDIRECT] [Fatal Error] :1:1: Premature end of file.
2026-09-28 22:01:01,251 [ERROR] LogOutputStream:75 - [STDERR_REDIRECT] 
2026-09-28 22:01:02,252 [ERROR] LogOutputStream:75 - [STDERR_REDIRECT] [Fatal Error] :1:1: Premature end of file.
2026-09-28 22:01:02,252 [ERROR] LogOutputStream:75 - [STDERR_REDIRECT] 
2026-09-28 22:01:03,255 [ERROR] LogOutputStream:75 - [STDERR_REDIRECT] [Fatal Error] :1:1: Premature end of file.
2026-09-28 22:01:03,255 [ERROR] LogOutputStream:75 - [STDERR_REDIRECT] 
2026-09-28 22:01:04,255 [ERROR] LogOutputStream:75 - [STDERR_REDIRECT] [Fatal Error] :1:1: Premature end of file.
2026-09-28 22:01:04,255 [ERROR] LogOutputStream:75 - [STDERR_REDIRECT] 
2026-09-28 22:01:05,253 [ERROR] LogOutputStream:75 - [STDERR_REDIRECT] [Fatal Error] :1:1: Premature end of file.
2026-09-28 22:01:05,253 [ERROR] LogOutputStream:75 - [STDERR_REDIRECT] 
2026-09-28 22:01:06,254 [ERROR] LogOutputStream:75 - [STDERR_REDIRECT] [Fatal Error] :1:1: Premature end of file.
2026-09-28 22:01:06,254 [ERROR] LogOutputStream:75 - [STDERR_REDIRECT] 
2026-09-28 22:01:07,259 [ERROR] LogOutputStream:75 - [STDERR_REDIRECT] [Fatal Error] :1:1: Premature end of file.
2026-09-28 22:01:07,259 [ERROR] LogOutputStream:75 - [STDERR_REDIRECT] 
2026-09-28 22:01:08,250 [ERROR] LogOutputStream:75 - [STDERR_REDIRECT] [Fatal Error] :1:1: Premature end of file.
2026-09-28 22:01:08,250 [ERROR] LogOutputStream:75 - [STDERR_REDIRECT] 
2026-09-28 22:01:09,254 [ERROR] LogOutputStream:75 - [STDERR_REDIRECT] [Fatal Error] :1:1: Premature end of file.
2026-09-28 22:01:09,254 [ERROR] LogOutputStream:75 - [STDERR_REDIRECT] 
2026-09-28 22:01:10,249 [ERROR] LogOutputStream:75 - [STDERR_REDIRECT] [Fatal Error] :1:1: Premature end of file.
2026-09-28 22:01:10,249 [ERROR] LogOutputStream:75 - [STDERR_REDIRECT] 
2026-09-28 22:01:11,261 [ERROR] LogOutputStream:75 - [STDERR_REDIRECT] [Fatal Error] :1:1: Premature end of file.
2026-09-28 22:01:11,261 [ERROR] LogOutputStream:75 - [STDERR_REDIRECT] 
2026-09-28 22:01:12,256 [ERROR] LogOutputStream:75 - [STDERR_REDIRECT] [Fatal Error] :1:1: Premature end of file.
2026-09-28 22:01:12,256 [ERROR] LogOutputStream:75 - [STDERR_REDIRECT] 
2026-09-28 22:01:13,287 [ERROR] LogOutputStream:75 - [STDERR_REDIRECT] [Fatal Error] :1:1: Premature end of file.
2026-09-28 22:01:13,287 [ERROR] LogOutputStream:75 - [STDERR_REDIRECT] 
2026-09-28 22:01:14,251 [ERROR] LogOutputStream:75 - [STDERR_REDIRECT] [Fatal Error] :1:1: Premature end of file.
2026-09-28 22:01:14,251 [ERROR] LogOutputStream:75 - [STDERR_REDIRECT] 
2026-09-28 22:01:15,288 [ERROR] LogOutputStream:75 - [STDERR_REDIRECT] [Fatal Error] :1:1: Premature end of file.
2026-09-28 22:01:15,288 [ERROR] LogOutputStream:75 - [STDERR_REDIRECT] 
2026-09-28 22:01:16,267 [ERROR] LogOutputStream:75 - [STDERR_REDIRECT] [Fatal Error] :1:1: Premature end of file.
2026-09-28 22:01:16,267 [ERROR] LogOutputStream:75 - [STDERR_REDIRECT] 
2026-09-28 22:01:17,247 [ERROR] LogOutputStream:75 - [STDERR_REDIRECT] [Fatal Error] :1:1: Premature end of file.
2026-09-28 22:01:17,247 [ERROR] LogOutputStream:75 - [STDERR_REDIRECT] 
2026-09-28 22:01:18,249 [ERROR] LogOutputStream:75 - [STDERR_REDIRECT] [Fatal Error] :1:1: Premature end of file.
2026-09-28 22:01:18,249 [ERROR] LogOutputStream:75 - [STDERR_REDIRECT] 
2026-09-28 22:01:19,265 [ERROR] LogOutputStream:75 - [STDERR_REDIRECT] [Fatal Error] :1:1: Premature end of file.
2026-09-28 22:01:19,265 [ERROR] LogOutputStream:75 - [STDERR_REDIRECT] 
2026-09-28 22:01:20,246 [ERROR] LogOutputStream:75 - [STDERR_REDIRECT] [Fatal Error] :1:1: Premature end of file.
2026-09-28 22:01:20,246 [ERROR] LogOutputStream:75 - [STDERR_REDIRECT] 
2026-09-28 22:01:21,249 [ERROR] LogOutputStream:75 - [STDERR_REDIRECT] [Fatal Error] :1:1: Premature end of file.
2026-09-28 22:01:21,249 [ERROR] LogOutputStream:75 - [STDERR_REDIRECT] 
2026-09-28 22:01:22,248 [ERROR] LogOutputStream:75 - [STDERR_REDIRECT] [Fatal Error] :1:1: Premature end of file.
2026-09-28 22:01:22,249 [ERROR] LogOutputStream:75 - [STDERR_REDIRECT] 
2026-09-28 22:01:23,250 [ERROR] LogOutputStream:75 - [STDERR_REDIRECT] [Fatal Error] :1:1: Premature end of file.
2026-09-28 22:01:23,250 [ERROR] LogOutputStream:75 - [STDERR_REDIRECT] 
2026-09-28 22:01:24,247 [ERROR] LogOutputStream:75 - [STDERR_REDIRECT] [Fatal Error] :1:1: Premature end of file.
2026-09-28 22:01:24,247 [ERROR] LogOutputStream:75 - [STDERR_REDIRECT] 
2026-09-28 22:01:25,249 [ERROR] LogOutputStream:75 - [STDERR_REDIRECT] [Fatal Error] :1:1: Premature end of file.
2026-09-28 22:01:25,250 [ERROR] LogOutputStream:75 - [STDERR_REDIRECT] 
2026-09-28 22:01:26,249 [ERROR] LogOutputStream:75 - [STDERR_REDIRECT] [Fatal Error] :1:1: Premature end of file.
2026-09-28 22:01:26,249 [ERROR] LogOutputStream:75 - [STDERR_REDIRECT] 
2026-09-28 22:01:27,251 [ERROR] LogOutputStream:75 - [STDERR_REDIRECT] [Fatal Error] :1:1: Premature end of file.
2026-09-28 22:01:27,251 [ERROR] LogOutputStream:75 - [STDERR_REDIRECT] 
2026-09-28 22:01:28,247 [ERROR] LogOutputStream:75 - [STDERR_REDIRECT] [Fatal Error] :1:1: Premature end of file.
2026-09-28 22:01:28,247 [ERROR] LogOutputStream:75 - [STDERR_REDIRECT] 
2026-09-28 22:01:29,247 [ERROR] LogOutputStream:75 - [STDERR_REDIRECT] [Fatal Error] :1:1: Premature end of file.
2026-09-28 22:01:29,248 [ERROR] LogOutputStream:75 - [STDERR_REDIRECT] 
2026-09-28 22:01:30,251 [ERROR] LogOutputStream:75 - [STDERR_REDIRECT] [Fatal Error] :1:1: Premature end of file.
2026-09-28 22:01:30,251 [ERROR] LogOutputStream:75 - [STDERR_REDIRECT] 
2026-09-28 22:01:31,251 [ERROR] LogOutputStream:75 - [STDERR_REDIRECT] [Fatal Error] :1:1: Premature end of file.
2026-09-28 22:01:31,251 [ERROR] LogOutputStream:75 - [STDERR_REDIRECT] 
2026-09-28 22:01:32,250 [ERROR] LogOutputStream:75 - [STDERR_REDIRECT] [Fatal Error] :1:1: Premature end of file.
2026-09-28 22:01:32,250 [ERROR] LogOutputStream:75 - [STDERR_REDIRECT] 
2026-09-28 22:01:33,259 [ERROR] LogOutputStream:75 - [STDERR_REDIRECT] [Fatal Error] :1:1: Premature end of file.
2026-09-28 22:01:33,259 [ERROR] LogOutputStream:75 - [STDERR_REDIRECT] 
2026-09-28 22:01:34,259 [ERROR] LogOutputStream:75 - [STDERR_REDIRECT] [Fatal Error] :1:1: Premature end of file.
2026-09-28 22:01:34,259 [ERROR] LogOutputStream:75 - [STDERR_REDIRECT] 
2026-09-28 22:01:35,261 [ERROR] LogOutputStream:75 - [STDERR_REDIRECT] [Fatal Error] :1:1: Premature end of file.
2026-09-28 22:01:35,261 [ERROR] LogOutputStream:75 - [STDERR_REDIRECT] 
2026-09-28 22:01:36,250 [ERROR] LogOutputStream:75 - [STDERR_REDIRECT] [Fatal Error] :1:1: Premature end of file.
2026-09-28 22:01:36,250 [ERROR] LogOutputStream:75 - [STDERR_REDIRECT] 
2026-09-28 22:01:37,252 [ERROR] LogOutputStream:75 - [STDERR_REDIRECT] [Fatal Error] :1:1: Premature end of file.
2026-09-28 22:01:37,252 [ERROR] LogOutputStream:75 - [STDERR_REDIRECT] 
2026-09-28 22:01:38,251 [ERROR] LogOutputStream:75 - [STDERR_REDIRECT] [Fatal Error] :1:1: Premature end of file.
2026-09-28 22:01:38,251 [ERROR] LogOutputStream:75 - [STDERR_REDIRECT] 
2026-09-28 22:01:39,254 [ERROR] LogOutputStream:75 - [STDERR_REDIRECT] [Fatal Error] :1:1: Premature end of file.
2026-09-28 22:01:39,254 [ERROR] LogOutputStream:75 - [STDERR_REDIRECT] 
2026-09-28 22:01:40,253 [ERROR] LogOutputStream:75 - [STDERR_REDIRECT] [Fatal Error] :1:1: Premature end of file.
2026-09-28 22:01:40,253 [ERROR] LogOutputStream:75 - [STDERR_REDIRECT] 
2026-09-28 22:01:41,258 [ERROR] LogOutputStream:75 - [STDERR_REDIRECT] [Fatal Error] :1:1: Premature end of file.
2026-09-28 22:01:41,258 [ERROR] LogOutputStream:75 - [STDERR_REDIRECT] 
2026-09-28 22:01:42,255 [ERROR] LogOutputStream:75 - [STDERR_REDIRECT] [Fatal Error] :1:1: Premature end of file.
2026-09-28 22:01:42,255 [ERROR] LogOutputStream:75 - [STDERR_REDIRECT] 
2026-09-28 22:01:43,255 [ERROR] LogOutputStream:75 - [STDERR_REDIRECT] [Fatal Error] :1:1: Premature end of file.
2026-09-28 22:01:43,255 [ERROR] LogOutputStream:75 - [STDERR_REDIRECT] 
2026-09-28 22:01:44,254 [ERROR] LogOutputStream:75 - [STDERR_REDIRECT] [Fatal Error] :1:1: Premature end of file.
2026-09-28 22:01:44,254 [ERROR] LogOutputStream:75 - [STDERR_REDIRECT] 
2026-09-28 22:01:45,263 [ERROR] LogOutputStream:75 - [STDERR_REDIRECT] [Fatal Error] :1:1: Premature end of file.
2026-09-28 22:01:45,263 [ERROR] LogOutputStream:75 - [STDERR_REDIRECT] 
2026-09-28 22:01:46,257 [ERROR] LogOutputStream:75 - [STDERR_REDIRECT] [Fatal Error] :1:1: Premature end of file.
2026-09-28 22:01:46,257 [ERROR] LogOutputStream:75 - [STDERR_REDIRECT] 
2026-09-28 22:01:47,251 [ERROR] LogOutputStream:75 - [STDERR_REDIRECT] [Fatal Error] :1:1: Premature end of file.
2026-09-28 22:01:47,251 [ERROR] LogOutputStream:75 - [STDERR_REDIRECT] 
2026-09-28 22:01:48,252 [ERROR] LogOutputStream:75 - [STDERR_REDIRECT] [Fatal Error] :1:1: Premature end of file.
2026-09-28 22:01:48,252 [ERROR] LogOutputStream:75 - [STDERR_REDIRECT] 
2026-09-28 22:01:49,251 [ERROR] LogOutputStream:75 - [STDERR_REDIRECT] [Fatal Error] :1:1: Premature end of file.
2026-09-28 22:01:49,251 [ERROR] LogOutputStream:75 - [STDERR_REDIRECT] 
2026-09-28 22:01:50,254 [ERROR] LogOutputStream:75 - [STDERR_REDIRECT] [Fatal Error] :1:1: Premature end of file.
2026-09-28 22:01:50,254 [ERROR] LogOutputStream:75 - [STDERR_REDIRECT] 
2026-09-28 22:01:51,261 [ERROR] LogOutputStream:75 - [STDERR_REDIRECT] [Fatal Error] :1:1: Premature end of file.
2026-09-28 22:01:51,261 [ERROR] LogOutputStream:75 - [STDERR_REDIRECT] 
2026-09-28 22:01:52,261 [ERROR] LogOutputStream:75 - [STDERR_REDIRECT] [Fatal Error] :1:1: Premature end of file.
2026-09-28 22:01:52,261 [ERROR] LogOutputStream:75 - [STDERR_REDIRECT] 
2026-09-28 22:01:53,262 [ERROR] LogOutputStream:75 - [STDERR_REDIRECT] [Fatal Error] :1:1: Premature end of file.
2026-09-28 22:01:53,262 [ERROR] LogOutputStream:75 - [STDERR_REDIRECT] 
2026-09-28 22:01:54,258 [ERROR] LogOutputStream:75 - [STDERR_REDIRECT] [Fatal Error] :1:1: Premature end of file.
2026-09-28 22:01:54,258 [ERROR] LogOutputStream:75 - [STDERR_REDIRECT] 
2026-09-28 22:01:55,258 [ERROR] LogOutputStream:75 - [STDERR_REDIRECT] [Fatal Error] :1:1: Premature end of file.
2026-09-28 22:01:55,258 [ERROR] LogOutputStream:75 - [STDERR_REDIRECT] 
2026-09-28 22:01:56,256 [ERROR] LogOutputStream:75 - [STDERR_REDIRECT] [Fatal Error] :1:1: Premature end of file.
2026-09-28 22:01:56,256 [ERROR] LogOutputStream:75 - [STDERR_REDIRECT] 
2026-09-28 22:01:57,255 [ERROR] LogOutputStream:75 - [STDERR_REDIRECT] [Fatal Error] :1:1: Premature end of file.
2026-09-28 22:01:57,255 [ERROR] LogOutputStream:75 - [STDERR_REDIRECT] 
2026-09-28 22:01:58,258 [ERROR] LogOutputStream:75 - [STDERR_REDIRECT] [Fatal Error] :1:1: Premature end of file.
2026-09-28 22:01:58,258 [ERROR] LogOutputStream:75 - [STDERR_REDIRECT] 
2026-09-28 22:01:59,255 [ERROR] LogOutputStream:75 - [STDERR_REDIRECT] [Fatal Error] :1:1: Premature end of file.
2026-09-28 22:01:59,255 [ERROR] LogOutputStream:75 - [STDERR_REDIRECT] 
2026-09-28 22:02:00,258 [ERROR] LogOutputStream:75 - [STDERR_REDIRECT] [Fatal Error] :1:1: Premature end of file.
2026-09-28 22:02:00,258 [ERROR] LogOutputStream:75 - [STDERR_REDIRECT] 
2026-09-28 22:02:01,255 [ERROR] LogOutputStream:75 - [STDERR_REDIRECT] [Fatal Error] :1:1: Premature end of file.
2026-09-28 22:02:01,256 [ERROR] LogOutputStream:75 - [STDERR_REDIRECT] 
2026-09-28 22:02:02,258 [ERROR] LogOutputStream:75 - [STDERR_REDIRECT] [Fatal Error] :1:1: Premature end of file.
2026-09-28 22:02:02,258 [ERROR] LogOutputStream:75 - [STDERR_REDIRECT] 
2026-09-28 22:02:03,252 [ERROR] LogOutputStream:75 - [STDERR_REDIRECT] [Fatal Error] :1:1: Premature end of file.
2026-09-28 22:02:03,252 [ERROR] LogOutputStream:75 - [STDERR_REDIRECT] 
2026-09-28 22:02:04,250 [ERROR] LogOutputStream:75 - [STDERR_REDIRECT] [Fatal Error] :1:1: Premature end of file.
2026-09-28 22:02:04,250 [ERROR] LogOutputStream:75 - [STDERR_REDIRECT] 
2026-09-28 22:02:05,251 [ERROR] LogOutputStream:75 - [STDERR_REDIRECT] [Fatal Error] :1:1: Premature end of file.
2026-09-28 22:02:05,251 [ERROR] LogOutputStream:75 - [STDERR_REDIRECT] 
2026-09-28 22:02:06,253 [ERROR] LogOutputStream:75 - [STDERR_REDIRECT] [Fatal Error] :1:1: Premature end of file.
2026-09-28 22:02:06,253 [ERROR] LogOutputStream:75 - [STDERR_REDIRECT] 
2026-09-28 22:02:07,259 [ERROR] LogOutputStream:75 - [STDERR_REDIRECT] [Fatal Error] :1:1: Premature end of file.
2026-09-28 22:02:07,259 [ERROR] LogOutputStream:75 - [STDERR_REDIRECT] 
2026-09-28 22:02:08,258 [ERROR] LogOutputStream:75 - [STDERR_REDIRECT] [Fatal Error] :1:1: Premature end of file.
2026-09-28 22:02:08,258 [ERROR] LogOutputStream:75 - [STDERR_REDIRECT] 
2026-09-28 22:02:09,254 [ERROR] LogOutputStream:75 - [STDERR_REDIRECT] [Fatal Error] :1:1: Premature end of file.
2026-09-28 22:02:09,254 [ERROR] LogOutputStream:75 - [STDERR_REDIRECT] 
2026-09-28 22:02:10,259 [ERROR] LogOutputStream:75 - [STDERR_REDIRECT] [Fatal Error] :1:1: Premature end of file.
2026-09-28 22:02:10,261 [ERROR] LogOutputStream:75 - [STDERR_REDIRECT] 
2026-09-28 22:02:11,251 [ERROR] LogOutputStream:75 - [STDERR_REDIRECT] [Fatal Error] :1:1: Premature end of file.
2026-09-28 22:02:11,251 [ERROR] LogOutputStream:75 - [STDERR_REDIRECT] 
2026-09-28 22:02:12,258 [ERROR] LogOutputStream:75 - [STDERR_REDIRECT] [Fatal Error] :1:1: Premature end of file.
2026-09-28 22:02:12,258 [ERROR] LogOutputStream:75 - [STDERR_REDIRECT] 
2026-09-28 22:02:13,262 [ERROR] LogOutputStream:75 - [STDERR_REDIRECT] [Fatal Error] :1:1: Premature end of file.
2026-09-28 22:02:13,264 [ERROR] LogOutputStream:75 - [STDERR_REDIRECT] 
2026-09-28 22:02:14,288 [ERROR] LogOutputStream:75 - [STDERR_REDIRECT] [Fatal Error] :1:1: Premature end of file.
2026-09-28 22:02:14,288 [ERROR] LogOutputStream:75 - [STDERR_REDIRECT] 
2026-09-28 22:02:15,264 [ERROR] LogOutputStream:75 - [STDERR_REDIRECT] [Fatal Error] :1:1: Premature end of file.
2026-09-28 22:02:15,264 [ERROR] LogOutputStream:75 - [STDERR_REDIRECT] 
2026-09-28 22:02:16,270 [ERROR] LogOutputStream:75 - [STDERR_REDIRECT] [Fatal Error] :1:1: Premature end of file.
2026-09-28 22:02:16,270 [ERROR] LogOutputStream:75 - [STDERR_REDIRECT] 
2026-09-28 22:02:17,258 [ERROR] LogOutputStream:75 - [STDERR_REDIRECT] [Fatal Error] :1:1: Premature end of file.
2026-09-28 22:02:17,258 [ERROR] LogOutputStream:75 - [STDERR_REDIRECT] 
2026-09-28 22:02:18,297 [ERROR] LogOutputStream:75 - [STDERR_REDIRECT] [Fatal Error] :1:1: Premature end of file.
2026-09-28 22:02:18,297 [ERROR] LogOutputStream:75 - [STDERR_REDIRECT] 
2026-09-28 22:02:19,258 [ERROR] LogOutputStream:75 - [STDERR_REDIRECT] [Fatal Error] :1:1: Premature end of file.
2026-09-28 22:02:19,258 [ERROR] LogOutputStream:75 - [STDERR_REDIRECT] 
2026-09-28 22:02:20,258 [ERROR] LogOutputStream:75 - [STDERR_REDIRECT] [Fatal Error] :1:1: Premature end of file.
2026-09-28 22:02:20,259 [ERROR] LogOutputStream:75 - [STDERR_REDIRECT] 
2026-09-28 22:02:21,267 [ERROR] LogOutputStream:75 - [STDERR_REDIRECT] [Fatal Error] :1:1: Premature end of file.
2026-09-28 22:02:21,267 [ERROR] LogOutputStream:75 - [STDERR_REDIRECT] 
2026-09-28 22:02:22,258 [ERROR] LogOutputStream:75 - [STDERR_REDIRECT] [Fatal Error] :1:1: Premature end of file.
2026-09-28 22:02:22,258 [ERROR] LogOutputStream:75 - [STDERR_REDIRECT] 
2026-09-28 22:02:23,255 [ERROR] LogOutputStream:75 - [STDERR_REDIRECT] [Fatal Error] :1:1: Premature end of file.
2026-09-28 22:02:23,256 [ERROR] LogOutputStream:75 - [STDERR_REDIRECT] 
2026-09-28 22:02:24,265 [ERROR] LogOutputStream:75 - [STDERR_REDIRECT] [Fatal Error] :1:1: Premature end of file.
2026-09-28 22:02:24,265 [ERROR] LogOutputStream:75 - [STDERR_REDIRECT] 
2026-09-28 22:02:25,257 [ERROR] LogOutputStream:75 - [STDERR_REDIRECT] [Fatal Error] :1:1: Premature end of file.
2026-09-28 22:02:25,261 [ERROR] LogOutputStream:75 - [STDERR_REDIRECT] 
2026-09-28 22:02:26,255 [ERROR] LogOutputStream:75 - [STDERR_REDIRECT] [Fatal Error] :1:1: Premature end of file.
2026-09-28 22:02:26,255 [ERROR] LogOutputStream:75 - [STDERR_REDIRECT] 
2026-09-28 22:02:27,254 [ERROR] LogOutputStream:75 - [STDERR_REDIRECT] [Fatal Error] :1:1: Premature end of file.
2026-09-28 22:02:27,254 [ERROR] LogOutputStream:75 - [STDERR_REDIRECT] 
2026-09-28 22:02:28,261 [ERROR] LogOutputStream:75 - [STDERR_REDIRECT] [Fatal Error] :1:1: Premature end of file.
2026-09-28 22:02:28,261 [ERROR] LogOutputStream:75 - [STDERR_REDIRECT] 
2026-09-28 22:02:29,263 [ERROR] LogOutputStream:75 - [STDERR_REDIRECT] [Fatal Error] :1:1: Premature end of file.
2026-09-28 22:02:29,263 [ERROR] LogOutputStream:75 - [STDERR_REDIRECT] 
2026-09-28 22:02:30,257 [ERROR] LogOutputStream:75 - [STDERR_REDIRECT] [Fatal Error] :1:1: Premature end of file.
2026-09-28 22:02:30,257 [ERROR] LogOutputStream:75 - [STDERR_REDIRECT] 
2026-09-28 22:02:31,263 [ERROR] LogOutputStream:75 - [STDERR_REDIRECT] [Fatal Error] :1:1: Premature end of file.
2026-09-28 22:02:31,263 [ERROR] LogOutputStream:75 - [STDERR_REDIRECT] 
2026-09-28 22:02:32,265 [ERROR] LogOutputStream:75 - [STDERR_REDIRECT] [Fatal Error] :1:1: Premature end of file.
2026-09-28 22:02:32,265 [ERROR] LogOutputStream:75 - [STDERR_REDIRECT] 
2026-09-28 22:02:33,262 [ERROR] LogOutputStream:75 - [STDERR_REDIRECT] [Fatal Error] :1:1: Premature end of file.
2026-09-28 22:02:33,262 [ERROR] LogOutputStream:75 - [STDERR_REDIRECT] 
2026-09-28 22:02:34,266 [ERROR] LogOutputStream:75 - [STDERR_REDIRECT] [Fatal Error] :1:1: Premature end of file.
2026-09-28 22:02:34,266 [ERROR] LogOutputStream:75 - [STDERR_REDIRECT] 
2026-09-28 22:02:35,257 [ERROR] LogOutputStream:75 - [STDERR_REDIRECT] [Fatal Error] :1:1: Premature end of file.
2026-09-28 22:02:35,257 [ERROR] LogOutputStream:75 - [STDERR_REDIRECT] 
2026-09-28 22:02:36,267 [ERROR] LogOutputStream:75 - [STDERR_REDIRECT] [Fatal Error] :1:1: Premature end of file.
2026-09-28 22:02:36,267 [ERROR] LogOutputStream:75 - [STDERR_REDIRECT] 
2026-09-28 22:02:37,254 [ERROR] LogOutputStream:75 - [STDERR_REDIRECT] [Fatal Error] :1:1: Premature end of file.
2026-09-28 22:02:37,254 [ERROR] LogOutputStream:75 - [STDERR_REDIRECT] 
2026-09-28 22:02:38,259 [ERROR] LogOutputStream:75 - [STDERR_REDIRECT] [Fatal Error] :1:1: Premature end of file.
2026-09-28 22:02:38,259 [ERROR] LogOutputStream:75 - [STDERR_REDIRECT] 
2026-09-28 22:02:39,257 [ERROR] LogOutputStream:75 - [STDERR_REDIRECT] [Fatal Error] :1:1: Premature end of file.
2026-09-28 22:02:39,257 [ERROR] LogOutputStream:75 - [STDERR_REDIRECT] 
2026-09-28 22:02:40,254 [ERROR] LogOutputStream:75 - [STDERR_REDIRECT] [Fatal Error] :1:1: Premature end of file.
2026-09-28 22:02:40,254 [ERROR] LogOutputStream:75 - [STDERR_REDIRECT] 
2026-09-28 22:02:41,265 [ERROR] LogOutputStream:75 - [STDERR_REDIRECT] [Fatal Error] :1:1: Premature end of file.
2026-09-28 22:02:41,265 [ERROR] LogOutputStream:75 - [STDERR_REDIRECT] 
2026-09-28 22:02:42,265 [ERROR] LogOutputStream:75 - [STDERR_REDIRECT] [Fatal Error] :1:1: Premature end of file.
2026-09-28 22:02:42,265 [ERROR] LogOutputStream:75 - [STDERR_REDIRECT] 
2026-09-28 22:02:43,250 [ERROR] LogOutputStream:75 - [STDERR_REDIRECT] [Fatal Error] :1:1: Premature end of file.
2026-09-28 22:02:43,250 [ERROR] LogOutputStream:75 - [STDERR_REDIRECT] 
2026-09-28 22:02:44,255 [ERROR] LogOutputStream:75 - [STDERR_REDIRECT] [Fatal Error] :1:1: Premature end of file.
2026-09-28 22:02:44,255 [ERROR] LogOutputStream:75 - [STDERR_REDIRECT] 
2026-09-28 22:02:45,253 [ERROR] LogOutputStream:75 - [STDERR_REDIRECT] [Fatal Error] :1:1: Premature end of file.
2026-09-28 22:02:45,253 [ERROR] LogOutputStream:75 - [STDERR_REDIRECT] 
2026-09-28 22:02:46,257 [ERROR] LogOutputStream:75 - [STDERR_REDIRECT] [Fatal Error] :1:1: Premature end of file.
2026-09-28 22:02:46,257 [ERROR] LogOutputStream:75 - [STDERR_REDIRECT] 
2026-09-28 22:02:47,253 [ERROR] LogOutputStream:75 - [STDERR_REDIRECT] [Fatal Error] :1:1: Premature end of file.
2026-09-28 22:02:47,254 [ERROR] LogOutputStream:75 - [STDERR_REDIRECT] 
2026-09-28 22:02:48,255 [ERROR] LogOutputStream:75 - [STDERR_REDIRECT] [Fatal Error] :1:1: Premature end of file.
2026-09-28 22:02:48,255 [ERROR] LogOutputStream:75 - [STDERR_REDIRECT] 
2026-09-28 22:02:49,261 [ERROR] LogOutputStream:75 - [STDERR_REDIRECT] [Fatal Error] :1:1: Premature end of file.
2026-09-28 22:02:49,261 [ERROR] LogOutputStream:75 - [STDERR_REDIRECT] 
2026-09-28 22:02:50,257 [ERROR] LogOutputStream:75 - [STDERR_REDIRECT] [Fatal Error] :1:1: Premature end of file.
2026-09-28 22:02:50,257 [ERROR] LogOutputStream:75 - [STDERR_REDIRECT] 
2026-09-28 22:02:51,260 [ERROR] LogOutputStream:75 - [STDERR_REDIRECT] [Fatal Error] :1:1: Premature end of file.
2026-09-28 22:02:51,260 [ERROR] LogOutputStream:75 - [STDERR_REDIRECT] 
2026-09-28 22:02:52,264 [ERROR] LogOutputStream:75 - [STDERR_REDIRECT] [Fatal Error] :1:1: Premature end of file.
2026-09-28 22:02:52,264 [ERROR] LogOutputStream:75 - [STDERR_REDIRECT] 
2026-09-28 22:02:53,259 [ERROR] LogOutputStream:75 - [STDERR_REDIRECT] [Fatal Error] :1:1: Premature end of file.
2026-09-28 22:02:53,259 [ERROR] LogOutputStream:75 - [STDERR_REDIRECT] 
2026-09-28 22:02:54,262 [ERROR] LogOutputStream:75 - [STDERR_REDIRECT] [Fatal Error] :1:1: Premature end of file.
2026-09-28 22:02:54,262 [ERROR] LogOutputStream:75 - [STDERR_REDIRECT] 
2026-09-28 22:02:55,257 [ERROR] LogOutputStream:75 - [STDERR_REDIRECT] [Fatal Error] :1:1: Premature end of file.
2026-09-28 22:02:55,257 [ERROR] LogOutputStream:75 - [STDERR_REDIRECT] 
2026-09-28 22:02:56,257 [ERROR] LogOutputStream:75 - [STDERR_REDIRECT] [Fatal Error] :1:1: Premature end of file.
2026-09-28 22:02:56,257 [ERROR] LogOutputStream:75 - [STDERR_REDIRECT] 
2026-09-28 22:02:57,256 [ERROR] LogOutputStream:75 - [STDERR_REDIRECT] [Fatal Error] :1:1: Premature end of file.
2026-09-28 22:02:57,256 [ERROR] LogOutputStream:75 - [STDERR_REDIRECT] 
2026-09-28 22:02:58,257 [ERROR] LogOutputStream:75 - [STDERR_REDIRECT] [Fatal Error] :1:1: Premature end of file.
2026-09-28 22:02:58,257 [ERROR] LogOutputStream:75 - [STDERR_REDIRECT] 
2026-09-28 22:02:59,256 [ERROR] LogOutputStream:75 - [STDERR_REDIRECT] [Fatal Error] :1:1: Premature end of file.
2026-09-28 22:02:59,256 [ERROR] LogOutputStream:75 - [STDERR_REDIRECT] 
2026-09-28 22:03:00,251 [ERROR] LogOutputStream:75 - [STDERR_REDIRECT] [Fatal Error] :1:1: Premature end of file.
2026-09-28 22:03:00,251 [ERROR] LogOutputStream:75 - [STDERR_REDIRECT] 
2026-09-28 22:03:01,251 [ERROR] LogOutputStream:75 - [STDERR_REDIRECT] [Fatal Error] :1:1: Premature end of file.
2026-09-28 22:03:01,251 [ERROR] LogOutputStream:75 - [STDERR_REDIRECT] 
2026-09-28 22:03:02,257 [ERROR] LogOutputStream:75 - [STDERR_REDIRECT] [Fatal Error] :1:1: Premature end of file.
2026-09-28 22:03:02,257 [ERROR] LogOutputStream:75 - [STDERR_REDIRECT] 
2026-09-28 22:03:03,258 [ERROR] LogOutputStream:75 - [STDERR_REDIRECT] [Fatal Error] :1:1: Premature end of file.
2026-09-28 22:03:03,258 [ERROR] LogOutputStream:75 - [STDERR_REDIRECT] 
2026-09-28 22:03:04,263 [ERROR] LogOutputStream:75 - [STDERR_REDIRECT] [Fatal Error] :1:1: Premature end of file.
2026-09-28 22:03:04,263 [ERROR] LogOutputStream:75 - [STDERR_REDIRECT] 
2026-09-28 22:03:05,260 [ERROR] LogOutputStream:75 - [STDERR_REDIRECT] [Fatal Error] :1:1: Premature end of file.
2026-09-28 22:03:05,260 [ERROR] LogOutputStream:75 - [STDERR_REDIRECT] 
2026-09-28 22:03:06,251 [ERROR] LogOutputStream:75 - [STDERR_REDIRECT] [Fatal Error] :1:1: Premature end of file.
2026-09-28 22:03:06,251 [ERROR] LogOutputStream:75 - [STDERR_REDIRECT] 
2026-09-28 22:03:07,254 [ERROR] LogOutputStream:75 - [STDERR_REDIRECT] [Fatal Error] :1:1: Premature end of file.
2026-09-28 22:03:07,254 [ERROR] LogOutputStream:75 - [STDERR_REDIRECT] 
2026-09-28 22:03:08,282 [ERROR] LogOutputStream:75 - [STDERR_REDIRECT] [Fatal Error] :1:1: Premature end of file.
2026-09-28 22:03:08,282 [ERROR] LogOutputStream:75 - [STDERR_REDIRECT] 
2026-09-28 22:03:09,252 [ERROR] LogOutputStream:75 - [STDERR_REDIRECT] [Fatal Error] :1:1: Premature end of file.
2026-09-28 22:03:09,252 [ERROR] LogOutputStream:75 - [STDERR_REDIRECT] 
2026-09-28 22:03:10,253 [ERROR] LogOutputStream:75 - [STDERR_REDIRECT] [Fatal Error] :1:1: Premature end of file.
2026-09-28 22:03:10,253 [ERROR] LogOutputStream:75 - [STDERR_REDIRECT] 
2026-09-28 22:03:11,256 [ERROR] LogOutputStream:75 - [STDERR_REDIRECT] [Fatal Error] :1:1: Premature end of file.
2026-09-28 22:03:11,256 [ERROR] LogOutputStream:75 - [STDERR_REDIRECT] 
2026-09-28 22:03:12,253 [ERROR] LogOutputStream:75 - [STDERR_REDIRECT] [Fatal Error] :1:1: Premature end of file.
2026-09-28 22:03:12,253 [ERROR] LogOutputStream:75 - [STDERR_REDIRECT] 
2026-09-28 22:03:13,257 [ERROR] LogOutputStream:75 - [STDERR_REDIRECT] [Fatal Error] :1:1: Premature end of file.
2026-09-28 22:03:13,257 [ERROR] LogOutputStream:75 - [STDERR_REDIRECT] 
2026-09-28 22:03:14,251 [ERROR] LogOutputStream:75 - [STDERR_REDIRECT] [Fatal Error] :1:1: Premature end of file.
2026-09-28 22:03:14,251 [ERROR] LogOutputStream:75 - [STDERR_REDIRECT] 
2026-09-28 22:03:15,260 [ERROR] LogOutputStream:75 - [STDERR_REDIRECT] [Fatal Error] :1:1: Premature end of file.
2026-09-28 22:03:15,261 [ERROR] LogOutputStream:75 - [STDERR_REDIRECT] 
2026-09-28 22:03:16,253 [ERROR] LogOutputStream:75 - [STDERR_REDIRECT] [Fatal Error] :1:1: Premature end of file.
2026-09-28 22:03:16,254 [ERROR] LogOutputStream:75 - [STDERR_REDIRECT] 
2026-09-28 22:03:17,255 [ERROR] LogOutputStream:75 - [STDERR_REDIRECT] [Fatal Error] :1:1: Premature end of file.
2026-09-28 22:03:17,255 [ERROR] LogOutputStream:75 - [STDERR_REDIRECT] 
2026-09-28 22:03:18,253 [ERROR] LogOutputStream:75 - [STDERR_REDIRECT] [Fatal Error] :1:1: Premature end of file.
2026-09-28 22:03:18,253 [ERROR] LogOutputStream:75 - [STDERR_REDIRECT] 
2026-09-28 22:03:19,257 [ERROR] LogOutputStream:75 - [STDERR_REDIRECT] [Fatal Error] :1:1: Premature end of file.
2026-09-28 22:03:19,257 [ERROR] LogOutputStream:75 - [STDERR_REDIRECT] 
2026-09-28 22:03:20,255 [ERROR] LogOutputStream:75 - [STDERR_REDIRECT] [Fatal Error] :1:1: Premature end of file.
2026-09-28 22:03:20,255 [ERROR] LogOutputStream:75 - [STDERR_REDIRECT] 
2026-09-28 22:03:21,250 [ERROR] LogOutputStream:75 - [STDERR_REDIRECT] [Fatal Error] :1:1: Premature end of file.
2026-09-28 22:03:21,250 [ERROR] LogOutputStream:75 - [STDERR_REDIRECT] 
2026-09-28 22:03:22,251 [ERROR] LogOutputStream:75 - [STDERR_REDIRECT] [Fatal Error] :1:1: Premature end of file.
2026-09-28 22:03:22,251 [ERROR] LogOutputStream:75 - [STDERR_REDIRECT] 
2026-09-28 22:03:23,251 [ERROR] LogOutputStream:75 - [STDERR_REDIRECT] [Fatal Error] :1:1: Premature end of file.
2026-09-28 22:03:23,253 [ERROR] LogOutputStream:75 - [STDERR_REDIRECT] 
2026-09-28 22:03:24,250 [ERROR] LogOutputStream:75 - [STDERR_REDIRECT] [Fatal Error] :1:1: Premature end of file.
2026-09-28 22:03:24,251 [ERROR] LogOutputStream:75 - [STDERR_REDIRECT] 
2026-09-28 22:03:25,251 [ERROR] LogOutputStream:75 - [STDERR_REDIRECT] [Fatal Error] :1:1: Premature end of file.
2026-09-28 22:03:25,251 [ERROR] LogOutputStream:75 - [STDERR_REDIRECT] 
2026-09-28 22:03:26,255 [ERROR] LogOutputStream:75 - [STDERR_REDIRECT] [Fatal Error] :1:1: Premature end of file.
2026-09-28 22:03:26,255 [ERROR] LogOutputStream:75 - [STDERR_REDIRECT] 
2026-09-28 22:03:27,258 [ERROR] LogOutputStream:75 - [STDERR_REDIRECT] [Fatal Error] :1:1: Premature end of file.
2026-09-28 22:03:27,258 [ERROR] LogOutputStream:75 - [STDERR_REDIRECT] 
2026-09-28 22:03:28,254 [ERROR] LogOutputStream:75 - [STDERR_REDIRECT] [Fatal Error] :1:1: Premature end of file.
2026-09-28 22:03:28,254 [ERROR] LogOutputStream:75 - [STDERR_REDIRECT] 
2026-09-28 22:03:29,254 [ERROR] LogOutputStream:75 - [STDERR_REDIRECT] [Fatal Error] :1:1: Premature end of file.
2026-09-28 22:03:29,254 [ERROR] LogOutputStream:75 - [STDERR_REDIRECT] 
2026-09-28 22:03:30,254 [ERROR] LogOutputStream:75 - [STDERR_REDIRECT] [Fatal Error] :1:1: Premature end of file.
2026-09-28 22:03:30,254 [ERROR] LogOutputStream:75 - [STDERR_REDIRECT] 
2026-09-28 22:03:31,252 [ERROR] LogOutputStream:75 - [STDERR_REDIRECT] [Fatal Error] :1:1: Premature end of file.
2026-09-28 22:03:31,252 [ERROR] LogOutputStream:75 - [STDERR_REDIRECT] 
2026-09-28 22:03:32,255 [ERROR] LogOutputStream:75 - [STDERR_REDIRECT] [Fatal Error] :1:1: Premature end of file.
2026-09-28 22:03:32,256 [ERROR] LogOutputStream:75 - [STDERR_REDIRECT] 
2026-09-28 22:03:33,254 [ERROR] LogOutputStream:75 - [STDERR_REDIRECT] [Fatal Error] :1:1: Premature end of file.
2026-09-28 22:03:33,254 [ERROR] LogOutputStream:75 - [STDERR_REDIRECT] 
2026-09-28 22:03:34,258 [ERROR] LogOutputStream:75 - [STDERR_REDIRECT] [Fatal Error] :1:1: Premature end of file.
2026-09-28 22:03:34,258 [ERROR] LogOutputStream:75 - [STDERR_REDIRECT] 
2026-09-28 22:03:35,249 [ERROR] LogOutputStream:75 - [STDERR_REDIRECT] [Fatal Error] :1:1: Premature end of file.
2026-09-28 22:03:35,249 [ERROR] LogOutputStream:75 - [STDERR_REDIRECT] 
2026-09-28 22:03:36,255 [ERROR] LogOutputStream:75 - [STDERR_REDIRECT] [Fatal Error] :1:1: Premature end of file.
2026-09-28 22:03:36,255 [ERROR] LogOutputStream:75 - [STDERR_REDIRECT] 
2026-09-28 22:03:37,255 [ERROR] LogOutputStream:75 - [STDERR_REDIRECT] [Fatal Error] :1:1: Premature end of file.
2026-09-28 22:03:37,255 [ERROR] LogOutputStream:75 - [STDERR_REDIRECT] 
2026-09-28 22:03:38,252 [ERROR] LogOutputStream:75 - [STDERR_REDIRECT] [Fatal Error] :1:1: Premature end of file.
2026-09-28 22:03:38,252 [ERROR] LogOutputStream:75 - [STDERR_REDIRECT] 
2026-09-28 22:03:39,250 [ERROR] LogOutputStream:75 - [STDERR_REDIRECT] [Fatal Error] :1:1: Premature end of file.
2026-09-28 22:03:39,250 [ERROR] LogOutputStream:75 - [STDERR_REDIRECT] 
2026-09-28 22:03:40,253 [ERROR] LogOutputStream:75 - [STDERR_REDIRECT] [Fatal Error] :1:1: Premature end of file.
2026-09-28 22:03:40,253 [ERROR] LogOutputStream:75 - [STDERR_REDIRECT] 
2026-09-28 22:03:41,250 [ERROR] LogOutputStream:75 - [STDERR_REDIRECT] [Fatal Error] :1:1: Premature end of file.
2026-09-28 22:03:41,250 [ERROR] LogOutputStream:75 - [STDERR_REDIRECT] 
2026-09-28 22:03:42,252 [ERROR] LogOutputStream:75 - [STDERR_REDIRECT] [Fatal Error] :1:1: Premature end of file.
2026-09-28 22:03:42,252 [ERROR] LogOutputStream:75 - [STDERR_REDIRECT] 
2026-09-28 22:03:43,251 [ERROR] LogOutputStream:75 - [STDERR_REDIRECT] [Fatal Error] :1:1: Premature end of file.
2026-09-28 22:03:43,251 [ERROR] LogOutputStream:75 - [STDERR_REDIRECT] 
2026-09-28 22:03:44,250 [ERROR] LogOutputStream:75 - [STDERR_REDIRECT] [Fatal Error] :1:1: Premature end of file.
2026-09-28 22:03:44,250 [ERROR] LogOutputStream:75 - [STDERR_REDIRECT] 
2026-09-28 22:03:45,249 [ERROR] LogOutputStream:75 - [STDERR_REDIRECT] [Fatal Error] :1:1: Premature end of file.
2026-09-28 22:03:45,250 [ERROR] LogOutputStream:75 - [STDERR_REDIRECT] 
2026-09-28 22:03:46,255 [ERROR] LogOutputStream:75 - [STDERR_REDIRECT] [Fatal Error] :1:1: Premature end of file.
2026-09-28 22:03:46,255 [ERROR] LogOutputStream:75 - [STDERR_REDIRECT] 
2026-09-28 22:03:47,252 [ERROR] LogOutputStream:75 - [STDERR_REDIRECT] [Fatal Error] :1:1: Premature end of file.
2026-09-28 22:03:47,252 [ERROR] LogOutputStream:75 - [STDERR_REDIRECT] 
2026-09-28 22:03:48,251 [ERROR] LogOutputStream:75 - [STDERR_REDIRECT] [Fatal Error] :1:1: Premature end of file.
2026-09-28 22:03:48,251 [ERROR] LogOutputStream:75 - [STDERR_REDIRECT] 
2026-09-28 22:03:49,248 [ERROR] LogOutputStream:75 - [STDERR_REDIRECT] [Fatal Error] :1:1: Premature end of file.
2026-09-28 22:03:49,248 [ERROR] LogOutputStream:75 - [STDERR_REDIRECT] 
2026-09-28 22:03:50,250 [ERROR] LogOutputStream:75 - [STDERR_REDIRECT] [Fatal Error] :1:1: Premature end of file.
2026-09-28 22:03:50,250 [ERROR] LogOutputStream:75 - [STDERR_REDIRECT] 
2026-09-28 22:03:51,249 [ERROR] LogOutputStream:75 - [STDERR_REDIRECT] [Fatal Error] :1:1: Premature end of file.
2026-09-28 22:03:51,249 [ERROR] LogOutputStream:75 - [STDERR_REDIRECT] 
2026-09-28 22:03:52,251 [ERROR] LogOutputStream:75 - [STDERR_REDIRECT] [Fatal Error] :1:1: Premature end of file.
2026-09-28 22:03:52,251 [ERROR] LogOutputStream:75 - [STDERR_REDIRECT] 
2026-09-28 22:03:53,250 [ERROR] LogOutputStream:75 - [STDERR_REDIRECT] [Fatal Error] :1:1: Premature end of file.
2026-09-28 22:03:53,250 [ERROR] LogOutputStream:75 - [STDERR_REDIRECT] 
2026-09-28 22:03:54,252 [ERROR] LogOutputStream:75 - [STDERR_REDIRECT] [Fatal Error] :1:1: Premature end of file.
2026-09-28 22:03:54,252 [ERROR] LogOutputStream:75 - [STDERR_REDIRECT] 
2026-09-28 22:03:55,250 [ERROR] LogOutputStream:75 - [STDERR_REDIRECT] [Fatal Error] :1:1: Premature end of file.
2026-09-28 22:03:55,250 [ERROR] LogOutputStream:75 - [STDERR_REDIRECT] 
2026-09-28 22:03:56,251 [ERROR] LogOutputStream:75 - [STDERR_REDIRECT] [Fatal Error] :1:1: Premature end of file.
2026-09-28 22:03:56,251 [ERROR] LogOutputStream:75 - [STDERR_REDIRECT] 
2026-09-28 22:03:57,251 [ERROR] LogOutputStream:75 - [STDERR_REDIRECT] [Fatal Error] :1:1: Premature end of file.
2026-09-28 22:03:57,251 [ERROR] LogOutputStream:75 - [STDERR_REDIRECT] 
2026-09-28 22:03:58,248 [ERROR] LogOutputStream:75 - [STDERR_REDIRECT] [Fatal Error] :1:1: Premature end of file.
2026-09-28 22:03:58,248 [ERROR] LogOutputStream:75 - [STDERR_REDIRECT] 
2026-09-28 22:03:59,247 [ERROR] LogOutputStream:75 - [STDERR_REDIRECT] [Fatal Error] :1:1: Premature end of file.
2026-09-28 22:03:59,247 [ERROR] LogOutputStream:75 - [STDERR_REDIRECT] 
2026-09-28 22:04:00,252 [ERROR] LogOutputStream:75 - [STDERR_REDIRECT] [Fatal Error] :1:1: Premature end of file.
2026-09-28 22:04:00,252 [ERROR] LogOutputStream:75 - [STDERR_REDIRECT] 
2026-09-28 22:04:01,252 [ERROR] LogOutputStream:75 - [STDERR_REDIRECT] [Fatal Error] :1:1: Premature end of file.
2026-09-28 22:04:01,252 [ERROR] LogOutputStream:75 - [STDERR_REDIRECT] 
2026-09-28 22:04:02,250 [ERROR] LogOutputStream:75 - [STDERR_REDIRECT] [Fatal Error] :1:1: Premature end of file.
2026-09-28 22:04:02,250 [ERROR] LogOutputStream:75 - [STDERR_REDIRECT] 
2026-09-28 22:04:03,250 [ERROR] LogOutputStream:75 - [STDERR_REDIRECT] [Fatal Error] :1:1: Premature end of file.
2026-09-28 22:04:03,251 [ERROR] LogOutputStream:75 - [STDERR_REDIRECT] 
2026-09-28 22:04:04,250 [ERROR] LogOutputStream:75 - [STDERR_REDIRECT] [Fatal Error] :1:1: Premature end of file.
2026-09-28 22:04:04,251 [ERROR] LogOutputStream:75 - [STDERR_REDIRECT] 
2026-09-28 22:04:05,250 [ERROR] LogOutputStream:75 - [STDERR_REDIRECT] [Fatal Error] :1:1: Premature end of file.
2026-09-28 22:04:05,250 [ERROR] LogOutputStream:75 - [STDERR_REDIRECT] 
2026-09-28 22:04:06,247 [ERROR] LogOutputStream:75 - [STDERR_REDIRECT] [Fatal Error] :1:1: Premature end of file.
2026-09-28 22:04:06,247 [ERROR] LogOutputStream:75 - [STDERR_REDIRECT] 
2026-09-28 22:04:07,251 [ERROR] LogOutputStream:75 - [STDERR_REDIRECT] [Fatal Error] :1:1: Premature end of file.
2026-09-28 22:04:07,251 [ERROR] LogOutputStream:75 - [STDERR_REDIRECT] 
2026-09-28 22:04:08,252 [ERROR] LogOutputStream:75 - [STDERR_REDIRECT] [Fatal Error] :1:1: Premature end of file.
2026-09-28 22:04:08,252 [ERROR] LogOutputStream:75 - [STDERR_REDIRECT] 
2026-09-28 22:04:09,249 [ERROR] LogOutputStream:75 - [STDERR_REDIRECT] [Fatal Error] :1:1: Premature end of file.
2026-09-28 22:04:09,249 [ERROR] LogOutputStream:75 - [STDERR_REDIRECT] 
2026-09-28 22:04:10,247 [ERROR] LogOutputStream:75 - [STDERR_REDIRECT] [Fatal Error] :1:1: Premature end of file.
2026-09-28 22:04:10,247 [ERROR] LogOutputStream:75 - [STDERR_REDIRECT] 
2026-09-28 22:04:11,250 [ERROR] LogOutputStream:75 - [STDERR_REDIRECT] [Fatal Error] :1:1: Premature end of file.
2026-09-28 22:04:11,251 [ERROR] LogOutputStream:75 - [STDERR_REDIRECT] 
2026-09-28 22:04:12,252 [ERROR] LogOutputStream:75 - [STDERR_REDIRECT] [Fatal Error] :1:1: Premature end of file.
2026-09-28 22:04:12,252 [ERROR] LogOutputStream:75 - [STDERR_REDIRECT] 
2026-09-28 22:04:13,250 [ERROR] LogOutputStream:75 - [STDERR_REDIRECT] [Fatal Error] :1:1: Premature end of file.
2026-09-28 22:04:13,250 [ERROR] LogOutputStream:75 - [STDERR_REDIRECT] 
2026-09-28 22:04:14,252 [ERROR] LogOutputStream:75 - [STDERR_REDIRECT] [Fatal Error] :1:1: Premature end of file.
2026-09-28 22:04:14,252 [ERROR] LogOutputStream:75 - [STDERR_REDIRECT] 
2026-09-28 22:04:15,252 [ERROR] LogOutputStream:75 - [STDERR_REDIRECT] [Fatal Error] :1:1: Premature end of file.
2026-09-28 22:04:15,256 [ERROR] LogOutputStream:75 - [STDERR_REDIRECT] 
2026-09-28 22:04:16,258 [ERROR] LogOutputStream:75 - [STDERR_REDIRECT] [Fatal Error] :1:1: Premature end of file.
2026-09-28 22:04:16,258 [ERROR] LogOutputStream:75 - [STDERR_REDIRECT] 
2026-09-28 22:04:17,251 [ERROR] LogOutputStream:75 - [STDERR_REDIRECT] [Fatal Error] :1:1: Premature end of file.
2026-09-28 22:04:17,251 [ERROR] LogOutputStream:75 - [STDERR_REDIRECT] 
2026-09-28 22:04:18,255 [ERROR] LogOutputStream:75 - [STDERR_REDIRECT] [Fatal Error] :1:1: Premature end of file.
2026-09-28 22:04:18,255 [ERROR] LogOutputStream:75 - [STDERR_REDIRECT] 
2026-09-28 22:04:19,253 [ERROR] LogOutputStream:75 - [STDERR_REDIRECT] [Fatal Error] :1:1: Premature end of file.
2026-09-28 22:04:19,253 [ERROR] LogOutputStream:75 - [STDERR_REDIRECT] 
2026-09-28 22:04:20,252 [ERROR] LogOutputStream:75 - [STDERR_REDIRECT] [Fatal Error] :1:1: Premature end of file.
2026-09-28 22:04:20,252 [ERROR] LogOutputStream:75 - [STDERR_REDIRECT] 
2026-09-28 22:04:21,253 [ERROR] LogOutputStream:75 - [STDERR_REDIRECT] [Fatal Error] :1:1: Premature end of file.
2026-09-28 22:04:21,253 [ERROR] LogOutputStream:75 - [STDERR_REDIRECT] 
2026-09-28 22:04:22,244 [ERROR] LogOutputStream:75 - [STDERR_REDIRECT] [Fatal Error] :1:1: Premature end of file.
2026-09-28 22:04:22,244 [ERROR] LogOutputStream:75 - [STDERR_REDIRECT] 
2026-09-28 22:04:23,267 [ERROR] LogOutputStream:75 - [STDERR_REDIRECT] [Fatal Error] :1:1: Premature end of file.
2026-09-28 22:04:23,267 [ERROR] LogOutputStream:75 - [STDERR_REDIRECT] 
2026-09-28 22:04:24,262 [ERROR] LogOutputStream:75 - [STDERR_REDIRECT] [Fatal Error] :1:1: Premature end of file.
2026-09-28 22:04:24,262 [ERROR] LogOutputStream:75 - [STDERR_REDIRECT] 
2026-09-28 22:04:25,254 [ERROR] LogOutputStream:75 - [STDERR_REDIRECT] [Fatal Error] :1:1: Premature end of file.
2026-09-28 22:04:25,254 [ERROR] LogOutputStream:75 - [STDERR_REDIRECT] 
2026-09-28 22:04:26,247 [ERROR] LogOutputStream:75 - [STDERR_REDIRECT] [Fatal Error] :1:1: Premature end of file.
2026-09-28 22:04:26,248 [ERROR] LogOutputStream:75 - [STDERR_REDIRECT] 
2026-09-28 22:04:27,256 [ERROR] LogOutputStream:75 - [STDERR_REDIRECT] [Fatal Error] :1:1: Premature end of file.
2026-09-28 22:04:27,256 [ERROR] LogOutputStream:75 - [STDERR_REDIRECT] 
2026-09-28 22:04:28,252 [ERROR] LogOutputStream:75 - [STDERR_REDIRECT] [Fatal Error] :1:1: Premature end of file.
2026-09-28 22:04:28,252 [ERROR] LogOutputStream:75 - [STDERR_REDIRECT] 
2026-09-28 22:04:29,259 [ERROR] LogOutputStream:75 - [STDERR_REDIRECT] [Fatal Error] :1:1: Premature end of file.
2026-09-28 22:04:29,259 [ERROR] LogOutputStream:75 - [STDERR_REDIRECT] 
2026-09-28 22:04:30,256 [ERROR] LogOutputStream:75 - [STDERR_REDIRECT] [Fatal Error] :1:1: Premature end of file.
2026-09-28 22:04:30,256 [ERROR] LogOutputStream:75 - [STDERR_REDIRECT] 
2026-09-28 22:04:31,253 [ERROR] LogOutputStream:75 - [STDERR_REDIRECT] [Fatal Error] :1:1: Premature end of file.
2026-09-28 22:04:31,253 [ERROR] LogOutputStream:75 - [STDERR_REDIRECT] 
2026-09-28 22:04:32,251 [ERROR] LogOutputStream:75 - [STDERR_REDIRECT] [Fatal Error] :1:1: Premature end of file.
2026-09-28 22:04:32,251 [ERROR] LogOutputStream:75 - [STDERR_REDIRECT] 
2026-09-28 22:04:33,252 [ERROR] LogOutputStream:75 - [STDERR_REDIRECT] [Fatal Error] :1:1: Premature end of file.
2026-09-28 22:04:33,252 [ERROR] LogOutputStream:75 - [STDERR_REDIRECT] 
2026-09-28 22:04:34,250 [ERROR] LogOutputStream:75 - [STDERR_REDIRECT] [Fatal Error] :1:1: Premature end of file.
2026-09-28 22:04:34,250 [ERROR] LogOutputStream:75 - [STDERR_REDIRECT] 
2026-09-28 22:04:35,250 [ERROR] LogOutputStream:75 - [STDERR_REDIRECT] [Fatal Error] :1:1: Premature end of file.
2026-09-28 22:04:35,250 [ERROR] LogOutputStream:75 - [STDERR_REDIRECT] 
2026-09-28 22:04:36,256 [ERROR] LogOutputStream:75 - [STDERR_REDIRECT] [Fatal Error] :1:1: Premature end of file.
2026-09-28 22:04:36,256 [ERROR] LogOutputStream:75 - [STDERR_REDIRECT] 
2026-09-28 22:04:37,248 [ERROR] LogOutputStream:75 - [STDERR_REDIRECT] [Fatal Error] :1:1: Premature end of file.
2026-09-28 22:04:37,248 [ERROR] LogOutputStream:75 - [STDERR_REDIRECT] 
2026-09-28 22:04:38,262 [ERROR] LogOutputStream:75 - [STDERR_REDIRECT] [Fatal Error] :1:1: Premature end of file.
2026-09-28 22:04:38,262 [ERROR] LogOutputStream:75 - [STDERR_REDIRECT] 
2026-09-28 22:04:39,249 [ERROR] LogOutputStream:75 - [STDERR_REDIRECT] [Fatal Error] :1:1: Premature end of file.
2026-09-28 22:04:39,249 [ERROR] LogOutputStream:75 - [STDERR_REDIRECT] 
2026-09-28 22:04:40,252 [ERROR] LogOutputStream:75 - [STDERR_REDIRECT] [Fatal Error] :1:1: Premature end of file.
2026-09-28 22:04:40,252 [ERROR] LogOutputStream:75 - [STDERR_REDIRECT] 
2026-09-28 22:04:41,258 [ERROR] LogOutputStream:75 - [STDERR_REDIRECT] [Fatal Error] :1:1: Premature end of file.
2026-09-28 22:04:41,258 [ERROR] LogOutputStream:75 - [STDERR_REDIRECT] 
2026-09-28 22:04:42,253 [ERROR] LogOutputStream:75 - [STDERR_REDIRECT] [Fatal Error] :1:1: Premature end of file.
2026-09-28 22:04:42,253 [ERROR] LogOutputStream:75 - [STDERR_REDIRECT] 
2026-09-28 22:04:43,254 [ERROR] LogOutputStream:75 - [STDERR_REDIRECT] [Fatal Error] :1:1: Premature end of file.
2026-09-28 22:04:43,255 [ERROR] LogOutputStream:75 - [STDERR_REDIRECT] 
2026-09-28 22:04:44,251 [ERROR] LogOutputStream:75 - [STDERR_REDIRECT] [Fatal Error] :1:1: Premature end of file.
2026-09-28 22:04:44,251 [ERROR] LogOutputStream:75 - [STDERR_REDIRECT] 
2026-09-28 22:04:45,259 [ERROR] LogOutputStream:75 - [STDERR_REDIRECT] [Fatal Error] :1:1: Premature end of file.
2026-09-28 22:04:45,259 [ERROR] LogOutputStream:75 - [STDERR_REDIRECT] 
2026-09-28 22:04:46,259 [ERROR] LogOutputStream:75 - [STDERR_REDIRECT] [Fatal Error] :1:1: Premature end of file.
2026-09-28 22:04:46,259 [ERROR] LogOutputStream:75 - [STDERR_REDIRECT] 
2026-09-28 22:04:47,255 [ERROR] LogOutputStream:75 - [STDERR_REDIRECT] [Fatal Error] :1:1: Premature end of file.
2026-09-28 22:04:47,255 [ERROR] LogOutputStream:75 - [STDERR_REDIRECT] 
2026-09-28 22:04:48,254 [ERROR] LogOutputStream:75 - [STDERR_REDIRECT] [Fatal Error] :1:1: Premature end of file.
2026-09-28 22:04:48,254 [ERROR] LogOutputStream:75 - [STDERR_REDIRECT] 
2026-09-28 22:04:49,251 [ERROR] LogOutputStream:75 - [STDERR_REDIRECT] [Fatal Error] :1:1: Premature end of file.
2026-09-28 22:04:49,251 [ERROR] LogOutputStream:75 - [STDERR_REDIRECT] 
2026-09-28 22:04:50,255 [ERROR] LogOutputStream:75 - [STDERR_REDIRECT] [Fatal Error] :1:1: Premature end of file.
2026-09-28 22:04:50,255 [ERROR] LogOutputStream:75 - [STDERR_REDIRECT] 
2026-09-28 22:04:51,247 [ERROR] LogOutputStream:75 - [STDERR_REDIRECT] [Fatal Error] :1:1: Premature end of file.
2026-09-28 22:04:51,247 [ERROR] LogOutputStream:75 - [STDERR_REDIRECT] 
2026-09-28 22:04:52,267 [ERROR] LogOutputStream:75 - [STDERR_REDIRECT] [Fatal Error] :1:1: Premature end of file.
2026-09-28 22:04:52,267 [ERROR] LogOutputStream:75 - [STDERR_REDIRECT] 
2026-09-28 22:04:53,250 [ERROR] LogOutputStream:75 - [STDERR_REDIRECT] [Fatal Error] :1:1: Premature end of file.
2026-09-28 22:04:53,253 [ERROR] LogOutputStream:75 - [STDERR_REDIRECT] 
2026-09-28 22:04:54,263 [ERROR] LogOutputStream:75 - [STDERR_REDIRECT] [Fatal Error] :1:1: Premature end of file.
2026-09-28 22:04:54,263 [ERROR] LogOutputStream:75 - [STDERR_REDIRECT] 
2026-09-28 22:04:55,256 [ERROR] LogOutputStream:75 - [STDERR_REDIRECT] [Fatal Error] :1:1: Premature end of file.
2026-09-28 22:04:55,256 [ERROR] LogOutputStream:75 - [STDERR_REDIRECT] 
2026-09-28 22:04:56,260 [ERROR] LogOutputStream:75 - [STDERR_REDIRECT] [Fatal Error] :1:1: Premature end of file.
2026-09-28 22:04:56,260 [ERROR] LogOutputStream:75 - [STDERR_REDIRECT] 
2026-09-28 22:04:57,258 [ERROR] LogOutputStream:75 - [STDERR_REDIRECT] [Fatal Error] :1:1: Premature end of file.
2026-09-28 22:04:57,258 [ERROR] LogOutputStream:75 - [STDERR_REDIRECT] 
2026-09-28 22:04:58,257 [ERROR] LogOutputStream:75 - [STDERR_REDIRECT] [Fatal Error] :1:1: Premature end of file.
2026-09-28 22:04:58,257 [ERROR] LogOutputStream:75 - [STDERR_REDIRECT] 
2026-09-28 22:04:59,262 [ERROR] LogOutputStream:75 - [STDERR_REDIRECT] [Fatal Error] :1:1: Premature end of file.
2026-09-28 22:04:59,262 [ERROR] LogOutputStream:75 - [STDERR_REDIRECT] 
2026-09-28 22:05:00,258 [ERROR] LogOutputStream:75 - [STDERR_REDIRECT] [Fatal Error] :1:1: Premature end of file.
2026-09-28 22:05:00,258 [ERROR] LogOutputStream:75 - [STDERR_REDIRECT] 
2026-09-28 22:05:01,254 [ERROR] LogOutputStream:75 - [STDERR_REDIRECT] [Fatal Error] :1:1: Premature end of file.
2026-09-28 22:05:01,254 [ERROR] LogOutputStream:75 - [STDERR_REDIRECT] 
2026-09-28 22:05:02,253 [ERROR] LogOutputStream:75 - [STDERR_REDIRECT] [Fatal Error] :1:1: Premature end of file.
2026-09-28 22:05:02,253 [ERROR] LogOutputStream:75 - [STDERR_REDIRECT] 
2026-09-28 22:05:03,257 [ERROR] LogOutputStream:75 - [STDERR_REDIRECT] [Fatal Error] :1:1: Premature end of file.
2026-09-28 22:05:03,257 [ERROR] LogOutputStream:75 - [STDERR_REDIRECT] 
2026-09-28 22:05:04,254 [ERROR] LogOutputStream:75 - [STDERR_REDIRECT] [Fatal Error] :1:1: Premature end of file.
2026-09-28 22:05:04,254 [ERROR] LogOutputStream:75 - [STDERR_REDIRECT] 
2026-09-28 22:05:05,258 [ERROR] LogOutputStream:75 - [STDERR_REDIRECT] [Fatal Error] :1:1: Premature end of file.
2026-09-28 22:05:05,258 [ERROR] LogOutputStream:75 - [STDERR_REDIRECT] 
2026-09-28 22:05:06,259 [ERROR] LogOutputStream:75 - [STDERR_REDIRECT] [Fatal Error] :1:1: Premature end of file.
2026-09-28 22:05:06,259 [ERROR] LogOutputStream:75 - [STDERR_REDIRECT] 
2026-09-28 22:05:07,253 [ERROR] LogOutputStream:75 - [STDERR_REDIRECT] [Fatal Error] :1:1: Premature end of file.
2026-09-28 22:05:07,255 [ERROR] LogOutputStream:75 - [STDERR_REDIRECT] 
2026-09-28 22:05:08,271 [ERROR] LogOutputStream:75 - [STDERR_REDIRECT] [Fatal Error] :1:1: Premature end of file.
2026-09-28 22:05:08,271 [ERROR] LogOutputStream:75 - [STDERR_REDIRECT] 
2026-09-28 22:05:09,250 [ERROR] LogOutputStream:75 - [STDERR_REDIRECT] [Fatal Error] :1:1: Premature end of file.
2026-09-28 22:05:09,250 [ERROR] LogOutputStream:75 - [STDERR_REDIRECT] 
2026-09-28 22:05:10,255 [ERROR] LogOutputStream:75 - [STDERR_REDIRECT] [Fatal Error] :1:1: Premature end of file.
2026-09-28 22:05:10,255 [ERROR] LogOutputStream:75 - [STDERR_REDIRECT] 
2026-09-28 22:05:11,255 [ERROR] LogOutputStream:75 - [STDERR_REDIRECT] [Fatal Error] :1:1: Premature end of file.
2026-09-28 22:05:11,255 [ERROR] LogOutputStream:75 - [STDERR_REDIRECT] 
2026-09-28 22:05:12,261 [ERROR] LogOutputStream:75 - [STDERR_REDIRECT] [Fatal Error] :1:1: Premature end of file.
2026-09-28 22:05:12,261 [ERROR] LogOutputStream:75 - [STDERR_REDIRECT] 
2026-09-28 22:05:13,262 [ERROR] LogOutputStream:75 - [STDERR_REDIRECT] [Fatal Error] :1:1: Premature end of file.
2026-09-28 22:05:13,262 [ERROR] LogOutputStream:75 - [STDERR_REDIRECT] 
2026-09-28 22:05:14,258 [ERROR] LogOutputStream:75 - [STDERR_REDIRECT] [Fatal Error] :1:1: Premature end of file.
2026-09-28 22:05:14,258 [ERROR] LogOutputStream:75 - [STDERR_REDIRECT] 
2026-09-28 22:05:15,252 [ERROR] LogOutputStream:75 - [STDERR_REDIRECT] [Fatal Error] :1:1: Premature end of file.
2026-09-28 22:05:15,253 [ERROR] LogOutputStream:75 - [STDERR_REDIRECT] 
2026-09-28 22:05:16,252 [ERROR] LogOutputStream:75 - [STDERR_REDIRECT] [Fatal Error] :1:1: Premature end of file.
2026-09-28 22:05:16,252 [ERROR] LogOutputStream:75 - [STDERR_REDIRECT] 
2026-09-28 22:05:17,254 [ERROR] LogOutputStream:75 - [STDERR_REDIRECT] [Fatal Error] :1:1: Premature end of file.
2026-09-28 22:05:17,254 [ERROR] LogOutputStream:75 - [STDERR_REDIRECT] 
2026-09-28 22:05:18,258 [ERROR] LogOutputStream:75 - [STDERR_REDIRECT] [Fatal Error] :1:1: Premature end of file.
2026-09-28 22:05:18,258 [ERROR] LogOutputStream:75 - [STDERR_REDIRECT] 
2026-09-28 22:05:19,253 [ERROR] LogOutputStream:75 - [STDERR_REDIRECT] [Fatal Error] :1:1: Premature end of file.
2026-09-28 22:05:19,255 [ERROR] LogOutputStream:75 - [STDERR_REDIRECT] 
2026-09-28 22:05:20,253 [ERROR] LogOutputStream:75 - [STDERR_REDIRECT] [Fatal Error] :1:1: Premature end of file.
2026-09-28 22:05:20,256 [ERROR] LogOutputStream:75 - [STDERR_REDIRECT] 
2026-09-28 22:05:21,255 [ERROR] LogOutputStream:75 - [STDERR_REDIRECT] [Fatal Error] :1:1: Premature end of file.
2026-09-28 22:05:21,255 [ERROR] LogOutputStream:75 - [STDERR_REDIRECT] 
2026-09-28 22:05:22,289 [ERROR] LogOutputStream:75 - [STDERR_REDIRECT] [Fatal Error] :1:1: Premature end of file.
2026-09-28 22:05:22,289 [ERROR] LogOutputStream:75 - [STDERR_REDIRECT] 
2026-09-28 22:05:23,255 [ERROR] LogOutputStream:75 - [STDERR_REDIRECT] [Fatal Error] :1:1: Premature end of file.
2026-09-28 22:05:23,255 [ERROR] LogOutputStream:75 - [STDERR_REDIRECT] 
2026-09-28 22:05:24,255 [ERROR] LogOutputStream:75 - [STDERR_REDIRECT] [Fatal Error] :1:1: Premature end of file.
2026-09-28 22:05:24,255 [ERROR] LogOutputStream:75 - [STDERR_REDIRECT] 
2026-09-28 22:05:25,256 [ERROR] LogOutputStream:75 - [STDERR_REDIRECT] [Fatal Error] :1:1: Premature end of file.
2026-09-28 22:05:25,256 [ERROR] LogOutputStream:75 - [STDERR_REDIRECT] 
2026-09-28 22:05:26,256 [ERROR] LogOutputStream:75 - [STDERR_REDIRECT] [Fatal Error] :1:1: Premature end of file.
2026-09-28 22:05:26,256 [ERROR] LogOutputStream:75 - [STDERR_REDIRECT] 
2026-09-28 22:05:27,265 [ERROR] LogOutputStream:75 - [STDERR_REDIRECT] [Fatal Error] :1:1: Premature end of file.
2026-09-28 22:05:27,265 [ERROR] LogOutputStream:75 - [STDERR_REDIRECT] 
2026-09-28 22:05:28,264 [ERROR] LogOutputStream:75 - [STDERR_REDIRECT] [Fatal Error] :1:1: Premature end of file.
2026-09-28 22:05:28,264 [ERROR] LogOutputStream:75 - [STDERR_REDIRECT] 
2026-09-28 22:05:29,253 [ERROR] LogOutputStream:75 - [STDERR_REDIRECT] [Fatal Error] :1:1: Premature end of file.
2026-09-28 22:05:29,253 [ERROR] LogOutputStream:75 - [STDERR_REDIRECT] 
2026-09-28 22:05:30,262 [ERROR] LogOutputStream:75 - [STDERR_REDIRECT] [Fatal Error] :1:1: Premature end of file.
2026-09-28 22:05:30,262 [ERROR] LogOutputStream:75 - [STDERR_REDIRECT] 
2026-09-28 22:05:31,250 [ERROR] LogOutputStream:75 - [STDERR_REDIRECT] [Fatal Error] :1:1: Premature end of file.
2026-09-28 22:05:31,250 [ERROR] LogOutputStream:75 - [STDERR_REDIRECT] 
2026-09-28 22:05:32,250 [ERROR] LogOutputStream:75 - [STDERR_REDIRECT] [Fatal Error] :1:1: Premature end of file.
2026-09-28 22:05:32,250 [ERROR] LogOutputStream:75 - [STDERR_REDIRECT] 
2026-09-28 22:05:33,261 [ERROR] LogOutputStream:75 - [STDERR_REDIRECT] [Fatal Error] :1:1: Premature end of file.
2026-09-28 22:05:33,261 [ERROR] LogOutputStream:75 - [STDERR_REDIRECT] 
2026-09-28 22:05:34,254 [ERROR] LogOutputStream:75 - [STDERR_REDIRECT] [Fatal Error] :1:1: Premature end of file.
2026-09-28 22:05:34,254 [ERROR] LogOutputStream:75 - [STDERR_REDIRECT] 
2026-09-28 22:05:35,251 [ERROR] LogOutputStream:75 - [STDERR_REDIRECT] [Fatal Error] :1:1: Premature end of file.
2026-09-28 22:05:35,251 [ERROR] LogOutputStream:75 - [STDERR_REDIRECT] 
2026-09-28 22:05:36,258 [ERROR] LogOutputStream:75 - [STDERR_REDIRECT] [Fatal Error] :1:1: Premature end of file.
2026-09-28 22:05:36,258 [ERROR] LogOutputStream:75 - [STDERR_REDIRECT] 
2026-09-28 22:05:37,250 [ERROR] LogOutputStream:75 - [STDERR_REDIRECT] [Fatal Error] :1:1: Premature end of file.
2026-09-28 22:05:37,250 [ERROR] LogOutputStream:75 - [STDERR_REDIRECT] 
2026-09-28 22:05:38,250 [ERROR] LogOutputStream:75 - [STDERR_REDIRECT] [Fatal Error] :1:1: Premature end of file.
2026-09-28 22:05:38,250 [ERROR] LogOutputStream:75 - [STDERR_REDIRECT] 
2026-09-28 22:05:39,257 [ERROR] LogOutputStream:75 - [STDERR_REDIRECT] [Fatal Error] :1:1: Premature end of file.
2026-09-28 22:05:39,257 [ERROR] LogOutputStream:75 - [STDERR_REDIRECT] 
2026-09-28 22:05:40,250 [ERROR] LogOutputStream:75 - [STDERR_REDIRECT] [Fatal Error] :1:1: Premature end of file.
2026-09-28 22:05:40,250 [ERROR] LogOutputStream:75 - [STDERR_REDIRECT] 
2026-09-28 22:05:41,258 [ERROR] LogOutputStream:75 - [STDERR_REDIRECT] [Fatal Error] :1:1: Premature end of file.
2026-09-28 22:05:41,258 [ERROR] LogOutputStream:75 - [STDERR_REDIRECT] 
2026-09-28 22:05:42,253 [ERROR] LogOutputStream:75 - [STDERR_REDIRECT] [Fatal Error] :1:1: Premature end of file.
2026-09-28 22:05:42,253 [ERROR] LogOutputStream:75 - [STDERR_REDIRECT] 
2026-09-28 22:05:43,250 [ERROR] LogOutputStream:75 - [STDERR_REDIRECT] [Fatal Error] :1:1: Premature end of file.
2026-09-28 22:05:43,252 [ERROR] LogOutputStream:75 - [STDERR_REDIRECT] 
2026-09-28 22:05:44,252 [ERROR] LogOutputStream:75 - [STDERR_REDIRECT] [Fatal Error] :1:1: Premature end of file.
2026-09-28 22:05:44,254 [ERROR] LogOutputStream:75 - [STDERR_REDIRECT] 
2026-09-28 22:05:45,251 [ERROR] LogOutputStream:75 - [STDERR_REDIRECT] [Fatal Error] :1:1: Premature end of file.
2026-09-28 22:05:45,251 [ERROR] LogOutputStream:75 - [STDERR_REDIRECT] 
2026-09-28 22:05:46,256 [ERROR] LogOutputStream:75 - [STDERR_REDIRECT] [Fatal Error] :1:1: Premature end of file.
2026-09-28 22:05:46,256 [ERROR] LogOutputStream:75 - [STDERR_REDIRECT] 
2026-09-28 22:05:47,256 [ERROR] LogOutputStream:75 - [STDERR_REDIRECT] [Fatal Error] :1:1: Premature end of file.
2026-09-28 22:05:47,256 [ERROR] LogOutputStream:75 - [STDERR_REDIRECT] 
2026-09-28 22:05:48,257 [ERROR] LogOutputStream:75 - [STDERR_REDIRECT] [Fatal Error] :1:1: Premature end of file.
2026-09-28 22:05:48,257 [ERROR] LogOutputStream:75 - [STDERR_REDIRECT] 
2026-09-28 22:05:49,262 [ERROR] LogOutputStream:75 - [STDERR_REDIRECT] [Fatal Error] :1:1: Premature end of file.
2026-09-28 22:05:49,262 [ERROR] LogOutputStream:75 - [STDERR_REDIRECT] 
2026-09-28 22:05:50,249 [ERROR] LogOutputStream:75 - [STDERR_REDIRECT] [Fatal Error] :1:1: Premature end of file.
2026-09-28 22:05:50,249 [ERROR] LogOutputStream:75 - [STDERR_REDIRECT] 
2026-09-28 22:05:51,254 [ERROR] LogOutputStream:75 - [STDERR_REDIRECT] [Fatal Error] :1:1: Premature end of file.
2026-09-28 22:05:51,254 [ERROR] LogOutputStream:75 - [STDERR_REDIRECT] 
2026-09-28 22:05:52,259 [ERROR] LogOutputStream:75 - [STDERR_REDIRECT] [Fatal Error] :1:1: Premature end of file.
2026-09-28 22:05:52,259 [ERROR] LogOutputStream:75 - [STDERR_REDIRECT] 
2026-09-28 22:05:53,254 [ERROR] LogOutputStream:75 - [STDERR_REDIRECT] [Fatal Error] :1:1: Premature end of file.
2026-09-28 22:05:53,254 [ERROR] LogOutputStream:75 - [STDERR_REDIRECT] 
2026-09-28 22:05:54,263 [ERROR] LogOutputStream:75 - [STDERR_REDIRECT] [Fatal Error] :1:1: Premature end of file.
2026-09-28 22:05:54,263 [ERROR] LogOutputStream:75 - [STDERR_REDIRECT] 
2026-09-28 22:05:55,251 [ERROR] LogOutputStream:75 - [STDERR_REDIRECT] [Fatal Error] :1:1: Premature end of file.
2026-09-28 22:05:55,251 [ERROR] LogOutputStream:75 - [STDERR_REDIRECT] 
2026-09-28 22:05:56,254 [ERROR] LogOutputStream:75 - [STDERR_REDIRECT] [Fatal Error] :1:1: Premature end of file.
2026-09-28 22:05:56,254 [ERROR] LogOutputStream:75 - [STDERR_REDIRECT] 
2026-09-28 22:05:57,265 [ERROR] LogOutputStream:75 - [STDERR_REDIRECT] [Fatal Error] :1:1: Premature end of file.
2026-09-28 22:05:57,265 [ERROR] LogOutputStream:75 - [STDERR_REDIRECT] 
2026-09-28 22:05:58,256 [ERROR] LogOutputStream:75 - [STDERR_REDIRECT] [Fatal Error] :1:1: Premature end of file.
2026-09-28 22:05:58,256 [ERROR] LogOutputStream:75 - [STDERR_REDIRECT] 
2026-09-28 22:05:59,254 [ERROR] LogOutputStream:75 - [STDERR_REDIRECT] [Fatal Error] :1:1: Premature end of file.
2026-09-28 22:05:59,254 [ERROR] LogOutputStream:75 - [STDERR_REDIRECT] 
2026-09-28 22:06:00,256 [ERROR] LogOutputStream:75 - [STDERR_REDIRECT] [Fatal Error] :1:1: Premature end of file.
2026-09-28 22:06:00,256 [ERROR] LogOutputStream:75 - [STDERR_REDIRECT] 
2026-09-28 22:06:01,250 [ERROR] LogOutputStream:75 - [STDERR_REDIRECT] [Fatal Error] :1:1: Premature end of file.
2026-09-28 22:06:01,250 [ERROR] LogOutputStream:75 - [STDERR_REDIRECT] 
2026-09-28 22:06:02,249 [ERROR] LogOutputStream:75 - [STDERR_REDIRECT] [Fatal Error] :1:1: Premature end of file.
2026-09-28 22:06:02,249 [ERROR] LogOutputStream:75 - [STDERR_REDIRECT] 
2026-09-28 22:06:03,258 [ERROR] LogOutputStream:75 - [STDERR_REDIRECT] [Fatal Error] :1:1: Premature end of file.
2026-09-28 22:06:03,258 [ERROR] LogOutputStream:75 - [STDERR_REDIRECT] 
2026-09-28 22:06:04,248 [ERROR] LogOutputStream:75 - [STDERR_REDIRECT] [Fatal Error] :1:1: Premature end of file.
2026-09-28 22:06:04,248 [ERROR] LogOutputStream:75 - [STDERR_REDIRECT] 
2026-09-28 22:06:05,250 [ERROR] LogOutputStream:75 - [STDERR_REDIRECT] [Fatal Error] :1:1: Premature end of file.
2026-09-28 22:06:05,250 [ERROR] LogOutputStream:75 - [STDERR_REDIRECT] 
2026-09-28 22:06:06,250 [ERROR] LogOutputStream:75 - [STDERR_REDIRECT] [Fatal Error] :1:1: Premature end of file.
2026-09-28 22:06:06,250 [ERROR] LogOutputStream:75 - [STDERR_REDIRECT] 
2026-09-28 22:06:07,252 [ERROR] LogOutputStream:75 - [STDERR_REDIRECT] [Fatal Error] :1:1: Premature end of file.
2026-09-28 22:06:07,252 [ERROR] LogOutputStream:75 - [STDERR_REDIRECT] 
2026-09-28 22:06:08,252 [ERROR] LogOutputStream:75 - [STDERR_REDIRECT] [Fatal Error] :1:1: Premature end of file.
2026-09-28 22:06:08,255 [ERROR] LogOutputStream:75 - [STDERR_REDIRECT] 
2026-09-28 22:06:09,295 [ERROR] LogOutputStream:75 - [STDERR_REDIRECT] [Fatal Error] :1:1: Premature end of file.
2026-09-28 22:06:09,295 [ERROR] LogOutputStream:75 - [STDERR_REDIRECT] 
2026-09-28 22:06:10,254 [ERROR] LogOutputStream:75 - [STDERR_REDIRECT] [Fatal Error] :1:1: Premature end of file.
2026-09-28 22:06:10,254 [ERROR] LogOutputStream:75 - [STDERR_REDIRECT] 
2026-09-28 22:06:11,252 [ERROR] LogOutputStream:75 - [STDERR_REDIRECT] [Fatal Error] :1:1: Premature end of file.
2026-09-28 22:06:11,252 [ERROR] LogOutputStream:75 - [STDERR_REDIRECT] 
2026-09-28 22:06:12,261 [ERROR] LogOutputStream:75 - [STDERR_REDIRECT] [Fatal Error] :1:1: Premature end of file.
2026-09-28 22:06:12,261 [ERROR] LogOutputStream:75 - [STDERR_REDIRECT] 
2026-09-28 22:06:13,256 [ERROR] LogOutputStream:75 - [STDERR_REDIRECT] [Fatal Error] :1:1: Premature end of file.
2026-09-28 22:06:13,256 [ERROR] LogOutputStream:75 - [STDERR_REDIRECT] 
2026-09-28 22:06:14,255 [ERROR] LogOutputStream:75 - [STDERR_REDIRECT] [Fatal Error] :1:1: Premature end of file.
2026-09-28 22:06:14,255 [ERROR] LogOutputStream:75 - [STDERR_REDIRECT] 
2026-09-28 22:06:15,252 [ERROR] LogOutputStream:75 - [STDERR_REDIRECT] [Fatal Error] :1:1: Premature end of file.
2026-09-28 22:06:15,253 [ERROR] LogOutputStream:75 - [STDERR_REDIRECT] 
2026-09-28 22:06:16,251 [ERROR] LogOutputStream:75 - [STDERR_REDIRECT] [Fatal Error] :1:1: Premature end of file.
2026-09-28 22:06:16,251 [ERROR] LogOutputStream:75 - [STDERR_REDIRECT] 
2026-09-28 22:06:17,266 [ERROR] LogOutputStream:75 - [STDERR_REDIRECT] [Fatal Error] :1:1: Premature end of file.
2026-09-28 22:06:17,267 [ERROR] LogOutputStream:75 - [STDERR_REDIRECT] 
2026-09-28 22:06:18,253 [ERROR] LogOutputStream:75 - [STDERR_REDIRECT] [Fatal Error] :1:1: Premature end of file.
2026-09-28 22:06:18,255 [ERROR] LogOutputStream:75 - [STDERR_REDIRECT] 
2026-09-28 22:06:19,265 [ERROR] LogOutputStream:75 - [STDERR_REDIRECT] [Fatal Error] :1:1: Premature end of file.
2026-09-28 22:06:19,265 [ERROR] LogOutputStream:75 - [STDERR_REDIRECT] 
2026-09-28 22:06:20,254 [ERROR] LogOutputStream:75 - [STDERR_REDIRECT] [Fatal Error] :1:1: Premature end of file.
2026-09-28 22:06:20,254 [ERROR] LogOutputStream:75 - [STDERR_REDIRECT] 
2026-09-28 22:06:21,256 [ERROR] LogOutputStream:75 - [STDERR_REDIRECT] [Fatal Error] :1:1: Premature end of file.
2026-09-28 22:06:21,256 [ERROR] LogOutputStream:75 - [STDERR_REDIRECT] 
2026-09-28 22:06:22,255 [ERROR] LogOutputStream:75 - [STDERR_REDIRECT] [Fatal Error] :1:1: Premature end of file.
2026-09-28 22:06:22,255 [ERROR] LogOutputStream:75 - [STDERR_REDIRECT] 
2026-09-28 22:06:23,249 [ERROR] LogOutputStream:75 - [STDERR_REDIRECT] [Fatal Error] :1:1: Premature end of file.
2026-09-28 22:06:23,249 [ERROR] LogOutputStream:75 - [STDERR_REDIRECT] 
2026-09-28 22:06:24,258 [ERROR] LogOutputStream:75 - [STDERR_REDIRECT] [Fatal Error] :1:1: Premature end of file.
2026-09-28 22:06:24,258 [ERROR] LogOutputStream:75 - [STDERR_REDIRECT] 
2026-09-28 22:06:25,263 [ERROR] LogOutputStream:75 - [STDERR_REDIRECT] [Fatal Error] :1:1: Premature end of file.
2026-09-28 22:06:25,263 [ERROR] LogOutputStream:75 - [STDERR_REDIRECT] 
2026-09-28 22:06:26,250 [ERROR] LogOutputStream:75 - [STDERR_REDIRECT] [Fatal Error] :1:1: Premature end of file.
2026-09-28 22:06:26,250 [ERROR] LogOutputStream:75 - [STDERR_REDIRECT] 
2026-09-28 22:06:27,249 [ERROR] LogOutputStream:75 - [STDERR_REDIRECT] [Fatal Error] :1:1: Premature end of file.
2026-09-28 22:06:27,249 [ERROR] LogOutputStream:75 - [STDERR_REDIRECT] 
2026-09-28 22:06:28,252 [ERROR] LogOutputStream:75 - [STDERR_REDIRECT] [Fatal Error] :1:1: Premature end of file.
2026-09-28 22:06:28,255 [ERROR] LogOutputStream:75 - [STDERR_REDIRECT] 
2026-09-28 22:06:29,250 [ERROR] LogOutputStream:75 - [STDERR_REDIRECT] [Fatal Error] :1:1: Premature end of file.
2026-09-28 22:06:29,250 [ERROR] LogOutputStream:75 - [STDERR_REDIRECT] 
2026-09-28 22:06:30,255 [ERROR] LogOutputStream:75 - [STDERR_REDIRECT] [Fatal Error] :1:1: Premature end of file.
2026-09-28 22:06:30,255 [ERROR] LogOutputStream:75 - [STDERR_REDIRECT] 
2026-09-28 22:06:31,255 [ERROR] LogOutputStream:75 - [STDERR_REDIRECT] [Fatal Error] :1:1: Premature end of file.
2026-09-28 22:06:31,255 [ERROR] LogOutputStream:75 - [STDERR_REDIRECT] 
2026-09-28 22:06:32,253 [ERROR] LogOutputStream:75 - [STDERR_REDIRECT] [Fatal Error] :1:1: Premature end of file.
2026-09-28 22:06:32,253 [ERROR] LogOutputStream:75 - [STDERR_REDIRECT] 
2026-09-28 22:06:33,265 [ERROR] LogOutputStream:75 - [STDERR_REDIRECT] [Fatal Error] :1:1: Premature end of file.
2026-09-28 22:06:33,265 [ERROR] LogOutputStream:75 - [STDERR_REDIRECT] 
2026-09-28 22:06:34,249 [ERROR] LogOutputStream:75 - [STDERR_REDIRECT] [Fatal Error] :1:1: Premature end of file.
2026-09-28 22:06:34,249 [ERROR] LogOutputStream:75 - [STDERR_REDIRECT] 
2026-09-28 22:06:35,251 [ERROR] LogOutputStream:75 - [STDERR_REDIRECT] [Fatal Error] :1:1: Premature end of file.
2026-09-28 22:06:35,251 [ERROR] LogOutputStream:75 - [STDERR_REDIRECT] 
2026-09-28 22:06:36,255 [ERROR] LogOutputStream:75 - [STDERR_REDIRECT] [Fatal Error] :1:1: Premature end of file.
2026-09-28 22:06:36,255 [ERROR] LogOutputStream:75 - [STDERR_REDIRECT] 
2026-09-28 22:06:37,247 [ERROR] LogOutputStream:75 - [STDERR_REDIRECT] [Fatal Error] :1:1: Premature end of file.
2026-09-28 22:06:37,247 [ERROR] LogOutputStream:75 - [STDERR_REDIRECT] 
2026-09-28 22:06:38,261 [ERROR] LogOutputStream:75 - [STDERR_REDIRECT] [Fatal Error] :1:1: Premature end of file.
2026-09-28 22:06:38,261 [ERROR] LogOutputStream:75 - [STDERR_REDIRECT] 
2026-09-28 22:06:39,255 [ERROR] LogOutputStream:75 - [STDERR_REDIRECT] [Fatal Error] :1:1: Premature end of file.
2026-09-28 22:06:39,255 [ERROR] LogOutputStream:75 - [STDERR_REDIRECT] 
2026-09-28 22:06:40,255 [ERROR] LogOutputStream:75 - [STDERR_REDIRECT] [Fatal Error] :1:1: Premature end of file.
2026-09-28 22:06:40,255 [ERROR] LogOutputStream:75 - [STDERR_REDIRECT] 
2026-09-28 22:06:41,259 [ERROR] LogOutputStream:75 - [STDERR_REDIRECT] [Fatal Error] :1:1: Premature end of file.
2026-09-28 22:06:41,259 [ERROR] LogOutputStream:75 - [STDERR_REDIRECT] 
2026-09-28 22:06:42,259 [ERROR] LogOutputStream:75 - [STDERR_REDIRECT] [Fatal Error] :1:1: Premature end of file.
2026-09-28 22:06:42,260 [ERROR] LogOutputStream:75 - [STDERR_REDIRECT] 
2026-09-28 22:06:43,254 [ERROR] LogOutputStream:75 - [STDERR_REDIRECT] [Fatal Error] :1:1: Premature end of file.
2026-09-28 22:06:43,254 [ERROR] LogOutputStream:75 - [STDERR_REDIRECT] 
2026-09-28 22:06:44,261 [ERROR] LogOutputStream:75 - [STDERR_REDIRECT] [Fatal Error] :1:1: Premature end of file.
2026-09-28 22:06:44,261 [ERROR] LogOutputStream:75 - [STDERR_REDIRECT] 
2026-09-28 22:06:45,253 [ERROR] LogOutputStream:75 - [STDERR_REDIRECT] [Fatal Error] :1:1: Premature end of file.
2026-09-28 22:06:45,253 [ERROR] LogOutputStream:75 - [STDERR_REDIRECT] 
2026-09-28 22:06:46,261 [ERROR] LogOutputStream:75 - [STDERR_REDIRECT] [Fatal Error] :1:1: Premature end of file.
2026-09-28 22:06:46,261 [ERROR] LogOutputStream:75 - [STDERR_REDIRECT] 
2026-09-28 22:06:47,265 [ERROR] LogOutputStream:75 - [STDERR_REDIRECT] [Fatal Error] :1:1: Premature end of file.
2026-09-28 22:06:47,265 [ERROR] LogOutputStream:75 - [STDERR_REDIRECT] 
2026-09-28 22:06:48,252 [ERROR] LogOutputStream:75 - [STDERR_REDIRECT] [Fatal Error] :1:1: Premature end of file.
2026-09-28 22:06:48,252 [ERROR] LogOutputStream:75 - [STDERR_REDIRECT] 
2026-09-28 22:06:49,259 [ERROR] LogOutputStream:75 - [STDERR_REDIRECT] [Fatal Error] :1:1: Premature end of file.
2026-09-28 22:06:49,259 [ERROR] LogOutputStream:75 - [STDERR_REDIRECT] 
2026-09-28 22:06:50,264 [ERROR] LogOutputStream:75 - [STDERR_REDIRECT] [Fatal Error] :1:1: Premature end of file.
2026-09-28 22:06:50,264 [ERROR] LogOutputStream:75 - [STDERR_REDIRECT] 
2026-09-28 22:06:51,253 [ERROR] LogOutputStream:75 - [STDERR_REDIRECT] [Fatal Error] :1:1: Premature end of file.
2026-09-28 22:06:51,253 [ERROR] LogOutputStream:75 - [STDERR_REDIRECT] 
2026-09-28 22:06:52,257 [ERROR] LogOutputStream:75 - [STDERR_REDIRECT] [Fatal Error] :1:1: Premature end of file.
2026-09-28 22:06:52,257 [ERROR] LogOutputStream:75 - [STDERR_REDIRECT] 
2026-09-28 22:06:53,251 [ERROR] LogOutputStream:75 - [STDERR_REDIRECT] [Fatal Error] :1:1: Premature end of file.
2026-09-28 22:06:53,251 [ERROR] LogOutputStream:75 - [STDERR_REDIRECT] 
2026-09-28 22:06:54,252 [ERROR] LogOutputStream:75 - [STDERR_REDIRECT] [Fatal Error] :1:1: Premature end of file.
2026-09-28 22:06:54,252 [ERROR] LogOutputStream:75 - [STDERR_REDIRECT] 
2026-09-28 22:06:55,252 [ERROR] LogOutputStream:75 - [STDERR_REDIRECT] [Fatal Error] :1:1: Premature end of file.
2026-09-28 22:06:55,252 [ERROR] LogOutputStream:75 - [STDERR_REDIRECT] 
2026-09-28 22:06:56,252 [ERROR] LogOutputStream:75 - [STDERR_REDIRECT] [Fatal Error] :1:1: Premature end of file.
2026-09-28 22:06:56,252 [ERROR] LogOutputStream:75 - [STDERR_REDIRECT] 
2026-09-28 22:06:57,256 [ERROR] LogOutputStream:75 - [STDERR_REDIRECT] [Fatal Error] :1:1: Premature end of file.
2026-09-28 22:06:57,256 [ERROR] LogOutputStream:75 - [STDERR_REDIRECT] 
2026-09-28 22:06:58,267 [ERROR] LogOutputStream:75 - [STDERR_REDIRECT] [Fatal Error] :1:1: Premature end of file.
2026-09-28 22:06:58,268 [ERROR] LogOutputStream:75 - [STDERR_REDIRECT] 
2026-09-28 22:06:59,260 [ERROR] LogOutputStream:75 - [STDERR_REDIRECT] [Fatal Error] :1:1: Premature end of file.
2026-09-28 22:06:59,260 [ERROR] LogOutputStream:75 - [STDERR_REDIRECT] 
2026-09-28 22:07:00,254 [ERROR] LogOutputStream:75 - [STDERR_REDIRECT] [Fatal Error] :1:1: Premature end of file.
2026-09-28 22:07:00,254 [ERROR] LogOutputStream:75 - [STDERR_REDIRECT] 
2026-09-28 22:07:01,254 [ERROR] LogOutputStream:75 - [STDERR_REDIRECT] [Fatal Error] :1:1: Premature end of file.
2026-09-28 22:07:01,254 [ERROR] LogOutputStream:75 - [STDERR_REDIRECT] 
2026-09-28 22:07:02,254 [ERROR] LogOutputStream:75 - [STDERR_REDIRECT] [Fatal Error] :1:1: Premature end of file.
2026-09-28 22:07:02,254 [ERROR] LogOutputStream:75 - [STDERR_REDIRECT] 
2026-09-28 22:07:03,254 [ERROR] LogOutputStream:75 - [STDERR_REDIRECT] [Fatal Error] :1:1: Premature end of file.
2026-09-28 22:07:03,254 [ERROR] LogOutputStream:75 - [STDERR_REDIRECT] 
2026-09-28 22:07:04,275 [ERROR] LogOutputStream:75 - [STDERR_REDIRECT] [Fatal Error] :1:1: Premature end of file.
2026-09-28 22:07:04,277 [ERROR] LogOutputStream:75 - [STDERR_REDIRECT] 
2026-09-28 22:07:05,249 [ERROR] LogOutputStream:75 - [STDERR_REDIRECT] [Fatal Error] :1:1: Premature end of file.
2026-09-28 22:07:05,249 [ERROR] LogOutputStream:75 - [STDERR_REDIRECT] 
2026-09-28 22:07:06,260 [ERROR] LogOutputStream:75 - [STDERR_REDIRECT] [Fatal Error] :1:1: Premature end of file.
2026-09-28 22:07:06,260 [ERROR] LogOutputStream:75 - [STDERR_REDIRECT] 
2026-09-28 22:07:07,266 [ERROR] LogOutputStream:75 - [STDERR_REDIRECT] [Fatal Error] :1:1: Premature end of file.
2026-09-28 22:07:07,266 [ERROR] LogOutputStream:75 - [STDERR_REDIRECT] 
2026-09-28 22:07:08,259 [ERROR] LogOutputStream:75 - [STDERR_REDIRECT] [Fatal Error] :1:1: Premature end of file.
2026-09-28 22:07:08,259 [ERROR] LogOutputStream:75 - [STDERR_REDIRECT] 
2026-09-28 22:07:09,261 [ERROR] LogOutputStream:75 - [STDERR_REDIRECT] [Fatal Error] :1:1: Premature end of file.
2026-09-28 22:07:09,261 [ERROR] LogOutputStream:75 - [STDERR_REDIRECT] 
2026-09-28 22:07:10,266 [ERROR] LogOutputStream:75 - [STDERR_REDIRECT] [Fatal Error] :1:1: Premature end of file.
2026-09-28 22:07:10,268 [ERROR] LogOutputStream:75 - [STDERR_REDIRECT] 
2026-09-28 22:07:11,262 [ERROR] LogOutputStream:75 - [STDERR_REDIRECT] [Fatal Error] :1:1: Premature end of file.
2026-09-28 22:07:11,262 [ERROR] LogOutputStream:75 - [STDERR_REDIRECT] 
2026-09-28 22:07:12,258 [ERROR] LogOutputStream:75 - [STDERR_REDIRECT] [Fatal Error] :1:1: Premature end of file.
2026-09-28 22:07:12,258 [ERROR] LogOutputStream:75 - [STDERR_REDIRECT] 
2026-09-28 22:07:13,301 [ERROR] LogOutputStream:75 - [STDERR_REDIRECT] [Fatal Error] :1:1: Premature end of file.
2026-09-28 22:07:13,301 [ERROR] LogOutputStream:75 - [STDERR_REDIRECT] 
2026-09-28 22:07:14,262 [ERROR] LogOutputStream:75 - [STDERR_REDIRECT] [Fatal Error] :1:1: Premature end of file.
2026-09-28 22:07:14,262 [ERROR] LogOutputStream:75 - [STDERR_REDIRECT] 
2026-09-28 22:07:15,264 [ERROR] LogOutputStream:75 - [STDERR_REDIRECT] [Fatal Error] :1:1: Premature end of file.
2026-09-28 22:07:15,264 [ERROR] LogOutputStream:75 - [STDERR_REDIRECT] 
2026-09-28 22:07:16,273 [ERROR] LogOutputStream:75 - [STDERR_REDIRECT] [Fatal Error] :1:1: Premature end of file.
2026-09-28 22:07:16,273 [ERROR] LogOutputStream:75 - [STDERR_REDIRECT] 
2026-09-28 22:07:17,260 [ERROR] LogOutputStream:75 - [STDERR_REDIRECT] [Fatal Error] :1:1: Premature end of file.
2026-09-28 22:07:17,260 [ERROR] LogOutputStream:75 - [STDERR_REDIRECT] 
2026-09-28 22:07:18,257 [ERROR] LogOutputStream:75 - [STDERR_REDIRECT] [Fatal Error] :1:1: Premature end of file.
2026-09-28 22:07:18,260 [ERROR] LogOutputStream:75 - [STDERR_REDIRECT] 
2026-09-28 22:07:19,263 [ERROR] LogOutputStream:75 - [STDERR_REDIRECT] [Fatal Error] :1:1: Premature end of file.
2026-09-28 22:07:19,264 [ERROR] LogOutputStream:75 - [STDERR_REDIRECT] 
2026-09-28 22:07:20,264 [ERROR] LogOutputStream:75 - [STDERR_REDIRECT] [Fatal Error] :1:1: Premature end of file.
2026-09-28 22:07:20,264 [ERROR] LogOutputStream:75 - [STDERR_REDIRECT] 
2026-09-28 22:07:21,275 [ERROR] LogOutputStream:75 - [STDERR_REDIRECT] [Fatal Error] :1:1: Premature end of file.
2026-09-28 22:07:21,275 [ERROR] LogOutputStream:75 - [STDERR_REDIRECT] 
2026-09-28 22:07:22,265 [ERROR] LogOutputStream:75 - [STDERR_REDIRECT] [Fatal Error] :1:1: Premature end of file.
2026-09-28 22:07:22,265 [ERROR] LogOutputStream:75 - [STDERR_REDIRECT] 
2026-09-28 22:07:23,258 [ERROR] LogOutputStream:75 - [STDERR_REDIRECT] [Fatal Error] :1:1: Premature end of file.
2026-09-28 22:07:23,258 [ERROR] LogOutputStream:75 - [STDERR_REDIRECT] 
2026-09-28 22:07:24,254 [ERROR] LogOutputStream:75 - [STDERR_REDIRECT] [Fatal Error] :1:1: Premature end of file.
2026-09-28 22:07:24,254 [ERROR] LogOutputStream:75 - [STDERR_REDIRECT] 
2026-09-28 22:07:25,271 [ERROR] LogOutputStream:75 - [STDERR_REDIRECT] [Fatal Error] :1:1: Premature end of file.
2026-09-28 22:07:25,271 [ERROR] LogOutputStream:75 - [STDERR_REDIRECT] 
2026-09-28 22:07:26,258 [ERROR] LogOutputStream:75 - [STDERR_REDIRECT] [Fatal Error] :1:1: Premature end of file.
2026-09-28 22:07:26,258 [ERROR] LogOutputStream:75 - [STDERR_REDIRECT] 
2026-09-28 22:07:27,263 [ERROR] LogOutputStream:75 - [STDERR_REDIRECT] [Fatal Error] :1:1: Premature end of file.
2026-09-28 22:07:27,263 [ERROR] LogOutputStream:75 - [STDERR_REDIRECT] 
2026-09-28 22:07:28,264 [ERROR] LogOutputStream:75 - [STDERR_REDIRECT] [Fatal Error] :1:1: Premature end of file.
2026-09-28 22:07:28,264 [ERROR] LogOutputStream:75 - [STDERR_REDIRECT] 
2026-09-28 22:07:29,264 [ERROR] LogOutputStream:75 - [STDERR_REDIRECT] [Fatal Error] :1:1: Premature end of file.
2026-09-28 22:07:29,264 [ERROR] LogOutputStream:75 - [STDERR_REDIRECT] 
2026-09-28 22:07:30,260 [ERROR] LogOutputStream:75 - [STDERR_REDIRECT] [Fatal Error] :1:1: Premature end of file.
2026-09-28 22:07:30,260 [ERROR] LogOutputStream:75 - [STDERR_REDIRECT] 
2026-09-28 22:07:31,264 [ERROR] LogOutputStream:75 - [STDERR_REDIRECT] [Fatal Error] :1:1: Premature end of file.
2026-09-28 22:07:31,264 [ERROR] LogOutputStream:75 - [STDERR_REDIRECT] 
2026-09-28 22:07:32,263 [ERROR] LogOutputStream:75 - [STDERR_REDIRECT] [Fatal Error] :1:1: Premature end of file.
2026-09-28 22:07:32,263 [ERROR] LogOutputStream:75 - [STDERR_REDIRECT] 
2026-09-28 22:07:33,260 [ERROR] LogOutputStream:75 - [STDERR_REDIRECT] [Fatal Error] :1:1: Premature end of file.
2026-09-28 22:07:33,260 [ERROR] LogOutputStream:75 - [STDERR_REDIRECT] 
2026-09-28 22:07:34,261 [ERROR] LogOutputStream:75 - [STDERR_REDIRECT] [Fatal Error] :1:1: Premature end of file.
2026-09-28 22:07:34,261 [ERROR] LogOutputStream:75 - [STDERR_REDIRECT] 
2026-09-28 22:07:35,258 [ERROR] LogOutputStream:75 - [STDERR_REDIRECT] [Fatal Error] :1:1: Premature end of file.
2026-09-28 22:07:35,258 [ERROR] LogOutputStream:75 - [STDERR_REDIRECT] 
2026-09-28 22:07:36,263 [ERROR] LogOutputStream:75 - [STDERR_REDIRECT] [Fatal Error] :1:1: Premature end of file.
2026-09-28 22:07:36,263 [ERROR] LogOutputStream:75 - [STDERR_REDIRECT] 
2026-09-28 22:07:37,260 [ERROR] LogOutputStream:75 - [STDERR_REDIRECT] [Fatal Error] :1:1: Premature end of file.
2026-09-28 22:07:37,260 [ERROR] LogOutputStream:75 - [STDERR_REDIRECT] 
2026-09-28 22:07:38,269 [ERROR] LogOutputStream:75 - [STDERR_REDIRECT] [Fatal Error] :1:1: Premature end of file.
2026-09-28 22:07:38,269 [ERROR] LogOutputStream:75 - [STDERR_REDIRECT] 
2026-09-28 22:07:39,262 [ERROR] LogOutputStream:75 - [STDERR_REDIRECT] [Fatal Error] :1:1: Premature end of file.
2026-09-28 22:07:39,262 [ERROR] LogOutputStream:75 - [STDERR_REDIRECT] 
2026-09-28 22:07:40,256 [ERROR] LogOutputStream:75 - [STDERR_REDIRECT] [Fatal Error] :1:1: Premature end of file.
2026-09-28 22:07:40,256 [ERROR] LogOutputStream:75 - [STDERR_REDIRECT] 
2026-09-28 22:07:41,254 [ERROR] LogOutputStream:75 - [STDERR_REDIRECT] [Fatal Error] :1:1: Premature end of file.
2026-09-28 22:07:41,254 [ERROR] LogOutputStream:75 - [STDERR_REDIRECT] 
2026-09-28 22:07:42,256 [ERROR] LogOutputStream:75 - [STDERR_REDIRECT] [Fatal Error] :1:1: Premature end of file.
2026-09-28 22:07:42,256 [ERROR] LogOutputStream:75 - [STDERR_REDIRECT] 
2026-09-28 22:07:43,261 [ERROR] LogOutputStream:75 - [STDERR_REDIRECT] [Fatal Error] :1:1: Premature end of file.
2026-09-28 22:07:43,261 [ERROR] LogOutputStream:75 - [STDERR_REDIRECT] 
2026-09-28 22:07:44,251 [ERROR] LogOutputStream:75 - [STDERR_REDIRECT] [Fatal Error] :1:1: Premature end of file.
2026-09-28 22:07:44,251 [ERROR] LogOutputStream:75 - [STDERR_REDIRECT] 
2026-09-28 22:07:45,257 [ERROR] LogOutputStream:75 - [STDERR_REDIRECT] [Fatal Error] :1:1: Premature end of file.
2026-09-28 22:07:45,257 [ERROR] LogOutputStream:75 - [STDERR_REDIRECT] 
2026-09-28 22:07:46,252 [ERROR] LogOutputStream:75 - [STDERR_REDIRECT] [Fatal Error] :1:1: Premature end of file.
2026-09-28 22:07:46,252 [ERROR] LogOutputStream:75 - [STDERR_REDIRECT] 
2026-09-28 22:07:47,252 [ERROR] LogOutputStream:75 - [STDERR_REDIRECT] [Fatal Error] :1:1: Premature end of file.
2026-09-28 22:07:47,253 [ERROR] LogOutputStream:75 - [STDERR_REDIRECT] 
2026-09-28 22:07:48,256 [ERROR] LogOutputStream:75 - [STDERR_REDIRECT] [Fatal Error] :1:1: Premature end of file.
2026-09-28 22:07:48,256 [ERROR] LogOutputStream:75 - [STDERR_REDIRECT] 
2026-09-28 22:07:49,257 [ERROR] LogOutputStream:75 - [STDERR_REDIRECT] [Fatal Error] :1:1: Premature end of file.
2026-09-28 22:07:49,257 [ERROR] LogOutputStream:75 - [STDERR_REDIRECT] 
2026-09-28 22:07:50,253 [ERROR] LogOutputStream:75 - [STDERR_REDIRECT] [Fatal Error] :1:1: Premature end of file.
2026-09-28 22:07:50,253 [ERROR] LogOutputStream:75 - [STDERR_REDIRECT] 
2026-09-28 22:07:51,261 [ERROR] LogOutputStream:75 - [STDERR_REDIRECT] [Fatal Error] :1:1: Premature end of file.
2026-09-28 22:07:51,261 [ERROR] LogOutputStream:75 - [STDERR_REDIRECT] 
2026-09-28 22:07:52,253 [ERROR] LogOutputStream:75 - [STDERR_REDIRECT] [Fatal Error] :1:1: Premature end of file.
2026-09-28 22:07:52,253 [ERROR] LogOutputStream:75 - [STDERR_REDIRECT] 
2026-09-28 22:07:53,250 [ERROR] LogOutputStream:75 - [STDERR_REDIRECT] [Fatal Error] :1:1: Premature end of file.
2026-09-28 22:07:53,250 [ERROR] LogOutputStream:75 - [STDERR_REDIRECT] 
2026-09-28 22:07:54,250 [ERROR] LogOutputStream:75 - [STDERR_REDIRECT] [Fatal Error] :1:1: Premature end of file.
2026-09-28 22:07:54,250 [ERROR] LogOutputStream:75 - [STDERR_REDIRECT] 
2026-09-28 22:07:55,249 [ERROR] LogOutputStream:75 - [STDERR_REDIRECT] [Fatal Error] :1:1: Premature end of file.
2026-09-28 22:07:55,249 [ERROR] LogOutputStream:75 - [STDERR_REDIRECT] 
2026-09-28 22:07:56,251 [ERROR] LogOutputStream:75 - [STDERR_REDIRECT] [Fatal Error] :1:1: Premature end of file.
2026-09-28 22:07:56,251 [ERROR] LogOutputStream:75 - [STDERR_REDIRECT] 
2026-09-28 22:07:57,253 [ERROR] LogOutputStream:75 - [STDERR_REDIRECT] [Fatal Error] :1:1: Premature end of file.
2026-09-28 22:07:57,253 [ERROR] LogOutputStream:75 - [STDERR_REDIRECT] 
2026-09-28 22:07:58,252 [ERROR] LogOutputStream:75 - [STDERR_REDIRECT] [Fatal Error] :1:1: Premature end of file.
2026-09-28 22:07:58,252 [ERROR] LogOutputStream:75 - [STDERR_REDIRECT] 
2026-09-28 22:07:59,263 [ERROR] LogOutputStream:75 - [STDERR_REDIRECT] [Fatal Error] :1:1: Premature end of file.
2026-09-28 22:07:59,263 [ERROR] LogOutputStream:75 - [STDERR_REDIRECT] 
2026-09-28 22:08:00,255 [ERROR] LogOutputStream:75 - [STDERR_REDIRECT] [Fatal Error] :1:1: Premature end of file.
2026-09-28 22:08:00,255 [ERROR] LogOutputStream:75 - [STDERR_REDIRECT] 
2026-09-28 22:08:01,255 [ERROR] LogOutputStream:75 - [STDERR_REDIRECT] [Fatal Error] :1:1: Premature end of file.
2026-09-28 22:08:01,255 [ERROR] LogOutputStream:75 - [STDERR_REDIRECT] 
2026-09-28 22:08:02,255 [ERROR] LogOutputStream:75 - [STDERR_REDIRECT] [Fatal Error] :1:1: Premature end of file.
2026-09-28 22:08:02,255 [ERROR] LogOutputStream:75 - [STDERR_REDIRECT] 
2026-09-28 22:08:03,249 [ERROR] LogOutputStream:75 - [STDERR_REDIRECT] [Fatal Error] :1:1: Premature end of file.
2026-09-28 22:08:03,251 [ERROR] LogOutputStream:75 - [STDERR_REDIRECT] 
2026-09-28 22:08:04,252 [ERROR] LogOutputStream:75 - [STDERR_REDIRECT] [Fatal Error] :1:1: Premature end of file.
2026-09-28 22:08:04,252 [ERROR] LogOutputStream:75 - [STDERR_REDIRECT] 
2026-09-28 22:08:05,254 [ERROR] LogOutputStream:75 - [STDERR_REDIRECT] [Fatal Error] :1:1: Premature end of file.
2026-09-28 22:08:05,254 [ERROR] LogOutputStream:75 - [STDERR_REDIRECT] 
2026-09-28 22:08:06,253 [ERROR] LogOutputStream:75 - [STDERR_REDIRECT] [Fatal Error] :1:1: Premature end of file.
2026-09-28 22:08:06,253 [ERROR] LogOutputStream:75 - [STDERR_REDIRECT] 
2026-09-28 22:08:07,253 [ERROR] LogOutputStream:75 - [STDERR_REDIRECT] [Fatal Error] :1:1: Premature end of file.
2026-09-28 22:08:07,253 [ERROR] LogOutputStream:75 - [STDERR_REDIRECT] 
2026-09-28 22:08:08,255 [ERROR] LogOutputStream:75 - [STDERR_REDIRECT] [Fatal Error] :1:1: Premature end of file.
2026-09-28 22:08:08,255 [ERROR] LogOutputStream:75 - [STDERR_REDIRECT] 
2026-09-28 22:08:09,248 [ERROR] LogOutputStream:75 - [STDERR_REDIRECT] [Fatal Error] :1:1: Premature end of file.
2026-09-28 22:08:09,248 [ERROR] LogOutputStream:75 - [STDERR_REDIRECT] 
2026-09-28 22:08:10,252 [ERROR] LogOutputStream:75 - [STDERR_REDIRECT] [Fatal Error] :1:1: Premature end of file.
2026-09-28 22:08:10,252 [ERROR] LogOutputStream:75 - [STDERR_REDIRECT] 
2026-09-28 22:08:11,252 [ERROR] LogOutputStream:75 - [STDERR_REDIRECT] [Fatal Error] :1:1: Premature end of file.
2026-09-28 22:08:11,252 [ERROR] LogOutputStream:75 - [STDERR_REDIRECT] 
2026-09-28 22:08:12,251 [ERROR] LogOutputStream:75 - [STDERR_REDIRECT] [Fatal Error] :1:1: Premature end of file.
2026-09-28 22:08:12,251 [ERROR] LogOutputStream:75 - [STDERR_REDIRECT] 
2026-09-28 22:08:13,252 [ERROR] LogOutputStream:75 - [STDERR_REDIRECT] [Fatal Error] :1:1: Premature end of file.
2026-09-28 22:08:13,252 [ERROR] LogOutputStream:75 - [STDERR_REDIRECT] 
2026-09-28 22:08:14,251 [ERROR] LogOutputStream:75 - [STDERR_REDIRECT] [Fatal Error] :1:1: Premature end of file.
2026-09-28 22:08:14,251 [ERROR] LogOutputStream:75 - [STDERR_REDIRECT] 
2026-09-28 22:08:15,250 [ERROR] LogOutputStream:75 - [STDERR_REDIRECT] [Fatal Error] :1:1: Premature end of file.
2026-09-28 22:08:15,250 [ERROR] LogOutputStream:75 - [STDERR_REDIRECT] 
2026-09-28 22:08:16,251 [ERROR] LogOutputStream:75 - [STDERR_REDIRECT] [Fatal Error] :1:1: Premature end of file.
2026-09-28 22:08:16,251 [ERROR] LogOutputStream:75 - [STDERR_REDIRECT] 
2026-09-28 22:08:17,253 [ERROR] LogOutputStream:75 - [STDERR_REDIRECT] [Fatal Error] :1:1: Premature end of file.
2026-09-28 22:08:17,253 [ERROR] LogOutputStream:75 - [STDERR_REDIRECT] 
2026-09-28 22:08:18,253 [ERROR] LogOutputStream:75 - [STDERR_REDIRECT] [Fatal Error] :1:1: Premature end of file.
2026-09-28 22:08:18,253 [ERROR] LogOutputStream:75 - [STDERR_REDIRECT] 
2026-09-28 22:08:19,250 [ERROR] LogOutputStream:75 - [STDERR_REDIRECT] [Fatal Error] :1:1: Premature end of file.
2026-09-28 22:08:19,250 [ERROR] LogOutputStream:75 - [STDERR_REDIRECT] 
2026-09-28 22:08:20,254 [ERROR] LogOutputStream:75 - [STDERR_REDIRECT] [Fatal Error] :1:1: Premature end of file.
2026-09-28 22:08:20,254 [ERROR] LogOutputStream:75 - [STDERR_REDIRECT] 
2026-09-28 22:08:21,252 [ERROR] LogOutputStream:75 - [STDERR_REDIRECT] [Fatal Error] :1:1: Premature end of file.
2026-09-28 22:08:21,252 [ERROR] LogOutputStream:75 - [STDERR_REDIRECT] 
2026-09-28 22:08:22,251 [ERROR] LogOutputStream:75 - [STDERR_REDIRECT] [Fatal Error] :1:1: Premature end of file.
2026-09-28 22:08:22,251 [ERROR] LogOutputStream:75 - [STDERR_REDIRECT] 
2026-09-28 22:08:23,252 [ERROR] LogOutputStream:75 - [STDERR_REDIRECT] [Fatal Error] :1:1: Premature end of file.
2026-09-28 22:08:23,252 [ERROR] LogOutputStream:75 - [STDERR_REDIRECT] 
2026-09-28 22:08:24,253 [ERROR] LogOutputStream:75 - [STDERR_REDIRECT] [Fatal Error] :1:1: Premature end of file.
2026-09-28 22:08:24,253 [ERROR] LogOutputStream:75 - [STDERR_REDIRECT] 
2026-09-28 22:08:25,253 [ERROR] LogOutputStream:75 - [STDERR_REDIRECT] [Fatal Error] :1:1: Premature end of file.
2026-09-28 22:08:25,253 [ERROR] LogOutputStream:75 - [STDERR_REDIRECT] 
2026-09-28 22:08:26,252 [ERROR] LogOutputStream:75 - [STDERR_REDIRECT] [Fatal Error] :1:1: Premature end of file.
2026-09-28 22:08:26,253 [ERROR] LogOutputStream:75 - [STDERR_REDIRECT] 
2026-09-28 22:08:27,254 [ERROR] LogOutputStream:75 - [STDERR_REDIRECT] [Fatal Error] :1:1: Premature end of file.
2026-09-28 22:08:27,254 [ERROR] LogOutputStream:75 - [STDERR_REDIRECT] 
2026-09-28 22:08:28,254 [ERROR] LogOutputStream:75 - [STDERR_REDIRECT] [Fatal Error] :1:1: Premature end of file.
2026-09-28 22:08:28,254 [ERROR] LogOutputStream:75 - [STDERR_REDIRECT] 
2026-09-28 22:08:29,253 [ERROR] LogOutputStream:75 - [STDERR_REDIRECT] [Fatal Error] :1:1: Premature end of file.
2026-09-28 22:08:29,253 [ERROR] LogOutputStream:75 - [STDERR_REDIRECT] 
2026-09-28 22:08:30,261 [ERROR] LogOutputStream:75 - [STDERR_REDIRECT] [Fatal Error] :1:1: Premature end of file.
2026-09-28 22:08:30,261 [ERROR] LogOutputStream:75 - [STDERR_REDIRECT] 
2026-09-28 22:08:31,249 [ERROR] LogOutputStream:75 - [STDERR_REDIRECT] [Fatal Error] :1:1: Premature end of file.
2026-09-28 22:08:31,249 [ERROR] LogOutputStream:75 - [STDERR_REDIRECT] 
2026-09-28 22:08:32,254 [ERROR] LogOutputStream:75 - [STDERR_REDIRECT] [Fatal Error] :1:1: Premature end of file.
2026-09-28 22:08:32,254 [ERROR] LogOutputStream:75 - [STDERR_REDIRECT] 
2026-09-28 22:08:33,246 [ERROR] LogOutputStream:75 - [STDERR_REDIRECT] [Fatal Error] :1:1: Premature end of file.
2026-09-28 22:08:33,246 [ERROR] LogOutputStream:75 - [STDERR_REDIRECT] 
2026-09-28 22:08:34,250 [ERROR] LogOutputStream:75 - [STDERR_REDIRECT] [Fatal Error] :1:1: Premature end of file.
2026-09-28 22:08:34,250 [ERROR] LogOutputStream:75 - [STDERR_REDIRECT] 
2026-09-28 22:08:35,251 [ERROR] LogOutputStream:75 - [STDERR_REDIRECT] [Fatal Error] :1:1: Premature end of file.
2026-09-28 22:08:35,253 [ERROR] LogOutputStream:75 - [STDERR_REDIRECT] 
2026-09-28 22:08:36,254 [ERROR] LogOutputStream:75 - [STDERR_REDIRECT] [Fatal Error] :1:1: Premature end of file.
2026-09-28 22:08:36,254 [ERROR] LogOutputStream:75 - [STDERR_REDIRECT] 
2026-09-28 22:08:37,251 [ERROR] LogOutputStream:75 - [STDERR_REDIRECT] [Fatal Error] :1:1: Premature end of file.
2026-09-28 22:08:37,251 [ERROR] LogOutputStream:75 - [STDERR_REDIRECT] 
2026-09-28 22:08:38,255 [ERROR] LogOutputStream:75 - [STDERR_REDIRECT] [Fatal Error] :1:1: Premature end of file.
2026-09-28 22:08:38,255 [ERROR] LogOutputStream:75 - [STDERR_REDIRECT] 
2026-09-28 22:08:39,257 [ERROR] LogOutputStream:75 - [STDERR_REDIRECT] [Fatal Error] :1:1: Premature end of file.
2026-09-28 22:08:39,259 [ERROR] LogOutputStream:75 - [STDERR_REDIRECT] 
2026-09-28 22:08:40,255 [ERROR] LogOutputStream:75 - [STDERR_REDIRECT] [Fatal Error] :1:1: Premature end of file.
2026-09-28 22:08:40,255 [ERROR] LogOutputStream:75 - [STDERR_REDIRECT] 
2026-09-28 22:08:41,254 [ERROR] LogOutputStream:75 - [STDERR_REDIRECT] [Fatal Error] :1:1: Premature end of file.
2026-09-28 22:08:41,254 [ERROR] LogOutputStream:75 - [STDERR_REDIRECT] 
2026-09-28 22:08:42,253 [ERROR] LogOutputStream:75 - [STDERR_REDIRECT] [Fatal Error] :1:1: Premature end of file.
2026-09-28 22:08:42,253 [ERROR] LogOutputStream:75 - [STDERR_REDIRECT] 
2026-09-28 22:08:43,251 [ERROR] LogOutputStream:75 - [STDERR_REDIRECT] [Fatal Error] :1:1: Premature end of file.
2026-09-28 22:08:43,251 [ERROR] LogOutputStream:75 - [STDERR_REDIRECT] 
2026-09-28 22:08:44,264 [ERROR] LogOutputStream:75 - [STDERR_REDIRECT] [Fatal Error] :1:1: Premature end of file.
2026-09-28 22:08:44,264 [ERROR] LogOutputStream:75 - [STDERR_REDIRECT] 
2026-09-28 22:08:45,254 [ERROR] LogOutputStream:75 - [STDERR_REDIRECT] [Fatal Error] :1:1: Premature end of file.
2026-09-28 22:08:45,254 [ERROR] LogOutputStream:75 - [STDERR_REDIRECT] 
2026-09-28 22:08:46,258 [ERROR] LogOutputStream:75 - [STDERR_REDIRECT] [Fatal Error] :1:1: Premature end of file.
2026-09-28 22:08:46,258 [ERROR] LogOutputStream:75 - [STDERR_REDIRECT] 
2026-09-28 22:08:47,254 [ERROR] LogOutputStream:75 - [STDERR_REDIRECT] [Fatal Error] :1:1: Premature end of file.
2026-09-28 22:08:47,254 [ERROR] LogOutputStream:75 - [STDERR_REDIRECT] 
2026-09-28 22:08:48,259 [ERROR] LogOutputStream:75 - [STDERR_REDIRECT] [Fatal Error] :1:1: Premature end of file.
2026-09-28 22:08:48,259 [ERROR] LogOutputStream:75 - [STDERR_REDIRECT] 
2026-09-28 22:08:49,265 [ERROR] LogOutputStream:75 - [STDERR_REDIRECT] [Fatal Error] :1:1: Premature end of file.
2026-09-28 22:08:49,265 [ERROR] LogOutputStream:75 - [STDERR_REDIRECT] 
2026-09-28 22:08:50,253 [ERROR] LogOutputStream:75 - [STDERR_REDIRECT] [Fatal Error] :1:1: Premature end of file.
2026-09-28 22:08:50,253 [ERROR] LogOutputStream:75 - [STDERR_REDIRECT] 
2026-09-28 22:08:51,254 [ERROR] LogOutputStream:75 - [STDERR_REDIRECT] [Fatal Error] :1:1: Premature end of file.
2026-09-28 22:08:51,254 [ERROR] LogOutputStream:75 - [STDERR_REDIRECT] 
2026-09-28 22:08:52,251 [ERROR] LogOutputStream:75 - [STDERR_REDIRECT] [Fatal Error] :1:1: Premature end of file.
2026-09-28 22:08:52,251 [ERROR] LogOutputStream:75 - [STDERR_REDIRECT] 
2026-09-28 22:08:53,253 [ERROR] LogOutputStream:75 - [STDERR_REDIRECT] [Fatal Error] :1:1: Premature end of file.
2026-09-28 22:08:53,253 [ERROR] LogOutputStream:75 - [STDERR_REDIRECT] 
2026-09-28 22:08:54,251 [ERROR] LogOutputStream:75 - [STDERR_REDIRECT] [Fatal Error] :1:1: Premature end of file.
2026-09-28 22:08:54,251 [ERROR] LogOutputStream:75 - [STDERR_REDIRECT] 
2026-09-28 22:08:55,255 [ERROR] LogOutputStream:75 - [STDERR_REDIRECT] [Fatal Error] :1:1: Premature end of file.
2026-09-28 22:08:55,255 [ERROR] LogOutputStream:75 - [STDERR_REDIRECT] 
2026-09-28 22:08:56,252 [ERROR] LogOutputStream:75 - [STDERR_REDIRECT] [Fatal Error] :1:1: Premature end of file.
2026-09-28 22:08:56,252 [ERROR] LogOutputStream:75 - [STDERR_REDIRECT] 
2026-09-28 22:08:57,260 [ERROR] LogOutputStream:75 - [STDERR_REDIRECT] [Fatal Error] :1:1: Premature end of file.
2026-09-28 22:08:57,260 [ERROR] LogOutputStream:75 - [STDERR_REDIRECT] 
2026-09-28 22:08:58,253 [ERROR] LogOutputStream:75 - [STDERR_REDIRECT] [Fatal Error] :1:1: Premature end of file.
2026-09-28 22:08:58,253 [ERROR] LogOutputStream:75 - [STDERR_REDIRECT] 
2026-09-28 22:08:59,261 [ERROR] LogOutputStream:75 - [STDERR_REDIRECT] [Fatal Error] :1:1: Premature end of file.
2026-09-28 22:08:59,261 [ERROR] LogOutputStream:75 - [STDERR_REDIRECT] 
2026-09-28 22:09:00,255 [ERROR] LogOutputStream:75 - [STDERR_REDIRECT] [Fatal Error] :1:1: Premature end of file.
2026-09-28 22:09:00,255 [ERROR] LogOutputStream:75 - [STDERR_REDIRECT] 
2026-09-28 22:09:01,253 [ERROR] LogOutputStream:75 - [STDERR_REDIRECT] [Fatal Error] :1:1: Premature end of file.
2026-09-28 22:09:01,253 [ERROR] LogOutputStream:75 - [STDERR_REDIRECT] 
2026-09-28 22:09:02,257 [ERROR] LogOutputStream:75 - [STDERR_REDIRECT] [Fatal Error] :1:1: Premature end of file.
2026-09-28 22:09:02,257 [ERROR] LogOutputStream:75 - [STDERR_REDIRECT] 
2026-09-28 22:09:03,259 [ERROR] LogOutputStream:75 - [STDERR_REDIRECT] [Fatal Error] :1:1: Premature end of file.
2026-09-28 22:09:03,260 [ERROR] LogOutputStream:75 - [STDERR_REDIRECT] 
2026-09-28 22:09:04,251 [ERROR] LogOutputStream:75 - [STDERR_REDIRECT] [Fatal Error] :1:1: Premature end of file.
2026-09-28 22:09:04,252 [ERROR] LogOutputStream:75 - [STDERR_REDIRECT] 
2026-09-28 22:09:05,254 [ERROR] LogOutputStream:75 - [STDERR_REDIRECT] [Fatal Error] :1:1: Premature end of file.
2026-09-28 22:09:05,254 [ERROR] LogOutputStream:75 - [STDERR_REDIRECT] 
2026-09-28 22:09:06,258 [ERROR] LogOutputStream:75 - [STDERR_REDIRECT] [Fatal Error] :1:1: Premature end of file.
2026-09-28 22:09:06,260 [ERROR] LogOutputStream:75 - [STDERR_REDIRECT] 
2026-09-28 22:09:07,260 [ERROR] LogOutputStream:75 - [STDERR_REDIRECT] [Fatal Error] :1:1: Premature end of file.
2026-09-28 22:09:07,260 [ERROR] LogOutputStream:75 - [STDERR_REDIRECT] 
2026-09-28 22:09:08,251 [ERROR] LogOutputStream:75 - [STDERR_REDIRECT] [Fatal Error] :1:1: Premature end of file.
2026-09-28 22:09:08,251 [ERROR] LogOutputStream:75 - [STDERR_REDIRECT] 
2026-09-28 22:09:09,255 [ERROR] LogOutputStream:75 - [STDERR_REDIRECT] [Fatal Error] :1:1: Premature end of file.
2026-09-28 22:09:09,255 [ERROR] LogOutputStream:75 - [STDERR_REDIRECT] 
2026-09-28 22:09:10,249 [ERROR] LogOutputStream:75 - [STDERR_REDIRECT] [Fatal Error] :1:1: Premature end of file.
2026-09-28 22:09:10,249 [ERROR] LogOutputStream:75 - [STDERR_REDIRECT] 
2026-09-28 22:09:11,259 [ERROR] LogOutputStream:75 - [STDERR_REDIRECT] [Fatal Error] :1:1: Premature end of file.
2026-09-28 22:09:11,259 [ERROR] LogOutputStream:75 - [STDERR_REDIRECT] 
2026-09-28 22:09:12,255 [ERROR] LogOutputStream:75 - [STDERR_REDIRECT] [Fatal Error] :1:1: Premature end of file.
2026-09-28 22:09:12,255 [ERROR] LogOutputStream:75 - [STDERR_REDIRECT] 
2026-09-28 22:09:13,259 [ERROR] LogOutputStream:75 - [STDERR_REDIRECT] [Fatal Error] :1:1: Premature end of file.
2026-09-28 22:09:13,259 [ERROR] LogOutputStream:75 - [STDERR_REDIRECT] 
2026-09-28 22:09:14,262 [ERROR] LogOutputStream:75 - [STDERR_REDIRECT] [Fatal Error] :1:1: Premature end of file.
2026-09-28 22:09:14,262 [ERROR] LogOutputStream:75 - [STDERR_REDIRECT] 
2026-09-28 22:09:15,252 [ERROR] LogOutputStream:75 - [STDERR_REDIRECT] [Fatal Error] :1:1: Premature end of file.
2026-09-28 22:09:15,252 [ERROR] LogOutputStream:75 - [STDERR_REDIRECT] 
2026-09-28 22:09:16,283 [ERROR] LogOutputStream:75 - [STDERR_REDIRECT] [Fatal Error] :1:1: Premature end of file.
2026-09-28 22:09:16,283 [ERROR] LogOutputStream:75 - [STDERR_REDIRECT] 
2026-09-28 22:09:17,252 [ERROR] LogOutputStream:75 - [STDERR_REDIRECT] [Fatal Error] :1:1: Premature end of file.
2026-09-28 22:09:17,252 [ERROR] LogOutputStream:75 - [STDERR_REDIRECT] 
2026-09-28 22:09:18,255 [ERROR] LogOutputStream:75 - [STDERR_REDIRECT] [Fatal Error] :1:1: Premature end of file.
2026-09-28 22:09:18,255 [ERROR] LogOutputStream:75 - [STDERR_REDIRECT] 
2026-09-28 22:09:19,257 [ERROR] LogOutputStream:75 - [STDERR_REDIRECT] [Fatal Error] :1:1: Premature end of file.
2026-09-28 22:09:19,265 [ERROR] LogOutputStream:75 - [STDERR_REDIRECT] 
2026-09-28 22:09:20,254 [ERROR] LogOutputStream:75 - [STDERR_REDIRECT] [Fatal Error] :1:1: Premature end of file.
2026-09-28 22:09:20,255 [ERROR] LogOutputStream:75 - [STDERR_REDIRECT] 
2026-09-28 22:09:21,258 [ERROR] LogOutputStream:75 - [STDERR_REDIRECT] [Fatal Error] :1:1: Premature end of file.
2026-09-28 22:09:21,258 [ERROR] LogOutputStream:75 - [STDERR_REDIRECT] 
2026-09-28 22:09:22,253 [ERROR] LogOutputStream:75 - [STDERR_REDIRECT] [Fatal Error] :1:1: Premature end of file.
2026-09-28 22:09:22,253 [ERROR] LogOutputStream:75 - [STDERR_REDIRECT] 
2026-09-28 22:09:23,262 [ERROR] LogOutputStream:75 - [STDERR_REDIRECT] [Fatal Error] :1:1: Premature end of file.
2026-09-28 22:09:23,262 [ERROR] LogOutputStream:75 - [STDERR_REDIRECT] 
2026-09-28 22:09:24,262 [ERROR] LogOutputStream:75 - [STDERR_REDIRECT] [Fatal Error] :1:1: Premature end of file.
2026-09-28 22:09:24,262 [ERROR] LogOutputStream:75 - [STDERR_REDIRECT] 
2026-09-28 22:09:25,250 [ERROR] LogOutputStream:75 - [STDERR_REDIRECT] [Fatal Error] :1:1: Premature end of file.
2026-09-28 22:09:25,250 [ERROR] LogOutputStream:75 - [STDERR_REDIRECT] 
2026-09-28 22:09:26,254 [ERROR] LogOutputStream:75 - [STDERR_REDIRECT] [Fatal Error] :1:1: Premature end of file.
2026-09-28 22:09:26,254 [ERROR] LogOutputStream:75 - [STDERR_REDIRECT] 
2026-09-28 22:09:27,252 [ERROR] LogOutputStream:75 - [STDERR_REDIRECT] [Fatal Error] :1:1: Premature end of file.
2026-09-28 22:09:27,252 [ERROR] LogOutputStream:75 - [STDERR_REDIRECT] 
2026-09-28 22:09:28,258 [ERROR] LogOutputStream:75 - [STDERR_REDIRECT] [Fatal Error] :1:1: Premature end of file.
2026-09-28 22:09:28,258 [ERROR] LogOutputStream:75 - [STDERR_REDIRECT] 
2026-09-28 22:09:29,253 [ERROR] LogOutputStream:75 - [STDERR_REDIRECT] [Fatal Error] :1:1: Premature end of file.
2026-09-28 22:09:29,253 [ERROR] LogOutputStream:75 - [STDERR_REDIRECT] 
2026-09-28 22:09:30,262 [ERROR] LogOutputStream:75 - [STDERR_REDIRECT] [Fatal Error] :1:1: Premature end of file.
2026-09-28 22:09:30,262 [ERROR] LogOutputStream:75 - [STDERR_REDIRECT] 
2026-09-28 22:09:31,256 [ERROR] LogOutputStream:75 - [STDERR_REDIRECT] [Fatal Error] :1:1: Premature end of file.
2026-09-28 22:09:31,256 [ERROR] LogOutputStream:75 - [STDERR_REDIRECT] 
2026-09-28 22:09:32,257 [ERROR] LogOutputStream:75 - [STDERR_REDIRECT] [Fatal Error] :1:1: Premature end of file.
2026-09-28 22:09:32,257 [ERROR] LogOutputStream:75 - [STDERR_REDIRECT] 
2026-09-28 22:09:33,255 [ERROR] LogOutputStream:75 - [STDERR_REDIRECT] [Fatal Error] :1:1: Premature end of file.
2026-09-28 22:09:33,257 [ERROR] LogOutputStream:75 - [STDERR_REDIRECT] 
2026-09-28 22:09:34,256 [ERROR] LogOutputStream:75 - [STDERR_REDIRECT] [Fatal Error] :1:1: Premature end of file.
2026-09-28 22:09:34,263 [ERROR] LogOutputStream:75 - [STDERR_REDIRECT] 
2026-09-28 22:09:35,263 [ERROR] LogOutputStream:75 - [STDERR_REDIRECT] [Fatal Error] :1:1: Premature end of file.
2026-09-28 22:09:35,263 [ERROR] LogOutputStream:75 - [STDERR_REDIRECT] 
2026-09-28 22:09:36,252 [ERROR] LogOutputStream:75 - [STDERR_REDIRECT] [Fatal Error] :1:1: Premature end of file.
2026-09-28 22:09:36,253 [ERROR] LogOutputStream:75 - [STDERR_REDIRECT] 
2026-09-28 22:09:37,252 [ERROR] LogOutputStream:75 - [STDERR_REDIRECT] [Fatal Error] :1:1: Premature end of file.
2026-09-28 22:09:37,252 [ERROR] LogOutputStream:75 - [STDERR_REDIRECT] 
2026-09-28 22:09:38,257 [ERROR] LogOutputStream:75 - [STDERR_REDIRECT] [Fatal Error] :1:1: Premature end of file.
2026-09-28 22:09:38,259 [ERROR] LogOutputStream:75 - [STDERR_REDIRECT] 
2026-09-28 22:09:39,259 [ERROR] LogOutputStream:75 - [STDERR_REDIRECT] [Fatal Error] :1:1: Premature end of file.
2026-09-28 22:09:39,259 [ERROR] LogOutputStream:75 - [STDERR_REDIRECT] 
2026-09-28 22:09:40,247 [ERROR] LogOutputStream:75 - [STDERR_REDIRECT] [Fatal Error] :1:1: Premature end of file.
2026-09-28 22:09:40,247 [ERROR] LogOutputStream:75 - [STDERR_REDIRECT] 
2026-09-28 22:09:41,252 [ERROR] LogOutputStream:75 - [STDERR_REDIRECT] [Fatal Error] :1:1: Premature end of file.
2026-09-28 22:09:41,252 [ERROR] LogOutputStream:75 - [STDERR_REDIRECT] 
2026-09-28 22:09:42,254 [ERROR] LogOutputStream:75 - [STDERR_REDIRECT] [Fatal Error] :1:1: Premature end of file.
2026-09-28 22:09:42,254 [ERROR] LogOutputStream:75 - [STDERR_REDIRECT] 
2026-09-28 22:09:43,258 [ERROR] LogOutputStream:75 - [STDERR_REDIRECT] [Fatal Error] :1:1: Premature end of file.
2026-09-28 22:09:43,258 [ERROR] LogOutputStream:75 - [STDERR_REDIRECT] 
2026-09-28 22:09:44,254 [ERROR] LogOutputStream:75 - [STDERR_REDIRECT] [Fatal Error] :1:1: Premature end of file.
2026-09-28 22:09:44,255 [ERROR] LogOutputStream:75 - [STDERR_REDIRECT] 
2026-09-28 22:09:45,255 [ERROR] LogOutputStream:75 - [STDERR_REDIRECT] [Fatal Error] :1:1: Premature end of file.
2026-09-28 22:09:45,255 [ERROR] LogOutputStream:75 - [STDERR_REDIRECT] 
2026-09-28 22:09:46,255 [ERROR] LogOutputStream:75 - [STDERR_REDIRECT] [Fatal Error] :1:1: Premature end of file.
2026-09-28 22:09:46,256 [ERROR] LogOutputStream:75 - [STDERR_REDIRECT] 
2026-09-28 22:09:47,262 [ERROR] LogOutputStream:75 - [STDERR_REDIRECT] [Fatal Error] :1:1: Premature end of file.
2026-09-28 22:09:47,262 [ERROR] LogOutputStream:75 - [STDERR_REDIRECT] 
2026-09-28 22:09:48,257 [ERROR] LogOutputStream:75 - [STDERR_REDIRECT] [Fatal Error] :1:1: Premature end of file.
2026-09-28 22:09:48,257 [ERROR] LogOutputStream:75 - [STDERR_REDIRECT] 
2026-09-28 22:09:49,254 [ERROR] LogOutputStream:75 - [STDERR_REDIRECT] [Fatal Error] :1:1: Premature end of file.
2026-09-28 22:09:49,263 [ERROR] LogOutputStream:75 - [STDERR_REDIRECT] 
2026-09-28 22:09:50,261 [ERROR] LogOutputStream:75 - [STDERR_REDIRECT] [Fatal Error] :1:1: Premature end of file.
2026-09-28 22:09:50,261 [ERROR] LogOutputStream:75 - [STDERR_REDIRECT] 
2026-09-28 22:09:51,250 [ERROR] LogOutputStream:75 - [STDERR_REDIRECT] [Fatal Error] :1:1: Premature end of file.
2026-09-28 22:09:51,250 [ERROR] LogOutputStream:75 - [STDERR_REDIRECT] 
2026-09-28 22:09:52,251 [ERROR] LogOutputStream:75 - [STDERR_REDIRECT] [Fatal Error] :1:1: Premature end of file.
2026-09-28 22:09:52,251 [ERROR] LogOutputStream:75 - [STDERR_REDIRECT] 
2026-09-28 22:09:53,271 [ERROR] LogOutputStream:75 - [STDERR_REDIRECT] [Fatal Error] :1:1: Premature end of file.
2026-09-28 22:09:53,271 [ERROR] LogOutputStream:75 - [STDERR_REDIRECT] 
2026-09-28 22:09:54,264 [ERROR] LogOutputStream:75 - [STDERR_REDIRECT] [Fatal Error] :1:1: Premature end of file.
2026-09-28 22:09:54,264 [ERROR] LogOutputStream:75 - [STDERR_REDIRECT] 
2026-09-28 22:09:55,263 [ERROR] LogOutputStream:75 - [STDERR_REDIRECT] [Fatal Error] :1:1: Premature end of file.
2026-09-28 22:09:55,263 [ERROR] LogOutputStream:75 - [STDERR_REDIRECT] 
2026-09-28 22:09:56,264 [ERROR] LogOutputStream:75 - [STDERR_REDIRECT] [Fatal Error] :1:1: Premature end of file.
2026-09-28 22:09:56,264 [ERROR] LogOutputStream:75 - [STDERR_REDIRECT] 
2026-09-28 22:09:57,254 [ERROR] LogOutputStream:75 - [STDERR_REDIRECT] [Fatal Error] :1:1: Premature end of file.
2026-09-28 22:09:57,254 [ERROR] LogOutputStream:75 - [STDERR_REDIRECT] 
2026-09-28 22:09:58,261 [ERROR] LogOutputStream:75 - [STDERR_REDIRECT] [Fatal Error] :1:1: Premature end of file.
2026-09-28 22:09:58,261 [ERROR] LogOutputStream:75 - [STDERR_REDIRECT] 
2026-09-28 22:09:59,261 [ERROR] LogOutputStream:75 - [STDERR_REDIRECT] [Fatal Error] :1:1: Premature end of file.
2026-09-28 22:09:59,261 [ERROR] LogOutputStream:75 - [STDERR_REDIRECT] 
2026-09-28 22:10:00,262 [ERROR] LogOutputStream:75 - [STDERR_REDIRECT] [Fatal Error] :1:1: Premature end of file.
2026-09-28 22:10:00,262 [ERROR] LogOutputStream:75 - [STDERR_REDIRECT] 
2026-09-28 22:10:01,257 [ERROR] LogOutputStream:75 - [STDERR_REDIRECT] [Fatal Error] :1:1: Premature end of file.
2026-09-28 22:10:01,257 [ERROR] LogOutputStream:75 - [STDERR_REDIRECT] 
2026-09-28 22:10:02,262 [ERROR] LogOutputStream:75 - [STDERR_REDIRECT] [Fatal Error] :1:1: Premature end of file.
2026-09-28 22:10:02,264 [ERROR] LogOutputStream:75 - [STDERR_REDIRECT] 
2026-09-28 22:10:03,263 [ERROR] LogOutputStream:75 - [STDERR_REDIRECT] [Fatal Error] :1:1: Premature end of file.
2026-09-28 22:10:03,263 [ERROR] LogOutputStream:75 - [STDERR_REDIRECT] 
2026-09-28 22:10:04,258 [ERROR] LogOutputStream:75 - [STDERR_REDIRECT] [Fatal Error] :1:1: Premature end of file.
2026-09-28 22:10:04,258 [ERROR] LogOutputStream:75 - [STDERR_REDIRECT] 
2026-09-28 22:10:05,261 [ERROR] LogOutputStream:75 - [STDERR_REDIRECT] [Fatal Error] :1:1: Premature end of file.
2026-09-28 22:10:05,261 [ERROR] LogOutputStream:75 - [STDERR_REDIRECT] 
2026-09-28 22:10:06,264 [ERROR] LogOutputStream:75 - [STDERR_REDIRECT] [Fatal Error] :1:1: Premature end of file.
2026-09-28 22:10:06,264 [ERROR] LogOutputStream:75 - [STDERR_REDIRECT] 
2026-09-28 22:10:07,259 [ERROR] LogOutputStream:75 - [STDERR_REDIRECT] [Fatal Error] :1:1: Premature end of file.
2026-09-28 22:10:07,259 [ERROR] LogOutputStream:75 - [STDERR_REDIRECT] 
2026-09-28 22:10:08,251 [ERROR] LogOutputStream:75 - [STDERR_REDIRECT] [Fatal Error] :1:1: Premature end of file.
2026-09-28 22:10:08,252 [ERROR] LogOutputStream:75 - [STDERR_REDIRECT] 
2026-09-28 22:10:09,263 [ERROR] LogOutputStream:75 - [STDERR_REDIRECT] [Fatal Error] :1:1: Premature end of file.
2026-09-28 22:10:09,263 [ERROR] LogOutputStream:75 - [STDERR_REDIRECT] 
2026-09-28 22:10:10,259 [ERROR] LogOutputStream:75 - [STDERR_REDIRECT] [Fatal Error] :1:1: Premature end of file.
2026-09-28 22:10:10,262 [ERROR] LogOutputStream:75 - [STDERR_REDIRECT] 
2026-09-28 22:10:11,268 [ERROR] LogOutputStream:75 - [STDERR_REDIRECT] [Fatal Error] :1:1: Premature end of file.
2026-09-28 22:10:11,268 [ERROR] LogOutputStream:75 - [STDERR_REDIRECT] 
2026-09-28 22:10:12,255 [ERROR] LogOutputStream:75 - [STDERR_REDIRECT] [Fatal Error] :1:1: Premature end of file.
2026-09-28 22:10:12,255 [ERROR] LogOutputStream:75 - [STDERR_REDIRECT] 
2026-09-28 22:10:13,260 [ERROR] LogOutputStream:75 - [STDERR_REDIRECT] [Fatal Error] :1:1: Premature end of file.
2026-09-28 22:10:13,260 [ERROR] LogOutputStream:75 - [STDERR_REDIRECT] 
2026-09-28 22:10:14,251 [ERROR] LogOutputStream:75 - [STDERR_REDIRECT] [Fatal Error] :1:1: Premature end of file.
2026-09-28 22:10:14,251 [ERROR] LogOutputStream:75 - [STDERR_REDIRECT] 
2026-09-28 22:10:15,257 [ERROR] LogOutputStream:75 - [STDERR_REDIRECT] [Fatal Error] :1:1: Premature end of file.
2026-09-28 22:10:15,257 [ERROR] LogOutputStream:75 - [STDERR_REDIRECT] 
2026-09-28 22:10:16,257 [ERROR] LogOutputStream:75 - [STDERR_REDIRECT] [Fatal Error] :1:1: Premature end of file.
2026-09-28 22:10:16,257 [ERROR] LogOutputStream:75 - [STDERR_REDIRECT] 
2026-09-28 22:10:17,252 [ERROR] LogOutputStream:75 - [STDERR_REDIRECT] [Fatal Error] :1:1: Premature end of file.
2026-09-28 22:10:17,252 [ERROR] LogOutputStream:75 - [STDERR_REDIRECT] 
2026-09-28 22:10:18,256 [ERROR] LogOutputStream:75 - [STDERR_REDIRECT] [Fatal Error] :1:1: Premature end of file.
2026-09-28 22:10:18,256 [ERROR] LogOutputStream:75 - [STDERR_REDIRECT] 
2026-09-28 22:10:19,263 [ERROR] LogOutputStream:75 - [STDERR_REDIRECT] [Fatal Error] :1:1: Premature end of file.
2026-09-28 22:10:19,263 [ERROR] LogOutputStream:75 - [STDERR_REDIRECT] 
2026-09-28 22:10:20,257 [ERROR] LogOutputStream:75 - [STDERR_REDIRECT] [Fatal Error] :1:1: Premature end of file.
2026-09-28 22:10:20,257 [ERROR] LogOutputStream:75 - [STDERR_REDIRECT] 
2026-09-28 22:10:21,253 [ERROR] LogOutputStream:75 - [STDERR_REDIRECT] [Fatal Error] :1:1: Premature end of file.
2026-09-28 22:10:21,253 [ERROR] LogOutputStream:75 - [STDERR_REDIRECT] 
2026-09-28 22:10:22,251 [ERROR] LogOutputStream:75 - [STDERR_REDIRECT] [Fatal Error] :1:1: Premature end of file.
2026-09-28 22:10:22,251 [ERROR] LogOutputStream:75 - [STDERR_REDIRECT] 
2026-09-28 22:10:23,260 [ERROR] LogOutputStream:75 - [STDERR_REDIRECT] [Fatal Error] :1:1: Premature end of file.
2026-09-28 22:10:23,260 [ERROR] LogOutputStream:75 - [STDERR_REDIRECT] 
2026-09-28 22:10:24,284 [ERROR] LogOutputStream:75 - [STDERR_REDIRECT] [Fatal Error] :1:1: Premature end of file.
2026-09-28 22:10:24,284 [ERROR] LogOutputStream:75 - [STDERR_REDIRECT] 
2026-09-28 22:10:25,261 [ERROR] LogOutputStream:75 - [STDERR_REDIRECT] [Fatal Error] :1:1: Premature end of file.
2026-09-28 22:10:25,261 [ERROR] LogOutputStream:75 - [STDERR_REDIRECT] 
2026-09-28 22:10:26,272 [ERROR] LogOutputStream:75 - [STDERR_REDIRECT] [Fatal Error] :1:1: Premature end of file.
2026-09-28 22:10:26,272 [ERROR] LogOutputStream:75 - [STDERR_REDIRECT] 
2026-09-28 22:10:27,252 [ERROR] LogOutputStream:75 - [STDERR_REDIRECT] [Fatal Error] :1:1: Premature end of file.
2026-09-28 22:10:27,252 [ERROR] LogOutputStream:75 - [STDERR_REDIRECT] 
2026-09-28 22:10:28,261 [ERROR] LogOutputStream:75 - [STDERR_REDIRECT] [Fatal Error] :1:1: Premature end of file.
2026-09-28 22:10:28,261 [ERROR] LogOutputStream:75 - [STDERR_REDIRECT] 
2026-09-28 22:10:29,252 [ERROR] LogOutputStream:75 - [STDERR_REDIRECT] [Fatal Error] :1:1: Premature end of file.
2026-09-28 22:10:29,252 [ERROR] LogOutputStream:75 - [STDERR_REDIRECT] 
2026-09-28 22:10:30,260 [ERROR] LogOutputStream:75 - [STDERR_REDIRECT] [Fatal Error] :1:1: Premature end of file.
2026-09-28 22:10:30,260 [ERROR] LogOutputStream:75 - [STDERR_REDIRECT] 
2026-09-28 22:10:31,260 [ERROR] LogOutputStream:75 - [STDERR_REDIRECT] [Fatal Error] :1:1: Premature end of file.
2026-09-28 22:10:31,262 [ERROR] LogOutputStream:75 - [STDERR_REDIRECT] 
2026-09-28 22:10:32,255 [ERROR] LogOutputStream:75 - [STDERR_REDIRECT] [Fatal Error] :1:1: Premature end of file.
2026-09-28 22:10:32,255 [ERROR] LogOutputStream:75 - [STDERR_REDIRECT] 
2026-09-28 22:10:33,259 [ERROR] LogOutputStream:75 - [STDERR_REDIRECT] [Fatal Error] :1:1: Premature end of file.
2026-09-28 22:10:33,259 [ERROR] LogOutputStream:75 - [STDERR_REDIRECT] 
2026-09-28 22:10:34,264 [ERROR] LogOutputStream:75 - [STDERR_REDIRECT] [Fatal Error] :1:1: Premature end of file.
2026-09-28 22:10:34,264 [ERROR] LogOutputStream:75 - [STDERR_REDIRECT] 
2026-09-28 22:10:35,256 [ERROR] LogOutputStream:75 - [STDERR_REDIRECT] [Fatal Error] :1:1: Premature end of file.
2026-09-28 22:10:35,257 [ERROR] LogOutputStream:75 - [STDERR_REDIRECT] 
2026-09-28 22:10:36,252 [ERROR] LogOutputStream:75 - [STDERR_REDIRECT] [Fatal Error] :1:1: Premature end of file.
2026-09-28 22:10:36,252 [ERROR] LogOutputStream:75 - [STDERR_REDIRECT] 
2026-09-28 22:10:37,254 [ERROR] LogOutputStream:75 - [STDERR_REDIRECT] [Fatal Error] :1:1: Premature end of file.
2026-09-28 22:10:37,254 [ERROR] LogOutputStream:75 - [STDERR_REDIRECT] 
2026-09-28 22:10:38,250 [ERROR] LogOutputStream:75 - [STDERR_REDIRECT] [Fatal Error] :1:1: Premature end of file.
2026-09-28 22:10:38,250 [ERROR] LogOutputStream:75 - [STDERR_REDIRECT] 
2026-09-28 22:10:39,247 [ERROR] LogOutputStream:75 - [STDERR_REDIRECT] [Fatal Error] :1:1: Premature end of file.
2026-09-28 22:10:39,247 [ERROR] LogOutputStream:75 - [STDERR_REDIRECT] 
2026-09-28 22:10:40,255 [ERROR] LogOutputStream:75 - [STDERR_REDIRECT] [Fatal Error] :1:1: Premature end of file.
2026-09-28 22:10:40,255 [ERROR] LogOutputStream:75 - [STDERR_REDIRECT] 
2026-09-28 22:10:41,256 [ERROR] LogOutputStream:75 - [STDERR_REDIRECT] [Fatal Error] :1:1: Premature end of file.
2026-09-28 22:10:41,256 [ERROR] LogOutputStream:75 - [STDERR_REDIRECT] 
2026-09-28 22:10:42,250 [ERROR] LogOutputStream:75 - [STDERR_REDIRECT] [Fatal Error] :1:1: Premature end of file.
2026-09-28 22:10:42,250 [ERROR] LogOutputStream:75 - [STDERR_REDIRECT] 
2026-09-28 22:10:43,261 [ERROR] LogOutputStream:75 - [STDERR_REDIRECT] [Fatal Error] :1:1: Premature end of file.
2026-09-28 22:10:43,261 [ERROR] LogOutputStream:75 - [STDERR_REDIRECT] 
2026-09-28 22:10:44,257 [ERROR] LogOutputStream:75 - [STDERR_REDIRECT] [Fatal Error] :1:1: Premature end of file.
2026-09-28 22:10:44,258 [ERROR] LogOutputStream:75 - [STDERR_REDIRECT] 
2026-09-28 22:10:45,264 [ERROR] LogOutputStream:75 - [STDERR_REDIRECT] [Fatal Error] :1:1: Premature end of file.
2026-09-28 22:10:45,264 [ERROR] LogOutputStream:75 - [STDERR_REDIRECT] 
2026-09-28 22:10:46,259 [ERROR] LogOutputStream:75 - [STDERR_REDIRECT] [Fatal Error] :1:1: Premature end of file.
2026-09-28 22:10:46,259 [ERROR] LogOutputStream:75 - [STDERR_REDIRECT] 
2026-09-28 22:10:47,256 [ERROR] LogOutputStream:75 - [STDERR_REDIRECT] [Fatal Error] :1:1: Premature end of file.
2026-09-28 22:10:47,256 [ERROR] LogOutputStream:75 - [STDERR_REDIRECT] 
2026-09-28 22:10:48,260 [ERROR] LogOutputStream:75 - [STDERR_REDIRECT] [Fatal Error] :1:1: Premature end of file.
2026-09-28 22:10:48,260 [ERROR] LogOutputStream:75 - [STDERR_REDIRECT] 
2026-09-28 22:10:49,257 [ERROR] LogOutputStream:75 - [STDERR_REDIRECT] [Fatal Error] :1:1: Premature end of file.
2026-09-28 22:10:49,265 [ERROR] LogOutputStream:75 - [STDERR_REDIRECT] 
2026-09-28 22:10:50,258 [ERROR] LogOutputStream:75 - [STDERR_REDIRECT] [Fatal Error] :1:1: Premature end of file.
2026-09-28 22:10:50,258 [ERROR] LogOutputStream:75 - [STDERR_REDIRECT] 
2026-09-28 22:10:51,259 [ERROR] LogOutputStream:75 - [STDERR_REDIRECT] [Fatal Error] :1:1: Premature end of file.
2026-09-28 22:10:51,259 [ERROR] LogOutputStream:75 - [STDERR_REDIRECT] 
2026-09-28 22:10:52,257 [ERROR] LogOutputStream:75 - [STDERR_REDIRECT] [Fatal Error] :1:1: Premature end of file.
2026-09-28 22:10:52,257 [ERROR] LogOutputStream:75 - [STDERR_REDIRECT] 
2026-09-28 22:10:53,259 [ERROR] LogOutputStream:75 - [STDERR_REDIRECT] [Fatal Error] :1:1: Premature end of file.
2026-09-28 22:10:53,259 [ERROR] LogOutputStream:75 - [STDERR_REDIRECT] 
2026-09-28 22:10:54,256 [ERROR] LogOutputStream:75 - [STDERR_REDIRECT] [Fatal Error] :1:1: Premature end of file.
2026-09-28 22:10:54,258 [ERROR] LogOutputStream:75 - [STDERR_REDIRECT] 
2026-09-28 22:10:55,268 [ERROR] LogOutputStream:75 - [STDERR_REDIRECT] [Fatal Error] :1:1: Premature end of file.
2026-09-28 22:10:55,268 [ERROR] LogOutputStream:75 - [STDERR_REDIRECT] 
2026-09-28 22:10:56,264 [ERROR] LogOutputStream:75 - [STDERR_REDIRECT] [Fatal Error] :1:1: Premature end of file.
2026-09-28 22:10:56,264 [ERROR] LogOutputStream:75 - [STDERR_REDIRECT] 
2026-09-28 22:10:57,286 [ERROR] LogOutputStream:75 - [STDERR_REDIRECT] [Fatal Error] :1:1: Premature end of file.
2026-09-28 22:10:57,286 [ERROR] LogOutputStream:75 - [STDERR_REDIRECT] 
2026-09-28 22:10:58,261 [ERROR] LogOutputStream:75 - [STDERR_REDIRECT] [Fatal Error] :1:1: Premature end of file.
2026-09-28 22:10:58,261 [ERROR] LogOutputStream:75 - [STDERR_REDIRECT] 
2026-09-28 22:10:59,270 [ERROR] LogOutputStream:75 - [STDERR_REDIRECT] [Fatal Error] :1:1: Premature end of file.
2026-09-28 22:10:59,270 [ERROR] LogOutputStream:75 - [STDERR_REDIRECT] 
2026-09-28 22:11:00,261 [ERROR] LogOutputStream:75 - [STDERR_REDIRECT] [Fatal Error] :1:1: Premature end of file.
2026-09-28 22:11:00,261 [ERROR] LogOutputStream:75 - [STDERR_REDIRECT] 
2026-09-28 22:11:01,255 [ERROR] LogOutputStream:75 - [STDERR_REDIRECT] [Fatal Error] :1:1: Premature end of file.
2026-09-28 22:11:01,255 [ERROR] LogOutputStream:75 - [STDERR_REDIRECT] 
2026-09-28 22:11:02,254 [ERROR] LogOutputStream:75 - [STDERR_REDIRECT] [Fatal Error] :1:1: Premature end of file.
2026-09-28 22:11:02,254 [ERROR] LogOutputStream:75 - [STDERR_REDIRECT] 
2026-09-28 22:11:03,258 [ERROR] LogOutputStream:75 - [STDERR_REDIRECT] [Fatal Error] :1:1: Premature end of file.
2026-09-28 22:11:03,258 [ERROR] LogOutputStream:75 - [STDERR_REDIRECT] 
2026-09-28 22:11:04,254 [ERROR] LogOutputStream:75 - [STDERR_REDIRECT] [Fatal Error] :1:1: Premature end of file.
2026-09-28 22:11:04,254 [ERROR] LogOutputStream:75 - [STDERR_REDIRECT] 
2026-09-28 22:11:05,250 [ERROR] LogOutputStream:75 - [STDERR_REDIRECT] [Fatal Error] :1:1: Premature end of file.
2026-09-28 22:11:05,250 [ERROR] LogOutputStream:75 - [STDERR_REDIRECT] 
2026-09-28 22:11:06,255 [ERROR] LogOutputStream:75 - [STDERR_REDIRECT] [Fatal Error] :1:1: Premature end of file.
2026-09-28 22:11:06,257 [ERROR] LogOutputStream:75 - [STDERR_REDIRECT] 
2026-09-28 22:11:07,254 [ERROR] LogOutputStream:75 - [STDERR_REDIRECT] [Fatal Error] :1:1: Premature end of file.
2026-09-28 22:11:07,254 [ERROR] LogOutputStream:75 - [STDERR_REDIRECT] 
2026-09-28 22:11:08,251 [ERROR] LogOutputStream:75 - [STDERR_REDIRECT] [Fatal Error] :1:1: Premature end of file.
2026-09-28 22:11:08,251 [ERROR] LogOutputStream:75 - [STDERR_REDIRECT] 
2026-09-28 22:11:09,255 [ERROR] LogOutputStream:75 - [STDERR_REDIRECT] [Fatal Error] :1:1: Premature end of file.
2026-09-28 22:11:09,255 [ERROR] LogOutputStream:75 - [STDERR_REDIRECT] 
2026-09-28 22:11:10,255 [ERROR] LogOutputStream:75 - [STDERR_REDIRECT] [Fatal Error] :1:1: Premature end of file.
2026-09-28 22:11:10,255 [ERROR] LogOutputStream:75 - [STDERR_REDIRECT] 
2026-09-28 22:11:11,251 [ERROR] LogOutputStream:75 - [STDERR_REDIRECT] [Fatal Error] :1:1: Premature end of file.
2026-09-28 22:11:11,251 [ERROR] LogOutputStream:75 - [STDERR_REDIRECT] 
2026-09-28 22:11:12,250 [ERROR] LogOutputStream:75 - [STDERR_REDIRECT] [Fatal Error] :1:1: Premature end of file.
2026-09-28 22:11:12,250 [ERROR] LogOutputStream:75 - [STDERR_REDIRECT] 
2026-09-28 22:11:13,260 [ERROR] LogOutputStream:75 - [STDERR_REDIRECT] [Fatal Error] :1:1: Premature end of file.
2026-09-28 22:11:13,260 [ERROR] LogOutputStream:75 - [STDERR_REDIRECT] 
2026-09-28 22:11:14,254 [ERROR] LogOutputStream:75 - [STDERR_REDIRECT] [Fatal Error] :1:1: Premature end of file.
2026-09-28 22:11:14,254 [ERROR] LogOutputStream:75 - [STDERR_REDIRECT] 
2026-09-28 22:11:15,252 [ERROR] LogOutputStream:75 - [STDERR_REDIRECT] [Fatal Error] :1:1: Premature end of file.
2026-09-28 22:11:15,252 [ERROR] LogOutputStream:75 - [STDERR_REDIRECT] 
2026-09-28 22:11:16,248 [ERROR] LogOutputStream:75 - [STDERR_REDIRECT] [Fatal Error] :1:1: Premature end of file.
2026-09-28 22:11:16,248 [ERROR] LogOutputStream:75 - [STDERR_REDIRECT] 
2026-09-28 22:11:17,251 [ERROR] LogOutputStream:75 - [STDERR_REDIRECT] [Fatal Error] :1:1: Premature end of file.
2026-09-28 22:11:17,251 [ERROR] LogOutputStream:75 - [STDERR_REDIRECT] 
2026-09-28 22:11:18,263 [ERROR] LogOutputStream:75 - [STDERR_REDIRECT] [Fatal Error] :1:1: Premature end of file.
2026-09-28 22:11:18,263 [ERROR] LogOutputStream:75 - [STDERR_REDIRECT] 
2026-09-28 22:11:19,259 [ERROR] LogOutputStream:75 - [STDERR_REDIRECT] [Fatal Error] :1:1: Premature end of file.
2026-09-28 22:11:19,260 [ERROR] LogOutputStream:75 - [STDERR_REDIRECT] 
2026-09-28 22:11:20,254 [ERROR] LogOutputStream:75 - [STDERR_REDIRECT] [Fatal Error] :1:1: Premature end of file.
2026-09-28 22:11:20,254 [ERROR] LogOutputStream:75 - [STDERR_REDIRECT] 
2026-09-28 22:11:21,253 [ERROR] LogOutputStream:75 - [STDERR_REDIRECT] [Fatal Error] :1:1: Premature end of file.
2026-09-28 22:11:21,253 [ERROR] LogOutputStream:75 - [STDERR_REDIRECT] 
2026-09-28 22:11:22,250 [ERROR] LogOutputStream:75 - [STDERR_REDIRECT] [Fatal Error] :1:1: Premature end of file.
2026-09-28 22:11:22,250 [ERROR] LogOutputStream:75 - [STDERR_REDIRECT] 
2026-09-28 22:11:23,251 [ERROR] LogOutputStream:75 - [STDERR_REDIRECT] [Fatal Error] :1:1: Premature end of file.
2026-09-28 22:11:23,251 [ERROR] LogOutputStream:75 - [STDERR_REDIRECT] 
2026-09-28 22:11:24,253 [ERROR] LogOutputStream:75 - [STDERR_REDIRECT] [Fatal Error] :1:1: Premature end of file.
2026-09-28 22:11:24,253 [ERROR] LogOutputStream:75 - [STDERR_REDIRECT] 
2026-09-28 22:11:25,254 [ERROR] LogOutputStream:75 - [STDERR_REDIRECT] [Fatal Error] :1:1: Premature end of file.
2026-09-28 22:11:25,254 [ERROR] LogOutputStream:75 - [STDERR_REDIRECT] 
2026-09-28 22:11:26,256 [ERROR] LogOutputStream:75 - [STDERR_REDIRECT] [Fatal Error] :1:1: Premature end of file.
2026-09-28 22:11:26,256 [ERROR] LogOutputStream:75 - [STDERR_REDIRECT] 
2026-09-28 22:11:27,253 [ERROR] LogOutputStream:75 - [STDERR_REDIRECT] [Fatal Error] :1:1: Premature end of file.
2026-09-28 22:11:27,253 [ERROR] LogOutputStream:75 - [STDERR_REDIRECT] 
2026-09-28 22:11:28,255 [ERROR] LogOutputStream:75 - [STDERR_REDIRECT] [Fatal Error] :1:1: Premature end of file.
2026-09-28 22:11:28,255 [ERROR] LogOutputStream:75 - [STDERR_REDIRECT] 
2026-09-28 22:11:29,253 [ERROR] LogOutputStream:75 - [STDERR_REDIRECT] [Fatal Error] :1:1: Premature end of file.
2026-09-28 22:11:29,253 [ERROR] LogOutputStream:75 - [STDERR_REDIRECT] 
2026-09-28 22:11:30,250 [ERROR] LogOutputStream:75 - [STDERR_REDIRECT] [Fatal Error] :1:1: Premature end of file.
2026-09-28 22:11:30,250 [ERROR] LogOutputStream:75 - [STDERR_REDIRECT] 
2026-09-28 22:11:31,250 [ERROR] LogOutputStream:75 - [STDERR_REDIRECT] [Fatal Error] :1:1: Premature end of file.
2026-09-28 22:11:31,250 [ERROR] LogOutputStream:75 - [STDERR_REDIRECT] 
2026-09-28 22:11:32,256 [ERROR] LogOutputStream:75 - [STDERR_REDIRECT] [Fatal Error] :1:1: Premature end of file.
2026-09-28 22:11:32,256 [ERROR] LogOutputStream:75 - [STDERR_REDIRECT] 
2026-09-28 22:11:33,248 [ERROR] LogOutputStream:75 - [STDERR_REDIRECT] [Fatal Error] :1:1: Premature end of file.
2026-09-28 22:11:33,248 [ERROR] LogOutputStream:75 - [STDERR_REDIRECT] 
2026-09-28 22:11:34,249 [ERROR] LogOutputStream:75 - [STDERR_REDIRECT] [Fatal Error] :1:1: Premature end of file.
2026-09-28 22:11:34,249 [ERROR] LogOutputStream:75 - [STDERR_REDIRECT] 
2026-09-28 22:11:35,257 [ERROR] LogOutputStream:75 - [STDERR_REDIRECT] [Fatal Error] :1:1: Premature end of file.
2026-09-28 22:11:35,257 [ERROR] LogOutputStream:75 - [STDERR_REDIRECT] 
2026-09-28 22:11:36,251 [ERROR] LogOutputStream:75 - [STDERR_REDIRECT] [Fatal Error] :1:1: Premature end of file.
2026-09-28 22:11:36,251 [ERROR] LogOutputStream:75 - [STDERR_REDIRECT] 
2026-09-28 22:11:37,248 [ERROR] LogOutputStream:75 - [STDERR_REDIRECT] [Fatal Error] :1:1: Premature end of file.
2026-09-28 22:11:37,248 [ERROR] LogOutputStream:75 - [STDERR_REDIRECT] 
2026-09-28 22:11:38,253 [ERROR] LogOutputStream:75 - [STDERR_REDIRECT] [Fatal Error] :1:1: Premature end of file.
2026-09-28 22:11:38,253 [ERROR] LogOutputStream:75 - [STDERR_REDIRECT] 
2026-09-28 22:11:39,254 [ERROR] LogOutputStream:75 - [STDERR_REDIRECT] [Fatal Error] :1:1: Premature end of file.
2026-09-28 22:11:39,254 [ERROR] LogOutputStream:75 - [STDERR_REDIRECT] 
2026-09-28 22:11:40,263 [ERROR] LogOutputStream:75 - [STDERR_REDIRECT] [Fatal Error] :1:1: Premature end of file.
2026-09-28 22:11:40,263 [ERROR] LogOutputStream:75 - [STDERR_REDIRECT] 
2026-09-28 22:11:41,254 [ERROR] LogOutputStream:75 - [STDERR_REDIRECT] [Fatal Error] :1:1: Premature end of file.
2026-09-28 22:11:41,254 [ERROR] LogOutputStream:75 - [STDERR_REDIRECT] 
2026-09-28 22:11:42,250 [ERROR] LogOutputStream:75 - [STDERR_REDIRECT] [Fatal Error] :1:1: Premature end of file.
2026-09-28 22:11:42,250 [ERROR] LogOutputStream:75 - [STDERR_REDIRECT] 
2026-09-28 22:11:43,256 [ERROR] LogOutputStream:75 - [STDERR_REDIRECT] [Fatal Error] :1:1: Premature end of file.
2026-09-28 22:11:43,257 [ERROR] LogOutputStream:75 - [STDERR_REDIRECT] 
2026-09-28 22:11:44,264 [ERROR] LogOutputStream:75 - [STDERR_REDIRECT] [Fatal Error] :1:1: Premature end of file.
2026-09-28 22:11:44,264 [ERROR] LogOutputStream:75 - [STDERR_REDIRECT] 
2026-09-28 22:11:45,254 [ERROR] LogOutputStream:75 - [STDERR_REDIRECT] [Fatal Error] :1:1: Premature end of file.
2026-09-28 22:11:45,254 [ERROR] LogOutputStream:75 - [STDERR_REDIRECT] 
2026-09-28 22:11:46,257 [ERROR] LogOutputStream:75 - [STDERR_REDIRECT] [Fatal Error] :1:1: Premature end of file.
2026-09-28 22:11:46,259 [ERROR] LogOutputStream:75 - [STDERR_REDIRECT] 
2026-09-28 22:11:47,274 [ERROR] LogOutputStream:75 - [STDERR_REDIRECT] [Fatal Error] :1:1: Premature end of file.
2026-09-28 22:11:47,274 [ERROR] LogOutputStream:75 - [STDERR_REDIRECT] 
2026-09-28 22:11:48,249 [ERROR] LogOutputStream:75 - [STDERR_REDIRECT] [Fatal Error] :1:1: Premature end of file.
2026-09-28 22:11:48,249 [ERROR] LogOutputStream:75 - [STDERR_REDIRECT] 
2026-09-28 22:11:49,249 [ERROR] LogOutputStream:75 - [STDERR_REDIRECT] [Fatal Error] :1:1: Premature end of file.
2026-09-28 22:11:49,249 [ERROR] LogOutputStream:75 - [STDERR_REDIRECT] 
2026-09-28 22:11:50,259 [ERROR] LogOutputStream:75 - [STDERR_REDIRECT] [Fatal Error] :1:1: Premature end of file.
2026-09-28 22:11:50,259 [ERROR] LogOutputStream:75 - [STDERR_REDIRECT] 
2026-09-28 22:11:51,244 [ERROR] LogOutputStream:75 - [STDERR_REDIRECT] [Fatal Error] :1:1: Premature end of file.
2026-09-28 22:11:51,244 [ERROR] LogOutputStream:75 - [STDERR_REDIRECT] 
2026-09-28 22:11:52,259 [ERROR] LogOutputStream:75 - [STDERR_REDIRECT] [Fatal Error] :1:1: Premature end of file.
2026-09-28 22:11:52,259 [ERROR] LogOutputStream:75 - [STDERR_REDIRECT] 
2026-09-28 22:11:53,253 [ERROR] LogOutputStream:75 - [STDERR_REDIRECT] [Fatal Error] :1:1: Premature end of file.
2026-09-28 22:11:53,253 [ERROR] LogOutputStream:75 - [STDERR_REDIRECT] 
2026-09-28 22:11:54,259 [ERROR] LogOutputStream:75 - [STDERR_REDIRECT] [Fatal Error] :1:1: Premature end of file.
2026-09-28 22:11:54,259 [ERROR] LogOutputStream:75 - [STDERR_REDIRECT] 
2026-09-28 22:11:55,263 [ERROR] LogOutputStream:75 - [STDERR_REDIRECT] [Fatal Error] :1:1: Premature end of file.
2026-09-28 22:11:55,263 [ERROR] LogOutputStream:75 - [STDERR_REDIRECT] 
2026-09-28 22:11:56,262 [ERROR] LogOutputStream:75 - [STDERR_REDIRECT] [Fatal Error] :1:1: Premature end of file.
2026-09-28 22:11:56,262 [ERROR] LogOutputStream:75 - [STDERR_REDIRECT] 
2026-09-28 22:11:57,276 [ERROR] LogOutputStream:75 - [STDERR_REDIRECT] [Fatal Error] :1:1: Premature end of file.
2026-09-28 22:11:57,276 [ERROR] LogOutputStream:75 - [STDERR_REDIRECT] 
2026-09-28 22:11:58,263 [ERROR] LogOutputStream:75 - [STDERR_REDIRECT] [Fatal Error] :1:1: Premature end of file.
2026-09-28 22:11:58,263 [ERROR] LogOutputStream:75 - [STDERR_REDIRECT] 
2026-09-28 22:11:59,261 [ERROR] LogOutputStream:75 - [STDERR_REDIRECT] [Fatal Error] :1:1: Premature end of file.
2026-09-28 22:11:59,261 [ERROR] LogOutputStream:75 - [STDERR_REDIRECT] 
2026-09-28 22:12:00,262 [ERROR] LogOutputStream:75 - [STDERR_REDIRECT] [Fatal Error] :1:1: Premature end of file.
2026-09-28 22:12:00,262 [ERROR] LogOutputStream:75 - [STDERR_REDIRECT] 
2026-09-28 22:12:01,264 [ERROR] LogOutputStream:75 - [STDERR_REDIRECT] [Fatal Error] :1:1: Premature end of file.
2026-09-28 22:12:01,264 [ERROR] LogOutputStream:75 - [STDERR_REDIRECT] 
2026-09-28 22:12:02,259 [ERROR] LogOutputStream:75 - [STDERR_REDIRECT] [Fatal Error] :1:1: Premature end of file.
2026-09-28 22:12:02,259 [ERROR] LogOutputStream:75 - [STDERR_REDIRECT] 
2026-09-28 22:12:03,259 [ERROR] LogOutputStream:75 - [STDERR_REDIRECT] [Fatal Error] :1:1: Premature end of file.
2026-09-28 22:12:03,259 [ERROR] LogOutputStream:75 - [STDERR_REDIRECT] 
2026-09-28 22:12:04,257 [ERROR] LogOutputStream:75 - [STDERR_REDIRECT] [Fatal Error] :1:1: Premature end of file.
2026-09-28 22:12:04,257 [ERROR] LogOutputStream:75 - [STDERR_REDIRECT] 
2026-09-28 22:12:05,258 [ERROR] LogOutputStream:75 - [STDERR_REDIRECT] [Fatal Error] :1:1: Premature end of file.
2026-09-28 22:12:05,259 [ERROR] LogOutputStream:75 - [STDERR_REDIRECT] 
2026-09-28 22:12:06,258 [ERROR] LogOutputStream:75 - [STDERR_REDIRECT] [Fatal Error] :1:1: Premature end of file.
2026-09-28 22:12:06,259 [ERROR] LogOutputStream:75 - [STDERR_REDIRECT] 
2026-09-28 22:12:07,259 [ERROR] LogOutputStream:75 - [STDERR_REDIRECT] [Fatal Error] :1:1: Premature end of file.
2026-09-28 22:12:07,259 [ERROR] LogOutputStream:75 - [STDERR_REDIRECT] 
2026-09-28 22:12:08,260 [ERROR] LogOutputStream:75 - [STDERR_REDIRECT] [Fatal Error] :1:1: Premature end of file.
2026-09-28 22:12:08,260 [ERROR] LogOutputStream:75 - [STDERR_REDIRECT] 
2026-09-28 22:12:09,260 [ERROR] LogOutputStream:75 - [STDERR_REDIRECT] [Fatal Error] :1:1: Premature end of file.
2026-09-28 22:12:09,260 [ERROR] LogOutputStream:75 - [STDERR_REDIRECT] 
2026-09-28 22:12:10,259 [ERROR] LogOutputStream:75 - [STDERR_REDIRECT] [Fatal Error] :1:1: Premature end of file.
2026-09-28 22:12:10,259 [ERROR] LogOutputStream:75 - [STDERR_REDIRECT] 
2026-09-28 22:12:11,262 [ERROR] LogOutputStream:75 - [STDERR_REDIRECT] [Fatal Error] :1:1: Premature end of file.
2026-09-28 22:12:11,264 [ERROR] LogOutputStream:75 - [STDERR_REDIRECT] 
2026-09-28 22:12:12,264 [ERROR] LogOutputStream:75 - [STDERR_REDIRECT] [Fatal Error] :1:1: Premature end of file.
2026-09-28 22:12:12,264 [ERROR] LogOutputStream:75 - [STDERR_REDIRECT] 
2026-09-28 22:12:13,256 [ERROR] LogOutputStream:75 - [STDERR_REDIRECT] [Fatal Error] :1:1: Premature end of file.
2026-09-28 22:12:13,256 [ERROR] LogOutputStream:75 - [STDERR_REDIRECT] 
2026-09-28 22:12:14,254 [ERROR] LogOutputStream:75 - [STDERR_REDIRECT] [Fatal Error] :1:1: Premature end of file.
2026-09-28 22:12:14,254 [ERROR] LogOutputStream:75 - [STDERR_REDIRECT] 
2026-09-28 22:12:15,260 [ERROR] LogOutputStream:75 - [STDERR_REDIRECT] [Fatal Error] :1:1: Premature end of file.
2026-09-28 22:12:15,262 [ERROR] LogOutputStream:75 - [STDERR_REDIRECT] 
2026-09-28 22:12:16,267 [ERROR] LogOutputStream:75 - [STDERR_REDIRECT] [Fatal Error] :1:1: Premature end of file.
2026-09-28 22:12:16,267 [ERROR] LogOutputStream:75 - [STDERR_REDIRECT] 
2026-09-28 22:12:17,263 [ERROR] LogOutputStream:75 - [STDERR_REDIRECT] [Fatal Error] :1:1: Premature end of file.
2026-09-28 22:12:17,263 [ERROR] LogOutputStream:75 - [STDERR_REDIRECT] 
2026-09-28 22:12:18,261 [ERROR] LogOutputStream:75 - [STDERR_REDIRECT] [Fatal Error] :1:1: Premature end of file.
2026-09-28 22:12:18,261 [ERROR] LogOutputStream:75 - [STDERR_REDIRECT] 
2026-09-28 22:12:19,273 [ERROR] LogOutputStream:75 - [STDERR_REDIRECT] [Fatal Error] :1:1: Premature end of file.
2026-09-28 22:12:19,273 [ERROR] LogOutputStream:75 - [STDERR_REDIRECT] 
2026-09-28 22:12:20,269 [ERROR] LogOutputStream:75 - [STDERR_REDIRECT] [Fatal Error] :1:1: Premature end of file.
2026-09-28 22:12:20,269 [ERROR] LogOutputStream:75 - [STDERR_REDIRECT] 
2026-09-28 22:12:21,260 [ERROR] LogOutputStream:75 - [STDERR_REDIRECT] [Fatal Error] :1:1: Premature end of file.
2026-09-28 22:12:21,260 [ERROR] LogOutputStream:75 - [STDERR_REDIRECT] 
2026-09-28 22:12:22,265 [ERROR] LogOutputStream:75 - [STDERR_REDIRECT] [Fatal Error] :1:1: Premature end of file.
2026-09-28 22:12:22,265 [ERROR] LogOutputStream:75 - [STDERR_REDIRECT] 
2026-09-28 22:12:23,257 [ERROR] LogOutputStream:75 - [STDERR_REDIRECT] [Fatal Error] :1:1: Premature end of file.
2026-09-28 22:12:23,257 [ERROR] LogOutputStream:75 - [STDERR_REDIRECT] 
2026-09-28 22:12:24,266 [ERROR] LogOutputStream:75 - [STDERR_REDIRECT] [Fatal Error] :1:1: Premature end of file.
2026-09-28 22:12:24,266 [ERROR] LogOutputStream:75 - [STDERR_REDIRECT] 
2026-09-28 22:12:25,286 [ERROR] LogOutputStream:75 - [STDERR_REDIRECT] [Fatal Error] :1:1: Premature end of file.
2026-09-28 22:12:25,286 [ERROR] LogOutputStream:75 - [STDERR_REDIRECT] 
2026-09-28 22:12:26,267 [ERROR] LogOutputStream:75 - [STDERR_REDIRECT] [Fatal Error] :1:1: Premature end of file.
2026-09-28 22:12:26,267 [ERROR] LogOutputStream:75 - [STDERR_REDIRECT] 
2026-09-28 22:12:27,265 [ERROR] LogOutputStream:75 - [STDERR_REDIRECT] [Fatal Error] :1:1: Premature end of file.
2026-09-28 22:12:27,265 [ERROR] LogOutputStream:75 - [STDERR_REDIRECT] 
2026-09-28 22:12:28,273 [ERROR] LogOutputStream:75 - [STDERR_REDIRECT] [Fatal Error] :1:1: Premature end of file.
2026-09-28 22:12:28,273 [ERROR] LogOutputStream:75 - [STDERR_REDIRECT] 
2026-09-28 22:12:29,270 [ERROR] LogOutputStream:75 - [STDERR_REDIRECT] [Fatal Error] :1:1: Premature end of file.
2026-09-28 22:12:29,270 [ERROR] LogOutputStream:75 - [STDERR_REDIRECT] 
2026-09-28 22:12:30,257 [ERROR] LogOutputStream:75 - [STDERR_REDIRECT] [Fatal Error] :1:1: Premature end of file.
2026-09-28 22:12:30,257 [ERROR] LogOutputStream:75 - [STDERR_REDIRECT] 
2026-09-28 22:12:31,267 [ERROR] LogOutputStream:75 - [STDERR_REDIRECT] [Fatal Error] :1:1: Premature end of file.
2026-09-28 22:12:31,267 [ERROR] LogOutputStream:75 - [STDERR_REDIRECT] 
2026-09-28 22:12:32,256 [ERROR] LogOutputStream:75 - [STDERR_REDIRECT] [Fatal Error] :1:1: Premature end of file.
2026-09-28 22:12:32,256 [ERROR] LogOutputStream:75 - [STDERR_REDIRECT] 
2026-09-28 22:12:33,268 [ERROR] LogOutputStream:75 - [STDERR_REDIRECT] [Fatal Error] :1:1: Premature end of file.
2026-09-28 22:12:33,268 [ERROR] LogOutputStream:75 - [STDERR_REDIRECT] 
2026-09-28 22:12:34,261 [ERROR] LogOutputStream:75 - [STDERR_REDIRECT] [Fatal Error] :1:1: Premature end of file.
2026-09-28 22:12:34,261 [ERROR] LogOutputStream:75 - [STDERR_REDIRECT] 
2026-09-28 22:12:35,273 [ERROR] LogOutputStream:75 - [STDERR_REDIRECT] [Fatal Error] :1:1: Premature end of file.
2026-09-28 22:12:35,273 [ERROR] LogOutputStream:75 - [STDERR_REDIRECT] 
2026-09-28 22:12:36,266 [ERROR] LogOutputStream:75 - [STDERR_REDIRECT] [Fatal Error] :1:1: Premature end of file.
2026-09-28 22:12:36,266 [ERROR] LogOutputStream:75 - [STDERR_REDIRECT] 
2026-09-28 22:12:37,255 [ERROR] LogOutputStream:75 - [STDERR_REDIRECT] [Fatal Error] :1:1: Premature end of file.
2026-09-28 22:12:37,257 [ERROR] LogOutputStream:75 - [STDERR_REDIRECT] 
2026-09-28 22:12:38,274 [ERROR] LogOutputStream:75 - [STDERR_REDIRECT] [Fatal Error] :1:1: Premature end of file.
2026-09-28 22:12:38,275 [ERROR] LogOutputStream:75 - [STDERR_REDIRECT] 
2026-09-28 22:12:39,259 [ERROR] LogOutputStream:75 - [STDERR_REDIRECT] [Fatal Error] :1:1: Premature end of file.
2026-09-28 22:12:39,259 [ERROR] LogOutputStream:75 - [STDERR_REDIRECT] 
2026-09-28 22:12:40,265 [ERROR] LogOutputStream:75 - [STDERR_REDIRECT] [Fatal Error] :1:1: Premature end of file.
2026-09-28 22:12:40,265 [ERROR] LogOutputStream:75 - [STDERR_REDIRECT] 
2026-09-28 22:12:41,268 [ERROR] LogOutputStream:75 - [STDERR_REDIRECT] [Fatal Error] :1:1: Premature end of file.
2026-09-28 22:12:41,269 [ERROR] LogOutputStream:75 - [STDERR_REDIRECT] 
2026-09-28 22:12:42,262 [ERROR] LogOutputStream:75 - [STDERR_REDIRECT] [Fatal Error] :1:1: Premature end of file.
2026-09-28 22:12:42,262 [ERROR] LogOutputStream:75 - [STDERR_REDIRECT] 
2026-09-28 22:12:43,269 [ERROR] LogOutputStream:75 - [STDERR_REDIRECT] [Fatal Error] :1:1: Premature end of file.
2026-09-28 22:12:43,269 [ERROR] LogOutputStream:75 - [STDERR_REDIRECT] 
2026-09-28 22:12:44,266 [ERROR] LogOutputStream:75 - [STDERR_REDIRECT] [Fatal Error] :1:1: Premature end of file.
2026-09-28 22:12:44,266 [ERROR] LogOutputStream:75 - [STDERR_REDIRECT] 
2026-09-28 22:12:45,269 [ERROR] LogOutputStream:75 - [STDERR_REDIRECT] [Fatal Error] :1:1: Premature end of file.
2026-09-28 22:12:45,269 [ERROR] LogOutputStream:75 - [STDERR_REDIRECT] 
2026-09-28 22:12:46,270 [ERROR] LogOutputStream:75 - [STDERR_REDIRECT] [Fatal Error] :1:1: Premature end of file.
2026-09-28 22:12:46,270 [ERROR] LogOutputStream:75 - [STDERR_REDIRECT] 
2026-09-28 22:12:47,265 [ERROR] LogOutputStream:75 - [STDERR_REDIRECT] [Fatal Error] :1:1: Premature end of file.
2026-09-28 22:12:47,265 [ERROR] LogOutputStream:75 - [STDERR_REDIRECT] 
2026-09-28 22:12:48,257 [ERROR] LogOutputStream:75 - [STDERR_REDIRECT] [Fatal Error] :1:1: Premature end of file.
2026-09-28 22:12:48,258 [ERROR] LogOutputStream:75 - [STDERR_REDIRECT] 
2026-09-28 22:12:49,268 [ERROR] LogOutputStream:75 - [STDERR_REDIRECT] [Fatal Error] :1:1: Premature end of file.
2026-09-28 22:12:49,268 [ERROR] LogOutputStream:75 - [STDERR_REDIRECT] 
2026-09-28 22:12:50,264 [ERROR] LogOutputStream:75 - [STDERR_REDIRECT] [Fatal Error] :1:1: Premature end of file.
2026-09-28 22:12:50,264 [ERROR] LogOutputStream:75 - [STDERR_REDIRECT] 
2026-09-28 22:12:51,259 [ERROR] LogOutputStream:75 - [STDERR_REDIRECT] [Fatal Error] :1:1: Premature end of file.
2026-09-28 22:12:51,259 [ERROR] LogOutputStream:75 - [STDERR_REDIRECT] 
2026-09-28 22:12:52,263 [ERROR] LogOutputStream:75 - [STDERR_REDIRECT] [Fatal Error] :1:1: Premature end of file.
2026-09-28 22:12:52,263 [ERROR] LogOutputStream:75 - [STDERR_REDIRECT] 
2026-09-28 22:12:53,258 [ERROR] LogOutputStream:75 - [STDERR_REDIRECT] [Fatal Error] :1:1: Premature end of file.
2026-09-28 22:12:53,259 [ERROR] LogOutputStream:75 - [STDERR_REDIRECT] 
2026-09-28 22:12:54,263 [ERROR] LogOutputStream:75 - [STDERR_REDIRECT] [Fatal Error] :1:1: Premature end of file.
2026-09-28 22:12:54,263 [ERROR] LogOutputStream:75 - [STDERR_REDIRECT] 
2026-09-28 22:12:55,267 [ERROR] LogOutputStream:75 - [STDERR_REDIRECT] [Fatal Error] :1:1: Premature end of file.
2026-09-28 22:12:55,267 [ERROR] LogOutputStream:75 - [STDERR_REDIRECT] 
2026-09-28 22:12:56,268 [ERROR] LogOutputStream:75 - [STDERR_REDIRECT] [Fatal Error] :1:1: Premature end of file.
2026-09-28 22:12:56,268 [ERROR] LogOutputStream:75 - [STDERR_REDIRECT] 
2026-09-28 22:12:57,259 [ERROR] LogOutputStream:75 - [STDERR_REDIRECT] [Fatal Error] :1:1: Premature end of file.
2026-09-28 22:12:57,259 [ERROR] LogOutputStream:75 - [STDERR_REDIRECT] 
2026-09-28 22:12:58,267 [ERROR] LogOutputStream:75 - [STDERR_REDIRECT] [Fatal Error] :1:1: Premature end of file.
2026-09-28 22:12:58,267 [ERROR] LogOutputStream:75 - [STDERR_REDIRECT] 
2026-09-28 22:12:59,261 [ERROR] LogOutputStream:75 - [STDERR_REDIRECT] [Fatal Error] :1:1: Premature end of file.
2026-09-28 22:12:59,261 [ERROR] LogOutputStream:75 - [STDERR_REDIRECT] 
2026-09-28 22:13:00,257 [ERROR] LogOutputStream:75 - [STDERR_REDIRECT] [Fatal Error] :1:1: Premature end of file.
2026-09-28 22:13:00,259 [ERROR] LogOutputStream:75 - [STDERR_REDIRECT] 
2026-09-28 22:13:01,262 [ERROR] LogOutputStream:75 - [STDERR_REDIRECT] [Fatal Error] :1:1: Premature end of file.
2026-09-28 22:13:01,262 [ERROR] LogOutputStream:75 - [STDERR_REDIRECT] 
2026-09-28 22:13:02,260 [ERROR] LogOutputStream:75 - [STDERR_REDIRECT] [Fatal Error] :1:1: Premature end of file.
2026-09-28 22:13:02,260 [ERROR] LogOutputStream:75 - [STDERR_REDIRECT] 
2026-09-28 22:13:03,263 [ERROR] LogOutputStream:75 - [STDERR_REDIRECT] [Fatal Error] :1:1: Premature end of file.
2026-09-28 22:13:03,263 [ERROR] LogOutputStream:75 - [STDERR_REDIRECT] 
2026-09-28 22:13:04,262 [ERROR] LogOutputStream:75 - [STDERR_REDIRECT] [Fatal Error] :1:1: Premature end of file.
2026-09-28 22:13:04,262 [ERROR] LogOutputStream:75 - [STDERR_REDIRECT] 
2026-09-28 22:13:05,260 [ERROR] LogOutputStream:75 - [STDERR_REDIRECT] [Fatal Error] :1:1: Premature end of file.
2026-09-28 22:13:05,260 [ERROR] LogOutputStream:75 - [STDERR_REDIRECT] 
2026-09-28 22:13:06,260 [ERROR] LogOutputStream:75 - [STDERR_REDIRECT] [Fatal Error] :1:1: Premature end of file.
2026-09-28 22:13:06,260 [ERROR] LogOutputStream:75 - [STDERR_REDIRECT] 
2026-09-28 22:13:07,262 [ERROR] LogOutputStream:75 - [STDERR_REDIRECT] [Fatal Error] :1:1: Premature end of file.
2026-09-28 22:13:07,262 [ERROR] LogOutputStream:75 - [STDERR_REDIRECT] 
2026-09-28 22:13:08,260 [ERROR] LogOutputStream:75 - [STDERR_REDIRECT] [Fatal Error] :1:1: Premature end of file.
2026-09-28 22:13:08,260 [ERROR] LogOutputStream:75 - [STDERR_REDIRECT] 
2026-09-28 22:13:09,261 [ERROR] LogOutputStream:75 - [STDERR_REDIRECT] [Fatal Error] :1:1: Premature end of file.
2026-09-28 22:13:09,261 [ERROR] LogOutputStream:75 - [STDERR_REDIRECT] 
2026-09-28 22:13:10,258 [ERROR] LogOutputStream:75 - [STDERR_REDIRECT] [Fatal Error] :1:1: Premature end of file.
2026-09-28 22:13:10,258 [ERROR] LogOutputStream:75 - [STDERR_REDIRECT] 
2026-09-28 22:13:11,266 [ERROR] LogOutputStream:75 - [STDERR_REDIRECT] [Fatal Error] :1:1: Premature end of file.
2026-09-28 22:13:11,266 [ERROR] LogOutputStream:75 - [STDERR_REDIRECT] 
2026-09-28 22:13:12,274 [ERROR] LogOutputStream:75 - [STDERR_REDIRECT] [Fatal Error] :1:1: Premature end of file.
2026-09-28 22:13:12,274 [ERROR] LogOutputStream:75 - [STDERR_REDIRECT] 
2026-09-28 22:13:13,265 [ERROR] LogOutputStream:75 - [STDERR_REDIRECT] [Fatal Error] :1:1: Premature end of file.
2026-09-28 22:13:13,265 [ERROR] LogOutputStream:75 - [STDERR_REDIRECT] 
2026-09-28 22:13:14,264 [ERROR] LogOutputStream:75 - [STDERR_REDIRECT] [Fatal Error] :1:1: Premature end of file.
2026-09-28 22:13:14,264 [ERROR] LogOutputStream:75 - [STDERR_REDIRECT] 
2026-09-28 22:13:15,267 [ERROR] LogOutputStream:75 - [STDERR_REDIRECT] [Fatal Error] :1:1: Premature end of file.
2026-09-28 22:13:15,267 [ERROR] LogOutputStream:75 - [STDERR_REDIRECT] 
2026-09-28 22:13:16,255 [ERROR] LogOutputStream:75 - [STDERR_REDIRECT] [Fatal Error] :1:1: Premature end of file.
2026-09-28 22:13:16,255 [ERROR] LogOutputStream:75 - [STDERR_REDIRECT] 
2026-09-28 22:13:17,264 [ERROR] LogOutputStream:75 - [STDERR_REDIRECT] [Fatal Error] :1:1: Premature end of file.
2026-09-28 22:13:17,265 [ERROR] LogOutputStream:75 - [STDERR_REDIRECT] 
2026-09-28 22:13:18,258 [ERROR] LogOutputStream:75 - [STDERR_REDIRECT] [Fatal Error] :1:1: Premature end of file.
2026-09-28 22:13:18,258 [ERROR] LogOutputStream:75 - [STDERR_REDIRECT] 
2026-09-28 22:13:19,264 [ERROR] LogOutputStream:75 - [STDERR_REDIRECT] [Fatal Error] :1:1: Premature end of file.
2026-09-28 22:13:19,264 [ERROR] LogOutputStream:75 - [STDERR_REDIRECT] 
2026-09-28 22:13:20,264 [ERROR] LogOutputStream:75 - [STDERR_REDIRECT] [Fatal Error] :1:1: Premature end of file.
2026-09-28 22:13:20,264 [ERROR] LogOutputStream:75 - [STDERR_REDIRECT] 
2026-09-28 22:13:21,247 [ERROR] LogOutputStream:75 - [STDERR_REDIRECT] [Fatal Error] :1:1: Premature end of file.
2026-09-28 22:13:21,247 [ERROR] LogOutputStream:75 - [STDERR_REDIRECT] 
2026-09-28 22:13:22,246 [ERROR] LogOutputStream:75 - [STDERR_REDIRECT] [Fatal Error] :1:1: Premature end of file.
2026-09-28 22:13:22,246 [ERROR] LogOutputStream:75 - [STDERR_REDIRECT] 
2026-09-28 22:13:23,250 [ERROR] LogOutputStream:75 - [STDERR_REDIRECT] [Fatal Error] :1:1: Premature end of file.
2026-09-28 22:13:23,250 [ERROR] LogOutputStream:75 - [STDERR_REDIRECT] 
2026-09-28 22:13:24,251 [ERROR] LogOutputStream:75 - [STDERR_REDIRECT] [Fatal Error] :1:1: Premature end of file.
2026-09-28 22:13:24,251 [ERROR] LogOutputStream:75 - [STDERR_REDIRECT] 
2026-09-28 22:13:25,254 [ERROR] LogOutputStream:75 - [STDERR_REDIRECT] [Fatal Error] :1:1: Premature end of file.
2026-09-28 22:13:25,254 [ERROR] LogOutputStream:75 - [STDERR_REDIRECT] 
2026-09-28 22:13:26,262 [ERROR] LogOutputStream:75 - [STDERR_REDIRECT] [Fatal Error] :1:1: Premature end of file.
2026-09-28 22:13:26,262 [ERROR] LogOutputStream:75 - [STDERR_REDIRECT] 
2026-09-28 22:13:27,256 [ERROR] LogOutputStream:75 - [STDERR_REDIRECT] [Fatal Error] :1:1: Premature end of file.
2026-09-28 22:13:27,256 [ERROR] LogOutputStream:75 - [STDERR_REDIRECT] 
2026-09-28 22:13:28,258 [ERROR] LogOutputStream:75 - [STDERR_REDIRECT] [Fatal Error] :1:1: Premature end of file.
2026-09-28 22:13:28,260 [ERROR] LogOutputStream:75 - [STDERR_REDIRECT] 
2026-09-28 22:13:29,272 [ERROR] LogOutputStream:75 - [STDERR_REDIRECT] [Fatal Error] :1:1: Premature end of file.
2026-09-28 22:13:29,272 [ERROR] LogOutputStream:75 - [STDERR_REDIRECT] 
2026-09-28 22:13:30,261 [ERROR] LogOutputStream:75 - [STDERR_REDIRECT] [Fatal Error] :1:1: Premature end of file.
2026-09-28 22:13:30,262 [ERROR] LogOutputStream:75 - [STDERR_REDIRECT] 
2026-09-28 22:13:31,260 [ERROR] LogOutputStream:75 - [STDERR_REDIRECT] [Fatal Error] :1:1: Premature end of file.
2026-09-28 22:13:31,262 [ERROR] LogOutputStream:75 - [STDERR_REDIRECT] 
2026-09-28 22:13:32,251 [ERROR] LogOutputStream:75 - [STDERR_REDIRECT] [Fatal Error] :1:1: Premature end of file.
2026-09-28 22:13:32,251 [ERROR] LogOutputStream:75 - [STDERR_REDIRECT] 
2026-09-28 22:13:33,258 [ERROR] LogOutputStream:75 - [STDERR_REDIRECT] [Fatal Error] :1:1: Premature end of file.
2026-09-28 22:13:33,258 [ERROR] LogOutputStream:75 - [STDERR_REDIRECT] 
2026-09-28 22:13:34,250 [ERROR] LogOutputStream:75 - [STDERR_REDIRECT] [Fatal Error] :1:1: Premature end of file.
2026-09-28 22:13:34,251 [ERROR] LogOutputStream:75 - [STDERR_REDIRECT] 
2026-09-28 22:13:35,264 [ERROR] LogOutputStream:75 - [STDERR_REDIRECT] [Fatal Error] :1:1: Premature end of file.
2026-09-28 22:13:35,264 [ERROR] LogOutputStream:75 - [STDERR_REDIRECT] 
2026-09-28 22:13:36,262 [ERROR] LogOutputStream:75 - [STDERR_REDIRECT] [Fatal Error] :1:1: Premature end of file.
2026-09-28 22:13:36,262 [ERROR] LogOutputStream:75 - [STDERR_REDIRECT] 
2026-09-28 22:13:37,259 [ERROR] LogOutputStream:75 - [STDERR_REDIRECT] [Fatal Error] :1:1: Premature end of file.
2026-09-28 22:13:37,261 [ERROR] LogOutputStream:75 - [STDERR_REDIRECT] 
2026-09-28 22:13:38,262 [ERROR] LogOutputStream:75 - [STDERR_REDIRECT] [Fatal Error] :1:1: Premature end of file.
2026-09-28 22:13:38,262 [ERROR] LogOutputStream:75 - [STDERR_REDIRECT] 
2026-09-28 22:13:39,261 [ERROR] LogOutputStream:75 - [STDERR_REDIRECT] [Fatal Error] :1:1: Premature end of file.
2026-09-28 22:13:39,261 [ERROR] LogOutputStream:75 - [STDERR_REDIRECT] 
2026-09-28 22:13:40,264 [ERROR] LogOutputStream:75 - [STDERR_REDIRECT] [Fatal Error] :1:1: Premature end of file.
2026-09-28 22:13:40,264 [ERROR] LogOutputStream:75 - [STDERR_REDIRECT] 
2026-09-28 22:13:41,265 [ERROR] LogOutputStream:75 - [STDERR_REDIRECT] [Fatal Error] :1:1: Premature end of file.
2026-09-28 22:13:41,265 [ERROR] LogOutputStream:75 - [STDERR_REDIRECT] 
2026-09-28 22:13:42,259 [ERROR] LogOutputStream:75 - [STDERR_REDIRECT] [Fatal Error] :1:1: Premature end of file.
2026-09-28 22:13:42,259 [ERROR] LogOutputStream:75 - [STDERR_REDIRECT] 
2026-09-28 22:13:43,264 [ERROR] LogOutputStream:75 - [STDERR_REDIRECT] [Fatal Error] :1:1: Premature end of file.
2026-09-28 22:13:43,264 [ERROR] LogOutputStream:75 - [STDERR_REDIRECT] 
2026-09-28 22:13:44,254 [ERROR] LogOutputStream:75 - [STDERR_REDIRECT] [Fatal Error] :1:1: Premature end of file.
2026-09-28 22:13:44,254 [ERROR] LogOutputStream:75 - [STDERR_REDIRECT] 
2026-09-28 22:13:45,264 [ERROR] LogOutputStream:75 - [STDERR_REDIRECT] [Fatal Error] :1:1: Premature end of file.
2026-09-28 22:13:45,264 [ERROR] LogOutputStream:75 - [STDERR_REDIRECT] 
2026-09-28 22:13:46,258 [ERROR] LogOutputStream:75 - [STDERR_REDIRECT] [Fatal Error] :1:1: Premature end of file.
2026-09-28 22:13:46,258 [ERROR] LogOutputStream:75 - [STDERR_REDIRECT] 
2026-09-28 22:13:47,258 [ERROR] LogOutputStream:75 - [STDERR_REDIRECT] [Fatal Error] :1:1: Premature end of file.
2026-09-28 22:13:47,258 [ERROR] LogOutputStream:75 - [STDERR_REDIRECT] 
2026-09-28 22:13:48,261 [ERROR] LogOutputStream:75 - [STDERR_REDIRECT] [Fatal Error] :1:1: Premature end of file.
2026-09-28 22:13:48,262 [ERROR] LogOutputStream:75 - [STDERR_REDIRECT] 
2026-09-28 22:13:49,259 [ERROR] LogOutputStream:75 - [STDERR_REDIRECT] [Fatal Error] :1:1: Premature end of file.
2026-09-28 22:13:49,259 [ERROR] LogOutputStream:75 - [STDERR_REDIRECT] 
2026-09-28 22:13:50,265 [ERROR] LogOutputStream:75 - [STDERR_REDIRECT] [Fatal Error] :1:1: Premature end of file.
2026-09-28 22:13:50,265 [ERROR] LogOutputStream:75 - [STDERR_REDIRECT] 
2026-09-28 22:13:51,263 [ERROR] LogOutputStream:75 - [STDERR_REDIRECT] [Fatal Error] :1:1: Premature end of file.
2026-09-28 22:13:51,263 [ERROR] LogOutputStream:75 - [STDERR_REDIRECT] 
2026-09-28 22:13:52,265 [ERROR] LogOutputStream:75 - [STDERR_REDIRECT] [Fatal Error] :1:1: Premature end of file.
2026-09-28 22:13:52,265 [ERROR] LogOutputStream:75 - [STDERR_REDIRECT] 
2026-09-28 22:13:53,260 [ERROR] LogOutputStream:75 - [STDERR_REDIRECT] [Fatal Error] :1:1: Premature end of file.
2026-09-28 22:13:53,260 [ERROR] LogOutputStream:75 - [STDERR_REDIRECT] 
2026-09-28 22:13:54,262 [ERROR] LogOutputStream:75 - [STDERR_REDIRECT] [Fatal Error] :1:1: Premature end of file.
2026-09-28 22:13:54,262 [ERROR] LogOutputStream:75 - [STDERR_REDIRECT] 
2026-09-28 22:13:55,262 [ERROR] LogOutputStream:75 - [STDERR_REDIRECT] [Fatal Error] :1:1: Premature end of file.
2026-09-28 22:13:55,262 [ERROR] LogOutputStream:75 - [STDERR_REDIRECT] 
2026-09-28 22:13:56,267 [ERROR] LogOutputStream:75 - [STDERR_REDIRECT] [Fatal Error] :1:1: Premature end of file.
2026-09-28 22:13:56,267 [ERROR] LogOutputStream:75 - [STDERR_REDIRECT] 
2026-09-28 22:13:57,263 [ERROR] LogOutputStream:75 - [STDERR_REDIRECT] [Fatal Error] :1:1: Premature end of file.
2026-09-28 22:13:57,264 [ERROR] LogOutputStream:75 - [STDERR_REDIRECT] 
2026-09-28 22:13:58,259 [ERROR] LogOutputStream:75 - [STDERR_REDIRECT] [Fatal Error] :1:1: Premature end of file.
2026-09-28 22:13:58,259 [ERROR] LogOutputStream:75 - [STDERR_REDIRECT] 
2026-09-28 22:13:59,272 [ERROR] LogOutputStream:75 - [STDERR_REDIRECT] [Fatal Error] :1:1: Premature end of file.
2026-09-28 22:13:59,272 [ERROR] LogOutputStream:75 - [STDERR_REDIRECT] 
2026-09-28 22:14:00,259 [ERROR] LogOutputStream:75 - [STDERR_REDIRECT] [Fatal Error] :1:1: Premature end of file.
2026-09-28 22:14:00,259 [ERROR] LogOutputStream:75 - [STDERR_REDIRECT] 
2026-09-28 22:14:01,263 [ERROR] LogOutputStream:75 - [STDERR_REDIRECT] [Fatal Error] :1:1: Premature end of file.
2026-09-28 22:14:01,263 [ERROR] LogOutputStream:75 - [STDERR_REDIRECT] 
2026-09-28 22:14:02,263 [ERROR] LogOutputStream:75 - [STDERR_REDIRECT] [Fatal Error] :1:1: Premature end of file.
2026-09-28 22:14:02,263 [ERROR] LogOutputStream:75 - [STDERR_REDIRECT] 
2026-09-28 22:14:03,264 [ERROR] LogOutputStream:75 - [STDERR_REDIRECT] [Fatal Error] :1:1: Premature end of file.
2026-09-28 22:14:03,264 [ERROR] LogOutputStream:75 - [STDERR_REDIRECT] 
2026-09-28 22:14:04,262 [ERROR] LogOutputStream:75 - [STDERR_REDIRECT] [Fatal Error] :1:1: Premature end of file.
2026-09-28 22:14:04,264 [ERROR] LogOutputStream:75 - [STDERR_REDIRECT] 
2026-09-28 22:14:05,266 [ERROR] LogOutputStream:75 - [STDERR_REDIRECT] [Fatal Error] :1:1: Premature end of file.
2026-09-28 22:14:05,266 [ERROR] LogOutputStream:75 - [STDERR_REDIRECT] 
2026-09-28 22:14:06,270 [ERROR] LogOutputStream:75 - [STDERR_REDIRECT] [Fatal Error] :1:1: Premature end of file.
2026-09-28 22:14:06,271 [ERROR] LogOutputStream:75 - [STDERR_REDIRECT] 
2026-09-28 22:14:07,267 [ERROR] LogOutputStream:75 - [STDERR_REDIRECT] [Fatal Error] :1:1: Premature end of file.
2026-09-28 22:14:07,267 [ERROR] LogOutputStream:75 - [STDERR_REDIRECT] 
2026-09-28 22:14:08,260 [ERROR] LogOutputStream:75 - [STDERR_REDIRECT] [Fatal Error] :1:1: Premature end of file.
2026-09-28 22:14:08,260 [ERROR] LogOutputStream:75 - [STDERR_REDIRECT] 
2026-09-28 22:14:09,263 [ERROR] LogOutputStream:75 - [STDERR_REDIRECT] [Fatal Error] :1:1: Premature end of file.
2026-09-28 22:14:09,263 [ERROR] LogOutputStream:75 - [STDERR_REDIRECT] 
2026-09-28 22:14:10,267 [ERROR] LogOutputStream:75 - [STDERR_REDIRECT] [Fatal Error] :1:1: Premature end of file.
2026-09-28 22:14:10,267 [ERROR] LogOutputStream:75 - [STDERR_REDIRECT] 
2026-09-28 22:14:11,260 [ERROR] LogOutputStream:75 - [STDERR_REDIRECT] [Fatal Error] :1:1: Premature end of file.
2026-09-28 22:14:11,260 [ERROR] LogOutputStream:75 - [STDERR_REDIRECT] 
2026-09-28 22:14:12,266 [ERROR] LogOutputStream:75 - [STDERR_REDIRECT] [Fatal Error] :1:1: Premature end of file.
2026-09-28 22:14:12,266 [ERROR] LogOutputStream:75 - [STDERR_REDIRECT] 
2026-09-28 22:14:13,260 [ERROR] LogOutputStream:75 - [STDERR_REDIRECT] [Fatal Error] :1:1: Premature end of file.
2026-09-28 22:14:13,260 [ERROR] LogOutputStream:75 - [STDERR_REDIRECT] 
2026-09-28 22:14:14,262 [ERROR] LogOutputStream:75 - [STDERR_REDIRECT] [Fatal Error] :1:1: Premature end of file.
2026-09-28 22:14:14,263 [ERROR] LogOutputStream:75 - [STDERR_REDIRECT] 
2026-09-28 22:14:15,260 [ERROR] LogOutputStream:75 - [STDERR_REDIRECT] [Fatal Error] :1:1: Premature end of file.
2026-09-28 22:14:15,260 [ERROR] LogOutputStream:75 - [STDERR_REDIRECT] 
2026-09-28 22:14:16,260 [ERROR] LogOutputStream:75 - [STDERR_REDIRECT] [Fatal Error] :1:1: Premature end of file.
2026-09-28 22:14:16,260 [ERROR] LogOutputStream:75 - [STDERR_REDIRECT] 
2026-09-28 22:14:17,263 [ERROR] LogOutputStream:75 - [STDERR_REDIRECT] [Fatal Error] :1:1: Premature end of file.
2026-09-28 22:14:17,263 [ERROR] LogOutputStream:75 - [STDERR_REDIRECT] 
2026-09-28 22:14:18,261 [ERROR] LogOutputStream:75 - [STDERR_REDIRECT] [Fatal Error] :1:1: Premature end of file.
2026-09-28 22:14:18,261 [ERROR] LogOutputStream:75 - [STDERR_REDIRECT] 
2026-09-28 22:14:19,253 [ERROR] LogOutputStream:75 - [STDERR_REDIRECT] [Fatal Error] :1:1: Premature end of file.
2026-09-28 22:14:19,253 [ERROR] LogOutputStream:75 - [STDERR_REDIRECT] 
2026-09-28 22:14:20,266 [ERROR] LogOutputStream:75 - [STDERR_REDIRECT] [Fatal Error] :1:1: Premature end of file.
2026-09-28 22:14:20,266 [ERROR] LogOutputStream:75 - [STDERR_REDIRECT] 
2026-09-28 22:14:21,260 [ERROR] LogOutputStream:75 - [STDERR_REDIRECT] [Fatal Error] :1:1: Premature end of file.
2026-09-28 22:14:21,260 [ERROR] LogOutputStream:75 - [STDERR_REDIRECT] 
2026-09-28 22:14:22,264 [ERROR] LogOutputStream:75 - [STDERR_REDIRECT] [Fatal Error] :1:1: Premature end of file.
2026-09-28 22:14:22,264 [ERROR] LogOutputStream:75 - [STDERR_REDIRECT] 
2026-09-28 22:14:23,260 [ERROR] LogOutputStream:75 - [STDERR_REDIRECT] [Fatal Error] :1:1: Premature end of file.
2026-09-28 22:14:23,260 [ERROR] LogOutputStream:75 - [STDERR_REDIRECT] 
2026-09-28 22:14:24,263 [ERROR] LogOutputStream:75 - [STDERR_REDIRECT] [Fatal Error] :1:1: Premature end of file.
2026-09-28 22:14:24,263 [ERROR] LogOutputStream:75 - [STDERR_REDIRECT] 
2026-09-28 22:14:25,263 [ERROR] LogOutputStream:75 - [STDERR_REDIRECT] [Fatal Error] :1:1: Premature end of file.
2026-09-28 22:14:25,263 [ERROR] LogOutputStream:75 - [STDERR_REDIRECT] 
2026-09-28 22:14:26,267 [ERROR] LogOutputStream:75 - [STDERR_REDIRECT] [Fatal Error] :1:1: Premature end of file.
2026-09-28 22:14:26,267 [ERROR] LogOutputStream:75 - [STDERR_REDIRECT] 
2026-09-28 22:14:27,265 [ERROR] LogOutputStream:75 - [STDERR_REDIRECT] [Fatal Error] :1:1: Premature end of file.
2026-09-28 22:14:27,265 [ERROR] LogOutputStream:75 - [STDERR_REDIRECT] 
2026-09-28 22:14:28,263 [ERROR] LogOutputStream:75 - [STDERR_REDIRECT] [Fatal Error] :1:1: Premature end of file.
2026-09-28 22:14:28,263 [ERROR] LogOutputStream:75 - [STDERR_REDIRECT] 
2026-09-28 22:14:29,264 [ERROR] LogOutputStream:75 - [STDERR_REDIRECT] [Fatal Error] :1:1: Premature end of file.
2026-09-28 22:14:29,264 [ERROR] LogOutputStream:75 - [STDERR_REDIRECT] 
2026-09-28 22:14:30,258 [ERROR] LogOutputStream:75 - [STDERR_REDIRECT] [Fatal Error] :1:1: Premature end of file.
2026-09-28 22:14:30,258 [ERROR] LogOutputStream:75 - [STDERR_REDIRECT] 
2026-09-28 22:14:31,263 [ERROR] LogOutputStream:75 - [STDERR_REDIRECT] [Fatal Error] :1:1: Premature end of file.
2026-09-28 22:14:31,263 [ERROR] LogOutputStream:75 - [STDERR_REDIRECT] 
2026-09-28 22:14:32,263 [ERROR] LogOutputStream:75 - [STDERR_REDIRECT] [Fatal Error] :1:1: Premature end of file.
2026-09-28 22:14:32,263 [ERROR] LogOutputStream:75 - [STDERR_REDIRECT] 
2026-09-28 22:14:33,264 [ERROR] LogOutputStream:75 - [STDERR_REDIRECT] [Fatal Error] :1:1: Premature end of file.
2026-09-28 22:14:33,264 [ERROR] LogOutputStream:75 - [STDERR_REDIRECT] 
2026-09-28 22:14:34,274 [ERROR] LogOutputStream:75 - [STDERR_REDIRECT] [Fatal Error] :1:1: Premature end of file.
2026-09-28 22:14:34,274 [ERROR] LogOutputStream:75 - [STDERR_REDIRECT] 
2026-09-28 22:14:35,258 [ERROR] LogOutputStream:75 - [STDERR_REDIRECT] [Fatal Error] :1:1: Premature end of file.
2026-09-28 22:14:35,258 [ERROR] LogOutputStream:75 - [STDERR_REDIRECT] 
2026-09-28 22:14:36,262 [ERROR] LogOutputStream:75 - [STDERR_REDIRECT] [Fatal Error] :1:1: Premature end of file.
2026-09-28 22:14:36,262 [ERROR] LogOutputStream:75 - [STDERR_REDIRECT] 
2026-09-28 22:14:37,260 [ERROR] LogOutputStream:75 - [STDERR_REDIRECT] [Fatal Error] :1:1: Premature end of file.
2026-09-28 22:14:37,261 [ERROR] LogOutputStream:75 - [STDERR_REDIRECT] 
2026-09-28 22:14:38,260 [ERROR] LogOutputStream:75 - [STDERR_REDIRECT] [Fatal Error] :1:1: Premature end of file.
2026-09-28 22:14:38,263 [ERROR] LogOutputStream:75 - [STDERR_REDIRECT] 
2026-09-28 22:14:39,265 [ERROR] LogOutputStream:75 - [STDERR_REDIRECT] [Fatal Error] :1:1: Premature end of file.
2026-09-28 22:14:39,265 [ERROR] LogOutputStream:75 - [STDERR_REDIRECT] 
2026-09-28 22:14:40,262 [ERROR] LogOutputStream:75 - [STDERR_REDIRECT] [Fatal Error] :1:1: Premature end of file.
2026-09-28 22:14:40,262 [ERROR] LogOutputStream:75 - [STDERR_REDIRECT] 
2026-09-28 22:14:41,265 [ERROR] LogOutputStream:75 - [STDERR_REDIRECT] [Fatal Error] :1:1: Premature end of file.
2026-09-28 22:14:41,265 [ERROR] LogOutputStream:75 - [STDERR_REDIRECT] 
2026-09-28 22:14:42,256 [ERROR] LogOutputStream:75 - [STDERR_REDIRECT] [Fatal Error] :1:1: Premature end of file.
2026-09-28 22:14:42,256 [ERROR] LogOutputStream:75 - [STDERR_REDIRECT] 
2026-09-28 22:14:43,262 [ERROR] LogOutputStream:75 - [STDERR_REDIRECT] [Fatal Error] :1:1: Premature end of file.
2026-09-28 22:14:43,262 [ERROR] LogOutputStream:75 - [STDERR_REDIRECT] 
2026-09-28 22:14:44,264 [ERROR] LogOutputStream:75 - [STDERR_REDIRECT] [Fatal Error] :1:1: Premature end of file.
2026-09-28 22:14:44,264 [ERROR] LogOutputStream:75 - [STDERR_REDIRECT] 
2026-09-28 22:14:45,258 [ERROR] LogOutputStream:75 - [STDERR_REDIRECT] [Fatal Error] :1:1: Premature end of file.
2026-09-28 22:14:45,258 [ERROR] LogOutputStream:75 - [STDERR_REDIRECT] 
2026-09-28 22:14:46,262 [ERROR] LogOutputStream:75 - [STDERR_REDIRECT] [Fatal Error] :1:1: Premature end of file.
2026-09-28 22:14:46,262 [ERROR] LogOutputStream:75 - [STDERR_REDIRECT] 
2026-09-28 22:14:47,263 [ERROR] LogOutputStream:75 - [STDERR_REDIRECT] [Fatal Error] :1:1: Premature end of file.
2026-09-28 22:14:47,263 [ERROR] LogOutputStream:75 - [STDERR_REDIRECT] 
2026-09-28 22:14:48,262 [ERROR] LogOutputStream:75 - [STDERR_REDIRECT] [Fatal Error] :1:1: Premature end of file.
2026-09-28 22:14:48,262 [ERROR] LogOutputStream:75 - [STDERR_REDIRECT] 
2026-09-28 22:14:49,264 [ERROR] LogOutputStream:75 - [STDERR_REDIRECT] [Fatal Error] :1:1: Premature end of file.
2026-09-28 22:14:49,264 [ERROR] LogOutputStream:75 - [STDERR_REDIRECT] 
2026-09-28 22:14:50,267 [ERROR] LogOutputStream:75 - [STDERR_REDIRECT] [Fatal Error] :1:1: Premature end of file.
2026-09-28 22:14:50,267 [ERROR] LogOutputStream:75 - [STDERR_REDIRECT] 
2026-09-28 22:14:51,256 [ERROR] LogOutputStream:75 - [STDERR_REDIRECT] [Fatal Error] :1:1: Premature end of file.
2026-09-28 22:14:51,256 [ERROR] LogOutputStream:75 - [STDERR_REDIRECT] 
2026-09-28 22:14:52,276 [ERROR] LogOutputStream:75 - [STDERR_REDIRECT] [Fatal Error] :1:1: Premature end of file.
2026-09-28 22:14:52,276 [ERROR] LogOutputStream:75 - [STDERR_REDIRECT] 
2026-09-28 22:14:53,261 [ERROR] LogOutputStream:75 - [STDERR_REDIRECT] [Fatal Error] :1:1: Premature end of file.
2026-09-28 22:14:53,261 [ERROR] LogOutputStream:75 - [STDERR_REDIRECT] 
2026-09-28 22:14:54,259 [ERROR] LogOutputStream:75 - [STDERR_REDIRECT] [Fatal Error] :1:1: Premature end of file.
2026-09-28 22:14:54,260 [ERROR] LogOutputStream:75 - [STDERR_REDIRECT] 
2026-09-28 22:14:55,259 [ERROR] LogOutputStream:75 - [STDERR_REDIRECT] [Fatal Error] :1:1: Premature end of file.
2026-09-28 22:14:55,259 [ERROR] LogOutputStream:75 - [STDERR_REDIRECT] 
2026-09-28 22:14:56,266 [ERROR] LogOutputStream:75 - [STDERR_REDIRECT] [Fatal Error] :1:1: Premature end of file.
2026-09-28 22:14:56,266 [ERROR] LogOutputStream:75 - [STDERR_REDIRECT] 
2026-09-28 22:14:57,263 [ERROR] LogOutputStream:75 - [STDERR_REDIRECT] [Fatal Error] :1:1: Premature end of file.
2026-09-28 22:14:57,263 [ERROR] LogOutputStream:75 - [STDERR_REDIRECT] 
2026-09-28 22:14:58,257 [ERROR] LogOutputStream:75 - [STDERR_REDIRECT] [Fatal Error] :1:1: Premature end of file.
2026-09-28 22:14:58,259 [ERROR] LogOutputStream:75 - [STDERR_REDIRECT] 
2026-09-28 22:14:59,258 [ERROR] LogOutputStream:75 - [STDERR_REDIRECT] [Fatal Error] :1:1: Premature end of file.
2026-09-28 22:14:59,259 [ERROR] LogOutputStream:75 - [STDERR_REDIRECT] 
2026-09-28 22:15:00,261 [ERROR] LogOutputStream:75 - [STDERR_REDIRECT] [Fatal Error] :1:1: Premature end of file.
2026-09-28 22:15:00,261 [ERROR] LogOutputStream:75 - [STDERR_REDIRECT] 
2026-09-28 22:15:01,262 [ERROR] LogOutputStream:75 - [STDERR_REDIRECT] [Fatal Error] :1:1: Premature end of file.
2026-09-28 22:15:01,262 [ERROR] LogOutputStream:75 - [STDERR_REDIRECT] 
2026-09-28 22:15:02,260 [ERROR] LogOutputStream:75 - [STDERR_REDIRECT] [Fatal Error] :1:1: Premature end of file.
2026-09-28 22:15:02,260 [ERROR] LogOutputStream:75 - [STDERR_REDIRECT] 
2026-09-28 22:15:03,256 [ERROR] LogOutputStream:75 - [STDERR_REDIRECT] [Fatal Error] :1:1: Premature end of file.
2026-09-28 22:15:03,256 [ERROR] LogOutputStream:75 - [STDERR_REDIRECT] 
2026-09-28 22:15:04,259 [ERROR] LogOutputStream:75 - [STDERR_REDIRECT] [Fatal Error] :1:1: Premature end of file.
2026-09-28 22:15:04,259 [ERROR] LogOutputStream:75 - [STDERR_REDIRECT] 
2026-09-28 22:15:05,257 [ERROR] LogOutputStream:75 - [STDERR_REDIRECT] [Fatal Error] :1:1: Premature end of file.
2026-09-28 22:15:05,259 [ERROR] LogOutputStream:75 - [STDERR_REDIRECT] 
2026-09-28 22:15:06,258 [ERROR] LogOutputStream:75 - [STDERR_REDIRECT] [Fatal Error] :1:1: Premature end of file.
2026-09-28 22:15:06,258 [ERROR] LogOutputStream:75 - [STDERR_REDIRECT] 
2026-09-28 22:15:07,259 [ERROR] LogOutputStream:75 - [STDERR_REDIRECT] [Fatal Error] :1:1: Premature end of file.
2026-09-28 22:15:07,259 [ERROR] LogOutputStream:75 - [STDERR_REDIRECT] 
2026-09-28 22:15:08,257 [ERROR] LogOutputStream:75 - [STDERR_REDIRECT] [Fatal Error] :1:1: Premature end of file.
2026-09-28 22:15:08,257 [ERROR] LogOutputStream:75 - [STDERR_REDIRECT] 
2026-09-28 22:15:09,262 [ERROR] LogOutputStream:75 - [STDERR_REDIRECT] [Fatal Error] :1:1: Premature end of file.
2026-09-28 22:15:09,262 [ERROR] LogOutputStream:75 - [STDERR_REDIRECT] 
2026-09-28 22:15:10,265 [ERROR] LogOutputStream:75 - [STDERR_REDIRECT] [Fatal Error] :1:1: Premature end of file.
2026-09-28 22:15:10,265 [ERROR] LogOutputStream:75 - [STDERR_REDIRECT] 
2026-09-28 22:15:11,265 [ERROR] LogOutputStream:75 - [STDERR_REDIRECT] [Fatal Error] :1:1: Premature end of file.
2026-09-28 22:15:11,265 [ERROR] LogOutputStream:75 - [STDERR_REDIRECT] 
2026-09-28 22:15:12,259 [ERROR] LogOutputStream:75 - [STDERR_REDIRECT] [Fatal Error] :1:1: Premature end of file.
2026-09-28 22:15:12,259 [ERROR] LogOutputStream:75 - [STDERR_REDIRECT] 
2026-09-28 22:15:13,258 [ERROR] LogOutputStream:75 - [STDERR_REDIRECT] [Fatal Error] :1:1: Premature end of file.
2026-09-28 22:15:13,258 [ERROR] LogOutputStream:75 - [STDERR_REDIRECT] 
2026-09-28 22:15:14,260 [ERROR] LogOutputStream:75 - [STDERR_REDIRECT] [Fatal Error] :1:1: Premature end of file.
2026-09-28 22:15:14,260 [ERROR] LogOutputStream:75 - [STDERR_REDIRECT] 
2026-09-28 22:15:15,255 [ERROR] LogOutputStream:75 - [STDERR_REDIRECT] [Fatal Error] :1:1: Premature end of file.
2026-09-28 22:15:15,256 [ERROR] LogOutputStream:75 - [STDERR_REDIRECT] 
2026-09-28 22:15:16,257 [ERROR] LogOutputStream:75 - [STDERR_REDIRECT] [Fatal Error] :1:1: Premature end of file.
2026-09-28 22:15:16,257 [ERROR] LogOutputStream:75 - [STDERR_REDIRECT] 
2026-09-28 22:15:17,257 [ERROR] LogOutputStream:75 - [STDERR_REDIRECT] [Fatal Error] :1:1: Premature end of file.
2026-09-28 22:15:17,259 [ERROR] LogOutputStream:75 - [STDERR_REDIRECT] 
2026-09-28 22:15:18,258 [ERROR] LogOutputStream:75 - [STDERR_REDIRECT] [Fatal Error] :1:1: Premature end of file.
2026-09-28 22:15:18,258 [ERROR] LogOutputStream:75 - [STDERR_REDIRECT] 
2026-09-28 22:15:19,257 [ERROR] LogOutputStream:75 - [STDERR_REDIRECT] [Fatal Error] :1:1: Premature end of file.
2026-09-28 22:15:19,257 [ERROR] LogOutputStream:75 - [STDERR_REDIRECT] 
2026-09-28 22:15:20,261 [ERROR] LogOutputStream:75 - [STDERR_REDIRECT] [Fatal Error] :1:1: Premature end of file.
2026-09-28 22:15:20,261 [ERROR] LogOutputStream:75 - [STDERR_REDIRECT] 
2026-09-28 22:15:21,262 [ERROR] LogOutputStream:75 - [STDERR_REDIRECT] [Fatal Error] :1:1: Premature end of file.
2026-09-28 22:15:21,263 [ERROR] LogOutputStream:75 - [STDERR_REDIRECT] 
2026-09-28 22:15:22,263 [ERROR] LogOutputStream:75 - [STDERR_REDIRECT] [Fatal Error] :1:1: Premature end of file.
2026-09-28 22:15:22,263 [ERROR] LogOutputStream:75 - [STDERR_REDIRECT] 
2026-09-28 22:15:23,269 [ERROR] LogOutputStream:75 - [STDERR_REDIRECT] [Fatal Error] :1:1: Premature end of file.
2026-09-28 22:15:23,269 [ERROR] LogOutputStream:75 - [STDERR_REDIRECT] 
2026-09-28 22:15:24,260 [ERROR] LogOutputStream:75 - [STDERR_REDIRECT] [Fatal Error] :1:1: Premature end of file.
2026-09-28 22:15:24,261 [ERROR] LogOutputStream:75 - [STDERR_REDIRECT] 
2026-09-28 22:15:25,269 [ERROR] LogOutputStream:75 - [STDERR_REDIRECT] [Fatal Error] :1:1: Premature end of file.
2026-09-28 22:15:25,272 [ERROR] LogOutputStream:75 - [STDERR_REDIRECT] 
2026-09-28 22:15:26,257 [ERROR] LogOutputStream:75 - [STDERR_REDIRECT] [Fatal Error] :1:1: Premature end of file.
2026-09-28 22:15:26,257 [ERROR] LogOutputStream:75 - [STDERR_REDIRECT] 
2026-09-28 22:15:27,257 [ERROR] LogOutputStream:75 - [STDERR_REDIRECT] [Fatal Error] :1:1: Premature end of file.
2026-09-28 22:15:27,258 [ERROR] LogOutputStream:75 - [STDERR_REDIRECT] 
2026-09-28 22:15:28,258 [ERROR] LogOutputStream:75 - [STDERR_REDIRECT] [Fatal Error] :1:1: Premature end of file.
2026-09-28 22:15:28,258 [ERROR] LogOutputStream:75 - [STDERR_REDIRECT] 
2026-09-28 22:15:29,260 [ERROR] LogOutputStream:75 - [STDERR_REDIRECT] [Fatal Error] :1:1: Premature end of file.
2026-09-28 22:15:29,260 [ERROR] LogOutputStream:75 - [STDERR_REDIRECT] 
2026-09-28 22:15:30,289 [ERROR] LogOutputStream:75 - [STDERR_REDIRECT] [Fatal Error] :1:1: Premature end of file.
2026-09-28 22:15:30,289 [ERROR] LogOutputStream:75 - [STDERR_REDIRECT] 
2026-09-28 22:15:31,264 [ERROR] LogOutputStream:75 - [STDERR_REDIRECT] [Fatal Error] :1:1: Premature end of file.
2026-09-28 22:15:31,264 [ERROR] LogOutputStream:75 - [STDERR_REDIRECT] 
2026-09-28 22:15:32,264 [ERROR] LogOutputStream:75 - [STDERR_REDIRECT] [Fatal Error] :1:1: Premature end of file.
2026-09-28 22:15:32,264 [ERROR] LogOutputStream:75 - [STDERR_REDIRECT] 
2026-09-28 22:15:33,263 [ERROR] LogOutputStream:75 - [STDERR_REDIRECT] [Fatal Error] :1:1: Premature end of file.
2026-09-28 22:15:33,263 [ERROR] LogOutputStream:75 - [STDERR_REDIRECT] 
2026-09-28 22:15:34,260 [ERROR] LogOutputStream:75 - [STDERR_REDIRECT] [Fatal Error] :1:1: Premature end of file.
2026-09-28 22:15:34,260 [ERROR] LogOutputStream:75 - [STDERR_REDIRECT] 
2026-09-28 22:15:35,262 [ERROR] LogOutputStream:75 - [STDERR_REDIRECT] [Fatal Error] :1:1: Premature end of file.
2026-09-28 22:15:35,262 [ERROR] LogOutputStream:75 - [STDERR_REDIRECT] 
2026-09-28 22:15:36,256 [ERROR] LogOutputStream:75 - [STDERR_REDIRECT] [Fatal Error] :1:1: Premature end of file.
2026-09-28 22:15:36,256 [ERROR] LogOutputStream:75 - [STDERR_REDIRECT] 
2026-09-28 22:15:37,258 [ERROR] LogOutputStream:75 - [STDERR_REDIRECT] [Fatal Error] :1:1: Premature end of file.
2026-09-28 22:15:37,258 [ERROR] LogOutputStream:75 - [STDERR_REDIRECT] 
2026-09-28 22:15:38,259 [ERROR] LogOutputStream:75 - [STDERR_REDIRECT] [Fatal Error] :1:1: Premature end of file.
2026-09-28 22:15:38,259 [ERROR] LogOutputStream:75 - [STDERR_REDIRECT] 
2026-09-28 22:15:39,259 [ERROR] LogOutputStream:75 - [STDERR_REDIRECT] [Fatal Error] :1:1: Premature end of file.
2026-09-28 22:15:39,259 [ERROR] LogOutputStream:75 - [STDERR_REDIRECT] 
2026-09-28 22:15:40,264 [ERROR] LogOutputStream:75 - [STDERR_REDIRECT] [Fatal Error] :1:1: Premature end of file.
2026-09-28 22:15:40,264 [ERROR] LogOutputStream:75 - [STDERR_REDIRECT] 
2026-09-28 22:15:41,264 [ERROR] LogOutputStream:75 - [STDERR_REDIRECT] [Fatal Error] :1:1: Premature end of file.
2026-09-28 22:15:41,264 [ERROR] LogOutputStream:75 - [STDERR_REDIRECT] 
2026-09-28 22:15:42,257 [ERROR] LogOutputStream:75 - [STDERR_REDIRECT] [Fatal Error] :1:1: Premature end of file.
2026-09-28 22:15:42,257 [ERROR] LogOutputStream:75 - [STDERR_REDIRECT] 
2026-09-28 22:15:43,268 [ERROR] LogOutputStream:75 - [STDERR_REDIRECT] [Fatal Error] :1:1: Premature end of file.
2026-09-28 22:15:43,268 [ERROR] LogOutputStream:75 - [STDERR_REDIRECT] 
2026-09-28 22:15:44,265 [ERROR] LogOutputStream:75 - [STDERR_REDIRECT] [Fatal Error] :1:1: Premature end of file.
2026-09-28 22:15:44,265 [ERROR] LogOutputStream:75 - [STDERR_REDIRECT] 
2026-09-28 22:15:45,266 [ERROR] LogOutputStream:75 - [STDERR_REDIRECT] [Fatal Error] :1:1: Premature end of file.
2026-09-28 22:15:45,268 [ERROR] LogOutputStream:75 - [STDERR_REDIRECT] 
2026-09-28 22:15:46,255 [ERROR] LogOutputStream:75 - [STDERR_REDIRECT] [Fatal Error] :1:1: Premature end of file.
2026-09-28 22:15:46,255 [ERROR] LogOutputStream:75 - [STDERR_REDIRECT] 
2026-09-28 22:15:47,261 [ERROR] LogOutputStream:75 - [STDERR_REDIRECT] [Fatal Error] :1:1: Premature end of file.
2026-09-28 22:15:47,263 [ERROR] LogOutputStream:75 - [STDERR_REDIRECT] 
2026-09-28 22:15:48,263 [ERROR] LogOutputStream:75 - [STDERR_REDIRECT] [Fatal Error] :1:1: Premature end of file.
2026-09-28 22:15:48,263 [ERROR] LogOutputStream:75 - [STDERR_REDIRECT] 
2026-09-28 22:15:49,262 [ERROR] LogOutputStream:75 - [STDERR_REDIRECT] [Fatal Error] :1:1: Premature end of file.
2026-09-28 22:15:49,262 [ERROR] LogOutputStream:75 - [STDERR_REDIRECT] 
2026-09-28 22:15:50,261 [ERROR] LogOutputStream:75 - [STDERR_REDIRECT] [Fatal Error] :1:1: Premature end of file.
2026-09-28 22:15:50,261 [ERROR] LogOutputStream:75 - [STDERR_REDIRECT] 
2026-09-28 22:15:51,261 [ERROR] LogOutputStream:75 - [STDERR_REDIRECT] [Fatal Error] :1:1: Premature end of file.
2026-09-28 22:15:51,261 [ERROR] LogOutputStream:75 - [STDERR_REDIRECT] 
2026-09-28 22:15:52,261 [ERROR] LogOutputStream:75 - [STDERR_REDIRECT] [Fatal Error] :1:1: Premature end of file.
2026-09-28 22:15:52,261 [ERROR] LogOutputStream:75 - [STDERR_REDIRECT] 
2026-09-28 22:15:53,261 [ERROR] LogOutputStream:75 - [STDERR_REDIRECT] [Fatal Error] :1:1: Premature end of file.
2026-09-28 22:15:53,261 [ERROR] LogOutputStream:75 - [STDERR_REDIRECT] 
2026-09-28 22:15:54,265 [ERROR] LogOutputStream:75 - [STDERR_REDIRECT] [Fatal Error] :1:1: Premature end of file.
2026-09-28 22:15:54,265 [ERROR] LogOutputStream:75 - [STDERR_REDIRECT] 
2026-09-28 22:15:55,261 [ERROR] LogOutputStream:75 - [STDERR_REDIRECT] [Fatal Error] :1:1: Premature end of file.
2026-09-28 22:15:55,261 [ERROR] LogOutputStream:75 - [STDERR_REDIRECT] 
2026-09-28 22:15:56,263 [ERROR] LogOutputStream:75 - [STDERR_REDIRECT] [Fatal Error] :1:1: Premature end of file.
2026-09-28 22:15:56,263 [ERROR] LogOutputStream:75 - [STDERR_REDIRECT] 
2026-09-28 22:15:57,257 [ERROR] LogOutputStream:75 - [STDERR_REDIRECT] [Fatal Error] :1:1: Premature end of file.
2026-09-28 22:15:57,259 [ERROR] LogOutputStream:75 - [STDERR_REDIRECT] 
2026-09-28 22:15:58,263 [ERROR] LogOutputStream:75 - [STDERR_REDIRECT] [Fatal Error] :1:1: Premature end of file.
2026-09-28 22:15:58,264 [ERROR] LogOutputStream:75 - [STDERR_REDIRECT] 
2026-09-28 22:15:59,261 [ERROR] LogOutputStream:75 - [STDERR_REDIRECT] [Fatal Error] :1:1: Premature end of file.
2026-09-28 22:15:59,261 [ERROR] LogOutputStream:75 - [STDERR_REDIRECT] 
2026-09-28 22:16:00,258 [ERROR] LogOutputStream:75 - [STDERR_REDIRECT] [Fatal Error] :1:1: Premature end of file.
2026-09-28 22:16:00,258 [ERROR] LogOutputStream:75 - [STDERR_REDIRECT] 
2026-09-28 22:16:01,261 [ERROR] LogOutputStream:75 - [STDERR_REDIRECT] [Fatal Error] :1:1: Premature end of file.
2026-09-28 22:16:01,261 [ERROR] LogOutputStream:75 - [STDERR_REDIRECT] 
2026-09-28 22:16:02,263 [ERROR] LogOutputStream:75 - [STDERR_REDIRECT] [Fatal Error] :1:1: Premature end of file.
2026-09-28 22:16:02,263 [ERROR] LogOutputStream:75 - [STDERR_REDIRECT] 
2026-09-28 22:16:03,259 [ERROR] LogOutputStream:75 - [STDERR_REDIRECT] [Fatal Error] :1:1: Premature end of file.
2026-09-28 22:16:03,261 [ERROR] LogOutputStream:75 - [STDERR_REDIRECT] 
2026-09-28 22:16:04,264 [ERROR] LogOutputStream:75 - [STDERR_REDIRECT] [Fatal Error] :1:1: Premature end of file.
2026-09-28 22:16:04,264 [ERROR] LogOutputStream:75 - [STDERR_REDIRECT] 
2026-09-28 22:16:05,260 [ERROR] LogOutputStream:75 - [STDERR_REDIRECT] [Fatal Error] :1:1: Premature end of file.
2026-09-28 22:16:05,260 [ERROR] LogOutputStream:75 - [STDERR_REDIRECT] 
2026-09-28 22:16:06,265 [ERROR] LogOutputStream:75 - [STDERR_REDIRECT] [Fatal Error] :1:1: Premature end of file.
2026-09-28 22:16:06,265 [ERROR] LogOutputStream:75 - [STDERR_REDIRECT] 
2026-09-28 22:16:07,258 [ERROR] LogOutputStream:75 - [STDERR_REDIRECT] [Fatal Error] :1:1: Premature end of file.
2026-09-28 22:16:07,258 [ERROR] LogOutputStream:75 - [STDERR_REDIRECT] 
2026-09-28 22:16:08,265 [ERROR] LogOutputStream:75 - [STDERR_REDIRECT] [Fatal Error] :1:1: Premature end of file.
2026-09-28 22:16:08,265 [ERROR] LogOutputStream:75 - [STDERR_REDIRECT] 
2026-09-28 22:16:09,262 [ERROR] LogOutputStream:75 - [STDERR_REDIRECT] [Fatal Error] :1:1: Premature end of file.
2026-09-28 22:16:09,262 [ERROR] LogOutputStream:75 - [STDERR_REDIRECT] 
2026-09-28 22:16:10,256 [ERROR] LogOutputStream:75 - [STDERR_REDIRECT] [Fatal Error] :1:1: Premature end of file.
2026-09-28 22:16:10,256 [ERROR] LogOutputStream:75 - [STDERR_REDIRECT] 
2026-09-28 22:16:11,261 [ERROR] LogOutputStream:75 - [STDERR_REDIRECT] [Fatal Error] :1:1: Premature end of file.
2026-09-28 22:16:11,261 [ERROR] LogOutputStream:75 - [STDERR_REDIRECT] 
2026-09-28 22:16:12,256 [ERROR] LogOutputStream:75 - [STDERR_REDIRECT] [Fatal Error] :1:1: Premature end of file.
2026-09-28 22:16:12,258 [ERROR] LogOutputStream:75 - [STDERR_REDIRECT] 
2026-09-28 22:16:13,260 [ERROR] LogOutputStream:75 - [STDERR_REDIRECT] [Fatal Error] :1:1: Premature end of file.
2026-09-28 22:16:13,260 [ERROR] LogOutputStream:75 - [STDERR_REDIRECT] 
2026-09-28 22:16:14,261 [ERROR] LogOutputStream:75 - [STDERR_REDIRECT] [Fatal Error] :1:1: Premature end of file.
2026-09-28 22:16:14,261 [ERROR] LogOutputStream:75 - [STDERR_REDIRECT] 
2026-09-28 22:16:15,256 [ERROR] LogOutputStream:75 - [STDERR_REDIRECT] [Fatal Error] :1:1: Premature end of file.
2026-09-28 22:16:15,256 [ERROR] LogOutputStream:75 - [STDERR_REDIRECT] 
2026-09-28 22:16:16,264 [ERROR] LogOutputStream:75 - [STDERR_REDIRECT] [Fatal Error] :1:1: Premature end of file.
2026-09-28 22:16:16,264 [ERROR] LogOutputStream:75 - [STDERR_REDIRECT] 
2026-09-28 22:16:17,257 [ERROR] LogOutputStream:75 - [STDERR_REDIRECT] [Fatal Error] :1:1: Premature end of file.
2026-09-28 22:16:17,257 [ERROR] LogOutputStream:75 - [STDERR_REDIRECT] 
2026-09-28 22:16:18,268 [ERROR] LogOutputStream:75 - [STDERR_REDIRECT] [Fatal Error] :1:1: Premature end of file.
2026-09-28 22:16:18,268 [ERROR] LogOutputStream:75 - [STDERR_REDIRECT] 
2026-09-28 22:16:19,268 [ERROR] LogOutputStream:75 - [STDERR_REDIRECT] [Fatal Error] :1:1: Premature end of file.
2026-09-28 22:16:19,268 [ERROR] LogOutputStream:75 - [STDERR_REDIRECT] 
2026-09-28 22:16:20,261 [ERROR] LogOutputStream:75 - [STDERR_REDIRECT] [Fatal Error] :1:1: Premature end of file.
2026-09-28 22:16:20,261 [ERROR] LogOutputStream:75 - [STDERR_REDIRECT] 
2026-09-28 22:16:21,263 [ERROR] LogOutputStream:75 - [STDERR_REDIRECT] [Fatal Error] :1:1: Premature end of file.
2026-09-28 22:16:21,263 [ERROR] LogOutputStream:75 - [STDERR_REDIRECT] 
2026-09-28 22:16:22,258 [ERROR] LogOutputStream:75 - [STDERR_REDIRECT] [Fatal Error] :1:1: Premature end of file.
2026-09-28 22:16:22,259 [ERROR] LogOutputStream:75 - [STDERR_REDIRECT] 
2026-09-28 22:16:23,271 [ERROR] LogOutputStream:75 - [STDERR_REDIRECT] [Fatal Error] :1:1: Premature end of file.
2026-09-28 22:16:23,271 [ERROR] LogOutputStream:75 - [STDERR_REDIRECT] 
2026-09-28 22:16:24,262 [ERROR] LogOutputStream:75 - [STDERR_REDIRECT] [Fatal Error] :1:1: Premature end of file.
2026-09-28 22:16:24,262 [ERROR] LogOutputStream:75 - [STDERR_REDIRECT] 
2026-09-28 22:16:25,267 [ERROR] LogOutputStream:75 - [STDERR_REDIRECT] [Fatal Error] :1:1: Premature end of file.
2026-09-28 22:16:25,267 [ERROR] LogOutputStream:75 - [STDERR_REDIRECT] 
2026-09-28 22:16:26,262 [ERROR] LogOutputStream:75 - [STDERR_REDIRECT] [Fatal Error] :1:1: Premature end of file.
2026-09-28 22:16:26,262 [ERROR] LogOutputStream:75 - [STDERR_REDIRECT] 
2026-09-28 22:16:27,267 [ERROR] LogOutputStream:75 - [STDERR_REDIRECT] [Fatal Error] :1:1: Premature end of file.
2026-09-28 22:16:27,267 [ERROR] LogOutputStream:75 - [STDERR_REDIRECT] 
2026-09-28 22:16:28,265 [ERROR] LogOutputStream:75 - [STDERR_REDIRECT] [Fatal Error] :1:1: Premature end of file.
2026-09-28 22:16:28,265 [ERROR] LogOutputStream:75 - [STDERR_REDIRECT] 
2026-09-28 22:16:29,259 [ERROR] LogOutputStream:75 - [STDERR_REDIRECT] [Fatal Error] :1:1: Premature end of file.
2026-09-28 22:16:29,259 [ERROR] LogOutputStream:75 - [STDERR_REDIRECT] 
2026-09-28 22:16:30,263 [ERROR] LogOutputStream:75 - [STDERR_REDIRECT] [Fatal Error] :1:1: Premature end of file.
2026-09-28 22:16:30,263 [ERROR] LogOutputStream:75 - [STDERR_REDIRECT] 
2026-09-28 22:16:31,259 [ERROR] LogOutputStream:75 - [STDERR_REDIRECT] [Fatal Error] :1:1: Premature end of file.
2026-09-28 22:16:31,262 [ERROR] LogOutputStream:75 - [STDERR_REDIRECT] 
2026-09-28 22:16:32,258 [ERROR] LogOutputStream:75 - [STDERR_REDIRECT] [Fatal Error] :1:1: Premature end of file.
2026-09-28 22:16:32,259 [ERROR] LogOutputStream:75 - [STDERR_REDIRECT] 
2026-09-28 22:16:33,257 [ERROR] LogOutputStream:75 - [STDERR_REDIRECT] [Fatal Error] :1:1: Premature end of file.
2026-09-28 22:16:33,257 [ERROR] LogOutputStream:75 - [STDERR_REDIRECT] 
2026-09-28 22:16:34,259 [ERROR] LogOutputStream:75 - [STDERR_REDIRECT] [Fatal Error] :1:1: Premature end of file.
2026-09-28 22:16:34,259 [ERROR] LogOutputStream:75 - [STDERR_REDIRECT] 
2026-09-28 22:16:35,261 [ERROR] LogOutputStream:75 - [STDERR_REDIRECT] [Fatal Error] :1:1: Premature end of file.
2026-09-28 22:16:35,261 [ERROR] LogOutputStream:75 - [STDERR_REDIRECT] 
2026-09-28 22:16:36,260 [ERROR] LogOutputStream:75 - [STDERR_REDIRECT] [Fatal Error] :1:1: Premature end of file.
2026-09-28 22:16:36,260 [ERROR] LogOutputStream:75 - [STDERR_REDIRECT] 
2026-09-28 22:16:37,258 [ERROR] LogOutputStream:75 - [STDERR_REDIRECT] [Fatal Error] :1:1: Premature end of file.
2026-09-28 22:16:37,259 [ERROR] LogOutputStream:75 - [STDERR_REDIRECT] 
2026-09-28 22:16:38,260 [ERROR] LogOutputStream:75 - [STDERR_REDIRECT] [Fatal Error] :1:1: Premature end of file.
2026-09-28 22:16:38,260 [ERROR] LogOutputStream:75 - [STDERR_REDIRECT] 
2026-09-28 22:16:39,260 [ERROR] LogOutputStream:75 - [STDERR_REDIRECT] [Fatal Error] :1:1: Premature end of file.
2026-09-28 22:16:39,260 [ERROR] LogOutputStream:75 - [STDERR_REDIRECT] 
2026-09-28 22:16:40,256 [ERROR] LogOutputStream:75 - [STDERR_REDIRECT] [Fatal Error] :1:1: Premature end of file.
2026-09-28 22:16:40,256 [ERROR] LogOutputStream:75 - [STDERR_REDIRECT] 
2026-09-28 22:16:41,260 [ERROR] LogOutputStream:75 - [STDERR_REDIRECT] [Fatal Error] :1:1: Premature end of file.
2026-09-28 22:16:41,260 [ERROR] LogOutputStream:75 - [STDERR_REDIRECT] 
2026-09-28 22:16:42,262 [ERROR] LogOutputStream:75 - [STDERR_REDIRECT] [Fatal Error] :1:1: Premature end of file.
2026-09-28 22:16:42,262 [ERROR] LogOutputStream:75 - [STDERR_REDIRECT] 
2026-09-28 22:16:43,260 [ERROR] LogOutputStream:75 - [STDERR_REDIRECT] [Fatal Error] :1:1: Premature end of file.
2026-09-28 22:16:43,260 [ERROR] LogOutputStream:75 - [STDERR_REDIRECT] 
2026-09-28 22:16:44,259 [ERROR] LogOutputStream:75 - [STDERR_REDIRECT] [Fatal Error] :1:1: Premature end of file.
2026-09-28 22:16:44,259 [ERROR] LogOutputStream:75 - [STDERR_REDIRECT] 
2026-09-28 22:16:45,262 [ERROR] LogOutputStream:75 - [STDERR_REDIRECT] [Fatal Error] :1:1: Premature end of file.
2026-09-28 22:16:45,262 [ERROR] LogOutputStream:75 - [STDERR_REDIRECT] 
2026-09-28 22:16:46,259 [ERROR] LogOutputStream:75 - [STDERR_REDIRECT] [Fatal Error] :1:1: Premature end of file.
2026-09-28 22:16:46,259 [ERROR] LogOutputStream:75 - [STDERR_REDIRECT] 
2026-09-28 22:16:47,262 [ERROR] LogOutputStream:75 - [STDERR_REDIRECT] [Fatal Error] :1:1: Premature end of file.
2026-09-28 22:16:47,262 [ERROR] LogOutputStream:75 - [STDERR_REDIRECT] 
2026-09-28 22:16:48,259 [ERROR] LogOutputStream:75 - [STDERR_REDIRECT] [Fatal Error] :1:1: Premature end of file.
2026-09-28 22:16:48,259 [ERROR] LogOutputStream:75 - [STDERR_REDIRECT] 
2026-09-28 22:16:49,264 [ERROR] LogOutputStream:75 - [STDERR_REDIRECT] [Fatal Error] :1:1: Premature end of file.
2026-09-28 22:16:49,266 [ERROR] LogOutputStream:75 - [STDERR_REDIRECT] 
2026-09-28 22:16:50,259 [ERROR] LogOutputStream:75 - [STDERR_REDIRECT] [Fatal Error] :1:1: Premature end of file.
2026-09-28 22:16:50,259 [ERROR] LogOutputStream:75 - [STDERR_REDIRECT] 
2026-09-28 22:16:51,264 [ERROR] LogOutputStream:75 - [STDERR_REDIRECT] [Fatal Error] :1:1: Premature end of file.
2026-09-28 22:16:51,264 [ERROR] LogOutputStream:75 - [STDERR_REDIRECT] 
2026-09-28 22:16:52,270 [ERROR] LogOutputStream:75 - [STDERR_REDIRECT] [Fatal Error] :1:1: Premature end of file.
2026-09-28 22:16:52,270 [ERROR] LogOutputStream:75 - [STDERR_REDIRECT] 
2026-09-28 22:16:53,259 [ERROR] LogOutputStream:75 - [STDERR_REDIRECT] [Fatal Error] :1:1: Premature end of file.
2026-09-28 22:16:53,259 [ERROR] LogOutputStream:75 - [STDERR_REDIRECT] 
2026-09-28 22:16:54,258 [ERROR] LogOutputStream:75 - [STDERR_REDIRECT] [Fatal Error] :1:1: Premature end of file.
2026-09-28 22:16:54,258 [ERROR] LogOutputStream:75 - [STDERR_REDIRECT] 
2026-09-28 22:16:55,258 [ERROR] LogOutputStream:75 - [STDERR_REDIRECT] [Fatal Error] :1:1: Premature end of file.
2026-09-28 22:16:55,258 [ERROR] LogOutputStream:75 - [STDERR_REDIRECT] 
2026-09-28 22:16:56,260 [ERROR] LogOutputStream:75 - [STDERR_REDIRECT] [Fatal Error] :1:1: Premature end of file.
2026-09-28 22:16:56,260 [ERROR] LogOutputStream:75 - [STDERR_REDIRECT] 
2026-09-28 22:16:57,254 [ERROR] LogOutputStream:75 - [STDERR_REDIRECT] [Fatal Error] :1:1: Premature end of file.
2026-09-28 22:16:57,254 [ERROR] LogOutputStream:75 - [STDERR_REDIRECT] 
2026-09-28 22:16:58,256 [ERROR] LogOutputStream:75 - [STDERR_REDIRECT] [Fatal Error] :1:1: Premature end of file.
2026-09-28 22:16:58,256 [ERROR] LogOutputStream:75 - [STDERR_REDIRECT] 
2026-09-28 22:16:59,252 [ERROR] LogOutputStream:75 - [STDERR_REDIRECT] [Fatal Error] :1:1: Premature end of file.
2026-09-28 22:16:59,252 [ERROR] LogOutputStream:75 - [STDERR_REDIRECT] 
2026-09-28 22:17:00,251 [ERROR] LogOutputStream:75 - [STDERR_REDIRECT] [Fatal Error] :1:1: Premature end of file.
2026-09-28 22:17:00,251 [ERROR] LogOutputStream:75 - [STDERR_REDIRECT] 
2026-09-28 22:17:01,251 [ERROR] LogOutputStream:75 - [STDERR_REDIRECT] [Fatal Error] :1:1: Premature end of file.
2026-09-28 22:17:01,251 [ERROR] LogOutputStream:75 - [STDERR_REDIRECT] 
2026-09-28 22:17:02,266 [ERROR] LogOutputStream:75 - [STDERR_REDIRECT] [Fatal Error] :1:1: Premature end of file.
2026-09-28 22:17:02,266 [ERROR] LogOutputStream:75 - [STDERR_REDIRECT] 
2026-09-28 22:17:03,260 [ERROR] LogOutputStream:75 - [STDERR_REDIRECT] [Fatal Error] :1:1: Premature end of file.
2026-09-28 22:17:03,260 [ERROR] LogOutputStream:75 - [STDERR_REDIRECT] 
2026-09-28 22:17:04,263 [ERROR] LogOutputStream:75 - [STDERR_REDIRECT] [Fatal Error] :1:1: Premature end of file.
2026-09-28 22:17:04,263 [ERROR] LogOutputStream:75 - [STDERR_REDIRECT] 
2026-09-28 22:17:05,266 [ERROR] LogOutputStream:75 - [STDERR_REDIRECT] [Fatal Error] :1:1: Premature end of file.
2026-09-28 22:17:05,266 [ERROR] LogOutputStream:75 - [STDERR_REDIRECT] 
2026-09-28 22:17:06,263 [ERROR] LogOutputStream:75 - [STDERR_REDIRECT] [Fatal Error] :1:1: Premature end of file.
2026-09-28 22:17:06,263 [ERROR] LogOutputStream:75 - [STDERR_REDIRECT] 
2026-09-28 22:17:07,258 [ERROR] LogOutputStream:75 - [STDERR_REDIRECT] [Fatal Error] :1:1: Premature end of file.
2026-09-28 22:17:07,258 [ERROR] LogOutputStream:75 - [STDERR_REDIRECT] 
2026-09-28 22:17:08,266 [ERROR] LogOutputStream:75 - [STDERR_REDIRECT] [Fatal Error] :1:1: Premature end of file.
2026-09-28 22:17:08,266 [ERROR] LogOutputStream:75 - [STDERR_REDIRECT] 
2026-09-28 22:17:09,257 [ERROR] LogOutputStream:75 - [STDERR_REDIRECT] [Fatal Error] :1:1: Premature end of file.
2026-09-28 22:17:09,257 [ERROR] LogOutputStream:75 - [STDERR_REDIRECT] 
2026-09-28 22:17:10,264 [ERROR] LogOutputStream:75 - [STDERR_REDIRECT] [Fatal Error] :1:1: Premature end of file.
2026-09-28 22:17:10,264 [ERROR] LogOutputStream:75 - [STDERR_REDIRECT] 
2026-09-28 22:17:11,263 [ERROR] LogOutputStream:75 - [STDERR_REDIRECT] [Fatal Error] :1:1: Premature end of file.
2026-09-28 22:17:11,263 [ERROR] LogOutputStream:75 - [STDERR_REDIRECT] 
2026-09-28 22:17:12,265 [ERROR] LogOutputStream:75 - [STDERR_REDIRECT] [Fatal Error] :1:1: Premature end of file.
2026-09-28 22:17:12,265 [ERROR] LogOutputStream:75 - [STDERR_REDIRECT] 
2026-09-28 22:17:13,264 [ERROR] LogOutputStream:75 - [STDERR_REDIRECT] [Fatal Error] :1:1: Premature end of file.
2026-09-28 22:17:13,264 [ERROR] LogOutputStream:75 - [STDERR_REDIRECT] 
2026-09-28 22:17:14,257 [ERROR] LogOutputStream:75 - [STDERR_REDIRECT] [Fatal Error] :1:1: Premature end of file.
2026-09-28 22:17:14,257 [ERROR] LogOutputStream:75 - [STDERR_REDIRECT] 
2026-09-28 22:17:15,266 [ERROR] LogOutputStream:75 - [STDERR_REDIRECT] [Fatal Error] :1:1: Premature end of file.
2026-09-28 22:17:15,266 [ERROR] LogOutputStream:75 - [STDERR_REDIRECT] 
2026-09-28 22:17:16,262 [ERROR] LogOutputStream:75 - [STDERR_REDIRECT] [Fatal Error] :1:1: Premature end of file.
2026-09-28 22:17:16,262 [ERROR] LogOutputStream:75 - [STDERR_REDIRECT] 
2026-09-28 22:17:17,263 [ERROR] LogOutputStream:75 - [STDERR_REDIRECT] [Fatal Error] :1:1: Premature end of file.
2026-09-28 22:17:17,263 [ERROR] LogOutputStream:75 - [STDERR_REDIRECT] 
2026-09-28 22:17:18,263 [ERROR] LogOutputStream:75 - [STDERR_REDIRECT] [Fatal Error] :1:1: Premature end of file.
2026-09-28 22:17:18,263 [ERROR] LogOutputStream:75 - [STDERR_REDIRECT] 
2026-09-28 22:17:19,263 [ERROR] LogOutputStream:75 - [STDERR_REDIRECT] [Fatal Error] :1:1: Premature end of file.
2026-09-28 22:17:19,264 [ERROR] LogOutputStream:75 - [STDERR_REDIRECT] 
2026-09-28 22:17:20,263 [ERROR] LogOutputStream:75 - [STDERR_REDIRECT] [Fatal Error] :1:1: Premature end of file.
2026-09-28 22:17:20,263 [ERROR] LogOutputStream:75 - [STDERR_REDIRECT] 
2026-09-28 22:17:21,254 [ERROR] LogOutputStream:75 - [STDERR_REDIRECT] [Fatal Error] :1:1: Premature end of file.
2026-09-28 22:17:21,254 [ERROR] LogOutputStream:75 - [STDERR_REDIRECT] 
2026-09-28 22:17:22,266 [ERROR] LogOutputStream:75 - [STDERR_REDIRECT] [Fatal Error] :1:1: Premature end of file.
2026-09-28 22:17:22,266 [ERROR] LogOutputStream:75 - [STDERR_REDIRECT] 
2026-09-28 22:17:23,255 [ERROR] LogOutputStream:75 - [STDERR_REDIRECT] [Fatal Error] :1:1: Premature end of file.
2026-09-28 22:17:23,257 [ERROR] LogOutputStream:75 - [STDERR_REDIRECT] 
2026-09-28 22:17:24,257 [ERROR] LogOutputStream:75 - [STDERR_REDIRECT] [Fatal Error] :1:1: Premature end of file.
2026-09-28 22:17:24,258 [ERROR] LogOutputStream:75 - [STDERR_REDIRECT] 
2026-09-28 22:17:25,268 [ERROR] LogOutputStream:75 - [STDERR_REDIRECT] [Fatal Error] :1:1: Premature end of file.
2026-09-28 22:17:25,268 [ERROR] LogOutputStream:75 - [STDERR_REDIRECT] 
2026-09-28 22:17:26,264 [ERROR] LogOutputStream:75 - [STDERR_REDIRECT] [Fatal Error] :1:1: Premature end of file.
2026-09-28 22:17:26,264 [ERROR] LogOutputStream:75 - [STDERR_REDIRECT] 
2026-09-28 22:17:27,264 [ERROR] LogOutputStream:75 - [STDERR_REDIRECT] [Fatal Error] :1:1: Premature end of file.
2026-09-28 22:17:27,264 [ERROR] LogOutputStream:75 - [STDERR_REDIRECT] 
2026-09-28 22:17:28,263 [ERROR] LogOutputStream:75 - [STDERR_REDIRECT] [Fatal Error] :1:1: Premature end of file.
2026-09-28 22:17:28,263 [ERROR] LogOutputStream:75 - [STDERR_REDIRECT] 
2026-09-28 22:17:29,257 [ERROR] LogOutputStream:75 - [STDERR_REDIRECT] [Fatal Error] :1:1: Premature end of file.
2026-09-28 22:17:29,257 [ERROR] LogOutputStream:75 - [STDERR_REDIRECT] 
2026-09-28 22:17:30,264 [ERROR] LogOutputStream:75 - [STDERR_REDIRECT] [Fatal Error] :1:1: Premature end of file.
2026-09-28 22:17:30,264 [ERROR] LogOutputStream:75 - [STDERR_REDIRECT] 
2026-09-28 22:17:31,263 [ERROR] LogOutputStream:75 - [STDERR_REDIRECT] [Fatal Error] :1:1: Premature end of file.
2026-09-28 22:17:31,263 [ERROR] LogOutputStream:75 - [STDERR_REDIRECT] 
2026-09-28 22:17:32,264 [ERROR] LogOutputStream:75 - [STDERR_REDIRECT] [Fatal Error] :1:1: Premature end of file.
2026-09-28 22:17:32,264 [ERROR] LogOutputStream:75 - [STDERR_REDIRECT] 
2026-09-28 22:17:33,259 [ERROR] LogOutputStream:75 - [STDERR_REDIRECT] [Fatal Error] :1:1: Premature end of file.
2026-09-28 22:17:33,261 [ERROR] LogOutputStream:75 - [STDERR_REDIRECT] 
2026-09-28 22:17:34,258 [ERROR] LogOutputStream:75 - [STDERR_REDIRECT] [Fatal Error] :1:1: Premature end of file.
2026-09-28 22:17:34,259 [ERROR] LogOutputStream:75 - [STDERR_REDIRECT] 
2026-09-28 22:17:35,264 [ERROR] LogOutputStream:75 - [STDERR_REDIRECT] [Fatal Error] :1:1: Premature end of file.
2026-09-28 22:17:35,264 [ERROR] LogOutputStream:75 - [STDERR_REDIRECT] 
2026-09-28 22:17:36,258 [ERROR] LogOutputStream:75 - [STDERR_REDIRECT] [Fatal Error] :1:1: Premature end of file.
2026-09-28 22:17:36,258 [ERROR] LogOutputStream:75 - [STDERR_REDIRECT] 
2026-09-28 22:17:37,259 [ERROR] LogOutputStream:75 - [STDERR_REDIRECT] [Fatal Error] :1:1: Premature end of file.
2026-09-28 22:17:37,260 [ERROR] LogOutputStream:75 - [STDERR_REDIRECT] 
2026-09-28 22:17:38,260 [ERROR] LogOutputStream:75 - [STDERR_REDIRECT] [Fatal Error] :1:1: Premature end of file.
2026-09-28 22:17:38,260 [ERROR] LogOutputStream:75 - [STDERR_REDIRECT] 
2026-09-28 22:17:39,260 [ERROR] LogOutputStream:75 - [STDERR_REDIRECT] [Fatal Error] :1:1: Premature end of file.
2026-09-28 22:17:39,260 [ERROR] LogOutputStream:75 - [STDERR_REDIRECT] 
2026-09-28 22:17:40,259 [ERROR] LogOutputStream:75 - [STDERR_REDIRECT] [Fatal Error] :1:1: Premature end of file.
2026-09-28 22:17:40,259 [ERROR] LogOutputStream:75 - [STDERR_REDIRECT] 
2026-09-28 22:17:41,259 [ERROR] LogOutputStream:75 - [STDERR_REDIRECT] [Fatal Error] :1:1: Premature end of file.
2026-09-28 22:17:41,259 [ERROR] LogOutputStream:75 - [STDERR_REDIRECT] 
2026-09-28 22:17:42,267 [ERROR] LogOutputStream:75 - [STDERR_REDIRECT] [Fatal Error] :1:1: Premature end of file.
2026-09-28 22:17:42,267 [ERROR] LogOutputStream:75 - [STDERR_REDIRECT] 
2026-09-28 22:17:43,259 [ERROR] LogOutputStream:75 - [STDERR_REDIRECT] [Fatal Error] :1:1: Premature end of file.
2026-09-28 22:17:43,259 [ERROR] LogOutputStream:75 - [STDERR_REDIRECT] 
2026-09-28 22:17:44,261 [ERROR] LogOutputStream:75 - [STDERR_REDIRECT] [Fatal Error] :1:1: Premature end of file.
2026-09-28 22:17:44,261 [ERROR] LogOutputStream:75 - [STDERR_REDIRECT] 
2026-09-28 22:17:45,268 [ERROR] LogOutputStream:75 - [STDERR_REDIRECT] [Fatal Error] :1:1: Premature end of file.
2026-09-28 22:17:45,268 [ERROR] LogOutputStream:75 - [STDERR_REDIRECT] 
2026-09-28 22:17:46,262 [ERROR] LogOutputStream:75 - [STDERR_REDIRECT] [Fatal Error] :1:1: Premature end of file.
2026-09-28 22:17:46,262 [ERROR] LogOutputStream:75 - [STDERR_REDIRECT] 
2026-09-28 22:17:47,262 [ERROR] LogOutputStream:75 - [STDERR_REDIRECT] [Fatal Error] :1:1: Premature end of file.
2026-09-28 22:17:47,262 [ERROR] LogOutputStream:75 - [STDERR_REDIRECT] 
2026-09-28 22:17:48,262 [ERROR] LogOutputStream:75 - [STDERR_REDIRECT] [Fatal Error] :1:1: Premature end of file.
2026-09-28 22:17:48,262 [ERROR] LogOutputStream:75 - [STDERR_REDIRECT] 
2026-09-28 22:17:49,259 [ERROR] LogOutputStream:75 - [STDERR_REDIRECT] [Fatal Error] :1:1: Premature end of file.
2026-09-28 22:17:49,259 [ERROR] LogOutputStream:75 - [STDERR_REDIRECT] 
2026-09-28 22:17:50,259 [ERROR] LogOutputStream:75 - [STDERR_REDIRECT] [Fatal Error] :1:1: Premature end of file.
2026-09-28 22:17:50,259 [ERROR] LogOutputStream:75 - [STDERR_REDIRECT] 
2026-09-28 22:17:51,261 [ERROR] LogOutputStream:75 - [STDERR_REDIRECT] [Fatal Error] :1:1: Premature end of file.
2026-09-28 22:17:51,261 [ERROR] LogOutputStream:75 - [STDERR_REDIRECT] 
2026-09-28 22:17:52,253 [ERROR] LogOutputStream:75 - [STDERR_REDIRECT] [Fatal Error] :1:1: Premature end of file.
2026-09-28 22:17:52,253 [ERROR] LogOutputStream:75 - [STDERR_REDIRECT] 
2026-09-28 22:17:53,259 [ERROR] LogOutputStream:75 - [STDERR_REDIRECT] [Fatal Error] :1:1: Premature end of file.
2026-09-28 22:17:53,259 [ERROR] LogOutputStream:75 - [STDERR_REDIRECT] 
2026-09-28 22:17:54,253 [ERROR] LogOutputStream:75 - [STDERR_REDIRECT] [Fatal Error] :1:1: Premature end of file.
2026-09-28 22:17:54,253 [ERROR] LogOutputStream:75 - [STDERR_REDIRECT] 
2026-09-28 22:17:55,266 [ERROR] LogOutputStream:75 - [STDERR_REDIRECT] [Fatal Error] :1:1: Premature end of file.
2026-09-28 22:17:55,266 [ERROR] LogOutputStream:75 - [STDERR_REDIRECT] 
2026-09-28 22:17:56,258 [ERROR] LogOutputStream:75 - [STDERR_REDIRECT] [Fatal Error] :1:1: Premature end of file.
2026-09-28 22:17:56,258 [ERROR] LogOutputStream:75 - [STDERR_REDIRECT] 
2026-09-28 22:17:57,262 [ERROR] LogOutputStream:75 - [STDERR_REDIRECT] [Fatal Error] :1:1: Premature end of file.
2026-09-28 22:17:57,262 [ERROR] LogOutputStream:75 - [STDERR_REDIRECT] 
2026-09-28 22:17:58,258 [ERROR] LogOutputStream:75 - [STDERR_REDIRECT] [Fatal Error] :1:1: Premature end of file.
2026-09-28 22:17:58,259 [ERROR] LogOutputStream:75 - [STDERR_REDIRECT] 
2026-09-28 22:17:59,259 [ERROR] LogOutputStream:75 - [STDERR_REDIRECT] [Fatal Error] :1:1: Premature end of file.
2026-09-28 22:17:59,259 [ERROR] LogOutputStream:75 - [STDERR_REDIRECT] 
2026-09-28 22:18:00,257 [ERROR] LogOutputStream:75 - [STDERR_REDIRECT] [Fatal Error] :1:1: Premature end of file.
2026-09-28 22:18:00,257 [ERROR] LogOutputStream:75 - [STDERR_REDIRECT] 
2026-09-28 22:18:01,257 [ERROR] LogOutputStream:75 - [STDERR_REDIRECT] [Fatal Error] :1:1: Premature end of file.
2026-09-28 22:18:01,258 [ERROR] LogOutputStream:75 - [STDERR_REDIRECT] 
2026-09-28 22:18:02,263 [ERROR] LogOutputStream:75 - [STDERR_REDIRECT] [Fatal Error] :1:1: Premature end of file.
2026-09-28 22:18:02,263 [ERROR] LogOutputStream:75 - [STDERR_REDIRECT] 
2026-09-28 22:18:03,270 [ERROR] LogOutputStream:75 - [STDERR_REDIRECT] [Fatal Error] :1:1: Premature end of file.
2026-09-28 22:18:03,270 [ERROR] LogOutputStream:75 - [STDERR_REDIRECT] 
2026-09-28 22:18:04,263 [ERROR] LogOutputStream:75 - [STDERR_REDIRECT] [Fatal Error] :1:1: Premature end of file.
2026-09-28 22:18:04,263 [ERROR] LogOutputStream:75 - [STDERR_REDIRECT] 
2026-09-28 22:18:05,260 [ERROR] LogOutputStream:75 - [STDERR_REDIRECT] [Fatal Error] :1:1: Premature end of file.
2026-09-28 22:18:05,260 [ERROR] LogOutputStream:75 - [STDERR_REDIRECT] 
2026-09-28 22:18:06,257 [ERROR] LogOutputStream:75 - [STDERR_REDIRECT] [Fatal Error] :1:1: Premature end of file.
2026-09-28 22:18:06,257 [ERROR] LogOutputStream:75 - [STDERR_REDIRECT] 
2026-09-28 22:18:07,267 [ERROR] LogOutputStream:75 - [STDERR_REDIRECT] [Fatal Error] :1:1: Premature end of file.
2026-09-28 22:18:07,267 [ERROR] LogOutputStream:75 - [STDERR_REDIRECT] 
2026-09-28 22:18:08,259 [ERROR] LogOutputStream:75 - [STDERR_REDIRECT] [Fatal Error] :1:1: Premature end of file.
2026-09-28 22:18:08,259 [ERROR] LogOutputStream:75 - [STDERR_REDIRECT] 
2026-09-28 22:18:09,262 [ERROR] LogOutputStream:75 - [STDERR_REDIRECT] [Fatal Error] :1:1: Premature end of file.
2026-09-28 22:18:09,262 [ERROR] LogOutputStream:75 - [STDERR_REDIRECT] 
2026-09-28 22:18:10,263 [ERROR] LogOutputStream:75 - [STDERR_REDIRECT] [Fatal Error] :1:1: Premature end of file.
2026-09-28 22:18:10,263 [ERROR] LogOutputStream:75 - [STDERR_REDIRECT] 
2026-09-28 22:18:11,264 [ERROR] LogOutputStream:75 - [STDERR_REDIRECT] [Fatal Error] :1:1: Premature end of file.
2026-09-28 22:18:11,264 [ERROR] LogOutputStream:75 - [STDERR_REDIRECT] 
2026-09-28 22:18:12,262 [ERROR] LogOutputStream:75 - [STDERR_REDIRECT] [Fatal Error] :1:1: Premature end of file.
2026-09-28 22:18:12,262 [ERROR] LogOutputStream:75 - [STDERR_REDIRECT] 
2026-09-28 22:18:13,259 [ERROR] LogOutputStream:75 - [STDERR_REDIRECT] [Fatal Error] :1:1: Premature end of file.
2026-09-28 22:18:13,259 [ERROR] LogOutputStream:75 - [STDERR_REDIRECT] 
2026-09-28 22:18:14,262 [ERROR] LogOutputStream:75 - [STDERR_REDIRECT] [Fatal Error] :1:1: Premature end of file.
2026-09-28 22:18:14,262 [ERROR] LogOutputStream:75 - [STDERR_REDIRECT] 
2026-09-28 22:18:15,264 [ERROR] LogOutputStream:75 - [STDERR_REDIRECT] [Fatal Error] :1:1: Premature end of file.
2026-09-28 22:18:15,264 [ERROR] LogOutputStream:75 - [STDERR_REDIRECT] 
2026-09-28 22:18:16,264 [ERROR] LogOutputStream:75 - [STDERR_REDIRECT] [Fatal Error] :1:1: Premature end of file.
2026-09-28 22:18:16,264 [ERROR] LogOutputStream:75 - [STDERR_REDIRECT] 
2026-09-28 22:18:17,252 [ERROR] LogOutputStream:75 - [STDERR_REDIRECT] [Fatal Error] :1:1: Premature end of file.
2026-09-28 22:18:17,252 [ERROR] LogOutputStream:75 - [STDERR_REDIRECT] 
2026-09-28 22:18:18,257 [ERROR] LogOutputStream:75 - [STDERR_REDIRECT] [Fatal Error] :1:1: Premature end of file.
2026-09-28 22:18:18,257 [ERROR] LogOutputStream:75 - [STDERR_REDIRECT] 
2026-09-28 22:18:19,265 [ERROR] LogOutputStream:75 - [STDERR_REDIRECT] [Fatal Error] :1:1: Premature end of file.
2026-09-28 22:18:19,265 [ERROR] LogOutputStream:75 - [STDERR_REDIRECT] 
2026-09-28 22:18:20,265 [ERROR] LogOutputStream:75 - [STDERR_REDIRECT] [Fatal Error] :1:1: Premature end of file.
2026-09-28 22:18:20,265 [ERROR] LogOutputStream:75 - [STDERR_REDIRECT] 
2026-09-28 22:18:21,265 [ERROR] LogOutputStream:75 - [STDERR_REDIRECT] [Fatal Error] :1:1: Premature end of file.
2026-09-28 22:18:21,265 [ERROR] LogOutputStream:75 - [STDERR_REDIRECT] 
2026-09-28 22:18:22,263 [ERROR] LogOutputStream:75 - [STDERR_REDIRECT] [Fatal Error] :1:1: Premature end of file.
2026-09-28 22:18:22,263 [ERROR] LogOutputStream:75 - [STDERR_REDIRECT] 
2026-09-28 22:18:23,258 [ERROR] LogOutputStream:75 - [STDERR_REDIRECT] [Fatal Error] :1:1: Premature end of file.
2026-09-28 22:18:23,258 [ERROR] LogOutputStream:75 - [STDERR_REDIRECT] 
2026-09-28 22:18:24,266 [ERROR] LogOutputStream:75 - [STDERR_REDIRECT] [Fatal Error] :1:1: Premature end of file.
2026-09-28 22:18:24,266 [ERROR] LogOutputStream:75 - [STDERR_REDIRECT] 
2026-09-28 22:18:25,265 [ERROR] LogOutputStream:75 - [STDERR_REDIRECT] [Fatal Error] :1:1: Premature end of file.
2026-09-28 22:18:25,265 [ERROR] LogOutputStream:75 - [STDERR_REDIRECT] 
2026-09-28 22:18:26,266 [ERROR] LogOutputStream:75 - [STDERR_REDIRECT] [Fatal Error] :1:1: Premature end of file.
2026-09-28 22:18:26,266 [ERROR] LogOutputStream:75 - [STDERR_REDIRECT] 
2026-09-28 22:18:27,263 [ERROR] LogOutputStream:75 - [STDERR_REDIRECT] [Fatal Error] :1:1: Premature end of file.
2026-09-28 22:18:27,263 [ERROR] LogOutputStream:75 - [STDERR_REDIRECT] 
2026-09-28 22:18:28,268 [ERROR] LogOutputStream:75 - [STDERR_REDIRECT] [Fatal Error] :1:1: Premature end of file.
2026-09-28 22:18:28,268 [ERROR] LogOutputStream:75 - [STDERR_REDIRECT] 
2026-09-28 22:18:29,262 [ERROR] LogOutputStream:75 - [STDERR_REDIRECT] [Fatal Error] :1:1: Premature end of file.
2026-09-28 22:18:29,262 [ERROR] LogOutputStream:75 - [STDERR_REDIRECT] 
2026-09-28 22:18:30,260 [ERROR] LogOutputStream:75 - [STDERR_REDIRECT] [Fatal Error] :1:1: Premature end of file.
2026-09-28 22:18:30,260 [ERROR] LogOutputStream:75 - [STDERR_REDIRECT] 
2026-09-28 22:18:31,263 [ERROR] LogOutputStream:75 - [STDERR_REDIRECT] [Fatal Error] :1:1: Premature end of file.
2026-09-28 22:18:31,263 [ERROR] LogOutputStream:75 - [STDERR_REDIRECT] 
2026-09-28 22:18:32,257 [ERROR] LogOutputStream:75 - [STDERR_REDIRECT] [Fatal Error] :1:1: Premature end of file.
2026-09-28 22:18:32,257 [ERROR] LogOutputStream:75 - [STDERR_REDIRECT] 
2026-09-28 22:18:33,256 [ERROR] LogOutputStream:75 - [STDERR_REDIRECT] [Fatal Error] :1:1: Premature end of file.
2026-09-28 22:18:33,256 [ERROR] LogOutputStream:75 - [STDERR_REDIRECT] 
2026-09-28 22:18:34,262 [ERROR] LogOutputStream:75 - [STDERR_REDIRECT] [Fatal Error] :1:1: Premature end of file.
2026-09-28 22:18:34,262 [ERROR] LogOutputStream:75 - [STDERR_REDIRECT] 
2026-09-28 22:18:35,262 [ERROR] LogOutputStream:75 - [STDERR_REDIRECT] [Fatal Error] :1:1: Premature end of file.
2026-09-28 22:18:35,262 [ERROR] LogOutputStream:75 - [STDERR_REDIRECT] 
2026-09-28 22:18:36,270 [ERROR] LogOutputStream:75 - [STDERR_REDIRECT] [Fatal Error] :1:1: Premature end of file.
2026-09-28 22:18:36,270 [ERROR] LogOutputStream:75 - [STDERR_REDIRECT] 
2026-09-28 22:18:37,259 [ERROR] LogOutputStream:75 - [STDERR_REDIRECT] [Fatal Error] :1:1: Premature end of file.
2026-09-28 22:18:37,259 [ERROR] LogOutputStream:75 - [STDERR_REDIRECT] 
2026-09-28 22:18:38,257 [ERROR] LogOutputStream:75 - [STDERR_REDIRECT] [Fatal Error] :1:1: Premature end of file.
2026-09-28 22:18:38,257 [ERROR] LogOutputStream:75 - [STDERR_REDIRECT] 
2026-09-28 22:18:39,258 [ERROR] LogOutputStream:75 - [STDERR_REDIRECT] [Fatal Error] :1:1: Premature end of file.
2026-09-28 22:18:39,258 [ERROR] LogOutputStream:75 - [STDERR_REDIRECT] 
2026-09-28 22:18:40,261 [ERROR] LogOutputStream:75 - [STDERR_REDIRECT] [Fatal Error] :1:1: Premature end of file.
2026-09-28 22:18:40,261 [ERROR] LogOutputStream:75 - [STDERR_REDIRECT] 
2026-09-28 22:18:41,265 [ERROR] LogOutputStream:75 - [STDERR_REDIRECT] [Fatal Error] :1:1: Premature end of file.
2026-09-28 22:18:41,265 [ERROR] LogOutputStream:75 - [STDERR_REDIRECT] 
2026-09-28 22:18:42,266 [ERROR] LogOutputStream:75 - [STDERR_REDIRECT] [Fatal Error] :1:1: Premature end of file.
2026-09-28 22:18:42,270 [ERROR] LogOutputStream:75 - [STDERR_REDIRECT] 
2026-09-28 22:18:43,262 [ERROR] LogOutputStream:75 - [STDERR_REDIRECT] [Fatal Error] :1:1: Premature end of file.
2026-09-28 22:18:43,262 [ERROR] LogOutputStream:75 - [STDERR_REDIRECT] 
2026-09-28 22:18:44,265 [ERROR] LogOutputStream:75 - [STDERR_REDIRECT] [Fatal Error] :1:1: Premature end of file.
2026-09-28 22:18:44,265 [ERROR] LogOutputStream:75 - [STDERR_REDIRECT] 
2026-09-28 22:18:45,260 [ERROR] LogOutputStream:75 - [STDERR_REDIRECT] [Fatal Error] :1:1: Premature end of file.
2026-09-28 22:18:45,260 [ERROR] LogOutputStream:75 - [STDERR_REDIRECT] 
2026-09-28 22:18:46,261 [ERROR] LogOutputStream:75 - [STDERR_REDIRECT] [Fatal Error] :1:1: Premature end of file.
2026-09-28 22:18:46,261 [ERROR] LogOutputStream:75 - [STDERR_REDIRECT] 
2026-09-28 22:18:47,263 [ERROR] LogOutputStream:75 - [STDERR_REDIRECT] [Fatal Error] :1:1: Premature end of file.
2026-09-28 22:18:47,263 [ERROR] LogOutputStream:75 - [STDERR_REDIRECT] 
2026-09-28 22:18:48,271 [ERROR] LogOutputStream:75 - [STDERR_REDIRECT] [Fatal Error] :1:1: Premature end of file.
2026-09-28 22:18:48,271 [ERROR] LogOutputStream:75 - [STDERR_REDIRECT] 
2026-09-28 22:18:49,253 [ERROR] LogOutputStream:75 - [STDERR_REDIRECT] [Fatal Error] :1:1: Premature end of file.
2026-09-28 22:18:49,253 [ERROR] LogOutputStream:75 - [STDERR_REDIRECT] 
2026-09-28 22:18:50,264 [ERROR] LogOutputStream:75 - [STDERR_REDIRECT] [Fatal Error] :1:1: Premature end of file.
2026-09-28 22:18:50,264 [ERROR] LogOutputStream:75 - [STDERR_REDIRECT] 
2026-09-28 22:18:51,261 [ERROR] LogOutputStream:75 - [STDERR_REDIRECT] [Fatal Error] :1:1: Premature end of file.
2026-09-28 22:18:51,261 [ERROR] LogOutputStream:75 - [STDERR_REDIRECT] 
2026-09-28 22:18:52,265 [ERROR] LogOutputStream:75 - [STDERR_REDIRECT] [Fatal Error] :1:1: Premature end of file.
2026-09-28 22:18:52,265 [ERROR] LogOutputStream:75 - [STDERR_REDIRECT] 
2026-09-28 22:18:53,269 [ERROR] LogOutputStream:75 - [STDERR_REDIRECT] [Fatal Error] :1:1: Premature end of file.
2026-09-28 22:18:53,269 [ERROR] LogOutputStream:75 - [STDERR_REDIRECT] 
2026-09-28 22:18:54,262 [ERROR] LogOutputStream:75 - [STDERR_REDIRECT] [Fatal Error] :1:1: Premature end of file.
2026-09-28 22:18:54,262 [ERROR] LogOutputStream:75 - [STDERR_REDIRECT] 
2026-09-28 22:18:55,267 [ERROR] LogOutputStream:75 - [STDERR_REDIRECT] [Fatal Error] :1:1: Premature end of file.
2026-09-28 22:18:55,267 [ERROR] LogOutputStream:75 - [STDERR_REDIRECT] 
2026-09-28 22:18:56,262 [ERROR] LogOutputStream:75 - [STDERR_REDIRECT] [Fatal Error] :1:1: Premature end of file.
2026-09-28 22:18:56,263 [ERROR] LogOutputStream:75 - [STDERR_REDIRECT] 
2026-09-28 22:18:57,270 [ERROR] LogOutputStream:75 - [STDERR_REDIRECT] [Fatal Error] :1:1: Premature end of file.
2026-09-28 22:18:57,270 [ERROR] LogOutputStream:75 - [STDERR_REDIRECT] 
2026-09-28 22:18:58,264 [ERROR] LogOutputStream:75 - [STDERR_REDIRECT] [Fatal Error] :1:1: Premature end of file.
2026-09-28 22:18:58,264 [ERROR] LogOutputStream:75 - [STDERR_REDIRECT] 
2026-09-28 22:18:59,268 [ERROR] LogOutputStream:75 - [STDERR_REDIRECT] [Fatal Error] :1:1: Premature end of file.
2026-09-28 22:18:59,268 [ERROR] LogOutputStream:75 - [STDERR_REDIRECT] 
2026-09-28 22:19:00,264 [ERROR] LogOutputStream:75 - [STDERR_REDIRECT] [Fatal Error] :1:1: Premature end of file.
2026-09-28 22:19:00,264 [ERROR] LogOutputStream:75 - [STDERR_REDIRECT] 
2026-09-28 22:19:01,263 [ERROR] LogOutputStream:75 - [STDERR_REDIRECT] [Fatal Error] :1:1: Premature end of file.
2026-09-28 22:19:01,263 [ERROR] LogOutputStream:75 - [STDERR_REDIRECT] 
2026-09-28 22:19:02,255 [ERROR] LogOutputStream:75 - [STDERR_REDIRECT] [Fatal Error] :1:1: Premature end of file.
2026-09-28 22:19:02,255 [ERROR] LogOutputStream:75 - [STDERR_REDIRECT] 
2026-09-28 22:19:03,262 [ERROR] LogOutputStream:75 - [STDERR_REDIRECT] [Fatal Error] :1:1: Premature end of file.
2026-09-28 22:19:03,262 [ERROR] LogOutputStream:75 - [STDERR_REDIRECT] 
2026-09-28 22:19:04,261 [ERROR] LogOutputStream:75 - [STDERR_REDIRECT] [Fatal Error] :1:1: Premature end of file.
2026-09-28 22:19:04,261 [ERROR] LogOutputStream:75 - [STDERR_REDIRECT] 
2026-09-28 22:19:05,255 [ERROR] LogOutputStream:75 - [STDERR_REDIRECT] [Fatal Error] :1:1: Premature end of file.
2026-09-28 22:19:05,255 [ERROR] LogOutputStream:75 - [STDERR_REDIRECT] 
2026-09-28 22:19:06,261 [ERROR] LogOutputStream:75 - [STDERR_REDIRECT] [Fatal Error] :1:1: Premature end of file.
2026-09-28 22:19:06,261 [ERROR] LogOutputStream:75 - [STDERR_REDIRECT] 
2026-09-28 22:19:07,267 [ERROR] LogOutputStream:75 - [STDERR_REDIRECT] [Fatal Error] :1:1: Premature end of file.
2026-09-28 22:19:07,267 [ERROR] LogOutputStream:75 - [STDERR_REDIRECT] 
2026-09-28 22:19:08,258 [ERROR] LogOutputStream:75 - [STDERR_REDIRECT] [Fatal Error] :1:1: Premature end of file.
2026-09-28 22:19:08,259 [ERROR] LogOutputStream:75 - [STDERR_REDIRECT] 
2026-09-28 22:19:09,261 [ERROR] LogOutputStream:75 - [STDERR_REDIRECT] [Fatal Error] :1:1: Premature end of file.
2026-09-28 22:19:09,261 [ERROR] LogOutputStream:75 - [STDERR_REDIRECT] 
2026-09-28 22:19:10,257 [ERROR] LogOutputStream:75 - [STDERR_REDIRECT] [Fatal Error] :1:1: Premature end of file.
2026-09-28 22:19:10,257 [ERROR] LogOutputStream:75 - [STDERR_REDIRECT] 
2026-09-28 22:19:11,257 [ERROR] LogOutputStream:75 - [STDERR_REDIRECT] [Fatal Error] :1:1: Premature end of file.
2026-09-28 22:19:11,257 [ERROR] LogOutputStream:75 - [STDERR_REDIRECT] 
2026-09-28 22:19:12,255 [ERROR] LogOutputStream:75 - [STDERR_REDIRECT] [Fatal Error] :1:1: Premature end of file.
2026-09-28 22:19:12,261 [ERROR] LogOutputStream:75 - [STDERR_REDIRECT] 
2026-09-28 22:19:13,256 [ERROR] LogOutputStream:75 - [STDERR_REDIRECT] [Fatal Error] :1:1: Premature end of file.
2026-09-28 22:19:13,258 [ERROR] LogOutputStream:75 - [STDERR_REDIRECT] 
2026-09-28 22:19:14,256 [ERROR] LogOutputStream:75 - [STDERR_REDIRECT] [Fatal Error] :1:1: Premature end of file.
2026-09-28 22:19:14,256 [ERROR] LogOutputStream:75 - [STDERR_REDIRECT] 
2026-09-28 22:19:15,256 [ERROR] LogOutputStream:75 - [STDERR_REDIRECT] [Fatal Error] :1:1: Premature end of file.
2026-09-28 22:19:15,256 [ERROR] LogOutputStream:75 - [STDERR_REDIRECT] 
2026-09-28 22:19:16,258 [ERROR] LogOutputStream:75 - [STDERR_REDIRECT] [Fatal Error] :1:1: Premature end of file.
2026-09-28 22:19:16,258 [ERROR] LogOutputStream:75 - [STDERR_REDIRECT] 
2026-09-28 22:19:17,256 [ERROR] LogOutputStream:75 - [STDERR_REDIRECT] [Fatal Error] :1:1: Premature end of file.
2026-09-28 22:19:17,256 [ERROR] LogOutputStream:75 - [STDERR_REDIRECT] 
2026-09-28 22:19:18,257 [ERROR] LogOutputStream:75 - [STDERR_REDIRECT] [Fatal Error] :1:1: Premature end of file.
2026-09-28 22:19:18,257 [ERROR] LogOutputStream:75 - [STDERR_REDIRECT] 
2026-09-28 22:19:19,259 [ERROR] LogOutputStream:75 - [STDERR_REDIRECT] [Fatal Error] :1:1: Premature end of file.
2026-09-28 22:19:19,259 [ERROR] LogOutputStream:75 - [STDERR_REDIRECT] 
2026-09-28 22:19:20,257 [ERROR] LogOutputStream:75 - [STDERR_REDIRECT] [Fatal Error] :1:1: Premature end of file.
2026-09-28 22:19:20,257 [ERROR] LogOutputStream:75 - [STDERR_REDIRECT] 
2026-09-28 22:19:21,259 [ERROR] LogOutputStream:75 - [STDERR_REDIRECT] [Fatal Error] :1:1: Premature end of file.
2026-09-28 22:19:21,259 [ERROR] LogOutputStream:75 - [STDERR_REDIRECT] 
2026-09-28 22:19:22,256 [ERROR] LogOutputStream:75 - [STDERR_REDIRECT] [Fatal Error] :1:1: Premature end of file.
2026-09-28 22:19:22,256 [ERROR] LogOutputStream:75 - [STDERR_REDIRECT] 
2026-09-28 22:19:23,256 [ERROR] LogOutputStream:75 - [STDERR_REDIRECT] [Fatal Error] :1:1: Premature end of file.
2026-09-28 22:19:23,256 [ERROR] LogOutputStream:75 - [STDERR_REDIRECT] 
2026-09-28 22:19:24,259 [ERROR] LogOutputStream:75 - [STDERR_REDIRECT] [Fatal Error] :1:1: Premature end of file.
2026-09-28 22:19:24,259 [ERROR] LogOutputStream:75 - [STDERR_REDIRECT] 
2026-09-28 22:19:25,255 [ERROR] LogOutputStream:75 - [STDERR_REDIRECT] [Fatal Error] :1:1: Premature end of file.
2026-09-28 22:19:25,255 [ERROR] LogOutputStream:75 - [STDERR_REDIRECT] 
2026-09-28 22:19:26,260 [ERROR] LogOutputStream:75 - [STDERR_REDIRECT] [Fatal Error] :1:1: Premature end of file.
2026-09-28 22:19:26,260 [ERROR] LogOutputStream:75 - [STDERR_REDIRECT] 
2026-09-28 22:19:27,263 [ERROR] LogOutputStream:75 - [STDERR_REDIRECT] [Fatal Error] :1:1: Premature end of file.
2026-09-28 22:19:27,263 [ERROR] LogOutputStream:75 - [STDERR_REDIRECT] 
2026-09-28 22:19:28,262 [ERROR] LogOutputStream:75 - [STDERR_REDIRECT] [Fatal Error] :1:1: Premature end of file.
2026-09-28 22:19:28,262 [ERROR] LogOutputStream:75 - [STDERR_REDIRECT] 
2026-09-28 22:19:29,265 [ERROR] LogOutputStream:75 - [STDERR_REDIRECT] [Fatal Error] :1:1: Premature end of file.
2026-09-28 22:19:29,265 [ERROR] LogOutputStream:75 - [STDERR_REDIRECT] 
2026-09-28 22:19:30,259 [ERROR] LogOutputStream:75 - [STDERR_REDIRECT] [Fatal Error] :1:1: Premature end of file.
2026-09-28 22:19:30,259 [ERROR] LogOutputStream:75 - [STDERR_REDIRECT] 
2026-09-28 22:19:31,259 [ERROR] LogOutputStream:75 - [STDERR_REDIRECT] [Fatal Error] :1:1: Premature end of file.
2026-09-28 22:19:31,259 [ERROR] LogOutputStream:75 - [STDERR_REDIRECT] 
2026-09-28 22:19:32,260 [ERROR] LogOutputStream:75 - [STDERR_REDIRECT] [Fatal Error] :1:1: Premature end of file.
2026-09-28 22:19:32,260 [ERROR] LogOutputStream:75 - [STDERR_REDIRECT] 
2026-09-28 22:19:33,270 [ERROR] LogOutputStream:75 - [STDERR_REDIRECT] [Fatal Error] :1:1: Premature end of file.
2026-09-28 22:19:33,270 [ERROR] LogOutputStream:75 - [STDERR_REDIRECT] 
2026-09-28 22:19:34,252 [ERROR] LogOutputStream:75 - [STDERR_REDIRECT] [Fatal Error] :1:1: Premature end of file.
2026-09-28 22:19:34,252 [ERROR] LogOutputStream:75 - [STDERR_REDIRECT] 
2026-09-28 22:19:35,242 [ERROR] LogOutputStream:75 - [STDERR_REDIRECT] [Fatal Error] :1:1: Premature end of file.
2026-09-28 22:19:35,242 [ERROR] LogOutputStream:75 - [STDERR_REDIRECT] 
2026-09-28 22:19:36,243 [ERROR] LogOutputStream:75 - [STDERR_REDIRECT] [Fatal Error] :1:1: Premature end of file.
2026-09-28 22:19:36,243 [ERROR] LogOutputStream:75 - [STDERR_REDIRECT] 
2026-09-28 22:19:37,258 [ERROR] LogOutputStream:75 - [STDERR_REDIRECT] [Fatal Error] :1:1: Premature end of file.
2026-09-28 22:19:37,258 [ERROR] LogOutputStream:75 - [STDERR_REDIRECT] 
2026-09-28 22:19:38,263 [ERROR] LogOutputStream:75 - [STDERR_REDIRECT] [Fatal Error] :1:1: Premature end of file.
2026-09-28 22:19:38,263 [ERROR] LogOutputStream:75 - [STDERR_REDIRECT] 
2026-09-28 22:19:39,261 [ERROR] LogOutputStream:75 - [STDERR_REDIRECT] [Fatal Error] :1:1: Premature end of file.
2026-09-28 22:19:39,262 [ERROR] LogOutputStream:75 - [STDERR_REDIRECT] 
2026-09-28 22:19:40,262 [ERROR] LogOutputStream:75 - [STDERR_REDIRECT] [Fatal Error] :1:1: Premature end of file.
2026-09-28 22:19:40,264 [ERROR] LogOutputStream:75 - [STDERR_REDIRECT] 
2026-09-28 22:19:41,258 [ERROR] LogOutputStream:75 - [STDERR_REDIRECT] [Fatal Error] :1:1: Premature end of file.
2026-09-28 22:19:41,258 [ERROR] LogOutputStream:75 - [STDERR_REDIRECT] 
2026-09-28 22:19:42,260 [ERROR] LogOutputStream:75 - [STDERR_REDIRECT] [Fatal Error] :1:1: Premature end of file.
2026-09-28 22:19:42,260 [ERROR] LogOutputStream:75 - [STDERR_REDIRECT] 
2026-09-28 22:19:43,260 [ERROR] LogOutputStream:75 - [STDERR_REDIRECT] [Fatal Error] :1:1: Premature end of file.
2026-09-28 22:19:43,260 [ERROR] LogOutputStream:75 - [STDERR_REDIRECT] 
2026-09-28 22:19:44,260 [ERROR] LogOutputStream:75 - [STDERR_REDIRECT] [Fatal Error] :1:1: Premature end of file.
2026-09-28 22:19:44,260 [ERROR] LogOutputStream:75 - [STDERR_REDIRECT] 
2026-09-28 22:19:45,260 [ERROR] LogOutputStream:75 - [STDERR_REDIRECT] [Fatal Error] :1:1: Premature end of file.
2026-09-28 22:19:45,260 [ERROR] LogOutputStream:75 - [STDERR_REDIRECT] 
2026-09-28 22:19:46,260 [ERROR] LogOutputStream:75 - [STDERR_REDIRECT] [Fatal Error] :1:1: Premature end of file.
2026-09-28 22:19:46,260 [ERROR] LogOutputStream:75 - [STDERR_REDIRECT] 
2026-09-28 22:19:47,261 [ERROR] LogOutputStream:75 - [STDERR_REDIRECT] [Fatal Error] :1:1: Premature end of file.
2026-09-28 22:19:47,261 [ERROR] LogOutputStream:75 - [STDERR_REDIRECT] 
2026-09-28 22:19:48,264 [ERROR] LogOutputStream:75 - [STDERR_REDIRECT] [Fatal Error] :1:1: Premature end of file.
2026-09-28 22:19:48,264 [ERROR] LogOutputStream:75 - [STDERR_REDIRECT] 
2026-09-28 22:19:49,266 [ERROR] LogOutputStream:75 - [STDERR_REDIRECT] [Fatal Error] :1:1: Premature end of file.
2026-09-28 22:19:49,266 [ERROR] LogOutputStream:75 - [STDERR_REDIRECT] 
2026-09-28 22:19:50,261 [ERROR] LogOutputStream:75 - [STDERR_REDIRECT] [Fatal Error] :1:1: Premature end of file.
2026-09-28 22:19:50,261 [ERROR] LogOutputStream:75 - [STDERR_REDIRECT] 
2026-09-28 22:19:51,266 [ERROR] LogOutputStream:75 - [STDERR_REDIRECT] [Fatal Error] :1:1: Premature end of file.
2026-09-28 22:19:51,266 [ERROR] LogOutputStream:75 - [STDERR_REDIRECT] 
2026-09-28 22:19:52,263 [ERROR] LogOutputStream:75 - [STDERR_REDIRECT] [Fatal Error] :1:1: Premature end of file.
2026-09-28 22:19:52,263 [ERROR] LogOutputStream:75 - [STDERR_REDIRECT] 
2026-09-28 22:19:53,268 [ERROR] LogOutputStream:75 - [STDERR_REDIRECT] [Fatal Error] :1:1: Premature end of file.
2026-09-28 22:19:53,268 [ERROR] LogOutputStream:75 - [STDERR_REDIRECT] 
2026-09-28 22:19:54,266 [ERROR] LogOutputStream:75 - [STDERR_REDIRECT] [Fatal Error] :1:1: Premature end of file.
2026-09-28 22:19:54,266 [ERROR] LogOutputStream:75 - [STDERR_REDIRECT] 
2026-09-28 22:19:55,263 [ERROR] LogOutputStream:75 - [STDERR_REDIRECT] [Fatal Error] :1:1: Premature end of file.
2026-09-28 22:19:55,263 [ERROR] LogOutputStream:75 - [STDERR_REDIRECT] 
2026-09-28 22:19:56,270 [ERROR] LogOutputStream:75 - [STDERR_REDIRECT] [Fatal Error] :1:1: Premature end of file.
2026-09-28 22:19:56,270 [ERROR] LogOutputStream:75 - [STDERR_REDIRECT] 
2026-09-28 22:19:57,266 [ERROR] LogOutputStream:75 - [STDERR_REDIRECT] [Fatal Error] :1:1: Premature end of file.
2026-09-28 22:19:57,267 [ERROR] LogOutputStream:75 - [STDERR_REDIRECT] 
2026-09-28 22:19:58,258 [ERROR] LogOutputStream:75 - [STDERR_REDIRECT] [Fatal Error] :1:1: Premature end of file.
2026-09-28 22:19:58,258 [ERROR] LogOutputStream:75 - [STDERR_REDIRECT] 
2026-09-28 22:19:59,265 [ERROR] LogOutputStream:75 - [STDERR_REDIRECT] [Fatal Error] :1:1: Premature end of file.
2026-09-28 22:19:59,265 [ERROR] LogOutputStream:75 - [STDERR_REDIRECT] 
2026-09-28 22:20:00,267 [ERROR] LogOutputStream:75 - [STDERR_REDIRECT] [Fatal Error] :1:1: Premature end of file.
2026-09-28 22:20:00,267 [ERROR] LogOutputStream:75 - [STDERR_REDIRECT] 
2026-09-28 22:20:01,266 [ERROR] LogOutputStream:75 - [STDERR_REDIRECT] [Fatal Error] :1:1: Premature end of file.
2026-09-28 22:20:01,266 [ERROR] LogOutputStream:75 - [STDERR_REDIRECT] 
2026-09-28 22:20:02,260 [ERROR] LogOutputStream:75 - [STDERR_REDIRECT] [Fatal Error] :1:1: Premature end of file.
2026-09-28 22:20:02,260 [ERROR] LogOutputStream:75 - [STDERR_REDIRECT] 
2026-09-28 22:20:03,257 [ERROR] LogOutputStream:75 - [STDERR_REDIRECT] [Fatal Error] :1:1: Premature end of file.
2026-09-28 22:20:03,257 [ERROR] LogOutputStream:75 - [STDERR_REDIRECT] 
2026-09-28 22:20:04,263 [ERROR] LogOutputStream:75 - [STDERR_REDIRECT] [Fatal Error] :1:1: Premature end of file.
2026-09-28 22:20:04,263 [ERROR] LogOutputStream:75 - [STDERR_REDIRECT] 
2026-09-28 22:20:05,260 [ERROR] LogOutputStream:75 - [STDERR_REDIRECT] [Fatal Error] :1:1: Premature end of file.
2026-09-28 22:20:05,260 [ERROR] LogOutputStream:75 - [STDERR_REDIRECT] 
2026-09-28 22:20:06,260 [ERROR] LogOutputStream:75 - [STDERR_REDIRECT] [Fatal Error] :1:1: Premature end of file.
2026-09-28 22:20:06,260 [ERROR] LogOutputStream:75 - [STDERR_REDIRECT] 
2026-09-28 22:20:07,260 [ERROR] LogOutputStream:75 - [STDERR_REDIRECT] [Fatal Error] :1:1: Premature end of file.
2026-09-28 22:20:07,260 [ERROR] LogOutputStream:75 - [STDERR_REDIRECT] 
2026-09-28 22:20:08,261 [ERROR] LogOutputStream:75 - [STDERR_REDIRECT] [Fatal Error] :1:1: Premature end of file.
2026-09-28 22:20:08,261 [ERROR] LogOutputStream:75 - [STDERR_REDIRECT] 
2026-09-28 22:20:09,260 [ERROR] LogOutputStream:75 - [STDERR_REDIRECT] [Fatal Error] :1:1: Premature end of file.
2026-09-28 22:20:09,260 [ERROR] LogOutputStream:75 - [STDERR_REDIRECT] 
2026-09-28 22:20:10,261 [ERROR] LogOutputStream:75 - [STDERR_REDIRECT] [Fatal Error] :1:1: Premature end of file.
2026-09-28 22:20:10,261 [ERROR] LogOutputStream:75 - [STDERR_REDIRECT] 
2026-09-28 22:20:11,258 [ERROR] LogOutputStream:75 - [STDERR_REDIRECT] [Fatal Error] :1:1: Premature end of file.
2026-09-28 22:20:11,258 [ERROR] LogOutputStream:75 - [STDERR_REDIRECT] 
2026-09-28 22:20:12,262 [ERROR] LogOutputStream:75 - [STDERR_REDIRECT] [Fatal Error] :1:1: Premature end of file.
2026-09-28 22:20:12,262 [ERROR] LogOutputStream:75 - [STDERR_REDIRECT] 
2026-09-28 22:20:13,269 [ERROR] LogOutputStream:75 - [STDERR_REDIRECT] [Fatal Error] :1:1: Premature end of file.
2026-09-28 22:20:13,269 [ERROR] LogOutputStream:75 - [STDERR_REDIRECT] 
2026-09-28 22:20:14,262 [ERROR] LogOutputStream:75 - [STDERR_REDIRECT] [Fatal Error] :1:1: Premature end of file.
2026-09-28 22:20:14,262 [ERROR] LogOutputStream:75 - [STDERR_REDIRECT] 
2026-09-28 22:20:15,259 [ERROR] LogOutputStream:75 - [STDERR_REDIRECT] [Fatal Error] :1:1: Premature end of file.
2026-09-28 22:20:15,259 [ERROR] LogOutputStream:75 - [STDERR_REDIRECT] 
2026-09-28 22:20:16,265 [ERROR] LogOutputStream:75 - [STDERR_REDIRECT] [Fatal Error] :1:1: Premature end of file.
2026-09-28 22:20:16,266 [ERROR] LogOutputStream:75 - [STDERR_REDIRECT] 
2026-09-28 22:20:17,260 [ERROR] LogOutputStream:75 - [STDERR_REDIRECT] [Fatal Error] :1:1: Premature end of file.
2026-09-28 22:20:17,260 [ERROR] LogOutputStream:75 - [STDERR_REDIRECT] 
2026-09-28 22:20:18,268 [ERROR] LogOutputStream:75 - [STDERR_REDIRECT] [Fatal Error] :1:1: Premature end of file.
2026-09-28 22:20:18,268 [ERROR] LogOutputStream:75 - [STDERR_REDIRECT] 
2026-09-28 22:20:19,262 [ERROR] LogOutputStream:75 - [STDERR_REDIRECT] [Fatal Error] :1:1: Premature end of file.
2026-09-28 22:20:19,262 [ERROR] LogOutputStream:75 - [STDERR_REDIRECT] 
2026-09-28 22:20:20,266 [ERROR] LogOutputStream:75 - [STDERR_REDIRECT] [Fatal Error] :1:1: Premature end of file.
2026-09-28 22:20:20,266 [ERROR] LogOutputStream:75 - [STDERR_REDIRECT] 
2026-09-28 22:20:21,262 [ERROR] LogOutputStream:75 - [STDERR_REDIRECT] [Fatal Error] :1:1: Premature end of file.
2026-09-28 22:20:21,262 [ERROR] LogOutputStream:75 - [STDERR_REDIRECT] 
2026-09-28 22:20:22,264 [ERROR] LogOutputStream:75 - [STDERR_REDIRECT] [Fatal Error] :1:1: Premature end of file.
2026-09-28 22:20:22,264 [ERROR] LogOutputStream:75 - [STDERR_REDIRECT] 
2026-09-28 22:20:23,257 [ERROR] LogOutputStream:75 - [STDERR_REDIRECT] [Fatal Error] :1:1: Premature end of file.
2026-09-28 22:20:23,258 [ERROR] LogOutputStream:75 - [STDERR_REDIRECT] 
2026-09-28 22:20:24,262 [ERROR] LogOutputStream:75 - [STDERR_REDIRECT] [Fatal Error] :1:1: Premature end of file.
2026-09-28 22:20:24,263 [ERROR] LogOutputStream:75 - [STDERR_REDIRECT] 
2026-09-28 22:20:25,261 [ERROR] LogOutputStream:75 - [STDERR_REDIRECT] [Fatal Error] :1:1: Premature end of file.
2026-09-28 22:20:25,261 [ERROR] LogOutputStream:75 - [STDERR_REDIRECT] 
2026-09-28 22:20:26,279 [ERROR] LogOutputStream:75 - [STDERR_REDIRECT] [Fatal Error] :1:1: Premature end of file.
2026-09-28 22:20:26,279 [ERROR] LogOutputStream:75 - [STDERR_REDIRECT] 
2026-09-28 22:20:27,259 [ERROR] LogOutputStream:75 - [STDERR_REDIRECT] [Fatal Error] :1:1: Premature end of file.
2026-09-28 22:20:27,259 [ERROR] LogOutputStream:75 - [STDERR_REDIRECT] 
2026-09-28 22:20:28,261 [ERROR] LogOutputStream:75 - [STDERR_REDIRECT] [Fatal Error] :1:1: Premature end of file.
2026-09-28 22:20:28,262 [ERROR] LogOutputStream:75 - [STDERR_REDIRECT] 
2026-09-28 22:20:29,261 [ERROR] LogOutputStream:75 - [STDERR_REDIRECT] [Fatal Error] :1:1: Premature end of file.
2026-09-28 22:20:29,261 [ERROR] LogOutputStream:75 - [STDERR_REDIRECT] 
2026-09-28 22:20:30,259 [ERROR] LogOutputStream:75 - [STDERR_REDIRECT] [Fatal Error] :1:1: Premature end of file.
2026-09-28 22:20:30,259 [ERROR] LogOutputStream:75 - [STDERR_REDIRECT] 
2026-09-28 22:20:31,260 [ERROR] LogOutputStream:75 - [STDERR_REDIRECT] [Fatal Error] :1:1: Premature end of file.
2026-09-28 22:20:31,260 [ERROR] LogOutputStream:75 - [STDERR_REDIRECT] 
2026-09-28 22:20:32,259 [ERROR] LogOutputStream:75 - [STDERR_REDIRECT] [Fatal Error] :1:1: Premature end of file.
2026-09-28 22:20:32,259 [ERROR] LogOutputStream:75 - [STDERR_REDIRECT] 
2026-09-28 22:20:33,259 [ERROR] LogOutputStream:75 - [STDERR_REDIRECT] [Fatal Error] :1:1: Premature end of file.
2026-09-28 22:20:33,259 [ERROR] LogOutputStream:75 - [STDERR_REDIRECT] 
2026-09-28 22:20:34,260 [ERROR] LogOutputStream:75 - [STDERR_REDIRECT] [Fatal Error] :1:1: Premature end of file.
2026-09-28 22:20:34,260 [ERROR] LogOutputStream:75 - [STDERR_REDIRECT] 
2026-09-28 22:20:35,255 [ERROR] LogOutputStream:75 - [STDERR_REDIRECT] [Fatal Error] :1:1: Premature end of file.
2026-09-28 22:20:35,255 [ERROR] LogOutputStream:75 - [STDERR_REDIRECT] 
2026-09-28 22:20:36,270 [ERROR] LogOutputStream:75 - [STDERR_REDIRECT] [Fatal Error] :1:1: Premature end of file.
2026-09-28 22:20:36,270 [ERROR] LogOutputStream:75 - [STDERR_REDIRECT] 
2026-09-28 22:20:37,266 [ERROR] LogOutputStream:75 - [STDERR_REDIRECT] [Fatal Error] :1:1: Premature end of file.
2026-09-28 22:20:37,266 [ERROR] LogOutputStream:75 - [STDERR_REDIRECT] 
2026-09-28 22:20:38,265 [ERROR] LogOutputStream:75 - [STDERR_REDIRECT] [Fatal Error] :1:1: Premature end of file.
2026-09-28 22:20:38,265 [ERROR] LogOutputStream:75 - [STDERR_REDIRECT] 
2026-09-28 22:20:39,263 [ERROR] LogOutputStream:75 - [STDERR_REDIRECT] [Fatal Error] :1:1: Premature end of file.
2026-09-28 22:20:39,264 [ERROR] LogOutputStream:75 - [STDERR_REDIRECT] 
2026-09-28 22:20:40,261 [ERROR] LogOutputStream:75 - [STDERR_REDIRECT] [Fatal Error] :1:1: Premature end of file.
2026-09-28 22:20:40,261 [ERROR] LogOutputStream:75 - [STDERR_REDIRECT] 
2026-09-28 22:20:41,267 [ERROR] LogOutputStream:75 - [STDERR_REDIRECT] [Fatal Error] :1:1: Premature end of file.
2026-09-28 22:20:41,267 [ERROR] LogOutputStream:75 - [STDERR_REDIRECT] 
2026-09-28 22:20:42,268 [ERROR] LogOutputStream:75 - [STDERR_REDIRECT] [Fatal Error] :1:1: Premature end of file.
2026-09-28 22:20:42,268 [ERROR] LogOutputStream:75 - [STDERR_REDIRECT] 
2026-09-28 22:20:43,261 [ERROR] LogOutputStream:75 - [STDERR_REDIRECT] [Fatal Error] :1:1: Premature end of file.
2026-09-28 22:20:43,261 [ERROR] LogOutputStream:75 - [STDERR_REDIRECT] 
2026-09-28 22:20:44,263 [ERROR] LogOutputStream:75 - [STDERR_REDIRECT] [Fatal Error] :1:1: Premature end of file.
2026-09-28 22:20:44,263 [ERROR] LogOutputStream:75 - [STDERR_REDIRECT] 
2026-09-28 22:20:45,261 [ERROR] LogOutputStream:75 - [STDERR_REDIRECT] [Fatal Error] :1:1: Premature end of file.
2026-09-28 22:20:45,261 [ERROR] LogOutputStream:75 - [STDERR_REDIRECT] 
2026-09-28 22:20:46,267 [ERROR] LogOutputStream:75 - [STDERR_REDIRECT] [Fatal Error] :1:1: Premature end of file.
2026-09-28 22:20:46,267 [ERROR] LogOutputStream:75 - [STDERR_REDIRECT] 
2026-09-28 22:20:47,262 [ERROR] LogOutputStream:75 - [STDERR_REDIRECT] [Fatal Error] :1:1: Premature end of file.
2026-09-28 22:20:47,262 [ERROR] LogOutputStream:75 - [STDERR_REDIRECT] 
2026-09-28 22:20:48,259 [ERROR] LogOutputStream:75 - [STDERR_REDIRECT] [Fatal Error] :1:1: Premature end of file.
2026-09-28 22:20:48,259 [ERROR] LogOutputStream:75 - [STDERR_REDIRECT] 
2026-09-28 22:20:49,262 [ERROR] LogOutputStream:75 - [STDERR_REDIRECT] [Fatal Error] :1:1: Premature end of file.
2026-09-28 22:20:49,263 [ERROR] LogOutputStream:75 - [STDERR_REDIRECT] 
2026-09-28 22:20:50,264 [ERROR] LogOutputStream:75 - [STDERR_REDIRECT] [Fatal Error] :1:1: Premature end of file.
2026-09-28 22:20:50,264 [ERROR] LogOutputStream:75 - [STDERR_REDIRECT] 
2026-09-28 22:20:51,266 [ERROR] LogOutputStream:75 - [STDERR_REDIRECT] [Fatal Error] :1:1: Premature end of file.
2026-09-28 22:20:51,266 [ERROR] LogOutputStream:75 - [STDERR_REDIRECT] 
2026-09-28 22:20:52,257 [ERROR] LogOutputStream:75 - [STDERR_REDIRECT] [Fatal Error] :1:1: Premature end of file.
2026-09-28 22:20:52,257 [ERROR] LogOutputStream:75 - [STDERR_REDIRECT] 
2026-09-28 22:20:53,261 [ERROR] LogOutputStream:75 - [STDERR_REDIRECT] [Fatal Error] :1:1: Premature end of file.
2026-09-28 22:20:53,262 [ERROR] LogOutputStream:75 - [STDERR_REDIRECT] 
2026-09-28 22:20:54,265 [ERROR] LogOutputStream:75 - [STDERR_REDIRECT] [Fatal Error] :1:1: Premature end of file.
2026-09-28 22:20:54,265 [ERROR] LogOutputStream:75 - [STDERR_REDIRECT] 
2026-09-28 22:20:55,249 [ERROR] LogOutputStream:75 - [STDERR_REDIRECT] [Fatal Error] :1:1: Premature end of file.
2026-09-28 22:20:55,249 [ERROR] LogOutputStream:75 - [STDERR_REDIRECT] 
2026-09-28 22:20:56,265 [ERROR] LogOutputStream:75 - [STDERR_REDIRECT] [Fatal Error] :1:1: Premature end of file.
2026-09-28 22:20:56,265 [ERROR] LogOutputStream:75 - [STDERR_REDIRECT] 
2026-09-28 22:20:57,261 [ERROR] LogOutputStream:75 - [STDERR_REDIRECT] [Fatal Error] :1:1: Premature end of file.
2026-09-28 22:20:57,263 [ERROR] LogOutputStream:75 - [STDERR_REDIRECT] 
2026-09-28 22:20:58,253 [ERROR] LogOutputStream:75 - [STDERR_REDIRECT] [Fatal Error] :1:1: Premature end of file.
2026-09-28 22:20:58,253 [ERROR] LogOutputStream:75 - [STDERR_REDIRECT] 
2026-09-28 22:20:59,257 [ERROR] LogOutputStream:75 - [STDERR_REDIRECT] [Fatal Error] :1:1: Premature end of file.
2026-09-28 22:20:59,257 [ERROR] LogOutputStream:75 - [STDERR_REDIRECT] 
2026-09-28 22:21:00,261 [ERROR] LogOutputStream:75 - [STDERR_REDIRECT] [Fatal Error] :1:1: Premature end of file.
2026-09-28 22:21:00,261 [ERROR] LogOutputStream:75 - [STDERR_REDIRECT] 
2026-09-28 22:21:01,266 [ERROR] LogOutputStream:75 - [STDERR_REDIRECT] [Fatal Error] :1:1: Premature end of file.
2026-09-28 22:21:01,266 [ERROR] LogOutputStream:75 - [STDERR_REDIRECT] 
2026-09-28 22:21:02,274 [ERROR] LogOutputStream:75 - [STDERR_REDIRECT] [Fatal Error] :1:1: Premature end of file.
2026-09-28 22:21:02,274 [ERROR] LogOutputStream:75 - [STDERR_REDIRECT] 
2026-09-28 22:21:03,265 [ERROR] LogOutputStream:75 - [STDERR_REDIRECT] [Fatal Error] :1:1: Premature end of file.
2026-09-28 22:21:03,267 [ERROR] LogOutputStream:75 - [STDERR_REDIRECT] 
2026-09-28 22:21:04,262 [ERROR] LogOutputStream:75 - [STDERR_REDIRECT] [Fatal Error] :1:1: Premature end of file.
2026-09-28 22:21:04,263 [ERROR] LogOutputStream:75 - [STDERR_REDIRECT] 
2026-09-28 22:21:05,258 [ERROR] LogOutputStream:75 - [STDERR_REDIRECT] [Fatal Error] :1:1: Premature end of file.
2026-09-28 22:21:05,258 [ERROR] LogOutputStream:75 - [STDERR_REDIRECT] 
2026-09-28 22:21:06,262 [ERROR] LogOutputStream:75 - [STDERR_REDIRECT] [Fatal Error] :1:1: Premature end of file.
2026-09-28 22:21:06,262 [ERROR] LogOutputStream:75 - [STDERR_REDIRECT] 
2026-09-28 22:21:07,263 [ERROR] LogOutputStream:75 - [STDERR_REDIRECT] [Fatal Error] :1:1: Premature end of file.
2026-09-28 22:21:07,263 [ERROR] LogOutputStream:75 - [STDERR_REDIRECT] 
2026-09-28 22:21:08,258 [ERROR] LogOutputStream:75 - [STDERR_REDIRECT] [Fatal Error] :1:1: Premature end of file.
2026-09-28 22:21:08,258 [ERROR] LogOutputStream:75 - [STDERR_REDIRECT] 
2026-09-28 22:21:09,260 [ERROR] LogOutputStream:75 - [STDERR_REDIRECT] [Fatal Error] :1:1: Premature end of file.
2026-09-28 22:21:09,260 [ERROR] LogOutputStream:75 - [STDERR_REDIRECT] 
2026-09-28 22:21:10,261 [ERROR] LogOutputStream:75 - [STDERR_REDIRECT] [Fatal Error] :1:1: Premature end of file.
2026-09-28 22:21:10,261 [ERROR] LogOutputStream:75 - [STDERR_REDIRECT] 
2026-09-28 22:21:11,261 [ERROR] LogOutputStream:75 - [STDERR_REDIRECT] [Fatal Error] :1:1: Premature end of file.
2026-09-28 22:21:11,261 [ERROR] LogOutputStream:75 - [STDERR_REDIRECT] 
2026-09-28 22:21:12,258 [ERROR] LogOutputStream:75 - [STDERR_REDIRECT] [Fatal Error] :1:1: Premature end of file.
2026-09-28 22:21:12,258 [ERROR] LogOutputStream:75 - [STDERR_REDIRECT] 
2026-09-28 22:21:13,262 [ERROR] LogOutputStream:75 - [STDERR_REDIRECT] [Fatal Error] :1:1: Premature end of file.
2026-09-28 22:21:13,262 [ERROR] LogOutputStream:75 - [STDERR_REDIRECT] 
2026-09-28 22:21:14,260 [ERROR] LogOutputStream:75 - [STDERR_REDIRECT] [Fatal Error] :1:1: Premature end of file.
2026-09-28 22:21:14,260 [ERROR] LogOutputStream:75 - [STDERR_REDIRECT] 
2026-09-28 22:21:15,259 [ERROR] LogOutputStream:75 - [STDERR_REDIRECT] [Fatal Error] :1:1: Premature end of file.
2026-09-28 22:21:15,259 [ERROR] LogOutputStream:75 - [STDERR_REDIRECT] 
2026-09-28 22:21:16,260 [ERROR] LogOutputStream:75 - [STDERR_REDIRECT] [Fatal Error] :1:1: Premature end of file.
2026-09-28 22:21:16,260 [ERROR] LogOutputStream:75 - [STDERR_REDIRECT] 
2026-09-28 22:21:17,253 [ERROR] LogOutputStream:75 - [STDERR_REDIRECT] [Fatal Error] :1:1: Premature end of file.
2026-09-28 22:21:17,253 [ERROR] LogOutputStream:75 - [STDERR_REDIRECT] 
2026-09-28 22:21:18,258 [ERROR] LogOutputStream:75 - [STDERR_REDIRECT] [Fatal Error] :1:1: Premature end of file.
2026-09-28 22:21:18,258 [ERROR] LogOutputStream:75 - [STDERR_REDIRECT] 
2026-09-28 22:21:19,260 [ERROR] LogOutputStream:75 - [STDERR_REDIRECT] [Fatal Error] :1:1: Premature end of file.
2026-09-28 22:21:19,261 [ERROR] LogOutputStream:75 - [STDERR_REDIRECT] 
2026-09-28 22:21:20,262 [ERROR] LogOutputStream:75 - [STDERR_REDIRECT] [Fatal Error] :1:1: Premature end of file.
2026-09-28 22:21:20,262 [ERROR] LogOutputStream:75 - [STDERR_REDIRECT] 
2026-09-28 22:21:21,275 [ERROR] LogOutputStream:75 - [STDERR_REDIRECT] [Fatal Error] :1:1: Premature end of file.
2026-09-28 22:21:21,275 [ERROR] LogOutputStream:75 - [STDERR_REDIRECT] 
2026-09-28 22:21:22,267 [ERROR] LogOutputStream:75 - [STDERR_REDIRECT] [Fatal Error] :1:1: Premature end of file.
2026-09-28 22:21:22,267 [ERROR] LogOutputStream:75 - [STDERR_REDIRECT] 
2026-09-28 22:21:23,262 [ERROR] LogOutputStream:75 - [STDERR_REDIRECT] [Fatal Error] :1:1: Premature end of file.
2026-09-28 22:21:23,262 [ERROR] LogOutputStream:75 - [STDERR_REDIRECT] 
2026-09-28 22:21:24,264 [ERROR] LogOutputStream:75 - [STDERR_REDIRECT] [Fatal Error] :1:1: Premature end of file.
2026-09-28 22:21:24,267 [ERROR] LogOutputStream:75 - [STDERR_REDIRECT] 
2026-09-28 22:21:25,269 [ERROR] LogOutputStream:75 - [STDERR_REDIRECT] [Fatal Error] :1:1: Premature end of file.
2026-09-28 22:21:25,269 [ERROR] LogOutputStream:75 - [STDERR_REDIRECT] 
2026-09-28 22:21:26,260 [ERROR] LogOutputStream:75 - [STDERR_REDIRECT] [Fatal Error] :1:1: Premature end of file.
2026-09-28 22:21:26,260 [ERROR] LogOutputStream:75 - [STDERR_REDIRECT] 
2026-09-28 22:21:27,268 [ERROR] LogOutputStream:75 - [STDERR_REDIRECT] [Fatal Error] :1:1: Premature end of file.
2026-09-28 22:21:27,268 [ERROR] LogOutputStream:75 - [STDERR_REDIRECT] 
2026-09-28 22:21:28,265 [ERROR] LogOutputStream:75 - [STDERR_REDIRECT] [Fatal Error] :1:1: Premature end of file.
2026-09-28 22:21:28,265 [ERROR] LogOutputStream:75 - [STDERR_REDIRECT] 
2026-09-28 22:21:29,282 [ERROR] LogOutputStream:75 - [STDERR_REDIRECT] [Fatal Error] :1:1: Premature end of file.
2026-09-28 22:21:29,282 [ERROR] LogOutputStream:75 - [STDERR_REDIRECT] 
2026-09-28 22:21:30,266 [ERROR] LogOutputStream:75 - [STDERR_REDIRECT] [Fatal Error] :1:1: Premature end of file.
2026-09-28 22:21:30,266 [ERROR] LogOutputStream:75 - [STDERR_REDIRECT] 
2026-09-28 22:21:31,271 [ERROR] LogOutputStream:75 - [STDERR_REDIRECT] [Fatal Error] :1:1: Premature end of file.
2026-09-28 22:21:31,272 [ERROR] LogOutputStream:75 - [STDERR_REDIRECT] 
2026-09-28 22:21:32,266 [ERROR] LogOutputStream:75 - [STDERR_REDIRECT] [Fatal Error] :1:1: Premature end of file.
2026-09-28 22:21:32,266 [ERROR] LogOutputStream:75 - [STDERR_REDIRECT] 
2026-09-28 22:21:33,277 [ERROR] LogOutputStream:75 - [STDERR_REDIRECT] [Fatal Error] :1:1: Premature end of file.
2026-09-28 22:21:33,277 [ERROR] LogOutputStream:75 - [STDERR_REDIRECT] 
2026-09-28 22:21:34,262 [ERROR] LogOutputStream:75 - [STDERR_REDIRECT] [Fatal Error] :1:1: Premature end of file.
2026-09-28 22:21:34,262 [ERROR] LogOutputStream:75 - [STDERR_REDIRECT] 
2026-09-28 22:21:35,261 [ERROR] LogOutputStream:75 - [STDERR_REDIRECT] [Fatal Error] :1:1: Premature end of file.
2026-09-28 22:21:35,261 [ERROR] LogOutputStream:75 - [STDERR_REDIRECT] 
2026-09-28 22:21:36,270 [ERROR] LogOutputStream:75 - [STDERR_REDIRECT] [Fatal Error] :1:1: Premature end of file.
2026-09-28 22:21:36,270 [ERROR] LogOutputStream:75 - [STDERR_REDIRECT] 
2026-09-28 22:21:37,257 [ERROR] LogOutputStream:75 - [STDERR_REDIRECT] [Fatal Error] :1:1: Premature end of file.
2026-09-28 22:21:37,258 [ERROR] LogOutputStream:75 - [STDERR_REDIRECT] 
2026-09-28 22:21:38,271 [ERROR] LogOutputStream:75 - [STDERR_REDIRECT] [Fatal Error] :1:1: Premature end of file.
2026-09-28 22:21:38,271 [ERROR] LogOutputStream:75 - [STDERR_REDIRECT] 
2026-09-28 22:21:39,259 [ERROR] LogOutputStream:75 - [STDERR_REDIRECT] [Fatal Error] :1:1: Premature end of file.
2026-09-28 22:21:39,259 [ERROR] LogOutputStream:75 - [STDERR_REDIRECT] 
2026-09-28 22:21:40,259 [ERROR] LogOutputStream:75 - [STDERR_REDIRECT] [Fatal Error] :1:1: Premature end of file.
2026-09-28 22:21:40,259 [ERROR] LogOutputStream:75 - [STDERR_REDIRECT] 
2026-09-28 22:21:41,260 [ERROR] LogOutputStream:75 - [STDERR_REDIRECT] [Fatal Error] :1:1: Premature end of file.
2026-09-28 22:21:41,260 [ERROR] LogOutputStream:75 - [STDERR_REDIRECT] 
2026-09-28 22:21:42,265 [ERROR] LogOutputStream:75 - [STDERR_REDIRECT] [Fatal Error] :1:1: Premature end of file.
2026-09-28 22:21:42,265 [ERROR] LogOutputStream:75 - [STDERR_REDIRECT] 
2026-09-28 22:21:43,263 [ERROR] LogOutputStream:75 - [STDERR_REDIRECT] [Fatal Error] :1:1: Premature end of file.
2026-09-28 22:21:43,263 [ERROR] LogOutputStream:75 - [STDERR_REDIRECT] 
2026-09-28 22:21:44,268 [ERROR] LogOutputStream:75 - [STDERR_REDIRECT] [Fatal Error] :1:1: Premature end of file.
2026-09-28 22:21:44,268 [ERROR] LogOutputStream:75 - [STDERR_REDIRECT] 
2026-09-28 22:21:45,260 [ERROR] LogOutputStream:75 - [STDERR_REDIRECT] [Fatal Error] :1:1: Premature end of file.
2026-09-28 22:21:45,260 [ERROR] LogOutputStream:75 - [STDERR_REDIRECT] 
2026-09-28 22:21:46,257 [ERROR] LogOutputStream:75 - [STDERR_REDIRECT] [Fatal Error] :1:1: Premature end of file.
2026-09-28 22:21:46,260 [ERROR] LogOutputStream:75 - [STDERR_REDIRECT] 
2026-09-28 22:21:47,260 [ERROR] LogOutputStream:75 - [STDERR_REDIRECT] [Fatal Error] :1:1: Premature end of file.
2026-09-28 22:21:47,260 [ERROR] LogOutputStream:75 - [STDERR_REDIRECT] 
2026-09-28 22:21:48,261 [ERROR] LogOutputStream:75 - [STDERR_REDIRECT] [Fatal Error] :1:1: Premature end of file.
2026-09-28 22:21:48,261 [ERROR] LogOutputStream:75 - [STDERR_REDIRECT] 
2026-09-28 22:21:49,263 [ERROR] LogOutputStream:75 - [STDERR_REDIRECT] [Fatal Error] :1:1: Premature end of file.
2026-09-28 22:21:49,263 [ERROR] LogOutputStream:75 - [STDERR_REDIRECT] 
2026-09-28 22:21:50,261 [ERROR] LogOutputStream:75 - [STDERR_REDIRECT] [Fatal Error] :1:1: Premature end of file.
2026-09-28 22:21:50,262 [ERROR] LogOutputStream:75 - [STDERR_REDIRECT] 
2026-09-28 22:21:51,258 [ERROR] LogOutputStream:75 - [STDERR_REDIRECT] [Fatal Error] :1:1: Premature end of file.
2026-09-28 22:21:51,258 [ERROR] LogOutputStream:75 - [STDERR_REDIRECT] 
2026-09-28 22:21:52,260 [ERROR] LogOutputStream:75 - [STDERR_REDIRECT] [Fatal Error] :1:1: Premature end of file.
2026-09-28 22:21:52,260 [ERROR] LogOutputStream:75 - [STDERR_REDIRECT] 
2026-09-28 22:21:53,295 [ERROR] LogOutputStream:75 - [STDERR_REDIRECT] [Fatal Error] :1:1: Premature end of file.
2026-09-28 22:21:53,295 [ERROR] LogOutputStream:75 - [STDERR_REDIRECT] 
2026-09-28 22:21:54,260 [ERROR] LogOutputStream:75 - [STDERR_REDIRECT] [Fatal Error] :1:1: Premature end of file.
2026-09-28 22:21:54,260 [ERROR] LogOutputStream:75 - [STDERR_REDIRECT] 
2026-09-28 22:21:55,260 [ERROR] LogOutputStream:75 - [STDERR_REDIRECT] [Fatal Error] :1:1: Premature end of file.
2026-09-28 22:21:55,260 [ERROR] LogOutputStream:75 - [STDERR_REDIRECT] 
2026-09-28 22:21:56,264 [ERROR] LogOutputStream:75 - [STDERR_REDIRECT] [Fatal Error] :1:1: Premature end of file.
2026-09-28 22:21:56,264 [ERROR] LogOutputStream:75 - [STDERR_REDIRECT] 
2026-09-28 22:21:57,254 [ERROR] LogOutputStream:75 - [STDERR_REDIRECT] [Fatal Error] :1:1: Premature end of file.
2026-09-28 22:21:57,255 [ERROR] LogOutputStream:75 - [STDERR_REDIRECT] 
2026-09-28 22:21:58,256 [ERROR] LogOutputStream:75 - [STDERR_REDIRECT] [Fatal Error] :1:1: Premature end of file.
2026-09-28 22:21:58,256 [ERROR] LogOutputStream:75 - [STDERR_REDIRECT] 
2026-09-28 22:21:59,263 [ERROR] LogOutputStream:75 - [STDERR_REDIRECT] [Fatal Error] :1:1: Premature end of file.
2026-09-28 22:21:59,263 [ERROR] LogOutputStream:75 - [STDERR_REDIRECT] 
2026-09-28 22:22:00,264 [ERROR] LogOutputStream:75 - [STDERR_REDIRECT] [Fatal Error] :1:1: Premature end of file.
2026-09-28 22:22:00,264 [ERROR] LogOutputStream:75 - [STDERR_REDIRECT] 
2026-09-28 22:22:01,264 [ERROR] LogOutputStream:75 - [STDERR_REDIRECT] [Fatal Error] :1:1: Premature end of file.
2026-09-28 22:22:01,264 [ERROR] LogOutputStream:75 - [STDERR_REDIRECT] 
2026-09-28 22:22:02,280 [ERROR] LogOutputStream:75 - [STDERR_REDIRECT] [Fatal Error] :1:1: Premature end of file.
2026-09-28 22:22:02,280 [ERROR] LogOutputStream:75 - [STDERR_REDIRECT] 
2026-09-28 22:22:03,269 [ERROR] LogOutputStream:75 - [STDERR_REDIRECT] [Fatal Error] :1:1: Premature end of file.
2026-09-28 22:22:03,269 [ERROR] LogOutputStream:75 - [STDERR_REDIRECT] 
2026-09-28 22:22:04,263 [ERROR] LogOutputStream:75 - [STDERR_REDIRECT] [Fatal Error] :1:1: Premature end of file.
2026-09-28 22:22:04,263 [ERROR] LogOutputStream:75 - [STDERR_REDIRECT] 
2026-09-28 22:22:05,264 [ERROR] LogOutputStream:75 - [STDERR_REDIRECT] [Fatal Error] :1:1: Premature end of file.
2026-09-28 22:22:05,264 [ERROR] LogOutputStream:75 - [STDERR_REDIRECT] 
2026-09-28 22:22:06,262 [ERROR] LogOutputStream:75 - [STDERR_REDIRECT] [Fatal Error] :1:1: Premature end of file.
2026-09-28 22:22:06,262 [ERROR] LogOutputStream:75 - [STDERR_REDIRECT] 
2026-09-28 22:22:07,257 [ERROR] LogOutputStream:75 - [STDERR_REDIRECT] [Fatal Error] :1:1: Premature end of file.
2026-09-28 22:22:07,257 [ERROR] LogOutputStream:75 - [STDERR_REDIRECT] 
2026-09-28 22:22:08,258 [ERROR] LogOutputStream:75 - [STDERR_REDIRECT] [Fatal Error] :1:1: Premature end of file.
2026-09-28 22:22:08,258 [ERROR] LogOutputStream:75 - [STDERR_REDIRECT] 
2026-09-28 22:22:09,271 [ERROR] LogOutputStream:75 - [STDERR_REDIRECT] [Fatal Error] :1:1: Premature end of file.
2026-09-28 22:22:09,271 [ERROR] LogOutputStream:75 - [STDERR_REDIRECT] 
2026-09-28 22:22:10,263 [ERROR] LogOutputStream:75 - [STDERR_REDIRECT] [Fatal Error] :1:1: Premature end of file.
2026-09-28 22:22:10,263 [ERROR] LogOutputStream:75 - [STDERR_REDIRECT] 
2026-09-28 22:22:11,259 [ERROR] LogOutputStream:75 - [STDERR_REDIRECT] [Fatal Error] :1:1: Premature end of file.
2026-09-28 22:22:11,259 [ERROR] LogOutputStream:75 - [STDERR_REDIRECT] 
2026-09-28 22:22:12,280 [ERROR] LogOutputStream:75 - [STDERR_REDIRECT] [Fatal Error] :1:1: Premature end of file.
2026-09-28 22:22:12,280 [ERROR] LogOutputStream:75 - [STDERR_REDIRECT] 
2026-09-28 22:22:13,258 [ERROR] LogOutputStream:75 - [STDERR_REDIRECT] [Fatal Error] :1:1: Premature end of file.
2026-09-28 22:22:13,258 [ERROR] LogOutputStream:75 - [STDERR_REDIRECT] 
2026-09-28 22:22:14,259 [ERROR] LogOutputStream:75 - [STDERR_REDIRECT] [Fatal Error] :1:1: Premature end of file.
2026-09-28 22:22:14,259 [ERROR] LogOutputStream:75 - [STDERR_REDIRECT] 
2026-09-28 22:22:15,265 [ERROR] LogOutputStream:75 - [STDERR_REDIRECT] [Fatal Error] :1:1: Premature end of file.
2026-09-28 22:22:15,265 [ERROR] LogOutputStream:75 - [STDERR_REDIRECT] 
2026-09-28 22:22:16,256 [ERROR] LogOutputStream:75 - [STDERR_REDIRECT] [Fatal Error] :1:1: Premature end of file.
2026-09-28 22:22:16,256 [ERROR] LogOutputStream:75 - [STDERR_REDIRECT] 
2026-09-28 22:22:17,277 [ERROR] LogOutputStream:75 - [STDERR_REDIRECT] [Fatal Error] :1:1: Premature end of file.
2026-09-28 22:22:17,277 [ERROR] LogOutputStream:75 - [STDERR_REDIRECT] 
2026-09-28 22:22:18,251 [ERROR] LogOutputStream:75 - [STDERR_REDIRECT] [Fatal Error] :1:1: Premature end of file.
2026-09-28 22:22:18,255 [ERROR] LogOutputStream:75 - [STDERR_REDIRECT] 
2026-09-28 22:22:19,272 [ERROR] LogOutputStream:75 - [STDERR_REDIRECT] [Fatal Error] :1:1: Premature end of file.
2026-09-28 22:22:19,272 [ERROR] LogOutputStream:75 - [STDERR_REDIRECT] 
2026-09-28 22:22:20,260 [ERROR] LogOutputStream:75 - [STDERR_REDIRECT] [Fatal Error] :1:1: Premature end of file.
2026-09-28 22:22:20,261 [ERROR] LogOutputStream:75 - [STDERR_REDIRECT] 
2026-09-28 22:22:21,261 [ERROR] LogOutputStream:75 - [STDERR_REDIRECT] [Fatal Error] :1:1: Premature end of file.
2026-09-28 22:22:21,261 [ERROR] LogOutputStream:75 - [STDERR_REDIRECT] 
2026-09-28 22:22:22,263 [ERROR] LogOutputStream:75 - [STDERR_REDIRECT] [Fatal Error] :1:1: Premature end of file.
2026-09-28 22:22:22,263 [ERROR] LogOutputStream:75 - [STDERR_REDIRECT] 
2026-09-28 22:22:23,258 [ERROR] LogOutputStream:75 - [STDERR_REDIRECT] [Fatal Error] :1:1: Premature end of file.
2026-09-28 22:22:23,258 [ERROR] LogOutputStream:75 - [STDERR_REDIRECT] 
2026-09-28 22:22:24,257 [ERROR] LogOutputStream:75 - [STDERR_REDIRECT] [Fatal Error] :1:1: Premature end of file.
2026-09-28 22:22:24,258 [ERROR] LogOutputStream:75 - [STDERR_REDIRECT] 
2026-09-28 22:22:25,259 [ERROR] LogOutputStream:75 - [STDERR_REDIRECT] [Fatal Error] :1:1: Premature end of file.
2026-09-28 22:22:25,261 [ERROR] LogOutputStream:75 - [STDERR_REDIRECT] 
2026-09-28 22:22:26,274 [ERROR] LogOutputStream:75 - [STDERR_REDIRECT] [Fatal Error] :1:1: Premature end of file.
2026-09-28 22:22:26,274 [ERROR] LogOutputStream:75 - [STDERR_REDIRECT] 
2026-09-28 22:22:27,255 [ERROR] LogOutputStream:75 - [STDERR_REDIRECT] [Fatal Error] :1:1: Premature end of file.
2026-09-28 22:22:27,255 [ERROR] LogOutputStream:75 - [STDERR_REDIRECT] 
2026-09-28 22:22:28,259 [ERROR] LogOutputStream:75 - [STDERR_REDIRECT] [Fatal Error] :1:1: Premature end of file.
2026-09-28 22:22:28,259 [ERROR] LogOutputStream:75 - [STDERR_REDIRECT] 
2026-09-28 22:22:29,266 [ERROR] LogOutputStream:75 - [STDERR_REDIRECT] [Fatal Error] :1:1: Premature end of file.
2026-09-28 22:22:29,266 [ERROR] LogOutputStream:75 - [STDERR_REDIRECT] 
2026-09-28 22:22:30,259 [ERROR] LogOutputStream:75 - [STDERR_REDIRECT] [Fatal Error] :1:1: Premature end of file.
2026-09-28 22:22:30,259 [ERROR] LogOutputStream:75 - [STDERR_REDIRECT] 
2026-09-28 22:22:31,261 [ERROR] LogOutputStream:75 - [STDERR_REDIRECT] [Fatal Error] :1:1: Premature end of file.
2026-09-28 22:22:31,261 [ERROR] LogOutputStream:75 - [STDERR_REDIRECT] 
2026-09-28 22:22:32,266 [ERROR] LogOutputStream:75 - [STDERR_REDIRECT] [Fatal Error] :1:1: Premature end of file.
2026-09-28 22:22:32,266 [ERROR] LogOutputStream:75 - [STDERR_REDIRECT] 
2026-09-28 22:22:33,256 [ERROR] LogOutputStream:75 - [STDERR_REDIRECT] [Fatal Error] :1:1: Premature end of file.
2026-09-28 22:22:33,256 [ERROR] LogOutputStream:75 - [STDERR_REDIRECT] 
2026-09-28 22:22:34,254 [ERROR] LogOutputStream:75 - [STDERR_REDIRECT] [Fatal Error] :1:1: Premature end of file.
2026-09-28 22:22:34,254 [ERROR] LogOutputStream:75 - [STDERR_REDIRECT] 
2026-09-28 22:22:35,260 [ERROR] LogOutputStream:75 - [STDERR_REDIRECT] [Fatal Error] :1:1: Premature end of file.
2026-09-28 22:22:35,260 [ERROR] LogOutputStream:75 - [STDERR_REDIRECT] 
2026-09-28 22:22:36,260 [ERROR] LogOutputStream:75 - [STDERR_REDIRECT] [Fatal Error] :1:1: Premature end of file.
2026-09-28 22:22:36,260 [ERROR] LogOutputStream:75 - [STDERR_REDIRECT] 
2026-09-28 22:22:37,275 [ERROR] LogOutputStream:75 - [STDERR_REDIRECT] [Fatal Error] :1:1: Premature end of file.
2026-09-28 22:22:37,275 [ERROR] LogOutputStream:75 - [STDERR_REDIRECT] 
2026-09-28 22:22:38,273 [ERROR] LogOutputStream:75 - [STDERR_REDIRECT] [Fatal Error] :1:1: Premature end of file.
2026-09-28 22:22:38,273 [ERROR] LogOutputStream:75 - [STDERR_REDIRECT] 
2026-09-28 22:22:39,267 [ERROR] LogOutputStream:75 - [STDERR_REDIRECT] [Fatal Error] :1:1: Premature end of file.
2026-09-28 22:22:39,267 [ERROR] LogOutputStream:75 - [STDERR_REDIRECT] 
2026-09-28 22:22:40,276 [ERROR] LogOutputStream:75 - [STDERR_REDIRECT] [Fatal Error] :1:1: Premature end of file.
2026-09-28 22:22:40,276 [ERROR] LogOutputStream:75 - [STDERR_REDIRECT] 
2026-09-28 22:22:41,264 [ERROR] LogOutputStream:75 - [STDERR_REDIRECT] [Fatal Error] :1:1: Premature end of file.
2026-09-28 22:22:41,264 [ERROR] LogOutputStream:75 - [STDERR_REDIRECT] 
2026-09-28 22:22:42,263 [ERROR] LogOutputStream:75 - [STDERR_REDIRECT] [Fatal Error] :1:1: Premature end of file.
2026-09-28 22:22:42,263 [ERROR] LogOutputStream:75 - [STDERR_REDIRECT] 
2026-09-28 22:22:43,269 [ERROR] LogOutputStream:75 - [STDERR_REDIRECT] [Fatal Error] :1:1: Premature end of file.
2026-09-28 22:22:43,269 [ERROR] LogOutputStream:75 - [STDERR_REDIRECT] 
2026-09-28 22:22:44,268 [ERROR] LogOutputStream:75 - [STDERR_REDIRECT] [Fatal Error] :1:1: Premature end of file.
2026-09-28 22:22:44,268 [ERROR] LogOutputStream:75 - [STDERR_REDIRECT] 
2026-09-28 22:22:45,254 [ERROR] LogOutputStream:75 - [STDERR_REDIRECT] [Fatal Error] :1:1: Premature end of file.
2026-09-28 22:22:45,254 [ERROR] LogOutputStream:75 - [STDERR_REDIRECT] 
2026-09-28 22:22:46,251 [ERROR] LogOutputStream:75 - [STDERR_REDIRECT] [Fatal Error] :1:1: Premature end of file.
2026-09-28 22:22:46,251 [ERROR] LogOutputStream:75 - [STDERR_REDIRECT] 
2026-09-28 22:22:47,240 [ERROR] LogOutputStream:75 - [STDERR_REDIRECT] [Fatal Error] :1:1: Premature end of file.
2026-09-28 22:22:47,240 [ERROR] LogOutputStream:75 - [STDERR_REDIRECT] 
2026-09-28 22:22:48,246 [ERROR] LogOutputStream:75 - [STDERR_REDIRECT] [Fatal Error] :1:1: Premature end of file.
2026-09-28 22:22:48,246 [ERROR] LogOutputStream:75 - [STDERR_REDIRECT] 
2026-09-28 22:22:49,237 [ERROR] LogOutputStream:75 - [STDERR_REDIRECT] [Fatal Error] :1:1: Premature end of file.
2026-09-28 22:22:49,237 [ERROR] LogOutputStream:75 - [STDERR_REDIRECT] 
2026-09-28 22:22:50,245 [ERROR] LogOutputStream:75 - [STDERR_REDIRECT] [Fatal Error] :1:1: Premature end of file.
2026-09-28 22:22:50,245 [ERROR] LogOutputStream:75 - [STDERR_REDIRECT] 
2026-09-28 22:22:51,281 [ERROR] LogOutputStream:75 - [STDERR_REDIRECT] [Fatal Error] :1:1: Premature end of file.
2026-09-28 22:22:51,281 [ERROR] LogOutputStream:75 - [STDERR_REDIRECT] 
2026-09-28 22:22:52,270 [ERROR] LogOutputStream:75 - [STDERR_REDIRECT] [Fatal Error] :1:1: Premature end of file.
2026-09-28 22:22:52,270 [ERROR] LogOutputStream:75 - [STDERR_REDIRECT] 
2026-09-28 22:22:53,250 [ERROR] LogOutputStream:75 - [STDERR_REDIRECT] [Fatal Error] :1:1: Premature end of file.
2026-09-28 22:22:53,250 [ERROR] LogOutputStream:75 - [STDERR_REDIRECT] 
2026-09-28 22:22:54,257 [ERROR] LogOutputStream:75 - [STDERR_REDIRECT] [Fatal Error] :1:1: Premature end of file.
2026-09-28 22:22:54,257 [ERROR] LogOutputStream:75 - [STDERR_REDIRECT] 
2026-09-28 22:22:55,270 [ERROR] LogOutputStream:75 - [STDERR_REDIRECT] [Fatal Error] :1:1: Premature end of file.
2026-09-28 22:22:55,270 [ERROR] LogOutputStream:75 - [STDERR_REDIRECT] 
2026-09-28 22:22:56,250 [ERROR] LogOutputStream:75 - [STDERR_REDIRECT] [Fatal Error] :1:1: Premature end of file.
2026-09-28 22:22:56,250 [ERROR] LogOutputStream:75 - [STDERR_REDIRECT] 
2026-09-28 22:22:57,256 [ERROR] LogOutputStream:75 - [STDERR_REDIRECT] [Fatal Error] :1:1: Premature end of file.
2026-09-28 22:22:57,256 [ERROR] LogOutputStream:75 - [STDERR_REDIRECT] 
2026-09-28 22:22:58,261 [ERROR] LogOutputStream:75 - [STDERR_REDIRECT] [Fatal Error] :1:1: Premature end of file.
2026-09-28 22:22:58,261 [ERROR] LogOutputStream:75 - [STDERR_REDIRECT] 
2026-09-28 22:22:59,251 [ERROR] LogOutputStream:75 - [STDERR_REDIRECT] [Fatal Error] :1:1: Premature end of file.
2026-09-28 22:22:59,251 [ERROR] LogOutputStream:75 - [STDERR_REDIRECT] 
2026-09-28 22:23:00,255 [ERROR] LogOutputStream:75 - [STDERR_REDIRECT] [Fatal Error] :1:1: Premature end of file.
2026-09-28 22:23:00,255 [ERROR] LogOutputStream:75 - [STDERR_REDIRECT] 
2026-09-28 22:23:01,272 [ERROR] LogOutputStream:75 - [STDERR_REDIRECT] [Fatal Error] :1:1: Premature end of file.
2026-09-28 22:23:01,272 [ERROR] LogOutputStream:75 - [STDERR_REDIRECT] 
2026-09-28 22:23:02,256 [ERROR] LogOutputStream:75 - [STDERR_REDIRECT] [Fatal Error] :1:1: Premature end of file.
2026-09-28 22:23:02,256 [ERROR] LogOutputStream:75 - [STDERR_REDIRECT] 
2026-09-28 22:23:03,278 [ERROR] LogOutputStream:75 - [STDERR_REDIRECT] [Fatal Error] :1:1: Premature end of file.
2026-09-28 22:23:03,278 [ERROR] LogOutputStream:75 - [STDERR_REDIRECT] 
2026-09-28 22:23:04,256 [ERROR] LogOutputStream:75 - [STDERR_REDIRECT] [Fatal Error] :1:1: Premature end of file.
2026-09-28 22:23:04,256 [ERROR] LogOutputStream:75 - [STDERR_REDIRECT] 
2026-09-28 22:23:05,259 [ERROR] LogOutputStream:75 - [STDERR_REDIRECT] [Fatal Error] :1:1: Premature end of file.
2026-09-28 22:23:05,259 [ERROR] LogOutputStream:75 - [STDERR_REDIRECT] 
2026-09-28 22:23:06,261 [ERROR] LogOutputStream:75 - [STDERR_REDIRECT] [Fatal Error] :1:1: Premature end of file.
2026-09-28 22:23:06,262 [ERROR] LogOutputStream:75 - [STDERR_REDIRECT] 
2026-09-28 22:23:07,260 [ERROR] LogOutputStream:75 - [STDERR_REDIRECT] [Fatal Error] :1:1: Premature end of file.
2026-09-28 22:23:07,260 [ERROR] LogOutputStream:75 - [STDERR_REDIRECT] 
2026-09-28 22:23:08,267 [ERROR] LogOutputStream:75 - [STDERR_REDIRECT] [Fatal Error] :1:1: Premature end of file.
2026-09-28 22:23:08,268 [ERROR] LogOutputStream:75 - [STDERR_REDIRECT] 
2026-09-28 22:23:09,274 [ERROR] LogOutputStream:75 - [STDERR_REDIRECT] [Fatal Error] :1:1: Premature end of file.
2026-09-28 22:23:09,274 [ERROR] LogOutputStream:75 - [STDERR_REDIRECT] 
2026-09-28 22:23:10,276 [ERROR] LogOutputStream:75 - [STDERR_REDIRECT] [Fatal Error] :1:1: Premature end of file.
2026-09-28 22:23:10,277 [ERROR] LogOutputStream:75 - [STDERR_REDIRECT] 
2026-09-28 22:23:11,270 [ERROR] LogOutputStream:75 - [STDERR_REDIRECT] [Fatal Error] :1:1: Premature end of file.
2026-09-28 22:23:11,270 [ERROR] LogOutputStream:75 - [STDERR_REDIRECT] 
2026-09-28 22:23:12,268 [ERROR] LogOutputStream:75 - [STDERR_REDIRECT] [Fatal Error] :1:1: Premature end of file.
2026-09-28 22:23:12,269 [ERROR] LogOutputStream:75 - [STDERR_REDIRECT] 
2026-09-28 22:23:13,252 [ERROR] LogOutputStream:75 - [STDERR_REDIRECT] [Fatal Error] :1:1: Premature end of file.
2026-09-28 22:23:13,252 [ERROR] LogOutputStream:75 - [STDERR_REDIRECT] 
2026-09-28 22:23:14,264 [ERROR] LogOutputStream:75 - [STDERR_REDIRECT] [Fatal Error] :1:1: Premature end of file.
2026-09-28 22:23:14,264 [ERROR] LogOutputStream:75 - [STDERR_REDIRECT] 
2026-09-28 22:23:15,263 [ERROR] LogOutputStream:75 - [STDERR_REDIRECT] [Fatal Error] :1:1: Premature end of file.
2026-09-28 22:23:15,263 [ERROR] LogOutputStream:75 - [STDERR_REDIRECT] 
2026-09-28 22:23:16,274 [ERROR] LogOutputStream:75 - [STDERR_REDIRECT] [Fatal Error] :1:1: Premature end of file.
2026-09-28 22:23:16,274 [ERROR] LogOutputStream:75 - [STDERR_REDIRECT] 
2026-09-28 22:23:17,269 [ERROR] LogOutputStream:75 - [STDERR_REDIRECT] [Fatal Error] :1:1: Premature end of file.
2026-09-28 22:23:17,269 [ERROR] LogOutputStream:75 - [STDERR_REDIRECT] 
2026-09-28 22:23:18,263 [ERROR] LogOutputStream:75 - [STDERR_REDIRECT] [Fatal Error] :1:1: Premature end of file.
2026-09-28 22:23:18,265 [ERROR] LogOutputStream:75 - [STDERR_REDIRECT] 
2026-09-28 22:23:19,258 [ERROR] LogOutputStream:75 - [STDERR_REDIRECT] [Fatal Error] :1:1: Premature end of file.
2026-09-28 22:23:19,258 [ERROR] LogOutputStream:75 - [STDERR_REDIRECT] 
2026-09-28 22:23:20,278 [ERROR] LogOutputStream:75 - [STDERR_REDIRECT] [Fatal Error] :1:1: Premature end of file.
2026-09-28 22:23:20,278 [ERROR] LogOutputStream:75 - [STDERR_REDIRECT] 
2026-09-28 22:23:21,278 [ERROR] LogOutputStream:75 - [STDERR_REDIRECT] [Fatal Error] :1:1: Premature end of file.
2026-09-28 22:23:21,278 [ERROR] LogOutputStream:75 - [STDERR_REDIRECT] 
2026-09-28 22:23:22,267 [ERROR] LogOutputStream:75 - [STDERR_REDIRECT] [Fatal Error] :1:1: Premature end of file.
2026-09-28 22:23:22,267 [ERROR] LogOutputStream:75 - [STDERR_REDIRECT] 
2026-09-28 22:23:23,276 [ERROR] LogOutputStream:75 - [STDERR_REDIRECT] [Fatal Error] :1:1: Premature end of file.
2026-09-28 22:23:23,276 [ERROR] LogOutputStream:75 - [STDERR_REDIRECT] 
2026-09-28 22:23:24,276 [ERROR] LogOutputStream:75 - [STDERR_REDIRECT] [Fatal Error] :1:1: Premature end of file.
2026-09-28 22:23:24,276 [ERROR] LogOutputStream:75 - [STDERR_REDIRECT] 
2026-09-28 22:23:25,273 [ERROR] LogOutputStream:75 - [STDERR_REDIRECT] [Fatal Error] :1:1: Premature end of file.
2026-09-28 22:23:25,273 [ERROR] LogOutputStream:75 - [STDERR_REDIRECT] 
2026-09-28 22:23:26,268 [ERROR] LogOutputStream:75 - [STDERR_REDIRECT] [Fatal Error] :1:1: Premature end of file.
2026-09-28 22:23:26,268 [ERROR] LogOutputStream:75 - [STDERR_REDIRECT] 
2026-09-28 22:23:27,269 [ERROR] LogOutputStream:75 - [STDERR_REDIRECT] [Fatal Error] :1:1: Premature end of file.
2026-09-28 22:23:27,269 [ERROR] LogOutputStream:75 - [STDERR_REDIRECT] 
2026-09-28 22:23:28,277 [ERROR] LogOutputStream:75 - [STDERR_REDIRECT] [Fatal Error] :1:1: Premature end of file.
2026-09-28 22:23:28,277 [ERROR] LogOutputStream:75 - [STDERR_REDIRECT] 
2026-09-28 22:23:29,276 [ERROR] LogOutputStream:75 - [STDERR_REDIRECT] [Fatal Error] :1:1: Premature end of file.
2026-09-28 22:23:29,276 [ERROR] LogOutputStream:75 - [STDERR_REDIRECT] 
2026-09-28 22:23:30,276 [ERROR] LogOutputStream:75 - [STDERR_REDIRECT] [Fatal Error] :1:1: Premature end of file.
2026-09-28 22:23:30,276 [ERROR] LogOutputStream:75 - [STDERR_REDIRECT] 
2026-09-28 22:23:31,277 [ERROR] LogOutputStream:75 - [STDERR_REDIRECT] [Fatal Error] :1:1: Premature end of file.
2026-09-28 22:23:31,277 [ERROR] LogOutputStream:75 - [STDERR_REDIRECT] 
2026-09-28 22:23:32,278 [ERROR] LogOutputStream:75 - [STDERR_REDIRECT] [Fatal Error] :1:1: Premature end of file.
2026-09-28 22:23:32,278 [ERROR] LogOutputStream:75 - [STDERR_REDIRECT] 
2026-09-28 22:23:33,276 [ERROR] LogOutputStream:75 - [STDERR_REDIRECT] [Fatal Error] :1:1: Premature end of file.
2026-09-28 22:23:33,276 [ERROR] LogOutputStream:75 - [STDERR_REDIRECT] 
2026-09-28 22:23:34,276 [ERROR] LogOutputStream:75 - [STDERR_REDIRECT] [Fatal Error] :1:1: Premature end of file.
2026-09-28 22:23:34,276 [ERROR] LogOutputStream:75 - [STDERR_REDIRECT] 
2026-09-28 22:23:35,264 [ERROR] LogOutputStream:75 - [STDERR_REDIRECT] [Fatal Error] :1:1: Premature end of file.
2026-09-28 22:23:35,264 [ERROR] LogOutputStream:75 - [STDERR_REDIRECT] 
2026-09-28 22:23:36,261 [ERROR] LogOutputStream:75 - [STDERR_REDIRECT] [Fatal Error] :1:1: Premature end of file.
2026-09-28 22:23:36,261 [ERROR] LogOutputStream:75 - [STDERR_REDIRECT] 
2026-09-28 22:23:37,259 [ERROR] LogOutputStream:75 - [STDERR_REDIRECT] [Fatal Error] :1:1: Premature end of file.
2026-09-28 22:23:37,259 [ERROR] LogOutputStream:75 - [STDERR_REDIRECT] 
2026-09-28 22:23:38,265 [ERROR] LogOutputStream:75 - [STDERR_REDIRECT] [Fatal Error] :1:1: Premature end of file.
2026-09-28 22:23:38,265 [ERROR] LogOutputStream:75 - [STDERR_REDIRECT] 
2026-09-28 22:23:39,276 [ERROR] LogOutputStream:75 - [STDERR_REDIRECT] [Fatal Error] :1:1: Premature end of file.
2026-09-28 22:23:39,276 [ERROR] LogOutputStream:75 - [STDERR_REDIRECT] 
2026-09-28 22:23:40,267 [ERROR] LogOutputStream:75 - [STDERR_REDIRECT] [Fatal Error] :1:1: Premature end of file.
2026-09-28 22:23:40,267 [ERROR] LogOutputStream:75 - [STDERR_REDIRECT] 
2026-09-28 22:23:41,273 [ERROR] LogOutputStream:75 - [STDERR_REDIRECT] [Fatal Error] :1:1: Premature end of file.
2026-09-28 22:23:41,273 [ERROR] LogOutputStream:75 - [STDERR_REDIRECT] 
2026-09-28 22:23:42,258 [ERROR] LogOutputStream:75 - [STDERR_REDIRECT] [Fatal Error] :1:1: Premature end of file.
2026-09-28 22:23:42,258 [ERROR] LogOutputStream:75 - [STDERR_REDIRECT] 
2026-09-28 22:23:43,265 [ERROR] LogOutputStream:75 - [STDERR_REDIRECT] [Fatal Error] :1:1: Premature end of file.
2026-09-28 22:23:43,265 [ERROR] LogOutputStream:75 - [STDERR_REDIRECT] 
2026-09-28 22:23:44,257 [ERROR] LogOutputStream:75 - [STDERR_REDIRECT] [Fatal Error] :1:1: Premature end of file.
2026-09-28 22:23:44,257 [ERROR] LogOutputStream:75 - [STDERR_REDIRECT] 
2026-09-28 22:23:45,257 [ERROR] LogOutputStream:75 - [STDERR_REDIRECT] [Fatal Error] :1:1: Premature end of file.
2026-09-28 22:23:45,257 [ERROR] LogOutputStream:75 - [STDERR_REDIRECT] 
2026-09-28 22:23:46,264 [ERROR] LogOutputStream:75 - [STDERR_REDIRECT] [Fatal Error] :1:1: Premature end of file.
2026-09-28 22:23:46,264 [ERROR] LogOutputStream:75 - [STDERR_REDIRECT] 
2026-09-28 22:23:47,267 [ERROR] LogOutputStream:75 - [STDERR_REDIRECT] [Fatal Error] :1:1: Premature end of file.
2026-09-28 22:23:47,267 [ERROR] LogOutputStream:75 - [STDERR_REDIRECT] 
2026-09-28 22:23:48,261 [ERROR] LogOutputStream:75 - [STDERR_REDIRECT] [Fatal Error] :1:1: Premature end of file.
2026-09-28 22:23:48,261 [ERROR] LogOutputStream:75 - [STDERR_REDIRECT] 
2026-09-28 22:23:49,263 [ERROR] LogOutputStream:75 - [STDERR_REDIRECT] [Fatal Error] :1:1: Premature end of file.
2026-09-28 22:23:49,263 [ERROR] LogOutputStream:75 - [STDERR_REDIRECT] 
2026-09-28 22:23:50,259 [ERROR] LogOutputStream:75 - [STDERR_REDIRECT] [Fatal Error] :1:1: Premature end of file.
2026-09-28 22:23:50,259 [ERROR] LogOutputStream:75 - [STDERR_REDIRECT] 
2026-09-28 22:23:51,266 [ERROR] LogOutputStream:75 - [STDERR_REDIRECT] [Fatal Error] :1:1: Premature end of file.
2026-09-28 22:23:51,267 [ERROR] LogOutputStream:75 - [STDERR_REDIRECT] 
2026-09-28 22:23:52,259 [ERROR] LogOutputStream:75 - [STDERR_REDIRECT] [Fatal Error] :1:1: Premature end of file.
2026-09-28 22:23:52,259 [ERROR] LogOutputStream:75 - [STDERR_REDIRECT] 
2026-09-28 22:23:53,264 [ERROR] LogOutputStream:75 - [STDERR_REDIRECT] [Fatal Error] :1:1: Premature end of file.
2026-09-28 22:23:53,264 [ERROR] LogOutputStream:75 - [STDERR_REDIRECT] 
2026-09-28 22:23:54,270 [ERROR] LogOutputStream:75 - [STDERR_REDIRECT] [Fatal Error] :1:1: Premature end of file.
2026-09-28 22:23:54,270 [ERROR] LogOutputStream:75 - [STDERR_REDIRECT] 
2026-09-28 22:23:55,254 [ERROR] LogOutputStream:75 - [STDERR_REDIRECT] [Fatal Error] :1:1: Premature end of file.
2026-09-28 22:23:55,254 [ERROR] LogOutputStream:75 - [STDERR_REDIRECT] 
2026-09-28 22:23:56,263 [ERROR] LogOutputStream:75 - [STDERR_REDIRECT] [Fatal Error] :1:1: Premature end of file.
2026-09-28 22:23:56,263 [ERROR] LogOutputStream:75 - [STDERR_REDIRECT] 
2026-09-28 22:23:57,261 [ERROR] LogOutputStream:75 - [STDERR_REDIRECT] [Fatal Error] :1:1: Premature end of file.
2026-09-28 22:23:57,261 [ERROR] LogOutputStream:75 - [STDERR_REDIRECT] 
2026-09-28 22:23:58,261 [ERROR] LogOutputStream:75 - [STDERR_REDIRECT] [Fatal Error] :1:1: Premature end of file.
2026-09-28 22:23:58,261 [ERROR] LogOutputStream:75 - [STDERR_REDIRECT] 
2026-09-28 22:23:59,262 [ERROR] LogOutputStream:75 - [STDERR_REDIRECT] [Fatal Error] :1:1: Premature end of file.
2026-09-28 22:23:59,262 [ERROR] LogOutputStream:75 - [STDERR_REDIRECT] 
2026-09-28 22:24:00,257 [ERROR] LogOutputStream:75 - [STDERR_REDIRECT] [Fatal Error] :1:1: Premature end of file.
2026-09-28 22:24:00,257 [ERROR] LogOutputStream:75 - [STDERR_REDIRECT] 
2026-09-28 22:24:01,263 [ERROR] LogOutputStream:75 - [STDERR_REDIRECT] [Fatal Error] :1:1: Premature end of file.
2026-09-28 22:24:01,263 [ERROR] LogOutputStream:75 - [STDERR_REDIRECT] 
2026-09-28 22:24:02,261 [ERROR] LogOutputStream:75 - [STDERR_REDIRECT] [Fatal Error] :1:1: Premature end of file.
2026-09-28 22:24:02,261 [ERROR] LogOutputStream:75 - [STDERR_REDIRECT] 
2026-09-28 22:24:03,270 [ERROR] LogOutputStream:75 - [STDERR_REDIRECT] [Fatal Error] :1:1: Premature end of file.
2026-09-28 22:24:03,270 [ERROR] LogOutputStream:75 - [STDERR_REDIRECT] 
2026-09-28 22:24:04,263 [ERROR] LogOutputStream:75 - [STDERR_REDIRECT] [Fatal Error] :1:1: Premature end of file.
2026-09-28 22:24:04,263 [ERROR] LogOutputStream:75 - [STDERR_REDIRECT] 
2026-09-28 22:24:05,270 [ERROR] LogOutputStream:75 - [STDERR_REDIRECT] [Fatal Error] :1:1: Premature end of file.
2026-09-28 22:24:05,270 [ERROR] LogOutputStream:75 - [STDERR_REDIRECT] 
2026-09-28 22:24:06,268 [ERROR] LogOutputStream:75 - [STDERR_REDIRECT] [Fatal Error] :1:1: Premature end of file.
2026-09-28 22:24:06,268 [ERROR] LogOutputStream:75 - [STDERR_REDIRECT] 
2026-09-28 22:24:07,258 [ERROR] LogOutputStream:75 - [STDERR_REDIRECT] [Fatal Error] :1:1: Premature end of file.
2026-09-28 22:24:07,258 [ERROR] LogOutputStream:75 - [STDERR_REDIRECT] 
2026-09-28 22:24:08,261 [ERROR] LogOutputStream:75 - [STDERR_REDIRECT] [Fatal Error] :1:1: Premature end of file.
2026-09-28 22:24:08,261 [ERROR] LogOutputStream:75 - [STDERR_REDIRECT] 
2026-09-28 22:24:09,258 [ERROR] LogOutputStream:75 - [STDERR_REDIRECT] [Fatal Error] :1:1: Premature end of file.
2026-09-28 22:24:09,259 [ERROR] LogOutputStream:75 - [STDERR_REDIRECT] 
2026-09-28 22:24:10,272 [ERROR] LogOutputStream:75 - [STDERR_REDIRECT] [Fatal Error] :1:1: Premature end of file.
2026-09-28 22:24:10,272 [ERROR] LogOutputStream:75 - [STDERR_REDIRECT] 
2026-09-28 22:24:11,262 [ERROR] LogOutputStream:75 - [STDERR_REDIRECT] [Fatal Error] :1:1: Premature end of file.
2026-09-28 22:24:11,262 [ERROR] LogOutputStream:75 - [STDERR_REDIRECT] 
2026-09-28 22:24:12,268 [ERROR] LogOutputStream:75 - [STDERR_REDIRECT] [Fatal Error] :1:1: Premature end of file.
2026-09-28 22:24:12,268 [ERROR] LogOutputStream:75 - [STDERR_REDIRECT] 
2026-09-28 22:24:13,262 [ERROR] LogOutputStream:75 - [STDERR_REDIRECT] [Fatal Error] :1:1: Premature end of file.
2026-09-28 22:24:13,262 [ERROR] LogOutputStream:75 - [STDERR_REDIRECT] 
2026-09-28 22:24:14,269 [ERROR] LogOutputStream:75 - [STDERR_REDIRECT] [Fatal Error] :1:1: Premature end of file.
2026-09-28 22:24:14,269 [ERROR] LogOutputStream:75 - [STDERR_REDIRECT] 
2026-09-28 22:24:15,263 [ERROR] LogOutputStream:75 - [STDERR_REDIRECT] [Fatal Error] :1:1: Premature end of file.
2026-09-28 22:24:15,263 [ERROR] LogOutputStream:75 - [STDERR_REDIRECT] 
2026-09-28 22:24:16,261 [ERROR] LogOutputStream:75 - [STDERR_REDIRECT] [Fatal Error] :1:1: Premature end of file.
2026-09-28 22:24:16,261 [ERROR] LogOutputStream:75 - [STDERR_REDIRECT] 
2026-09-28 22:24:17,261 [ERROR] LogOutputStream:75 - [STDERR_REDIRECT] [Fatal Error] :1:1: Premature end of file.
2026-09-28 22:24:17,261 [ERROR] LogOutputStream:75 - [STDERR_REDIRECT] 
2026-09-28 22:24:18,263 [ERROR] LogOutputStream:75 - [STDERR_REDIRECT] [Fatal Error] :1:1: Premature end of file.
2026-09-28 22:24:18,263 [ERROR] LogOutputStream:75 - [STDERR_REDIRECT] 
2026-09-28 22:24:19,263 [ERROR] LogOutputStream:75 - [STDERR_REDIRECT] [Fatal Error] :1:1: Premature end of file.
2026-09-28 22:24:19,263 [ERROR] LogOutputStream:75 - [STDERR_REDIRECT] 
2026-09-28 22:24:20,262 [ERROR] LogOutputStream:75 - [STDERR_REDIRECT] [Fatal Error] :1:1: Premature end of file.
2026-09-28 22:24:20,262 [ERROR] LogOutputStream:75 - [STDERR_REDIRECT] 
2026-09-28 22:24:21,253 [ERROR] LogOutputStream:75 - [STDERR_REDIRECT] [Fatal Error] :1:1: Premature end of file.
2026-09-28 22:24:21,253 [ERROR] LogOutputStream:75 - [STDERR_REDIRECT] 
2026-09-28 22:24:22,257 [ERROR] LogOutputStream:75 - [STDERR_REDIRECT] [Fatal Error] :1:1: Premature end of file.
2026-09-28 22:24:22,257 [ERROR] LogOutputStream:75 - [STDERR_REDIRECT] 
2026-09-28 22:24:23,275 [ERROR] LogOutputStream:75 - [STDERR_REDIRECT] [Fatal Error] :1:1: Premature end of file.
2026-09-28 22:24:23,275 [ERROR] LogOutputStream:75 - [STDERR_REDIRECT] 
2026-09-28 22:24:24,269 [ERROR] LogOutputStream:75 - [STDERR_REDIRECT] [Fatal Error] :1:1: Premature end of file.
2026-09-28 22:24:24,269 [ERROR] LogOutputStream:75 - [STDERR_REDIRECT] 
2026-09-28 22:24:25,275 [ERROR] LogOutputStream:75 - [STDERR_REDIRECT] [Fatal Error] :1:1: Premature end of file.
2026-09-28 22:24:25,275 [ERROR] LogOutputStream:75 - [STDERR_REDIRECT] 
2026-09-28 22:24:26,278 [ERROR] LogOutputStream:75 - [STDERR_REDIRECT] [Fatal Error] :1:1: Premature end of file.
2026-09-28 22:24:26,279 [ERROR] LogOutputStream:75 - [STDERR_REDIRECT] 
2026-09-28 22:24:27,255 [ERROR] LogOutputStream:75 - [STDERR_REDIRECT] [Fatal Error] :1:1: Premature end of file.
2026-09-28 22:24:27,255 [ERROR] LogOutputStream:75 - [STDERR_REDIRECT] 
2026-09-28 22:24:28,264 [ERROR] LogOutputStream:75 - [STDERR_REDIRECT] [Fatal Error] :1:1: Premature end of file.
2026-09-28 22:24:28,264 [ERROR] LogOutputStream:75 - [STDERR_REDIRECT] 
2026-09-28 22:24:29,271 [ERROR] LogOutputStream:75 - [STDERR_REDIRECT] [Fatal Error] :1:1: Premature end of file.
2026-09-28 22:24:29,271 [ERROR] LogOutputStream:75 - [STDERR_REDIRECT] 
2026-09-28 22:24:30,277 [ERROR] LogOutputStream:75 - [STDERR_REDIRECT] [Fatal Error] :1:1: Premature end of file.
2026-09-28 22:24:30,277 [ERROR] LogOutputStream:75 - [STDERR_REDIRECT] 
2026-09-28 22:24:31,281 [ERROR] LogOutputStream:75 - [STDERR_REDIRECT] [Fatal Error] :1:1: Premature end of file.
2026-09-28 22:24:31,281 [ERROR] LogOutputStream:75 - [STDERR_REDIRECT] 
2026-09-28 22:24:32,265 [ERROR] LogOutputStream:75 - [STDERR_REDIRECT] [Fatal Error] :1:1: Premature end of file.
2026-09-28 22:24:32,265 [ERROR] LogOutputStream:75 - [STDERR_REDIRECT] 
2026-09-28 22:24:33,269 [ERROR] LogOutputStream:75 - [STDERR_REDIRECT] [Fatal Error] :1:1: Premature end of file.
2026-09-28 22:24:33,269 [ERROR] LogOutputStream:75 - [STDERR_REDIRECT] 
2026-09-28 22:24:34,266 [ERROR] LogOutputStream:75 - [STDERR_REDIRECT] [Fatal Error] :1:1: Premature end of file.
2026-09-28 22:24:34,266 [ERROR] LogOutputStream:75 - [STDERR_REDIRECT] 
2026-09-28 22:24:35,277 [ERROR] LogOutputStream:75 - [STDERR_REDIRECT] [Fatal Error] :1:1: Premature end of file.
2026-09-28 22:24:35,277 [ERROR] LogOutputStream:75 - [STDERR_REDIRECT] 
2026-09-28 22:24:36,268 [ERROR] LogOutputStream:75 - [STDERR_REDIRECT] [Fatal Error] :1:1: Premature end of file.
2026-09-28 22:24:36,268 [ERROR] LogOutputStream:75 - [STDERR_REDIRECT] 
2026-09-28 22:24:37,266 [ERROR] LogOutputStream:75 - [STDERR_REDIRECT] [Fatal Error] :1:1: Premature end of file.
2026-09-28 22:24:37,266 [ERROR] LogOutputStream:75 - [STDERR_REDIRECT] 
2026-09-28 22:24:38,257 [ERROR] LogOutputStream:75 - [STDERR_REDIRECT] [Fatal Error] :1:1: Premature end of file.
2026-09-28 22:24:38,257 [ERROR] LogOutputStream:75 - [STDERR_REDIRECT] 
2026-09-28 22:24:39,270 [ERROR] LogOutputStream:75 - [STDERR_REDIRECT] [Fatal Error] :1:1: Premature end of file.
2026-09-28 22:24:39,272 [ERROR] LogOutputStream:75 - [STDERR_REDIRECT] 
2026-09-28 22:24:40,258 [ERROR] LogOutputStream:75 - [STDERR_REDIRECT] [Fatal Error] :1:1: Premature end of file.
2026-09-28 22:24:40,258 [ERROR] LogOutputStream:75 - [STDERR_REDIRECT] 
2026-09-28 22:24:41,270 [ERROR] LogOutputStream:75 - [STDERR_REDIRECT] [Fatal Error] :1:1: Premature end of file.
2026-09-28 22:24:41,270 [ERROR] LogOutputStream:75 - [STDERR_REDIRECT] 
2026-09-28 22:24:42,273 [ERROR] LogOutputStream:75 - [STDERR_REDIRECT] [Fatal Error] :1:1: Premature end of file.
2026-09-28 22:24:42,273 [ERROR] LogOutputStream:75 - [STDERR_REDIRECT] 
2026-09-28 22:24:43,263 [ERROR] LogOutputStream:75 - [STDERR_REDIRECT] [Fatal Error] :1:1: Premature end of file.
2026-09-28 22:24:43,263 [ERROR] LogOutputStream:75 - [STDERR_REDIRECT] 
2026-09-28 22:24:44,279 [ERROR] LogOutputStream:75 - [STDERR_REDIRECT] [Fatal Error] :1:1: Premature end of file.
2026-09-28 22:24:44,280 [ERROR] LogOutputStream:75 - [STDERR_REDIRECT] 
2026-09-28 22:24:45,258 [ERROR] LogOutputStream:75 - [STDERR_REDIRECT] [Fatal Error] :1:1: Premature end of file.
2026-09-28 22:24:45,258 [ERROR] LogOutputStream:75 - [STDERR_REDIRECT] 
2026-09-28 22:24:46,261 [ERROR] LogOutputStream:75 - [STDERR_REDIRECT] [Fatal Error] :1:1: Premature end of file.
2026-09-28 22:24:46,261 [ERROR] LogOutputStream:75 - [STDERR_REDIRECT] 
2026-09-28 22:24:47,268 [ERROR] LogOutputStream:75 - [STDERR_REDIRECT] [Fatal Error] :1:1: Premature end of file.
2026-09-28 22:24:47,268 [ERROR] LogOutputStream:75 - [STDERR_REDIRECT] 
2026-09-28 22:24:48,285 [ERROR] LogOutputStream:75 - [STDERR_REDIRECT] [Fatal Error] :1:1: Premature end of file.
2026-09-28 22:24:48,285 [ERROR] LogOutputStream:75 - [STDERR_REDIRECT] 
2026-09-28 22:24:49,257 [ERROR] LogOutputStream:75 - [STDERR_REDIRECT] [Fatal Error] :1:1: Premature end of file.
2026-09-28 22:24:49,257 [ERROR] LogOutputStream:75 - [STDERR_REDIRECT] 
2026-09-28 22:24:50,262 [ERROR] LogOutputStream:75 - [STDERR_REDIRECT] [Fatal Error] :1:1: Premature end of file.
2026-09-28 22:24:50,262 [ERROR] LogOutputStream:75 - [STDERR_REDIRECT] 
2026-09-28 22:24:51,258 [ERROR] LogOutputStream:75 - [STDERR_REDIRECT] [Fatal Error] :1:1: Premature end of file.
2026-09-28 22:24:51,258 [ERROR] LogOutputStream:75 - [STDERR_REDIRECT] 
2026-09-28 22:24:52,265 [ERROR] LogOutputStream:75 - [STDERR_REDIRECT] [Fatal Error] :1:1: Premature end of file.
2026-09-28 22:24:52,265 [ERROR] LogOutputStream:75 - [STDERR_REDIRECT] 
2026-09-28 22:24:53,266 [ERROR] LogOutputStream:75 - [STDERR_REDIRECT] [Fatal Error] :1:1: Premature end of file.
2026-09-28 22:24:53,266 [ERROR] LogOutputStream:75 - [STDERR_REDIRECT] 
2026-09-28 22:24:54,256 [ERROR] LogOutputStream:75 - [STDERR_REDIRECT] [Fatal Error] :1:1: Premature end of file.
2026-09-28 22:24:54,256 [ERROR] LogOutputStream:75 - [STDERR_REDIRECT] 
2026-09-28 22:24:55,267 [ERROR] LogOutputStream:75 - [STDERR_REDIRECT] [Fatal Error] :1:1: Premature end of file.
2026-09-28 22:24:55,267 [ERROR] LogOutputStream:75 - [STDERR_REDIRECT] 
2026-09-28 22:24:56,261 [ERROR] LogOutputStream:75 - [STDERR_REDIRECT] [Fatal Error] :1:1: Premature end of file.
2026-09-28 22:24:56,261 [ERROR] LogOutputStream:75 - [STDERR_REDIRECT] 
2026-09-28 22:24:57,266 [ERROR] LogOutputStream:75 - [STDERR_REDIRECT] [Fatal Error] :1:1: Premature end of file.
2026-09-28 22:24:57,266 [ERROR] LogOutputStream:75 - [STDERR_REDIRECT] 
2026-09-28 22:24:58,255 [ERROR] LogOutputStream:75 - [STDERR_REDIRECT] [Fatal Error] :1:1: Premature end of file.
2026-09-28 22:24:58,255 [ERROR] LogOutputStream:75 - [STDERR_REDIRECT] 
2026-09-28 22:24:59,267 [ERROR] LogOutputStream:75 - [STDERR_REDIRECT] [Fatal Error] :1:1: Premature end of file.
2026-09-28 22:24:59,267 [ERROR] LogOutputStream:75 - [STDERR_REDIRECT] 
2026-09-28 22:25:00,259 [ERROR] LogOutputStream:75 - [STDERR_REDIRECT] [Fatal Error] :1:1: Premature end of file.
2026-09-28 22:25:00,259 [ERROR] LogOutputStream:75 - [STDERR_REDIRECT] 
2026-09-28 22:25:01,263 [ERROR] LogOutputStream:75 - [STDERR_REDIRECT] [Fatal Error] :1:1: Premature end of file.
2026-09-28 22:25:01,263 [ERROR] LogOutputStream:75 - [STDERR_REDIRECT] 
2026-09-28 22:25:02,265 [ERROR] LogOutputStream:75 - [STDERR_REDIRECT] [Fatal Error] :1:1: Premature end of file.
2026-09-28 22:25:02,265 [ERROR] LogOutputStream:75 - [STDERR_REDIRECT] 
2026-09-28 22:25:03,264 [ERROR] LogOutputStream:75 - [STDERR_REDIRECT] [Fatal Error] :1:1: Premature end of file.
2026-09-28 22:25:03,264 [ERROR] LogOutputStream:75 - [STDERR_REDIRECT] 
2026-09-28 22:25:04,264 [ERROR] LogOutputStream:75 - [STDERR_REDIRECT] [Fatal Error] :1:1: Premature end of file.
2026-09-28 22:25:04,264 [ERROR] LogOutputStream:75 - [STDERR_REDIRECT] 
2026-09-28 22:25:05,252 [ERROR] LogOutputStream:75 - [STDERR_REDIRECT] [Fatal Error] :1:1: Premature end of file.
2026-09-28 22:25:05,254 [ERROR] LogOutputStream:75 - [STDERR_REDIRECT] 
2026-09-28 22:25:06,261 [ERROR] LogOutputStream:75 - [STDERR_REDIRECT] [Fatal Error] :1:1: Premature end of file.
2026-09-28 22:25:06,261 [ERROR] LogOutputStream:75 - [STDERR_REDIRECT] 
2026-09-28 22:25:07,248 [ERROR] LogOutputStream:75 - [STDERR_REDIRECT] [Fatal Error] :1:1: Premature end of file.
2026-09-28 22:25:07,248 [ERROR] LogOutputStream:75 - [STDERR_REDIRECT] 
2026-09-28 22:25:08,258 [ERROR] LogOutputStream:75 - [STDERR_REDIRECT] [Fatal Error] :1:1: Premature end of file.
2026-09-28 22:25:08,258 [ERROR] LogOutputStream:75 - [STDERR_REDIRECT] 
2026-09-28 22:25:09,255 [ERROR] LogOutputStream:75 - [STDERR_REDIRECT] [Fatal Error] :1:1: Premature end of file.
2026-09-28 22:25:09,255 [ERROR] LogOutputStream:75 - [STDERR_REDIRECT] 
2026-09-28 22:25:10,257 [ERROR] LogOutputStream:75 - [STDERR_REDIRECT] [Fatal Error] :1:1: Premature end of file.
2026-09-28 22:25:10,257 [ERROR] LogOutputStream:75 - [STDERR_REDIRECT] 
2026-09-28 22:25:11,253 [ERROR] LogOutputStream:75 - [STDERR_REDIRECT] [Fatal Error] :1:1: Premature end of file.
2026-09-28 22:25:11,253 [ERROR] LogOutputStream:75 - [STDERR_REDIRECT] 
2026-09-28 22:25:12,251 [ERROR] LogOutputStream:75 - [STDERR_REDIRECT] [Fatal Error] :1:1: Premature end of file.
2026-09-28 22:25:12,254 [ERROR] LogOutputStream:75 - [STDERR_REDIRECT] 
2026-09-28 22:25:13,255 [ERROR] LogOutputStream:75 - [STDERR_REDIRECT] [Fatal Error] :1:1: Premature end of file.
2026-09-28 22:25:13,255 [ERROR] LogOutputStream:75 - [STDERR_REDIRECT] 
2026-09-28 22:25:14,264 [ERROR] LogOutputStream:75 - [STDERR_REDIRECT] [Fatal Error] :1:1: Premature end of file.
2026-09-28 22:25:14,265 [ERROR] LogOutputStream:75 - [STDERR_REDIRECT] 
2026-09-28 22:25:15,259 [ERROR] LogOutputStream:75 - [STDERR_REDIRECT] [Fatal Error] :1:1: Premature end of file.
2026-09-28 22:25:15,259 [ERROR] LogOutputStream:75 - [STDERR_REDIRECT] 
2026-09-28 22:25:16,256 [ERROR] LogOutputStream:75 - [STDERR_REDIRECT] [Fatal Error] :1:1: Premature end of file.
2026-09-28 22:25:16,256 [ERROR] LogOutputStream:75 - [STDERR_REDIRECT] 
2026-09-28 22:25:17,251 [ERROR] LogOutputStream:75 - [STDERR_REDIRECT] [Fatal Error] :1:1: Premature end of file.
2026-09-28 22:25:17,251 [ERROR] LogOutputStream:75 - [STDERR_REDIRECT] 
2026-09-28 22:25:18,256 [ERROR] LogOutputStream:75 - [STDERR_REDIRECT] [Fatal Error] :1:1: Premature end of file.
2026-09-28 22:25:18,256 [ERROR] LogOutputStream:75 - [STDERR_REDIRECT] 
2026-09-28 22:25:19,254 [ERROR] LogOutputStream:75 - [STDERR_REDIRECT] [Fatal Error] :1:1: Premature end of file.
2026-09-28 22:25:19,254 [ERROR] LogOutputStream:75 - [STDERR_REDIRECT] 
2026-09-28 22:25:20,263 [ERROR] LogOutputStream:75 - [STDERR_REDIRECT] [Fatal Error] :1:1: Premature end of file.
2026-09-28 22:25:20,263 [ERROR] LogOutputStream:75 - [STDERR_REDIRECT] 
2026-09-28 22:25:21,265 [ERROR] LogOutputStream:75 - [STDERR_REDIRECT] [Fatal Error] :1:1: Premature end of file.
2026-09-28 22:25:21,265 [ERROR] LogOutputStream:75 - [STDERR_REDIRECT] 
2026-09-28 22:25:22,265 [ERROR] LogOutputStream:75 - [STDERR_REDIRECT] [Fatal Error] :1:1: Premature end of file.
2026-09-28 22:25:22,265 [ERROR] LogOutputStream:75 - [STDERR_REDIRECT] 
2026-09-28 22:25:23,323 [ERROR] LogOutputStream:75 - [STDERR_REDIRECT] [Fatal Error] :1:1: Premature end of file.
2026-09-28 22:25:23,323 [ERROR] LogOutputStream:75 - [STDERR_REDIRECT] 
2026-09-28 22:25:24,256 [ERROR] LogOutputStream:75 - [STDERR_REDIRECT] [Fatal Error] :1:1: Premature end of file.
2026-09-28 22:25:24,256 [ERROR] LogOutputStream:75 - [STDERR_REDIRECT] 
2026-09-28 22:25:25,267 [ERROR] LogOutputStream:75 - [STDERR_REDIRECT] [Fatal Error] :1:1: Premature end of file.
2026-09-28 22:25:25,267 [ERROR] LogOutputStream:75 - [STDERR_REDIRECT] 
2026-09-28 22:25:26,264 [ERROR] LogOutputStream:75 - [STDERR_REDIRECT] [Fatal Error] :1:1: Premature end of file.
2026-09-28 22:25:26,264 [ERROR] LogOutputStream:75 - [STDERR_REDIRECT] 
2026-09-28 22:25:27,253 [ERROR] LogOutputStream:75 - [STDERR_REDIRECT] [Fatal Error] :1:1: Premature end of file.
2026-09-28 22:25:27,253 [ERROR] LogOutputStream:75 - [STDERR_REDIRECT] 
2026-09-28 22:25:28,263 [ERROR] LogOutputStream:75 - [STDERR_REDIRECT] [Fatal Error] :1:1: Premature end of file.
2026-09-28 22:25:28,263 [ERROR] LogOutputStream:75 - [STDERR_REDIRECT] 
2026-09-28 22:25:29,260 [ERROR] LogOutputStream:75 - [STDERR_REDIRECT] [Fatal Error] :1:1: Premature end of file.
2026-09-28 22:25:29,260 [ERROR] LogOutputStream:75 - [STDERR_REDIRECT] 
2026-09-28 22:25:30,258 [ERROR] LogOutputStream:75 - [STDERR_REDIRECT] [Fatal Error] :1:1: Premature end of file.
2026-09-28 22:25:30,259 [ERROR] LogOutputStream:75 - [STDERR_REDIRECT] 
2026-09-28 22:25:31,261 [ERROR] LogOutputStream:75 - [STDERR_REDIRECT] [Fatal Error] :1:1: Premature end of file.
2026-09-28 22:25:31,261 [ERROR] LogOutputStream:75 - [STDERR_REDIRECT] 
2026-09-28 22:25:32,257 [ERROR] LogOutputStream:75 - [STDERR_REDIRECT] [Fatal Error] :1:1: Premature end of file.
2026-09-28 22:25:32,257 [ERROR] LogOutputStream:75 - [STDERR_REDIRECT] 
2026-09-28 22:25:33,259 [ERROR] LogOutputStream:75 - [STDERR_REDIRECT] [Fatal Error] :1:1: Premature end of file.
2026-09-28 22:25:33,259 [ERROR] LogOutputStream:75 - [STDERR_REDIRECT] 
2026-09-28 22:25:34,256 [ERROR] LogOutputStream:75 - [STDERR_REDIRECT] [Fatal Error] :1:1: Premature end of file.
2026-09-28 22:25:34,256 [ERROR] LogOutputStream:75 - [STDERR_REDIRECT] 
2026-09-28 22:25:35,258 [ERROR] LogOutputStream:75 - [STDERR_REDIRECT] [Fatal Error] :1:1: Premature end of file.
2026-09-28 22:25:35,258 [ERROR] LogOutputStream:75 - [STDERR_REDIRECT] 
2026-09-28 22:25:36,255 [ERROR] LogOutputStream:75 - [STDERR_REDIRECT] [Fatal Error] :1:1: Premature end of file.
2026-09-28 22:25:36,255 [ERROR] LogOutputStream:75 - [STDERR_REDIRECT] 
2026-09-28 22:25:37,259 [ERROR] LogOutputStream:75 - [STDERR_REDIRECT] [Fatal Error] :1:1: Premature end of file.
2026-09-28 22:25:37,259 [ERROR] LogOutputStream:75 - [STDERR_REDIRECT] 
2026-09-28 22:25:38,248 [ERROR] LogOutputStream:75 - [STDERR_REDIRECT] [Fatal Error] :1:1: Premature end of file.
2026-09-28 22:25:38,248 [ERROR] LogOutputStream:75 - [STDERR_REDIRECT] 
2026-09-28 22:25:39,251 [ERROR] LogOutputStream:75 - [STDERR_REDIRECT] [Fatal Error] :1:1: Premature end of file.
2026-09-28 22:25:39,251 [ERROR] LogOutputStream:75 - [STDERR_REDIRECT] 
2026-09-28 22:25:40,265 [ERROR] LogOutputStream:75 - [STDERR_REDIRECT] [Fatal Error] :1:1: Premature end of file.
2026-09-28 22:25:40,265 [ERROR] LogOutputStream:75 - [STDERR_REDIRECT] 
2026-09-28 22:25:41,259 [ERROR] LogOutputStream:75 - [STDERR_REDIRECT] [Fatal Error] :1:1: Premature end of file.
2026-09-28 22:25:41,259 [ERROR] LogOutputStream:75 - [STDERR_REDIRECT] 
2026-09-28 22:25:42,261 [ERROR] LogOutputStream:75 - [STDERR_REDIRECT] [Fatal Error] :1:1: Premature end of file.
2026-09-28 22:25:42,261 [ERROR] LogOutputStream:75 - [STDERR_REDIRECT] 
2026-09-28 22:25:43,250 [ERROR] LogOutputStream:75 - [STDERR_REDIRECT] [Fatal Error] :1:1: Premature end of file.
2026-09-28 22:25:43,252 [ERROR] LogOutputStream:75 - [STDERR_REDIRECT] 
2026-09-28 22:25:44,259 [ERROR] LogOutputStream:75 - [STDERR_REDIRECT] [Fatal Error] :1:1: Premature end of file.
2026-09-28 22:25:44,259 [ERROR] LogOutputStream:75 - [STDERR_REDIRECT] 
2026-09-28 22:25:45,254 [ERROR] LogOutputStream:75 - [STDERR_REDIRECT] [Fatal Error] :1:1: Premature end of file.
2026-09-28 22:25:45,254 [ERROR] LogOutputStream:75 - [STDERR_REDIRECT] 
2026-09-28 22:25:46,255 [ERROR] LogOutputStream:75 - [STDERR_REDIRECT] [Fatal Error] :1:1: Premature end of file.
2026-09-28 22:25:46,255 [ERROR] LogOutputStream:75 - [STDERR_REDIRECT] 
2026-09-28 22:25:47,253 [ERROR] LogOutputStream:75 - [STDERR_REDIRECT] [Fatal Error] :1:1: Premature end of file.
2026-09-28 22:25:47,253 [ERROR] LogOutputStream:75 - [STDERR_REDIRECT] 
2026-09-28 22:25:48,261 [ERROR] LogOutputStream:75 - [STDERR_REDIRECT] [Fatal Error] :1:1: Premature end of file.
2026-09-28 22:25:48,261 [ERROR] LogOutputStream:75 - [STDERR_REDIRECT] 
2026-09-28 22:25:49,256 [ERROR] LogOutputStream:75 - [STDERR_REDIRECT] [Fatal Error] :1:1: Premature end of file.
2026-09-28 22:25:49,256 [ERROR] LogOutputStream:75 - [STDERR_REDIRECT] 
2026-09-28 22:25:50,248 [ERROR] LogOutputStream:75 - [STDERR_REDIRECT] [Fatal Error] :1:1: Premature end of file.
2026-09-28 22:25:50,248 [ERROR] LogOutputStream:75 - [STDERR_REDIRECT] 
2026-09-28 22:25:51,257 [ERROR] LogOutputStream:75 - [STDERR_REDIRECT] [Fatal Error] :1:1: Premature end of file.
2026-09-28 22:25:51,257 [ERROR] LogOutputStream:75 - [STDERR_REDIRECT] 
2026-09-28 22:25:52,252 [ERROR] LogOutputStream:75 - [STDERR_REDIRECT] [Fatal Error] :1:1: Premature end of file.
2026-09-28 22:25:52,252 [ERROR] LogOutputStream:75 - [STDERR_REDIRECT] 
2026-09-28 22:25:53,254 [ERROR] LogOutputStream:75 - [STDERR_REDIRECT] [Fatal Error] :1:1: Premature end of file.
2026-09-28 22:25:53,254 [ERROR] LogOutputStream:75 - [STDERR_REDIRECT] 
2026-09-28 22:25:54,255 [ERROR] LogOutputStream:75 - [STDERR_REDIRECT] [Fatal Error] :1:1: Premature end of file.
2026-09-28 22:25:54,255 [ERROR] LogOutputStream:75 - [STDERR_REDIRECT] 
2026-09-28 22:25:55,259 [ERROR] LogOutputStream:75 - [STDERR_REDIRECT] [Fatal Error] :1:1: Premature end of file.
2026-09-28 22:25:55,259 [ERROR] LogOutputStream:75 - [STDERR_REDIRECT] 
2026-09-28 22:25:56,253 [ERROR] LogOutputStream:75 - [STDERR_REDIRECT] [Fatal Error] :1:1: Premature end of file.
2026-09-28 22:25:56,253 [ERROR] LogOutputStream:75 - [STDERR_REDIRECT] 
2026-09-28 22:25:57,253 [ERROR] LogOutputStream:75 - [STDERR_REDIRECT] [Fatal Error] :1:1: Premature end of file.
2026-09-28 22:25:57,253 [ERROR] LogOutputStream:75 - [STDERR_REDIRECT] 
2026-09-28 22:25:58,254 [ERROR] LogOutputStream:75 - [STDERR_REDIRECT] [Fatal Error] :1:1: Premature end of file.
2026-09-28 22:25:58,254 [ERROR] LogOutputStream:75 - [STDERR_REDIRECT] 
2026-09-28 22:25:59,264 [ERROR] LogOutputStream:75 - [STDERR_REDIRECT] [Fatal Error] :1:1: Premature end of file.
2026-09-28 22:25:59,264 [ERROR] LogOutputStream:75 - [STDERR_REDIRECT] 
2026-09-28 22:26:00,256 [ERROR] LogOutputStream:75 - [STDERR_REDIRECT] [Fatal Error] :1:1: Premature end of file.
2026-09-28 22:26:00,257 [ERROR] LogOutputStream:75 - [STDERR_REDIRECT] 
2026-09-28 22:26:01,255 [ERROR] LogOutputStream:75 - [STDERR_REDIRECT] [Fatal Error] :1:1: Premature end of file.
2026-09-28 22:26:01,255 [ERROR] LogOutputStream:75 - [STDERR_REDIRECT] 
2026-09-28 22:26:02,254 [ERROR] LogOutputStream:75 - [STDERR_REDIRECT] [Fatal Error] :1:1: Premature end of file.
2026-09-28 22:26:02,254 [ERROR] LogOutputStream:75 - [STDERR_REDIRECT] 
2026-09-28 22:26:03,259 [ERROR] LogOutputStream:75 - [STDERR_REDIRECT] [Fatal Error] :1:1: Premature end of file.
2026-09-28 22:26:03,259 [ERROR] LogOutputStream:75 - [STDERR_REDIRECT] 
2026-09-28 22:26:04,251 [ERROR] LogOutputStream:75 - [STDERR_REDIRECT] [Fatal Error] :1:1: Premature end of file.
2026-09-28 22:26:04,251 [ERROR] LogOutputStream:75 - [STDERR_REDIRECT] 
2026-09-28 22:26:05,254 [ERROR] LogOutputStream:75 - [STDERR_REDIRECT] [Fatal Error] :1:1: Premature end of file.
2026-09-28 22:26:05,254 [ERROR] LogOutputStream:75 - [STDERR_REDIRECT] 
2026-09-28 22:26:06,258 [ERROR] LogOutputStream:75 - [STDERR_REDIRECT] [Fatal Error] :1:1: Premature end of file.
2026-09-28 22:26:06,258 [ERROR] LogOutputStream:75 - [STDERR_REDIRECT] 
2026-09-28 22:26:07,251 [ERROR] LogOutputStream:75 - [STDERR_REDIRECT] [Fatal Error] :1:1: Premature end of file.
2026-09-28 22:26:07,251 [ERROR] LogOutputStream:75 - [STDERR_REDIRECT] 
2026-09-28 22:26:08,256 [ERROR] LogOutputStream:75 - [STDERR_REDIRECT] [Fatal Error] :1:1: Premature end of file.
2026-09-28 22:26:08,256 [ERROR] LogOutputStream:75 - [STDERR_REDIRECT] 
2026-09-28 22:26:09,263 [ERROR] LogOutputStream:75 - [STDERR_REDIRECT] [Fatal Error] :1:1: Premature end of file.
2026-09-28 22:26:09,263 [ERROR] LogOutputStream:75 - [STDERR_REDIRECT] 
2026-09-28 22:26:10,264 [ERROR] LogOutputStream:75 - [STDERR_REDIRECT] [Fatal Error] :1:1: Premature end of file.
2026-09-28 22:26:10,265 [ERROR] LogOutputStream:75 - [STDERR_REDIRECT] 
2026-09-28 22:26:11,257 [ERROR] LogOutputStream:75 - [STDERR_REDIRECT] [Fatal Error] :1:1: Premature end of file.
2026-09-28 22:26:11,257 [ERROR] LogOutputStream:75 - [STDERR_REDIRECT] 
2026-09-28 22:26:12,272 [ERROR] LogOutputStream:75 - [STDERR_REDIRECT] [Fatal Error] :1:1: Premature end of file.
2026-09-28 22:26:12,274 [ERROR] LogOutputStream:75 - [STDERR_REDIRECT] 
2026-09-28 22:26:13,263 [ERROR] LogOutputStream:75 - [STDERR_REDIRECT] [Fatal Error] :1:1: Premature end of file.
2026-09-28 22:26:13,263 [ERROR] LogOutputStream:75 - [STDERR_REDIRECT] 
2026-09-28 22:26:14,258 [ERROR] LogOutputStream:75 - [STDERR_REDIRECT] [Fatal Error] :1:1: Premature end of file.
2026-09-28 22:26:14,258 [ERROR] LogOutputStream:75 - [STDERR_REDIRECT] 
2026-09-28 22:26:15,258 [ERROR] LogOutputStream:75 - [STDERR_REDIRECT] [Fatal Error] :1:1: Premature end of file.
2026-09-28 22:26:15,258 [ERROR] LogOutputStream:75 - [STDERR_REDIRECT] 
2026-09-28 22:26:16,258 [ERROR] LogOutputStream:75 - [STDERR_REDIRECT] [Fatal Error] :1:1: Premature end of file.
2026-09-28 22:26:16,258 [ERROR] LogOutputStream:75 - [STDERR_REDIRECT] 
2026-09-28 22:26:17,253 [ERROR] LogOutputStream:75 - [STDERR_REDIRECT] [Fatal Error] :1:1: Premature end of file.
2026-09-28 22:26:17,253 [ERROR] LogOutputStream:75 - [STDERR_REDIRECT] 
2026-09-28 22:26:18,254 [ERROR] LogOutputStream:75 - [STDERR_REDIRECT] [Fatal Error] :1:1: Premature end of file.
2026-09-28 22:26:18,254 [ERROR] LogOutputStream:75 - [STDERR_REDIRECT] 
2026-09-28 22:26:19,261 [ERROR] LogOutputStream:75 - [STDERR_REDIRECT] [Fatal Error] :1:1: Premature end of file.
2026-09-28 22:26:19,261 [ERROR] LogOutputStream:75 - [STDERR_REDIRECT] 
2026-09-28 22:26:20,255 [ERROR] LogOutputStream:75 - [STDERR_REDIRECT] [Fatal Error] :1:1: Premature end of file.
2026-09-28 22:26:20,255 [ERROR] LogOutputStream:75 - [STDERR_REDIRECT] 
2026-09-28 22:26:21,252 [ERROR] LogOutputStream:75 - [STDERR_REDIRECT] [Fatal Error] :1:1: Premature end of file.
2026-09-28 22:26:21,252 [ERROR] LogOutputStream:75 - [STDERR_REDIRECT] 
2026-09-28 22:26:22,254 [ERROR] LogOutputStream:75 - [STDERR_REDIRECT] [Fatal Error] :1:1: Premature end of file.
2026-09-28 22:26:22,254 [ERROR] LogOutputStream:75 - [STDERR_REDIRECT] 
2026-09-28 22:26:23,254 [ERROR] LogOutputStream:75 - [STDERR_REDIRECT] [Fatal Error] :1:1: Premature end of file.
2026-09-28 22:26:23,254 [ERROR] LogOutputStream:75 - [STDERR_REDIRECT] 
2026-09-28 22:26:24,251 [ERROR] LogOutputStream:75 - [STDERR_REDIRECT] [Fatal Error] :1:1: Premature end of file.
2026-09-28 22:26:24,251 [ERROR] LogOutputStream:75 - [STDERR_REDIRECT] 
2026-09-28 22:26:25,255 [ERROR] LogOutputStream:75 - [STDERR_REDIRECT] [Fatal Error] :1:1: Premature end of file.
2026-09-28 22:26:25,255 [ERROR] LogOutputStream:75 - [STDERR_REDIRECT] 
2026-09-28 22:26:26,255 [ERROR] LogOutputStream:75 - [STDERR_REDIRECT] [Fatal Error] :1:1: Premature end of file.
2026-09-28 22:26:26,255 [ERROR] LogOutputStream:75 - [STDERR_REDIRECT] 
2026-09-28 22:26:27,264 [ERROR] LogOutputStream:75 - [STDERR_REDIRECT] [Fatal Error] :1:1: Premature end of file.
2026-09-28 22:26:27,264 [ERROR] LogOutputStream:75 - [STDERR_REDIRECT] 
2026-09-28 22:26:28,252 [ERROR] LogOutputStream:75 - [STDERR_REDIRECT] [Fatal Error] :1:1: Premature end of file.
2026-09-28 22:26:28,252 [ERROR] LogOutputStream:75 - [STDERR_REDIRECT] 
2026-09-28 22:26:29,252 [ERROR] LogOutputStream:75 - [STDERR_REDIRECT] [Fatal Error] :1:1: Premature end of file.
2026-09-28 22:26:29,252 [ERROR] LogOutputStream:75 - [STDERR_REDIRECT] 
2026-09-28 22:26:30,257 [ERROR] LogOutputStream:75 - [STDERR_REDIRECT] [Fatal Error] :1:1: Premature end of file.
2026-09-28 22:26:30,257 [ERROR] LogOutputStream:75 - [STDERR_REDIRECT] 
2026-09-28 22:26:31,252 [ERROR] LogOutputStream:75 - [STDERR_REDIRECT] [Fatal Error] :1:1: Premature end of file.
2026-09-28 22:26:31,252 [ERROR] LogOutputStream:75 - [STDERR_REDIRECT] 
2026-09-28 22:26:32,259 [ERROR] LogOutputStream:75 - [STDERR_REDIRECT] [Fatal Error] :1:1: Premature end of file.
2026-09-28 22:26:32,259 [ERROR] LogOutputStream:75 - [STDERR_REDIRECT] 
2026-09-28 22:26:33,256 [ERROR] LogOutputStream:75 - [STDERR_REDIRECT] [Fatal Error] :1:1: Premature end of file.
2026-09-28 22:26:33,256 [ERROR] LogOutputStream:75 - [STDERR_REDIRECT] 
2026-09-28 22:26:34,260 [ERROR] LogOutputStream:75 - [STDERR_REDIRECT] [Fatal Error] :1:1: Premature end of file.
2026-09-28 22:26:34,260 [ERROR] LogOutputStream:75 - [STDERR_REDIRECT] 
2026-09-28 22:26:35,259 [ERROR] LogOutputStream:75 - [STDERR_REDIRECT] [Fatal Error] :1:1: Premature end of file.
2026-09-28 22:26:35,259 [ERROR] LogOutputStream:75 - [STDERR_REDIRECT] 
2026-09-28 22:26:36,259 [ERROR] LogOutputStream:75 - [STDERR_REDIRECT] [Fatal Error] :1:1: Premature end of file.
2026-09-28 22:26:36,259 [ERROR] LogOutputStream:75 - [STDERR_REDIRECT] 
2026-09-28 22:26:37,252 [ERROR] LogOutputStream:75 - [STDERR_REDIRECT] [Fatal Error] :1:1: Premature end of file.
2026-09-28 22:26:37,252 [ERROR] LogOutputStream:75 - [STDERR_REDIRECT] 
2026-09-28 22:26:38,252 [ERROR] LogOutputStream:75 - [STDERR_REDIRECT] [Fatal Error] :1:1: Premature end of file.
2026-09-28 22:26:38,254 [ERROR] LogOutputStream:75 - [STDERR_REDIRECT] 
2026-09-28 22:26:39,253 [ERROR] LogOutputStream:75 - [STDERR_REDIRECT] [Fatal Error] :1:1: Premature end of file.
2026-09-28 22:26:39,256 [ERROR] LogOutputStream:75 - [STDERR_REDIRECT] 
2026-09-28 22:26:40,253 [ERROR] LogOutputStream:75 - [STDERR_REDIRECT] [Fatal Error] :1:1: Premature end of file.
2026-09-28 22:26:40,253 [ERROR] LogOutputStream:75 - [STDERR_REDIRECT] 
2026-09-28 22:26:41,254 [ERROR] LogOutputStream:75 - [STDERR_REDIRECT] [Fatal Error] :1:1: Premature end of file.
2026-09-28 22:26:41,254 [ERROR] LogOutputStream:75 - [STDERR_REDIRECT] 
2026-09-28 22:26:42,257 [ERROR] LogOutputStream:75 - [STDERR_REDIRECT] [Fatal Error] :1:1: Premature end of file.
2026-09-28 22:26:42,257 [ERROR] LogOutputStream:75 - [STDERR_REDIRECT] 
2026-09-28 22:26:43,256 [ERROR] LogOutputStream:75 - [STDERR_REDIRECT] [Fatal Error] :1:1: Premature end of file.
2026-09-28 22:26:43,256 [ERROR] LogOutputStream:75 - [STDERR_REDIRECT] 
2026-09-28 22:26:44,261 [ERROR] LogOutputStream:75 - [STDERR_REDIRECT] [Fatal Error] :1:1: Premature end of file.
2026-09-28 22:26:44,261 [ERROR] LogOutputStream:75 - [STDERR_REDIRECT] 
2026-09-28 22:26:45,246 [ERROR] LogOutputStream:75 - [STDERR_REDIRECT] [Fatal Error] :1:1: Premature end of file.
2026-09-28 22:26:45,246 [ERROR] LogOutputStream:75 - [STDERR_REDIRECT] 
2026-09-28 22:26:46,248 [ERROR] LogOutputStream:75 - [STDERR_REDIRECT] [Fatal Error] :1:1: Premature end of file.
2026-09-28 22:26:46,248 [ERROR] LogOutputStream:75 - [STDERR_REDIRECT] 
2026-09-28 22:26:47,254 [ERROR] LogOutputStream:75 - [STDERR_REDIRECT] [Fatal Error] :1:1: Premature end of file.
2026-09-28 22:26:47,254 [ERROR] LogOutputStream:75 - [STDERR_REDIRECT] 
2026-09-28 22:26:48,254 [ERROR] LogOutputStream:75 - [STDERR_REDIRECT] [Fatal Error] :1:1: Premature end of file.
2026-09-28 22:26:48,256 [ERROR] LogOutputStream:75 - [STDERR_REDIRECT] 
2026-09-28 22:26:49,254 [ERROR] LogOutputStream:75 - [STDERR_REDIRECT] [Fatal Error] :1:1: Premature end of file.
2026-09-28 22:26:49,254 [ERROR] LogOutputStream:75 - [STDERR_REDIRECT] 
2026-09-28 22:26:50,275 [ERROR] LogOutputStream:75 - [STDERR_REDIRECT] [Fatal Error] :1:1: Premature end of file.
2026-09-28 22:26:50,275 [ERROR] LogOutputStream:75 - [STDERR_REDIRECT] 
2026-09-28 22:26:51,254 [ERROR] LogOutputStream:75 - [STDERR_REDIRECT] [Fatal Error] :1:1: Premature end of file.
2026-09-28 22:26:51,254 [ERROR] LogOutputStream:75 - [STDERR_REDIRECT] 
2026-09-28 22:26:52,251 [ERROR] LogOutputStream:75 - [STDERR_REDIRECT] [Fatal Error] :1:1: Premature end of file.
2026-09-28 22:26:52,251 [ERROR] LogOutputStream:75 - [STDERR_REDIRECT] 
2026-09-28 22:26:53,255 [ERROR] LogOutputStream:75 - [STDERR_REDIRECT] [Fatal Error] :1:1: Premature end of file.
2026-09-28 22:26:53,255 [ERROR] LogOutputStream:75 - [STDERR_REDIRECT] 
2026-09-28 22:26:54,256 [ERROR] LogOutputStream:75 - [STDERR_REDIRECT] [Fatal Error] :1:1: Premature end of file.
2026-09-28 22:26:54,256 [ERROR] LogOutputStream:75 - [STDERR_REDIRECT] 
2026-09-28 22:26:55,254 [ERROR] LogOutputStream:75 - [STDERR_REDIRECT] [Fatal Error] :1:1: Premature end of file.
2026-09-28 22:26:55,254 [ERROR] LogOutputStream:75 - [STDERR_REDIRECT] 
2026-09-28 22:26:56,256 [ERROR] LogOutputStream:75 - [STDERR_REDIRECT] [Fatal Error] :1:1: Premature end of file.
2026-09-28 22:26:56,256 [ERROR] LogOutputStream:75 - [STDERR_REDIRECT] 
2026-09-28 22:26:57,256 [ERROR] LogOutputStream:75 - [STDERR_REDIRECT] [Fatal Error] :1:1: Premature end of file.
2026-09-28 22:26:57,256 [ERROR] LogOutputStream:75 - [STDERR_REDIRECT] 
2026-09-28 22:26:58,298 [ERROR] LogOutputStream:75 - [STDERR_REDIRECT] [Fatal Error] :1:1: Premature end of file.
2026-09-28 22:26:58,298 [ERROR] LogOutputStream:75 - [STDERR_REDIRECT] 
2026-09-28 22:26:59,274 [ERROR] LogOutputStream:75 - [STDERR_REDIRECT] [Fatal Error] :1:1: Premature end of file.
2026-09-28 22:26:59,274 [ERROR] LogOutputStream:75 - [STDERR_REDIRECT] 
2026-09-28 22:27:00,269 [ERROR] LogOutputStream:75 - [STDERR_REDIRECT] [Fatal Error] :1:1: Premature end of file.
2026-09-28 22:27:00,269 [ERROR] LogOutputStream:75 - [STDERR_REDIRECT] 
2026-09-28 22:27:01,266 [ERROR] LogOutputStream:75 - [STDERR_REDIRECT] [Fatal Error] :1:1: Premature end of file.
2026-09-28 22:27:01,266 [ERROR] LogOutputStream:75 - [STDERR_REDIRECT] 
2026-09-28 22:27:02,267 [ERROR] LogOutputStream:75 - [STDERR_REDIRECT] [Fatal Error] :1:1: Premature end of file.
2026-09-28 22:27:02,267 [ERROR] LogOutputStream:75 - [STDERR_REDIRECT] 
2026-09-28 22:27:03,262 [ERROR] LogOutputStream:75 - [STDERR_REDIRECT] [Fatal Error] :1:1: Premature end of file.
2026-09-28 22:27:03,262 [ERROR] LogOutputStream:75 - [STDERR_REDIRECT] 
2026-09-28 22:27:04,272 [ERROR] LogOutputStream:75 - [STDERR_REDIRECT] [Fatal Error] :1:1: Premature end of file.
2026-09-28 22:27:04,272 [ERROR] LogOutputStream:75 - [STDERR_REDIRECT] 
2026-09-28 22:27:05,265 [ERROR] LogOutputStream:75 - [STDERR_REDIRECT] [Fatal Error] :1:1: Premature end of file.
2026-09-28 22:27:05,268 [ERROR] LogOutputStream:75 - [STDERR_REDIRECT] 
2026-09-28 22:27:06,269 [ERROR] LogOutputStream:75 - [STDERR_REDIRECT] [Fatal Error] :1:1: Premature end of file.
2026-09-28 22:27:06,269 [ERROR] LogOutputStream:75 - [STDERR_REDIRECT] 
2026-09-28 22:27:07,257 [ERROR] LogOutputStream:75 - [STDERR_REDIRECT] [Fatal Error] :1:1: Premature end of file.
2026-09-28 22:27:07,257 [ERROR] LogOutputStream:75 - [STDERR_REDIRECT] 
2026-09-28 22:27:08,259 [ERROR] LogOutputStream:75 - [STDERR_REDIRECT] [Fatal Error] :1:1: Premature end of file.
2026-09-28 22:27:08,259 [ERROR] LogOutputStream:75 - [STDERR_REDIRECT] 
2026-09-28 22:27:09,255 [ERROR] LogOutputStream:75 - [STDERR_REDIRECT] [Fatal Error] :1:1: Premature end of file.
2026-09-28 22:27:09,255 [ERROR] LogOutputStream:75 - [STDERR_REDIRECT] 
2026-09-28 22:27:10,257 [ERROR] LogOutputStream:75 - [STDERR_REDIRECT] [Fatal Error] :1:1: Premature end of file.
2026-09-28 22:27:10,257 [ERROR] LogOutputStream:75 - [STDERR_REDIRECT] 
2026-09-28 22:27:11,257 [ERROR] LogOutputStream:75 - [STDERR_REDIRECT] [Fatal Error] :1:1: Premature end of file.
2026-09-28 22:27:11,257 [ERROR] LogOutputStream:75 - [STDERR_REDIRECT] 
2026-09-28 22:27:12,258 [ERROR] LogOutputStream:75 - [STDERR_REDIRECT] [Fatal Error] :1:1: Premature end of file.
2026-09-28 22:27:12,258 [ERROR] LogOutputStream:75 - [STDERR_REDIRECT] 
2026-09-28 22:27:13,273 [ERROR] LogOutputStream:75 - [STDERR_REDIRECT] [Fatal Error] :1:1: Premature end of file.
2026-09-28 22:27:13,273 [ERROR] LogOutputStream:75 - [STDERR_REDIRECT] 
2026-09-28 22:27:14,255 [ERROR] LogOutputStream:75 - [STDERR_REDIRECT] [Fatal Error] :1:1: Premature end of file.
2026-09-28 22:27:14,255 [ERROR] LogOutputStream:75 - [STDERR_REDIRECT] 
2026-09-28 22:27:15,265 [ERROR] LogOutputStream:75 - [STDERR_REDIRECT] [Fatal Error] :1:1: Premature end of file.
2026-09-28 22:27:15,265 [ERROR] LogOutputStream:75 - [STDERR_REDIRECT] 
2026-09-28 22:27:16,302 [ERROR] LogOutputStream:75 - [STDERR_REDIRECT] [Fatal Error] :1:1: Premature end of file.
2026-09-28 22:27:16,302 [ERROR] LogOutputStream:75 - [STDERR_REDIRECT] 
2026-09-28 22:27:16,500 [ERROR] LogOutputStream:75 - [STDERR_REDIRECT] 
