2026-10-05 18:35:17,608 [INFO] Activator:176 - 


2026-10-05 18:35:17,615 [INFO] Activator:177 - !SESSION log4j initialized
2026-10-05 18:35:19,480 [INFO] ApplicationProperties:184 - Using Application install path: C:\ST\STM32CubeIDE_1.19.0\STM32CubeIDE\plugins\com.st.stm32cube.common.mx_6.15.0.202507011659
2026-10-05 18:35:19,497 [INFO] DbMcusXml:78 - Set database path to: C:\ST\STM32CubeIDE_1.19.0\STM32CubeIDE\plugins\com.st.stm32cube.common.mx_6.15.0.202507011659\\db\/mcu/
2026-10-05 18:35:19,498 [INFO] ApiDb:274 - Set plugin database path to: C:\ST\STM32CubeIDE_1.19.0\STM32CubeIDE\plugins\com.st.stm32cube.common.mx_6.15.0.202507011659\\db\/plugins/boardmanager/
2026-10-05 18:35:19,498 [WARN] ApiDb:259 - Overriding images path with different value:  => C:\ST\STM32CubeIDE_1.19.0\STM32CubeIDE\plugins\com.st.stm32cube.common.mx_6.15.0.202507011659\\db\/plugins/mcufinder/images/
2026-10-05 18:35:19,507 [INFO] ApiDb:250 - Set database path to: C:\Users\HP\.stmcufinder\plugins\mcufinder//mcu/
2026-10-05 18:35:19,507 [INFO] DbMcusAds:125 - Set database path to: C:\Users\HP\.stmcufinder\plugins\mcufinder//mcu/
2026-10-05 18:35:19,594 [INFO] CrossReferenceDbSqlite:203 - Set database path to: C:\Users\HP\.stmcufinder\plugins\mcufinder//mcu/cs/
2026-10-05 18:35:19,698 [INFO] RulesReader:64 - Compatibility file has been processed (317 Rules)
2026-10-05 18:35:19,776 [INFO] DbMcusXml:78 - Set database path to: C:\ST\STM32CubeIDE_1.19.0\STM32CubeIDE\plugins\com.st.stm32cube.common.mx_6.15.0.202507011659\\db\/mcu/
2026-10-05 18:35:19,776 [INFO] ApiDb:274 - Set plugin database path to: C:\ST\STM32CubeIDE_1.19.0\STM32CubeIDE\plugins\com.st.stm32cube.common.mx_6.15.0.202507011659\\db\/plugins/boardmanager/
2026-10-05 18:35:19,776 [INFO] ApiDb:261 - Set plugin images path to: C:\ST\STM32CubeIDE_1.19.0\STM32CubeIDE\plugins\com.st.stm32cube.common.mx_6.15.0.202507011659\\db\/plugins/mcufinder/images/
2026-10-05 18:35:19,776 [WARN] DbFile:41 - Overriding database path with different value: C:\Users\HP\.stmcufinder\plugins\mcufinder/ => C:\Users\HP\.stmcufinder\plugins\mcufinder
2026-10-05 18:35:19,776 [INFO] ApiDb:250 - Set database path to: C:\Users\HP\.stmcufinder\plugins\mcufinder//mcu/
2026-10-05 18:35:19,776 [WARN] DbFile:41 - Overriding database path with different value: C:\Users\HP\.stmcufinder\plugins\mcufinder/ => C:\Users\HP\.stmcufinder\plugins\mcufinder
2026-10-05 18:35:19,776 [INFO] DbMcusAds:125 - Set database path to: C:\Users\HP\.stmcufinder\plugins\mcufinder//mcu/
2026-10-05 18:35:19,776 [WARN] DbFile:41 - Overriding database path with different value: C:\Users\HP\.stmcufinder\plugins\mcufinder/ => C:\Users\HP\.stmcufinder\plugins\mcufinder
2026-10-05 18:35:19,777 [WARN] DbFile:41 - Overriding database path with different value: C:\Users\HP\.stmcufinder\plugins\mcufinder/ => C:\Users\HP\.stmcufinder\plugins\mcufinder
2026-10-05 18:35:19,777 [INFO] CrossReferenceDbSqlite:203 - Set database path to: C:\Users\HP\.stmcufinder\plugins\mcufinder//mcu/cs/
2026-10-05 18:35:19,851 [INFO] MainPanel:274 - HeapMemory: 268435456
2026-10-05 18:35:19,984 [INFO] DbMcusXml:78 - Set database path to: C:\ST\STM32CubeIDE_1.19.0\STM32CubeIDE\plugins\com.st.stm32cube.common.mx_6.15.0.202507011659\\db\/mcu/
2026-10-05 18:35:19,985 [INFO] ApiDb:274 - Set plugin database path to: C:\ST\STM32CubeIDE_1.19.0\STM32CubeIDE\plugins\com.st.stm32cube.common.mx_6.15.0.202507011659\\db\/plugins/boardmanager/
2026-10-05 18:35:19,985 [INFO] ApiDb:261 - Set plugin images path to: C:\ST\STM32CubeIDE_1.19.0\STM32CubeIDE\plugins\com.st.stm32cube.common.mx_6.15.0.202507011659\\db\/plugins/mcufinder/images/
2026-10-05 18:35:19,985 [WARN] DbFile:41 - Overriding database path with different value: C:\Users\HP\.stmcufinder\plugins\mcufinder/ => C:\Users\HP\.stmcufinder\plugins\mcufinder
2026-10-05 18:35:19,985 [INFO] ApiDb:250 - Set database path to: C:\Users\HP\.stmcufinder\plugins\mcufinder//mcu/
2026-10-05 18:35:19,985 [WARN] DbFile:41 - Overriding database path with different value: C:\Users\HP\.stmcufinder\plugins\mcufinder/ => C:\Users\HP\.stmcufinder\plugins\mcufinder
2026-10-05 18:35:19,985 [INFO] DbMcusAds:125 - Set database path to: C:\Users\HP\.stmcufinder\plugins\mcufinder//mcu/
2026-10-05 18:35:19,985 [WARN] DbFile:41 - Overriding database path with different value: C:\Users\HP\.stmcufinder\plugins\mcufinder/ => C:\Users\HP\.stmcufinder\plugins\mcufinder
2026-10-05 18:35:19,985 [WARN] DbFile:41 - Overriding database path with different value: C:\Users\HP\.stmcufinder\plugins\mcufinder/ => C:\Users\HP\.stmcufinder\plugins\mcufinder
2026-10-05 18:35:19,985 [INFO] CrossReferenceDbSqlite:203 - Set database path to: C:\Users\HP\.stmcufinder\plugins\mcufinder//mcu/cs/
2026-10-05 18:35:20,002 [INFO] ApplicationProperties:184 - Using Application install path: C:\ST\STM32CubeIDE_1.19.0\STM32CubeIDE\plugins\com.st.stm32cube.common.mx_6.15.0.202507011659
2026-10-05 18:35:20,003 [INFO] PluginManage:196 - Search for loadable plugins [exclusion list=, ]
2026-10-05 18:35:20,004 [INFO] PluginManage:310 - Check plugin analytics
2026-10-05 18:35:20,231 [INFO] AnalyticsPlugin:253 - Accepted Software Licenses: 
2026-10-05 18:35:20,231 [INFO] AnalyticsPlugin:255 - Accepted CMSIS Pack Licenses: 
2026-10-05 18:35:20,231 [INFO] AnalyticsPlugin:257 - Accepted Firmware Licenses: 
2026-10-05 18:35:20,235 [INFO] PluginManage:359 - Loaded plugin analytics (category:tool,tabindex:-1)
2026-10-05 18:35:20,235 [INFO] PluginManage:310 - Check plugin cadmodel
2026-10-05 18:35:20,241 [INFO] CADModel:105 - Init CAD model plugin
2026-10-05 18:35:20,241 [INFO] PluginManage:359 - Loaded plugin cadmodel (category:power,tabindex:5)
2026-10-05 18:35:20,241 [INFO] PluginManage:310 - Check plugin clock
2026-10-05 18:35:20,252 [INFO] PluginManage:359 - Loaded plugin clock (category:base,tabindex:2)
2026-10-05 18:35:20,252 [INFO] PluginManage:310 - Check plugin ddr
2026-10-05 18:35:20,256 [INFO] PluginManage:359 - Loaded plugin ddr (category:tool,tabindex:6)
2026-10-05 18:35:20,256 [INFO] PluginManage:310 - Check plugin filemanager
2026-10-05 18:35:20,407 [INFO] PluginManage:359 - Loaded plugin filemanager (category:base,tabindex:10)
2026-10-05 18:35:20,407 [INFO] PluginManage:310 - Check plugin ipmanager
2026-10-05 18:35:20,413 [INFO] PluginManage:359 - Loaded plugin ipmanager (category:base,tabindex:5)
2026-10-05 18:35:20,414 [INFO] PluginManage:310 - Check plugin lpbam
2026-10-05 18:35:20,422 [INFO] PluginManage:359 - Loaded plugin lpbam (category:base,tabindex:0)
2026-10-05 18:35:20,422 [INFO] PluginManage:310 - Check plugin memorymap
2026-10-05 18:35:20,434 [INFO] PluginManage:359 - Loaded plugin memorymap (category:base,tabindex:4)
2026-10-05 18:35:20,434 [INFO] PluginManage:310 - Check plugin pinoutandconfiguration
2026-10-05 18:35:20,443 [INFO] PluginManage:359 - Loaded plugin pinoutandconfiguration (category:base,tabindex:1)
2026-10-05 18:35:20,443 [INFO] PluginManage:310 - Check plugin pinoutconfig
2026-10-05 18:35:20,508 [WARN] SupportedApi:132 - Cannot load RTOS API schema: s4s-elt-must-match.1: The content of 'definitions' must match (annotation?, (simpleType | complexType)?, (unique | key | keyref)*)). A problem was found starting at: attribute.
2026-10-05 18:35:20,624 [INFO] PluginManage:359 - Loaded plugin pinoutconfig (category:base,tabindex:0)
2026-10-05 18:35:20,624 [INFO] PluginManage:310 - Check plugin power
2026-10-05 18:35:20,635 [INFO] PluginManage:359 - Loaded plugin power (category:power,tabindex:4)
2026-10-05 18:35:20,636 [INFO] PluginManage:310 - Check plugin projectmanager
2026-10-05 18:35:20,651 [INFO] PluginManage:359 - Loaded plugin projectmanager (category:projectmanager,tabindex:4)
2026-10-05 18:35:20,651 [INFO] PluginManage:310 - Check plugin rif
2026-10-05 18:35:20,660 [INFO] PluginManage:359 - Loaded plugin rif (category:base,tabindex:3)
2026-10-05 18:35:20,662 [INFO] PluginManage:310 - Check plugin thirdparty
2026-10-05 18:35:20,787 [INFO] PluginManage:359 - Loaded plugin thirdparty (category:base,tabindex:-1)
2026-10-05 18:35:20,787 [WARN] IntegrityCheckThread:84 - waiting for thirdparty lock release [integrity check]
2026-10-05 18:35:20,788 [INFO] PluginManage:310 - Check plugin tools
2026-10-05 18:35:20,788 [INFO] IntegrityCheckThread:86 - entering critical section [integrity check]
2026-10-05 18:35:20,788 [INFO] ThirdPartyUpdaterWithRetryManager:70 - Updater plugin not ready yet. [1/15]
2026-10-05 18:35:20,791 [INFO] PluginManage:359 - Loaded plugin tools (category:base,tabindex:7)
2026-10-05 18:35:20,791 [INFO] PluginManage:310 - Check plugin tutovideos
2026-10-05 18:35:21,008 [INFO] PluginManage:359 - Loaded plugin tutovideos (category:base,tabindex:-1)
2026-10-05 18:35:21,008 [INFO] PluginManage:310 - Check plugin updater
2026-10-05 18:35:21,027 [INFO] PluginManage:359 - Loaded plugin updater (category:base,tabindex:12)
2026-10-05 18:35:21,027 [INFO] PluginManage:310 - Check plugin userauth
2026-10-05 18:35:21,030 [INFO] UserAuth:118 - Init User Auth plugin
2026-10-05 18:35:21,032 [INFO] PluginManage:359 - Loaded plugin userauth (category:base,tabindex:14)
2026-10-05 18:35:21,032 [INFO] PluginManage:283 - PluginManage : Loaded plugins [18]
2026-10-05 18:35:21,219 [INFO] PinOutPanel:1589 - setPackage(No Configuration,No Configuration)
2026-10-05 18:35:21,304 [INFO] CADModel:165 - CPN selected for project level
2026-10-05 18:35:21,304 [INFO] CADModel:114 - Register for checkConnection events
2026-10-05 18:35:21,322 [INFO] IPUIPlugin:80 - create IPUIPlugin
2026-10-05 18:35:21,322 [INFO] PluginManager:220 - loadIPPluginJar : add adc
2026-10-05 18:35:21,325 [INFO] IPUIPlugin:80 - create IPUIPlugin
2026-10-05 18:35:21,325 [INFO] PluginManager:220 - loadIPPluginJar : add aes
2026-10-05 18:35:21,328 [INFO] IPUIPlugin:80 - create IPUIPlugin
2026-10-05 18:35:21,328 [INFO] PluginManager:220 - loadIPPluginJar : add can
2026-10-05 18:35:21,330 [INFO] IPUIPlugin:80 - create IPUIPlugin
2026-10-05 18:35:21,330 [INFO] PluginManager:220 - loadIPPluginJar : add comp
2026-10-05 18:35:21,332 [INFO] IPUIPlugin:80 - create IPUIPlugin
2026-10-05 18:35:21,333 [INFO] PluginManager:220 - loadIPPluginJar : add cryp
2026-10-05 18:35:21,337 [INFO] IPUIPlugin:80 - create IPUIPlugin
2026-10-05 18:35:21,337 [INFO] PluginManager:220 - loadIPPluginJar : add ddr_ctrl_phy
2026-10-05 18:35:21,339 [INFO] IPUIPlugin:80 - create IPUIPlugin
2026-10-05 18:35:21,339 [INFO] PluginManager:220 - loadIPPluginJar : add dfsdm
2026-10-05 18:35:21,344 [INFO] IPUIPlugin:80 - create IPUIPlugin
2026-10-05 18:35:21,345 [INFO] PluginManager:220 - loadIPPluginJar : add dma
2026-10-05 18:35:21,348 [INFO] IPUIPlugin:80 - create IPUIPlugin
2026-10-05 18:35:21,348 [INFO] PluginManager:220 - loadIPPluginJar : add dma3
2026-10-05 18:35:21,351 [INFO] IPUIPlugin:80 - create IPUIPlugin
2026-10-05 18:35:21,351 [INFO] PluginManager:220 - loadIPPluginJar : add extmemmanager
2026-10-05 18:35:21,354 [INFO] IPUIPlugin:80 - create IPUIPlugin
2026-10-05 18:35:21,354 [INFO] PluginManager:220 - loadIPPluginJar : add fatfs
2026-10-05 18:35:21,358 [INFO] IPUIPlugin:80 - create IPUIPlugin
2026-10-05 18:35:21,358 [INFO] PluginManager:220 - loadIPPluginJar : add fmc
2026-10-05 18:35:21,364 [INFO] IPUIPlugin:80 - create IPUIPlugin
2026-10-05 18:35:21,364 [INFO] PluginManager:220 - loadIPPluginJar : add freertos
2026-10-05 18:35:21,366 [INFO] IPUIPlugin:80 - create IPUIPlugin
2026-10-05 18:35:21,366 [INFO] PluginManager:220 - loadIPPluginJar : add genericplugin
2026-10-05 18:35:21,369 [INFO] IPUIPlugin:80 - create IPUIPlugin
2026-10-05 18:35:21,370 [INFO] PluginManager:220 - loadIPPluginJar : add gfxmmu
2026-10-05 18:35:21,373 [INFO] IPUIPlugin:80 - create IPUIPlugin
2026-10-05 18:35:21,373 [INFO] PluginManager:220 - loadIPPluginJar : add gic
2026-10-05 18:35:21,377 [INFO] IPUIPlugin:80 - create IPUIPlugin
2026-10-05 18:35:21,377 [INFO] PluginManager:220 - loadIPPluginJar : add gpio
2026-10-05 18:35:21,380 [INFO] IPUIPlugin:80 - create IPUIPlugin
2026-10-05 18:35:21,380 [INFO] PluginManager:220 - loadIPPluginJar : add gtzc
2026-10-05 18:35:21,383 [INFO] IPUIPlugin:80 - create IPUIPlugin
2026-10-05 18:35:21,383 [INFO] PluginManager:220 - loadIPPluginJar : add hash
2026-10-05 18:35:21,385 [INFO] IPUIPlugin:80 - create IPUIPlugin
2026-10-05 18:35:21,385 [INFO] PluginManager:220 - loadIPPluginJar : add i2c
2026-10-05 18:35:21,387 [INFO] IPUIPlugin:80 - create IPUIPlugin
2026-10-05 18:35:21,387 [INFO] PluginManager:220 - loadIPPluginJar : add i2s
2026-10-05 18:35:21,390 [INFO] IPUIPlugin:80 - create IPUIPlugin
2026-10-05 18:35:21,390 [INFO] PluginManager:220 - loadIPPluginJar : add i3c
2026-10-05 18:35:21,394 [INFO] IPUIPlugin:80 - create IPUIPlugin
2026-10-05 18:35:21,394 [INFO] PluginManager:220 - loadIPPluginJar : add ipddr
2026-10-05 18:35:21,400 [INFO] IPUIPlugin:80 - create IPUIPlugin
2026-10-05 18:35:21,400 [INFO] PluginManager:220 - loadIPPluginJar : add linkedlist
2026-10-05 18:35:21,402 [INFO] IPUIPlugin:80 - create IPUIPlugin
2026-10-05 18:35:21,403 [INFO] PluginManager:220 - loadIPPluginJar : add lorawan
2026-10-05 18:35:21,404 [INFO] IPUIPlugin:80 - create IPUIPlugin
2026-10-05 18:35:21,404 [INFO] PluginManager:220 - loadIPPluginJar : add ltdc
2026-10-05 18:35:21,408 [INFO] IPUIPlugin:80 - create IPUIPlugin
2026-10-05 18:35:21,408 [INFO] PluginManager:220 - loadIPPluginJar : add mdma
2026-10-05 18:35:21,412 [INFO] IPUIPlugin:80 - create IPUIPlugin
2026-10-05 18:35:21,412 [INFO] PluginManager:220 - loadIPPluginJar : add nvic
2026-10-05 18:35:21,414 [INFO] IPUIPlugin:80 - create IPUIPlugin
2026-10-05 18:35:21,414 [INFO] PluginManager:220 - loadIPPluginJar : add opamp
2026-10-05 18:35:21,416 [INFO] IPUIPlugin:80 - create IPUIPlugin
2026-10-05 18:35:21,416 [INFO] PluginManager:220 - loadIPPluginJar : add openamp
2026-10-05 18:35:21,419 [INFO] IPUIPlugin:80 - create IPUIPlugin
2026-10-05 18:35:21,419 [INFO] PluginManager:220 - loadIPPluginJar : add pdm2pcm
2026-10-05 18:35:21,425 [INFO] IPUIPlugin:80 - create IPUIPlugin
2026-10-05 18:35:21,428 [INFO] PluginManager:220 - loadIPPluginJar : add plateformsettings
2026-10-05 18:35:21,429 [INFO] IPUIPlugin:80 - create IPUIPlugin
2026-10-05 18:35:21,430 [INFO] PluginManager:220 - loadIPPluginJar : add quadspi
2026-10-05 18:35:21,431 [INFO] IPUIPlugin:80 - create IPUIPlugin
2026-10-05 18:35:21,433 [INFO] PluginManager:220 - loadIPPluginJar : add radio
2026-10-05 18:35:21,437 [INFO] IPUIPlugin:80 - create IPUIPlugin
2026-10-05 18:35:21,437 [INFO] PluginManager:220 - loadIPPluginJar : add resmgrutility
2026-10-05 18:35:21,442 [INFO] IPUIPlugin:80 - create IPUIPlugin
2026-10-05 18:35:21,442 [INFO] PluginManager:220 - loadIPPluginJar : add sai
2026-10-05 18:35:21,445 [INFO] IPUIPlugin:80 - create IPUIPlugin
2026-10-05 18:35:21,445 [INFO] PluginManager:220 - loadIPPluginJar : add spi
2026-10-05 18:35:21,451 [INFO] IPUIPlugin:80 - create IPUIPlugin
2026-10-05 18:35:21,451 [INFO] PluginManager:220 - loadIPPluginJar : add stm32_wpan
2026-10-05 18:35:21,452 [INFO] IPUIPlugin:80 - create IPUIPlugin
2026-10-05 18:35:21,452 [INFO] PluginManager:220 - loadIPPluginJar : add tim
2026-10-05 18:35:21,455 [INFO] IPUIPlugin:80 - create IPUIPlugin
2026-10-05 18:35:21,456 [INFO] PluginManager:220 - loadIPPluginJar : add touchsensing
2026-10-05 18:35:21,460 [INFO] IPUIPlugin:80 - create IPUIPlugin
2026-10-05 18:35:21,461 [INFO] PluginManager:220 - loadIPPluginJar : add tracer_emb
2026-10-05 18:35:21,464 [INFO] IPUIPlugin:80 - create IPUIPlugin
2026-10-05 18:35:21,464 [INFO] PluginManager:220 - loadIPPluginJar : add ts
2026-10-05 18:35:21,466 [INFO] IPUIPlugin:80 - create IPUIPlugin
2026-10-05 18:35:21,466 [INFO] PluginManager:220 - loadIPPluginJar : add tsc
2026-10-05 18:35:21,469 [INFO] IPUIPlugin:80 - create IPUIPlugin
2026-10-05 18:35:21,469 [INFO] PluginManager:220 - loadIPPluginJar : add ucpd
2026-10-05 18:35:21,472 [INFO] IPUIPlugin:80 - create IPUIPlugin
2026-10-05 18:35:21,472 [INFO] PluginManager:220 - loadIPPluginJar : add usart
2026-10-05 18:35:21,476 [INFO] IPUIPlugin:80 - create IPUIPlugin
2026-10-05 18:35:21,476 [INFO] PluginManager:220 - loadIPPluginJar : add usbx
2026-10-05 18:35:21,596 [FATAL] Updater:351 - Updater called before beeing initialized
2026-10-05 18:35:21,627 [INFO] RulesReader:64 - Compatibility file has been processed (317 Rules)
2026-10-05 18:35:21,635 [INFO] RulesReader:64 - Compatibility file has been processed (317 Rules)
2026-10-05 18:35:21,642 [INFO] CADModel:165 - CPN selected for project level
2026-10-05 18:35:21,643 [INFO] CADModel:114 - Register for checkConnection events
2026-10-05 18:35:21,643 [FATAL] Updater:351 - Updater called before beeing initialized
2026-10-05 18:35:21,643 [ERROR] CADModel:125 - Updater not yet initialized, retry later 
2026-10-05 18:35:21,776 [FATAL] Updater:351 - Updater called before beeing initialized
2026-10-05 18:35:21,779 [INFO] CADModel:165 - CPN selected for project level
2026-10-05 18:35:21,779 [INFO] CADModel:114 - Register for checkConnection events
2026-10-05 18:35:21,779 [FATAL] Updater:351 - Updater called before beeing initialized
2026-10-05 18:35:21,779 [ERROR] CADModel:125 - Updater not yet initialized, retry later 
2026-10-05 18:35:21,782 [FATAL] Updater:351 - Updater called before beeing initialized
2026-10-05 18:35:21,863 [FATAL] Updater:351 - Updater called before beeing initialized
2026-10-05 18:35:21,866 [INFO] DbMcusAds:53 - JSON generation date=Tue Sep 22 15:25:16 TRT 2026 (1790079916640)
2026-10-05 18:35:21,866 [FATAL] Updater:351 - Updater called before beeing initialized
2026-10-05 18:35:21,900 [WARN] DetailPanel:346 - Failed to get advertising image, set to default
2026-10-05 18:35:21,969 [FATAL] Updater:351 - Updater called before beeing initialized
2026-10-05 18:35:21,971 [FATAL] Updater:351 - Updater called before beeing initialized
2026-10-05 18:35:21,971 [FATAL] Updater:351 - Updater called before beeing initialized
2026-10-05 18:35:21,972 [WARN] DetailPanel:346 - Failed to get advertising image, set to default
2026-10-05 18:35:21,972 [FATAL] Updater:351 - Updater called before beeing initialized
2026-10-05 18:35:22,013 [ERROR] Updater:1198 - MainUpdater not yet initialized. External WinMGr cannot be set.
2026-10-05 18:35:22,014 [INFO] Updater:1134 - Updater Version found : 6.15.0
2026-10-05 18:35:22,032 [INFO] ApplicationProperties:184 - Using Application install path: C:\ST\STM32CubeIDE_1.19.0\STM32CubeIDE\plugins\com.st.stm32cube.common.mx_6.15.0.202507011659
2026-10-05 18:35:23,635 [ERROR] LogOutputStream:75 - [STDERR_REDIRECT] Oct 05, 2026 6:35:23 PM java.util.prefs.WindowsPreferences <init>
2026-10-05 18:35:23,637 [ERROR] LogOutputStream:75 - [STDERR_REDIRECT] WARNING: Could not open/create prefs root node Software\JavaSoft\Prefs at root 0xffffffff80000002. Windows RegCreateKeyEx(...) returned error code 5.
2026-10-05 18:35:23,638 [ERROR] LogOutputStream:75 - [STDERR_REDIRECT] 
2026-10-05 18:35:23,788 [INFO] ThirdPartyUpdaterWithRetryManager:70 - Updater plugin not ready yet. [2/15]
2026-10-05 18:35:24,365 [INFO] MainUpdater:2872 - connection check result : 10
2026-10-05 18:35:24,365 [INFO] MainUpdater:289 - Updater Check For Update Now.
2026-10-05 18:35:24,365 [INFO] MicroXplorer:498 - Change Database Version : DB.6.0.150
2026-10-05 18:35:24,553 [INFO] CheckServerUpdateThread:120 - End of CheckServer Thread
2026-10-05 18:35:24,598 [INFO] MainUpdater:2872 - connection check result : 10
2026-10-05 18:35:24,599 [INFO] MainUpdater:2872 - connection check result : 10
2026-10-05 18:35:24,656 [INFO] MicroXplorer:468 - Change Database Path : 
2026-10-05 18:35:24,656 [INFO] MicroXplorer:498 - Change Database Version : DB.6.0.150
2026-10-05 18:35:24,666 [WARN] ThirdParty:871 - waiting for thirdparty lock release [close project]
2026-10-05 18:35:27,072 [WARN] PackLoader:240 - Cannot read IP mode file for STMicroelectronics.X-CUBE-AZRTOS-H7.3.5.0
2026-10-05 18:35:27,084 [WARN] PackLoader:240 - Cannot read IP mode file for STMicroelectronics.FP-ATR-ASTRA1.2.0.3
2026-10-05 18:35:27,089 [ERROR] Engine:466 - C:\Users\HP\.stm32cubemx\thirdparties\pdsc\STMicroelectronics.X-CUBE-SMBUS.2.1.1.pdsc: PDSC version is not supported
2026-10-05 18:35:27,107 [WARN] PackLoader:240 - Cannot read IP mode file for STMicroelectronics.X-CUBE-AZRTOS-F7.1.1.0
2026-10-05 18:35:27,117 [WARN] PackLoader:240 - Cannot read IP mode file for STMicroelectronics.X-CUBE-FREERTOS.1.6.0
2026-10-05 18:35:27,123 [WARN] PackLoader:240 - Cannot read IP mode file for STMicroelectronics.FP-SNS-MOTENV1.5.1.0
2026-10-05 18:35:27,144 [WARN] PackLoader:240 - Cannot read IP mode file for STMicroelectronics.X-CUBE-AZRTOS-H7RS.1.3.0
2026-10-05 18:35:27,163 [WARN] PackLoader:240 - Cannot read IP mode file for WES.I-CUBE-Cesium.1.4.0
2026-10-05 18:35:27,170 [WARN] PackLoader:240 - Cannot read IP mode file for STMicroelectronics.X-CUBE-DISPLAY.3.0.0
2026-10-05 18:35:27,180 [WARN] PackLoader:240 - Cannot read IP mode file for STMicroelectronics.X-CUBE-GNSS1.7.1.1
2026-10-05 18:35:27,184 [WARN] PackLoader:240 - Cannot read IP mode file for STMicroelectronics.FP-SNS-MOTENVWB1.1.5.0
2026-10-05 18:35:27,190 [WARN] PackLoader:240 - Cannot read IP mode file for STMicroelectronics.X-CUBE-NFC10.1.0.0
2026-10-05 18:35:27,195 [WARN] PackLoader:240 - Cannot read IP mode file for STMicroelectronics.X-CUBE-ST60.1.1.0
2026-10-05 18:35:27,201 [WARN] PackLoader:240 - Cannot read IP mode file for emotas.I-CUBE-CANOPEN.1.3.0
2026-10-05 18:35:27,206 [WARN] PackLoader:240 - Cannot read IP mode file for wolfSSL.I-CUBE-wolfSSL.5.9.2
2026-10-05 18:35:27,208 [ERROR] Engine:466 - C:\Users\HP\.stm32cubemx\thirdparties\pdsc\STMicroelectronics.X-CUBE-WBA.1.1.0.pdsc: PDSC version is not supported
2026-10-05 18:35:27,213 [WARN] PackLoader:240 - Cannot read IP mode file for STMicroelectronics.FP-SNS-STBOX1.2.1.0
2026-10-05 18:35:27,217 [WARN] PackLoader:240 - Cannot read IP mode file for STMicroelectronics.FP-SNS-SMARTAG2.1.2.0
2026-10-05 18:35:27,222 [WARN] PackLoader:240 - Cannot read IP mode file for STMicroelectronics.FP-SNS-FLIGHT1.5.1.0
2026-10-05 18:35:27,228 [INFO] LogOutputStream:77 - [STDOUT_REDIRECT] 1 : Invalid condition id : UX_CORESTACK_Condition cause : null
2026-10-05 18:35:27,229 [INFO] LogOutputStream:77 - [STDOUT_REDIRECT] 1 : Invalid condition id : UX_CORESTACK_Condition cause : null
2026-10-05 18:35:27,230 [INFO] LogOutputStream:77 - [STDOUT_REDIRECT] 1 : Invalid condition id : UX_CORESTACK_Condition cause : null
2026-10-05 18:35:27,230 [INFO] LogOutputStream:77 - [STDOUT_REDIRECT] 1 : Invalid condition id : UX_CORESTACK_Condition cause : null
2026-10-05 18:35:27,231 [INFO] LogOutputStream:77 - [STDOUT_REDIRECT] 1 : Invalid condition id : UX_CORESTACK_Condition cause : null
2026-10-05 18:35:27,232 [WARN] PackLoader:240 - Cannot read IP mode file for STMicroelectronics.X-CUBE-AZRTOS-WL.2.0.0
2026-10-05 18:35:27,237 [WARN] PackLoader:240 - Cannot read IP mode file for STMicroelectronics.X-CUBE-BLE2.3.3.0
2026-10-05 18:35:27,259 [WARN] PackLoader:240 - Cannot read IP mode file for Infineon.AIROC-Wi-Fi-Bluetooth-STM32.1.8.0
2026-10-05 18:35:27,267 [WARN] PackLoader:240 - Cannot read IP mode file for STMicroelectronics.X-CUBE-NFC9.1.0.0
2026-10-05 18:35:27,270 [WARN] PackLoader:240 - Cannot read IP mode file for STMicroelectronics.X-CUBE-BLE1.7.1.0
2026-10-05 18:35:27,274 [WARN] PackLoader:240 - Cannot read IP mode file for wolfSSL.I-CUBE-wolfMQTT.1.19.2
2026-10-05 18:35:27,278 [WARN] PackLoader:240 - Cannot read IP mode file for STMicroelectronics.X-CUBE-EEPRMA1.5.2.0
2026-10-05 18:35:27,286 [WARN] PackLoader:240 - Cannot read IP mode file for STMicroelectronics.FP-SNS-STAIOTCFT.1.1.0
2026-10-05 18:35:27,296 [WARN] PackLoader:240 - Cannot read IP mode file for STMicroelectronics.X-CUBE-AZRTOS-G0.1.1.0
2026-10-05 18:35:27,300 [WARN] PackLoader:240 - Cannot read IP mode file for STMicroelectronics.X-CUBE-NFC4.3.0.0
2026-10-05 18:35:27,306 [WARN] PackLoader:240 - Cannot read IP mode file for EmbeddedOffice.I-CUBE-FS-RTOS.1.0.1
2026-10-05 18:35:27,310 [WARN] PackLoader:240 - Cannot read IP mode file for wolfSSL.I-CUBE-wolfTPM.3.8.0
2026-10-05 18:35:27,314 [WARN] PackLoader:240 - Cannot read IP mode file for STMicroelectronics.X-CUBE-TCPP.4.2.0
2026-10-05 18:35:27,319 [WARN] PackLoader:240 - Cannot read IP mode file for RealThread.X-CUBE-RT-Thread_Nano.4.1.1
2026-10-05 18:35:27,323 [WARN] PackLoader:240 - Cannot read IP mode file for STMicroelectronics.FP-ATR-SIGFOX1.3.2.0
2026-10-05 18:35:27,329 [WARN] PackLoader:240 - Cannot read IP mode file for ITTIA_DB.I-CUBE-ITTIADB.8.9.0
2026-10-05 18:35:27,334 [WARN] PackLoader:240 - Cannot read IP mode file for Cesanta.I-CUBE-Mongoose.7.21.7
2026-10-05 18:35:27,339 [WARN] PackLoader:240 - Cannot read IP mode file for STMicroelectronics.X-CUBE-NFC6.3.2.0
2026-10-05 18:35:27,344 [WARN] PackLoader:240 - Cannot read IP mode file for STMicroelectronics.X-CUBE-AI.10.2.1
2026-10-05 18:35:27,359 [WARN] PackLoader:240 - Cannot read IP mode file for SEGGER.I-CUBE-embOS.1.3.1
2026-10-05 18:35:27,381 [ERROR] Engine:466 - C:\Users\HP\.stm32cubemx\thirdparties\pdsc\STMicroelectronics.FP-SNS-STAIOTCFT.2.0.0.pdsc: PDSC version is not supported
2026-10-05 18:35:27,385 [WARN] PackLoader:240 - Cannot read IP mode file for STMicroelectronics.X-CUBE-NFC13.1.0.0
2026-10-05 18:35:27,391 [WARN] PackLoader:240 - Cannot read IP mode file for STMicroelectronics.X-CUBE-PM33A1.1.0.0
2026-10-05 18:35:27,407 [WARN] PackLoader:240 - Cannot read IP mode file for STMicroelectronics.X-CUBE-AZRTOS-F4.1.1.0
2026-10-05 18:35:27,412 [WARN] PackLoader:240 - Cannot read IP mode file for STMicroelectronics.X-CUBE-ISPU.2.1.0
2026-10-05 18:35:27,421 [WARN] PackLoader:240 - Cannot read IP mode file for STMicroelectronics.X-CUBE-IPS.3.2.0
2026-10-05 18:35:27,430 [WARN] PackLoader:240 - Cannot read IP mode file for STMicroelectronics.eDS-WB_DPC_TT-BIDIR.2.1.1
2026-10-05 18:35:27,435 [WARN] PackLoader:240 - Cannot read IP mode file for STMicroelectronics.X-CUBE-NFC12.1.0.0
2026-10-05 18:35:27,446 [WARN] PackLoader:240 - Cannot read IP mode file for STMicroelectronics.X-CUBE-AZRTOS-L5.2.0.0
2026-10-05 18:35:27,453 [WARN] PackLoader:240 - Cannot read IP mode file for STMicroelectronics.X-CUBE-ALGOBUILD.1.5.0
2026-10-05 18:35:27,457 [WARN] PackLoader:240 - Cannot read IP mode file for STMicroelectronics.eDS-WB_DPC_VIENNA.1.2.0
2026-10-05 18:35:27,483 [WARN] PackLoader:240 - Cannot read IP mode file for STMicroelectronics.X-CUBE-MEMS1.13.0.0
2026-10-05 18:35:27,536 [WARN] PackLoader:240 - Cannot read IP mode file for STMicroelectronics.eDS-WB_DPC_3PH2L-BIDIR.1.1.1
2026-10-05 18:35:27,539 [ERROR] Engine:466 - C:\Users\HP\.stm32cubemx\thirdparties\pdsc\STMicroelectronics.X-CUBE-ST67W61.1.3.0.pdsc: PDSC version is not supported
2026-10-05 18:35:27,544 [WARN] PackLoader:240 - Cannot read IP mode file for STMicroelectronics.X-CUBE-TOUCHGFX.4.26.1
2026-10-05 18:35:27,547 [WARN] PackLoader:240 - Cannot read IP mode file for STMicroelectronics.X-CUBE-DPower.1.3.0
2026-10-05 18:35:27,559 [WARN] ConditionMgr:438 - getConditionDescription Invalid condition id : LAN8742 Phy interface Condition cause : null
2026-10-05 18:35:27,559 [WARN] PackLoader:240 - Cannot read IP mode file for STMicroelectronics.X-CUBE-AZRTOS-L4.2.0.0
2026-10-05 18:35:27,560 [WARN] ConditionMgr:1044 - genDependencies : Invalid condition id : LAN8742 Phy interface Condition cause : null
2026-10-05 18:35:27,560 [WARN] ConditionMgr:1044 - genDependencies : Invalid condition id : LAN8742 Phy interface Condition cause : null
2026-10-05 18:35:27,560 [WARN] ConditionMgr:1044 - genDependencies : Invalid condition id : LAN8742 Phy interface Condition cause : null
2026-10-05 18:35:27,565 [WARN] PackLoader:240 - Cannot read IP mode file for STMicroelectronics.X-CUBE-SFXS2LP1.4.0.0
2026-10-05 18:35:27,570 [WARN] PackLoader:240 - Cannot read IP mode file for STMicroelectronics.X-CUBE-WB05N.2.1.0
2026-10-05 18:35:27,585 [WARN] ConditionMgr:438 - getConditionDescription Invalid condition id : UX DEVICE CLASS RTOS Condition cause : null
2026-10-05 18:35:27,585 [WARN] ConditionMgr:438 - getConditionDescription Invalid condition id : UX DEVICE CLASS RTOS Condition cause : null
2026-10-05 18:35:27,587 [WARN] PackLoader:240 - Cannot read IP mode file for STMicroelectronics.X-CUBE-AZRTOS-WB.2.0.0
2026-10-05 18:35:27,587 [WARN] ConditionMgr:1044 - genDependencies : Invalid condition id : UX DEVICE CLASS RTOS Condition cause : null
2026-10-05 18:35:27,587 [WARN] ConditionMgr:1044 - genDependencies : Invalid condition id : UX DEVICE CLASS RTOS Condition cause : null
2026-10-05 18:35:27,587 [WARN] ConditionMgr:1044 - genDependencies : Invalid condition id : UX DEVICE CLASS RTOS Condition cause : null
2026-10-05 18:35:27,587 [WARN] ConditionMgr:1044 - genDependencies : Invalid condition id : UX DEVICE CLASS RTOS Condition cause : null
2026-10-05 18:35:27,587 [WARN] ConditionMgr:1044 - genDependencies : Invalid condition id : UX DEVICE CLASS RTOS Condition cause : null
2026-10-05 18:35:27,593 [WARN] ConditionMgr:438 - getConditionDescription Invalid condition id : Cortex-A Device cause : null
2026-10-05 18:35:27,600 [WARN] ConditionMgr:1044 - genDependencies : Invalid condition id : Cortex-A Device cause : null
2026-10-05 18:35:27,601 [WARN] ConditionMgr:1044 - genDependencies : Invalid condition id : Cortex-A Device cause : null
2026-10-05 18:35:27,601 [WARN] ConditionMgr:1044 - genDependencies : Invalid condition id : Cortex-A Device cause : null
2026-10-05 18:35:27,606 [WARN] PackLoader:240 - Cannot read IP mode file for STMicroelectronics.X-CUBE-STSE01.2.0.0
2026-10-05 18:35:27,628 [WARN] PackLoader:240 - Cannot read IP mode file for STMicroelectronics.X-CUBE-SUBG2.5.0.0
2026-10-05 18:35:27,641 [WARN] PackLoader:240 - Cannot read IP mode file for STMicroelectronics.X-CUBE-AZRTOS-G4.2.0.0
2026-10-05 18:35:27,646 [WARN] PackLoader:240 - Cannot read IP mode file for wolfSSL.I-CUBE-wolfSSH.1.4.20
2026-10-05 18:35:27,650 [WARN] PackLoader:240 - Cannot read IP mode file for STMicroelectronics.X-CUBE-NFC7.2.0.0
2026-10-05 18:35:27,653 [ERROR] Engine:466 - C:\Users\HP\.stm32cubemx\thirdparties\pdsc\STMicroelectronics.X-CUBE-BLEMGR.4.2.0.pdsc: PDSC version is not supported
2026-10-05 18:35:27,656 [WARN] PackLoader:240 - Cannot read IP mode file for STMicroelectronics.X-CUBE-ALS.1.0.2
2026-10-05 18:35:27,662 [WARN] PackLoader:240 - Cannot read IP mode file for STMicroelectronics.X-CUBE-TOF1.3.4.3
2026-10-05 18:35:27,667 [INFO] ThirdParty:978 - Integrity check success = true
2026-10-05 18:35:27,667 [INFO] IntegrityCheckThread:100 - exiting critical section [integrity check]
2026-10-05 18:35:27,667 [INFO] IntegrityCheckThread:103 - End integrity checks thread
2026-10-05 18:35:27,667 [INFO] ThirdParty:873 - entering critical section [close project]
2026-10-05 18:35:27,668 [INFO] ThirdParty:883 - exiting critical section [close project]
2026-10-05 18:35:27,670 [INFO] PinOutPanel:1589 - setPackage(No Configuration,No Configuration)
2026-10-05 18:35:27,672 [INFO] UtilMem:75 - Begin LoadConfig() Used Memory: 156666064 Bytes (268435456)
2026-10-05 18:35:27,673 [INFO] MicroXplorer:468 - Change Database Path : 
2026-10-05 18:35:27,673 [INFO] MicroXplorer:498 - Change Database Version : DB.6.0.150
2026-10-05 18:35:27,673 [INFO] OpenFileManager:355 - Change cursor
2026-10-05 18:35:27,693 [INFO] Mcu:2029 - Initializing MCU STM32F407V(E-G)Tx STM32F407VGTx STM32F407VGT6
2026-10-05 18:35:28,996 [INFO] Context:786 - Trying to add GPIOservice into a context  which must be forbidden
2026-10-05 18:35:29,435 [INFO] ImportTextPane:234 - (OptionalMessage_ERROR) Pin34 (VP_RIF_VS_RIF1) cannot be retrieved for this MCU
2026-10-05 18:35:29,513 [INFO] RtosManager:558 - Registered RTOS mode: class=CMSIS, group=RTOS, mode=CMSIS_V1, owner=FREERTOS
2026-10-05 18:35:29,514 [INFO] RtosManager:558 - Registered RTOS mode: class=CMSIS, group=RTOS2, mode=CMSIS_V2, owner=FREERTOS
2026-10-05 18:35:29,514 [INFO] RtosManager:558 - Registered RTOS mode: class=RTOS, group=Core, mode=CMSIS_V1, owner=FREERTOS
2026-10-05 18:35:29,514 [INFO] RtosManager:558 - Registered RTOS mode: class=RTOS, group=Core, mode=CMSIS_V2, owner=FREERTOS
2026-10-05 18:35:29,514 [WARN] ModelIntegratedComponent:184 - Missing modes for component STMicroelectronics:FreeRTOS:0.0.1:STMicroelectronics:RTOS:FreeRTOS:Core:::10.2.0:
2026-10-05 18:35:29,579 [WARN] ModelIntegratedComponent:63 - No mode defined for component null
2026-10-05 18:35:29,579 [WARN] ModelIntegratedComponent:63 - No mode defined for component null
2026-10-05 18:35:29,579 [WARN] ModelIntegratedComponent:63 - No mode defined for component null
2026-10-05 18:35:29,579 [WARN] ModelIntegratedComponent:63 - No mode defined for component null
2026-10-05 18:35:29,579 [WARN] ModelIntegratedComponent:63 - No mode defined for component null
2026-10-05 18:35:29,579 [WARN] ModelIntegratedComponent:63 - No mode defined for component null
2026-10-05 18:35:29,579 [WARN] ModelIntegratedComponent:63 - No mode defined for component null
2026-10-05 18:35:29,579 [WARN] ModelIntegratedComponent:63 - No mode defined for component null
2026-10-05 18:35:29,579 [WARN] ModelIntegratedComponent:63 - No mode defined for component null
2026-10-05 18:35:29,579 [WARN] ModelIntegratedComponent:63 - No mode defined for component null
2026-10-05 18:35:29,579 [WARN] ModelIntegratedComponent:63 - No mode defined for component null
2026-10-05 18:35:29,579 [WARN] ModelIntegratedComponent:63 - No mode defined for component null
2026-10-05 18:35:29,579 [WARN] ModelIntegratedComponent:63 - No mode defined for component null
2026-10-05 18:35:29,579 [WARN] ModelIntegratedComponent:63 - No mode defined for component null
2026-10-05 18:35:29,580 [WARN] ModelIntegratedComponent:63 - No mode defined for component null
2026-10-05 18:35:29,580 [WARN] ModelIntegratedComponent:63 - No mode defined for component null
2026-10-05 18:35:29,580 [WARN] ModelIntegratedComponent:63 - No mode defined for component null
2026-10-05 18:35:29,580 [WARN] ModelIntegratedComponent:63 - No mode defined for component null
2026-10-05 18:35:29,580 [WARN] ModelIntegratedComponent:63 - No mode defined for component null
2026-10-05 18:35:29,580 [WARN] ModelIntegratedComponent:63 - No mode defined for component null
2026-10-05 18:35:29,580 [WARN] ModelIntegratedComponent:63 - No mode defined for component null
2026-10-05 18:35:29,580 [WARN] ModelIntegratedComponent:63 - No mode defined for component null
2026-10-05 18:35:29,580 [WARN] ModelIntegratedComponent:63 - No mode defined for component null
2026-10-05 18:35:29,580 [WARN] ModelIntegratedComponent:63 - No mode defined for component null
2026-10-05 18:35:29,580 [WARN] ModelIntegratedComponent:63 - No mode defined for component null
2026-10-05 18:35:29,580 [WARN] ModelIntegratedComponent:63 - No mode defined for component null
2026-10-05 18:35:29,580 [WARN] ModelIntegratedComponent:63 - No mode defined for component null
2026-10-05 18:35:29,580 [WARN] ModelIntegratedComponent:63 - No mode defined for component null
2026-10-05 18:35:29,580 [WARN] ModelIntegratedComponent:63 - No mode defined for component null
2026-10-05 18:35:29,580 [WARN] ModelIntegratedComponent:63 - No mode defined for component null
2026-10-05 18:35:29,580 [WARN] ModelIntegratedComponent:63 - No mode defined for component null
2026-10-05 18:35:29,580 [WARN] ModelIntegratedComponent:63 - No mode defined for component null
2026-10-05 18:35:29,580 [WARN] ModelIntegratedComponent:63 - No mode defined for component null
2026-10-05 18:35:29,580 [WARN] ModelIntegratedComponent:63 - No mode defined for component null
2026-10-05 18:35:29,580 [WARN] ModelIntegratedComponent:63 - No mode defined for component null
2026-10-05 18:35:29,580 [WARN] ModelPack:524 - Component already loaded: STMicroelectronics:HAL Drivers:0.0.0:STMicroelectronics:Device:STMicro_Driver:XSPI:HAL::0.0.1:HAL_XSPI
2026-10-05 18:35:29,605 [INFO] ThirdPartyModel:298 - Start build external matchings
2026-10-05 18:35:29,858 [INFO] ThirdPartyModel:316 - End build external matchings
2026-10-05 18:35:29,872 [INFO] ImportTextPane:234 - (OptionalMessage_ERROR) IP (RCC) : Parameter (RTCHSEDivFreq_Value) has invalid value (4000000)
2026-10-05 18:35:30,170 [INFO] ApiDb:581 - Connected to CubeFinder SQLite database (C:\Users\HP\.stmcufinder\plugins\mcufinder\mcu\cube-finder-db.db)
2026-10-05 18:35:30,280 [INFO] ApiDb:668 - CubeFinder database Data Model version=2.1
2026-10-05 18:35:30,280 [INFO] ApiDb:669 - CubeFinder database Configuration version=3.0.42
2026-10-05 18:35:30,280 [INFO] ApiDb:670 - CubeFinder database generation date=2026-08-04 (1785840812)
2026-10-05 18:35:30,280 [INFO] ApiDb:671 - CubeFinder database FW Pack versions=[FP-ATR-ASTRA1_V2.0.0, FP-SNS-FLIGHT1_V5.1.0, FP-SNS-MOTENV1_V5.1.0, FP-SNS-MOTENVWB1_V1.5.0, FP-SNS-SMARTAG2_V1.2.0, FP-SNS-STBOX1_V2.1.0, STM32Cube_FW_C0_V1.4.1, STM32Cube_FW_F4_V1.28.3, STM32Cube_FW_F7_V1.17.4, STM32Cube_FW_G0_V1.6.3, STM32Cube_FW_G4_V1.6.2, STM32Cube_FW_H5_V1.7.0, STM32Cube_FW_H7RS_V1.3.0, STM32Cube_FW_H7_V1.13.0, STM32Cube_FW_L0_V1.12.2, STM32Cube_FW_L4_V1.18.2, STM32Cube_FW_L5_V1.6.0, STM32Cube_FW_N6_V1.4.0, STM32Cube_FW_U0_V1.3.0, STM32Cube_FW_U3_V1.4.0, STM32Cube_FW_U5_V1.9.0, STM32Cube_FW_WB0_V1.5.0, STM32Cube_FW_WBA_V1.10.0, STM32Cube_FW_WB_V1.24.0, STM32Cube_FW_WL3_V1.5.0, STM32Cube_FW_WL_V1.6.0, X-CUBE-ALGOBUILD_V1.5.0, X-CUBE-ALS_V1.0.2, X-CUBE-AZRTOS-F4_V1.1.0, X-CUBE-AZRTOS-F7_V1.1.0, X-CUBE-AZRTOS-G0_V1.1.0, X-CUBE-AZRTOS-G4_V2.0.0, X-CUBE-AZRTOS-H7RS_V1.3.0, X-CUBE-AZRTOS-H7_V3.5.0, X-CUBE-AZRTOS-L4_V2.0.0, X-CUBE-AZRTOS-L5_V2.0.0, X-CUBE-AZRTOS-WB_V2.0.0, X-CUBE-AZRTOS-WL_V2.0.0, X-CUBE-BLE1_V7.1.0, X-CUBE-BLE2_V3.3.0, X-CUBE-BLEMGR_V4.2.0, X-CUBE-EEPRMA1_V5.2.0, X-CUBE-FREERTOS_V1.6.0, X-CUBE-GNSS1_V7.1.1, X-CUBE-MEMS1_V13.0.0, X-CUBE-NFC4_V3.0.0, X-CUBE-NFC7_V2.0.0, X-CUBE-SFXS2LP1_V4.0.0, X-CUBE-ST67W61_V1.3.0, X-CUBE-SUBG2_V5.0.0, X-CUBE-TOF1_V3.4.3]
2026-10-05 18:35:30,393 [INFO] DbBoardsSqlite:226 - include board P-NUCLEO-WB55-NUCLEO as a kit item of type 'Nucleo-64'
2026-10-05 18:35:30,393 [INFO] DbBoardsSqlite:226 - include board P-NUCLEO-WB55-USBDONGLE as a kit item of type 'Nucleo USB Dongle'
2026-10-05 18:35:30,395 [INFO] DbBoardsSqlite:226 - include board STEVAL-IDP005V1 as a kit item of type 'Evaluation Board'
2026-10-05 18:35:30,396 [INFO] DbBoardsSqlite:226 - include board STEVAL-IDP005V2 as a kit item of type 'Evaluation Board'
2026-10-05 18:35:30,838 [INFO] ApiDb:240 - Found 880 in-development CPN: [B-G473E-ZEST1S, B-WB1M-WPAN1, B-WBA5M-WPAN, B-WL5M-SUBG1, NUCLEO-C031C6, NUCLEO-C051C8, NUCLEO-C071RB, NUCLEO-C092RC, NUCLEO-H503RB, NUCLEO-H533RE, NUCLEO-H563ZI, NUCLEO-H7S3L8, NUCLEO-N657X0-Q, NUCLEO-U031R8, NUCLEO-U083RC, NUCLEO-U385RG-Q, NUCLEO-U545RE-Q, NUCLEO-U5A5ZJ-Q, NUCLEO-WB05KZ, NUCLEO-WB07CC, NUCLEO-WB09KE, NUCLEO-WBA52CG, NUCLEO-WBA55CG, NUCLEO-WL33CC1, NUCLEO-WL33CC2, STEVAL-PROTEUS1, STEVAL-SMARTAG2, STEVAL-STWINBX1, STM320518-EVAL, STM32C0116-DK, STM32C011D6Y3TR, STM32C011D6Y6TR, STM32C011F4P3, STM32C011F4P6, STM32C011F4U3, STM32C011F4U6TR, STM32C011F6P3, STM32C011F6P6, STM32C011F6U3, STM32C011F6U6TR, STM32C011J4M3, STM32C011J4M6, STM32C011J6M3, STM32C011J6M6, STM32C0316-DK, STM32C031C4T3, STM32C031C4T6, STM32C031C4U3, STM32C031C4U6, STM32C031C6T3, STM32C031C6T6, STM32C031C6U3, STM32C031C6U6, STM32C031F4P3, STM32C031F4P6, STM32C031F6P3, STM32C031F6P6, STM32C031G4U3, STM32C031G4U6, STM32C031G6U3, STM32C031G6U6, STM32C031K4T3, STM32C031K4T6, STM32C031K4U3, STM32C031K4U6, STM32C031K6T3, STM32C031K6T6, STM32C031K6U3, STM32C031K6U6, STM32C051C6T6, STM32C051C6U6, STM32C051C8T6, STM32C051C8U6, STM32C051D8Y6TR, STM32C051F6P6, STM32C051F8P6, STM32C051G6U6, STM32C051G8U6, STM32C051K6T6, STM32C051K6U6, STM32C051K8T6, STM32C071C8T6, STM32C071C8T6N, STM32C071C8U6, STM32C071C8U6N, STM32C071CBT6, STM32C071CBT6N, STM32C071CBU6, STM32C071CBU6N, STM32C071F8P6, STM32C071F8P6N, STM32C071FBP6, STM32C071FBP6N, STM32C071FBY6TR, STM32C071G8U6, STM32C071G8U6N, STM32C071GBU6, STM32C071GBU6N, STM32C071K8T6, STM32C071K8T6N, STM32C071K8U6, STM32C071K8U6N, STM32C071KBT6, STM32C071KBT6N, STM32C071KBU6, STM32C071KBU6N, STM32C071R8T6, STM32C071R8T6N, STM32C071RBI6N, STM32C071RBT6, STM32C071RBT6N, STM32C091CBT6, STM32C091CBU6, STM32C091CCT6, STM32C091CCU6, STM32C091ECY6TR, STM32C091FBP6, STM32C091FCP6, STM32C091GBU6, STM32C091GCU6, STM32C091KBT6, STM32C091KBU6, STM32C091KCT6, STM32C091KCU6, STM32C091RBT6, STM32C091RCI6, STM32C091RCT6, STM32C092CBT6, STM32C092CBU6, STM32C092CCT6, STM32C092CCU6, STM32C092ECY6TR, STM32C092FBP6, STM32C092FCP6, STM32C092GBU6, STM32C092GCU6, STM32C092KBT6, STM32C092KBU6, STM32C092KCT6, STM32C092KCU6, STM32C092RBT6, STM32C092RCI6, STM32C092RCT6, STM32G071K8TXN, STM32G071K8UXN, STM32G081GBU6N, STM32G081KBT6N, STM32G081KBUXN, STM32G0B1CCT6N, STM32G0B1KCT6, STM32G0B1NEY6TR, STM32G0B1RCT6N, STM32G0C1CCT6, STM32G0C1CCT6N, STM32G0C1CCU6N, STM32G0C1CET6N, STM32G0C1CEU6N, STM32G0C1KCT6, STM32G0C1NEY6TR, STM32G0C1RCI6N, STM32G0C1RCT6N, STM32G0C1REI6N, STM32G0C1RET6N, STM32G0C1VCI6, STM32G0C1VEI6, STM32G411C6T3, STM32G411C6T6, STM32G411C6U3, STM32G411C6U6, STM32G411C8T3, STM32G411C8T6, STM32G411C8U3, STM32G411C8U6, STM32G411CBT3, STM32G411CBT6, STM32G411CBU3, STM32G411CBU6, STM32G411K6T3, STM32G411K6T6, STM32G411K6U3, STM32G411K6U6, STM32G411K8T3, STM32G411K8T6, STM32G411K8U3, STM32G411K8U6, STM32G411KBT3, STM32G411KBT6, STM32G411KBU3, STM32G411KBU6, STM32G411M6T3, STM32G411M6T6, STM32G411M8T3, STM32G411M8T6, STM32G411MBT3, STM32G411MBT6, STM32G411R6T3, STM32G411R6T6, STM32G411R8T3, STM32G411R8T6, STM32G411RBT3, STM32G411RBT6, STM32G414CBT3, STM32G414CBT6, STM32G414CBU3, STM32G414CBU6, STM32G414CCT3, STM32G414CCT6, STM32G414CCU3, STM32G414CCU6, STM32G414MBT3, STM32G414MBT6, STM32G414MCT3, STM32G414MCT6, STM32G414RBT3, STM32G414RBT6, STM32G414RCT3, STM32G414RCT6, STM32G414VBT3, STM32G414VBT6, STM32G414VCT3, STM32G414VCT6, STM32G431CBT3Z, STM32G431RBT3Z, STM32G471CCT6, STM32G471CCU6, STM32G471CET3, STM32G471CET6, STM32G471CEU3, STM32G471CEU6, STM32G471MCT6, STM32G471MET3, STM32G471MET6, STM32G471MEY6TR, STM32G471QCT6, STM32G471QET3, STM32G471RCT6, STM32G471RET3, STM32G471RET6, STM32G471VCH6, STM32G471VCI6, STM32G471VCT6, STM32G471VEH3, STM32G471VEH6, STM32G471VEI3, STM32G471VEI6, STM32G471VET3, STM32G471VET6, STM32G473QET3Z, STM32G473RET3Z, STM32G474CCT6, STM32G491RET3Z, STM32H503CBT6, STM32H503CBU6, STM32H503EBY6TR, STM32H503KBU6, STM32H503RBT6, STM32H523CCT6, STM32H523CCU6, STM32H523CET6, STM32H523CEU6, STM32H523HEY6TR, STM32H523RCT6, STM32H523RET6, STM32H523VCI6, STM32H523VCT6, STM32H523VEI6, STM32H523VET6, STM32H523ZCJ6, STM32H523ZCT6, STM32H523ZEJ6, STM32H523ZET6, STM32H533CET6, STM32H533CEU6, STM32H533HEY6TR, STM32H533RET6, STM32H533VEI6, STM32H533VET6, STM32H533ZEJ6, STM32H533ZET6, STM32H562AGI6, STM32H562AII6, STM32H562IGK6, STM32H562IGT6, STM32H562IIK6, STM32H562IIT6, STM32H562RGT6, STM32H562RGV6, STM32H562RIT6, STM32H562RIV6, STM32H562VGT6, STM32H562VIT6, STM32H562ZGT6, STM32H562ZIT6, STM32H563AGI6, STM32H563AII3Q, STM32H563AII6, STM32H563IGK6, STM32H563IGT6, STM32H563IIK3Q, STM32H563IIK6, STM32H563IIT3Q, STM32H563IIT6, STM32H563MIY3QTR, STM32H563RGT6, STM32H563RGV6, STM32H563RIT6, STM32H563RIV6, STM32H563VGT6, STM32H563VIT3Q, STM32H563VIT6, STM32H563ZGT6, STM32H563ZIT3Q, STM32H563ZIT6, STM32H573AII3Q, STM32H573AII6, STM32H573I-DK, STM32H573IIK3Q, STM32H573IIK6, STM32H573IIT3Q, STM32H573IIT6, STM32H573MIY3QTR, STM32H573RIT6, STM32H573RIV6, STM32H573VIT3Q, STM32H573VIT6, STM32H573ZIT3Q, STM32H573ZIT6, STM32H7R3A8I6, STM32H7R3I8K6, STM32H7R3I8T6, STM32H7R3L8H6, STM32H7R3L8H6H, STM32H7R3R8V6, STM32H7R3V8H6, STM32H7R3V8T6, STM32H7R3V8Y6TR, STM32H7R3Z8J6, STM32H7R3Z8T6, STM32H7R7A8I6, STM32H7R7I8K6, STM32H7R7I8T6, STM32H7R7L8H6, STM32H7R7L8H6H, STM32H7R7Z8J6, STM32H7S3A8I6, STM32H7S3I8K6, STM32H7S3I8T6, STM32H7S3L8H6, STM32H7S3L8H6H, STM32H7S3R8V6, STM32H7S3V8H6, STM32H7S3V8T6, STM32H7S3V8Y6TR, STM32H7S3Z8J6, STM32H7S3Z8T6, STM32H7S78-DK, STM32H7S7A8I6, STM32H7S7I8K6, STM32H7S7I8T6, STM32H7S7L8H6, STM32H7S7L8H6H, STM32H7S7Z8J6, STM32L4R5QGI6STR, STM32MP131AAE3, STM32MP131AAF3, STM32MP131AAG3, STM32MP131CAE3, STM32MP131CAF3, STM32MP131CAG3, STM32MP131DAE7, STM32MP131DAF7, STM32MP131DAG7, STM32MP131FAE7, STM32MP131FAF7, STM32MP131FAG7, STM32MP133AAE3, STM32MP133AAF3, STM32MP133AAG3, STM32MP133CAE3, STM32MP133CAF3, STM32MP133CAG3, STM32MP133DAE7, STM32MP133DAF7, STM32MP133DAG7, STM32MP133FAE7, STM32MP133FAF7, STM32MP133FAG7, STM32MP135AAE3, STM32MP135AAF3, STM32MP135AAG3, STM32MP135CAE3, STM32MP135CAF3, STM32MP135CAG3, STM32MP135DAE7, STM32MP135DAF7, STM32MP135DAG7, STM32MP135F-DK, STM32MP135FAE7, STM32MP135FAF7, STM32MP135FAF7T, STM32MP135FAF7U, STM32MP135FAG7, STM32MP211AAL3, STM32MP211AAM3, STM32MP211AAN3, STM32MP211AAO3, STM32MP211CAL3, STM32MP211CAM3, STM32MP211CAN3, STM32MP211CAO3, STM32MP211DAL3, STM32MP211DAM3, STM32MP211DAN3, STM32MP211DAO3, STM32MP211FAL3, STM32MP211FAM3, STM32MP211FAN3, STM32MP211FAO3, STM32MP213AAL3, STM32MP213AAM3, STM32MP213AAN3, STM32MP213AAO3, STM32MP213CAL3, STM32MP213CAM3, STM32MP213CAN3, STM32MP213CAO3, STM32MP213DAL3, STM32MP213DAM3, STM32MP213DAN3, STM32MP213DAO3, STM32MP213FAL3, STM32MP213FAM3, STM32MP213FAN3, STM32MP213FAO3, STM32MP215AAL3, STM32MP215AAM3, STM32MP215AAN3, STM32MP215AAO3, STM32MP215CAL3, STM32MP215CAM3, STM32MP215CAN3, STM32MP215CAO3, STM32MP215DAL3, STM32MP215DAM3, STM32MP215DAN3, STM32MP215DAO3, STM32MP215F-DK, STM32MP215FAL3, STM32MP215FAM3, STM32MP215FAN3, STM32MP215FAO3, STM32MP231AAJ3, STM32MP231AAK3, STM32MP231AAL3, STM32MP231CAJ3, STM32MP231CAK3, STM32MP231CAL3, STM32MP231DAJ3, STM32MP231DAK3, STM32MP231DAL3, STM32MP231FAJ3, STM32MP231FAK3, STM32MP231FAL3, STM32MP233AAJ3, STM32MP233AAK3, STM32MP233AAL3, STM32MP233CAJ3, STM32MP233CAK3, STM32MP233CAL3, STM32MP233DAJ3, STM32MP233DAK3, STM32MP233DAL3, STM32MP233FAJ3, STM32MP233FAK3, STM32MP233FAL3, STM32MP235AAJ3, STM32MP235AAK3, STM32MP235AAL3, STM32MP235CAJ3, STM32MP235CAK3, STM32MP235CAL3, STM32MP235DAJ3, STM32MP235DAK3, STM32MP235DAL3, STM32MP235FAJ3, STM32MP235FAK3, STM32MP235FAL3, STM32MP251AAI3, STM32MP251AAK3, STM32MP251AAL3, STM32MP251CAI3, STM32MP251CAK3, STM32MP251CAL3, STM32MP251DAI3, STM32MP251DAK3, STM32MP251DAL3, STM32MP251FAI3, STM32MP251FAK3, STM32MP251FAL3, STM32MP253AAI3, STM32MP253AAK3, STM32MP253AAL3, STM32MP253CAI3, STM32MP253CAK3, STM32MP253CAL3, STM32MP253DAI3, STM32MP253DAK3, STM32MP253DAL3, STM32MP253FAI3, STM32MP253FAK3, STM32MP253FAL3, STM32MP255AAI3, STM32MP255AAK3, STM32MP255AAL3, STM32MP255CAI3, STM32MP255CAK3, STM32MP255CAL3, STM32MP255DAI3, STM32MP255DAK3, STM32MP255DAL3, STM32MP255FAI3, STM32MP255FAK3, STM32MP255FAL3, STM32MP257AAI3, STM32MP257AAK3, STM32MP257AAL3, STM32MP257CAI3, STM32MP257CAK3, STM32MP257CAL3, STM32MP257DAI3, STM32MP257DAK3, STM32MP257DAL3, STM32MP257F-DK, STM32MP257F-EV1, STM32MP257FAI3, STM32MP257FAK3, STM32MP257FAL3, STM32N645A0H3Q, STM32N645B0H3Q, STM32N645I0H3Q, STM32N645L0H3Q, STM32N645X0H3Q, STM32N645Z0H3Q, STM32N647A0H3Q, STM32N647B0H3Q, STM32N647I0H3Q, STM32N647L0H3Q, STM32N647X0H3Q, STM32N647Z0H3Q, STM32N655A0H3Q, STM32N655B0H3Q, STM32N655I0H3Q, STM32N655L0H3Q, STM32N655X0H3Q, STM32N655Z0H3Q, STM32N6570-DK, STM32N657A0H3Q, STM32N657B0H3Q, STM32N657I0H3Q, STM32N657L0H3Q, STM32N657X0H3Q, STM32N657Z0H3Q, STM32U031C6T6, STM32U031C6U6, STM32U031C8T6, STM32U031C8U6, STM32U031F4P6, STM32U031F6P6, STM32U031F8P6, STM32U031G6Y6TR, STM32U031G8Y6TR, STM32U031K4U6, STM32U031K6U6, STM32U031K8U6, STM32U031R6I6, STM32U031R6T6, STM32U031R8I6, STM32U031R8T6, STM32U073C8T6, STM32U073C8U6, STM32U073CBT6, STM32U073CBU6, STM32U073CCT6, STM32U073CCU6, STM32U073H8Y6TR, STM32U073HBY6TR, STM32U073HCY6TR, STM32U073K8U6, STM32U073KBU6, STM32U073KCU6, STM32U073M8I6, STM32U073M8T6, STM32U073MBI6, STM32U073MBT6, STM32U073MCI6, STM32U073MCT6, STM32U073R8I6, STM32U073R8T6, STM32U073RBI6, STM32U073RBT6, STM32U073RCI6, STM32U073RCT6, STM32U083C-DK, STM32U083CCT6, STM32U083CCU6, STM32U083HCY6TR, STM32U083KCU6, STM32U083MCI6, STM32U083MCT6, STM32U083RCI6, STM32U083RCT6, STM32U375CET6, STM32U375CET6Q, STM32U375CEU6, STM32U375CEU6Q, STM32U375CEY6QTR, STM32U375CGT6, STM32U375CGT6Q, STM32U375CGU6, STM32U375CGU6Q, STM32U375CGY6QTR, STM32U375KEU6, STM32U375KGU6, STM32U375REI6, STM32U375REI6Q, STM32U375RET6, STM32U375RET6Q, STM32U375REY6GTR, STM32U375REY6QTR, STM32U375RGI6, STM32U375RGI6Q, STM32U375RGT6, STM32U375RGT6Q, STM32U375RGY6GTR, STM32U375RGY6QTR, STM32U375VEI6, STM32U375VEI6Q, STM32U375VET6, STM32U375VET6Q, STM32U375VGI6, STM32U375VGI6Q, STM32U375VGT6, STM32U375VGT6Q, STM32U385CGT6, STM32U385CGT6Q, STM32U385CGU6, STM32U385CGU6Q, STM32U385CGY6QTR, STM32U385KGU6, STM32U385RGI6, STM32U385RGI6Q, STM32U385RGT6, STM32U385RGT6Q, STM32U385RGY6GTR, STM32U385RGY6QTR, STM32U385VGI6, STM32U385VGI6Q, STM32U385VGT6, STM32U385VGT6Q, STM32U535CBT6, STM32U535CBT6Q, STM32U535CBU6, STM32U535CBU6Q, STM32U535CCT6, STM32U535CCT6Q, STM32U535CCU6, STM32U535CCU6Q, STM32U535CET6, STM32U535CET6Q, STM32U535CEU6, STM32U535CEU6Q, STM32U535JEY6QTR, STM32U535NCY6QTR, STM32U535NEY6QTR, STM32U535RBI6, STM32U535RBI6Q, STM32U535RBT6, STM32U535RBT6Q, STM32U535RCI6, STM32U535RCI6Q, STM32U535RCT6, STM32U535RCT6Q, STM32U535REI6, STM32U535REI6Q, STM32U535RET6, STM32U535RET6Q, STM32U535VCI6, STM32U535VCI6Q, STM32U535VCT6, STM32U535VCT6Q, STM32U535VEI6, STM32U535VEI6Q, STM32U535VET6, STM32U535VET6Q, STM32U545CET6, STM32U545CET6Q, STM32U545CEU6, STM32U545CEU6Q, STM32U545JEY6QTR, STM32U545NEY6QTR, STM32U545REI6, STM32U545REI6Q, STM32U545RET6, STM32U545RET6Q, STM32U545VEI6, STM32U545VEI6Q, STM32U545VET6, STM32U545VET6Q, STM32U595AIH6, STM32U595AIH6Q, STM32U595AJH6, STM32U595AJH6Q, STM32U595QII6, STM32U595QII6Q, STM32U595QJI6, STM32U595QJI6Q, STM32U595RIT6, STM32U595RIT6Q, STM32U595RJT6, STM32U595RJT6Q, STM32U595VIT6, STM32U595VIT6Q, STM32U595VJT6, STM32U595VJT6Q, STM32U595ZIT6, STM32U595ZIT6Q, STM32U595ZIY6QTR, STM32U595ZJT6, STM32U595ZJT6Q, STM32U595ZJY6QTR, STM32U599BJY6QTR, STM32U599NIH6Q, STM32U599NJH6Q, STM32U599VIT6Q, STM32U599VJT6, STM32U599VJT6Q, STM32U599ZIT6Q, STM32U599ZIY6QTR, STM32U599ZJT6Q, STM32U599ZJY6QTR, STM32U5A5AJH6, STM32U5A5AJH6Q, STM32U5A5QII3Q , STM32U5A5QJI6, STM32U5A5QJI6Q, STM32U5A5RJT6, STM32U5A5RJT6Q, STM32U5A5VJT6, STM32U5A5VJT6Q, STM32U5A5ZJT6, STM32U5A5ZJT6Q, STM32U5A5ZJY6QTR, STM32U5A9BJY6QTR, STM32U5A9J-DK, STM32U5A9NJH6Q, STM32U5A9VJT6Q, STM32U5A9ZJT6Q, STM32U5A9ZJY6QTR, STM32U5F7VIT6, STM32U5F7VIT6Q, STM32U5F7VJT6, STM32U5F7VJT6Q, STM32U5F9BJY6QTR, STM32U5F9NJH6Q, STM32U5F9VIT6Q, STM32U5F9VJT6Q, STM32U5F9ZIJ6QTR, STM32U5F9ZIT6Q, STM32U5F9ZJJ6QTR, STM32U5F9ZJT6Q, STM32U5G7VJT6, STM32U5G7VJT6Q, STM32U5G9BJY6QTR, STM32U5G9J-DK1, STM32U5G9J-DK2, STM32U5G9NJH6Q, STM32U5G9VJT6Q, STM32U5G9ZJJ6QTR, STM32U5G9ZJT6Q, STM32WB05KZV6TR, STM32WB05KZV7TR, STM32WB05TZF6TR, STM32WB05TZF7TR, STM32WB06CCF6TR, STM32WB06CCF7TR, STM32WB06CCV6TR, STM32WB06CCV7TR, STM32WB06KCV6TR, STM32WB06KCV7TR, STM32WB07CCF6TR, STM32WB07CCF7TR, STM32WB07CCV6TR, STM32WB07CCV7TR, STM32WB07KCV6TR, STM32WB07KCV7TR, STM32WB09KEV6TR, STM32WB09KEV7TR, STM32WB09TEF6TR, STM32WB09TEF7TR, STM32WB1MMCH6, STM32WBA50KGU6, STM32WBA50KGU6TR, STM32WBA52CEU6, STM32WBA52CEU6TR, STM32WBA52CEU7, STM32WBA52CEU7TR, STM32WBA52CGU6, STM32WBA52CGU6TR, STM32WBA52CGU6U, STM32WBA52CGU7, STM32WBA52CGU7TR, STM32WBA52KEU6, STM32WBA52KEU6TR, STM32WBA52KGU6, STM32WBA52KGU6TR, STM32WBA54CEU6, STM32WBA54CEU6TR, STM32WBA54CEU7, STM32WBA54CEU7TR, STM32WBA54CGU6, STM32WBA54CGU6TR, STM32WBA54CGU7, STM32WBA54CGU7TR, STM32WBA54KEU6, STM32WBA54KEU6TR, STM32WBA54KEU7, STM32WBA54KEU7TR, STM32WBA54KGU6, STM32WBA54KGU6TR, STM32WBA54KGU7, STM32WBA54KGU7TR, STM32WBA55CEU6, STM32WBA55CEU6TR, STM32WBA55CEU7, STM32WBA55CEU7TR, STM32WBA55CGU6, STM32WBA55CGU6TR, STM32WBA55CGU6U, STM32WBA55CGU7, STM32WBA55CGU7TR, STM32WBA55G-DK1, STM32WBA55HEF6, STM32WBA55HEF7, STM32WBA55HGF6, STM32WBA55HGF7, STM32WBA55UEI6, STM32WBA55UEI6TR, STM32WBA55UEI7, STM32WBA55UEI7TR, STM32WBA55UGI6, STM32WBA55UGI6TR, STM32WBA55UGI7, STM32WBA55UGI7TR, STM32WBA5MMGH6TR, STM32WBA62MGF6, STM32WBA62MIF6, STM32WBA65MGF7, STM32WBA65MIF6, STM32WBA65MIF7, STM32WL30K8V6, STM32WL30KBV6, STM32WL31C8V6, STM32WL31CBV6, STM32WL31K8V6, STM32WL31KBV6, STM32WL33C8V6, STM32WL33C8V6X, STM32WL33CBV6, STM32WL33CBV6X, STM32WL33CCV6, STM32WL33CCV6A, STM32WL33CCV6X, STM32WL33K8V7, STM32WL33K8V7X, STM32WL33KBV7 , STM32WL33KBV7X, STM32WL33KCV7, STM32WL33KCV7X, STM32WL5MOCH6, STM32WL5MOCH6TR]
2026-10-05 18:35:30,843 [INFO] ApiDb:668 - CubeFinder database Data Model version=2.1
2026-10-05 18:35:30,843 [INFO] ApiDb:669 - CubeFinder database Configuration version=3.0.42
2026-10-05 18:35:30,843 [INFO] ApiDb:670 - CubeFinder database generation date=2026-08-04 (1785840812)
2026-10-05 18:35:30,843 [INFO] ApiDb:671 - CubeFinder database FW Pack versions=[FP-ATR-ASTRA1_V2.0.0, FP-SNS-FLIGHT1_V5.1.0, FP-SNS-MOTENV1_V5.1.0, FP-SNS-MOTENVWB1_V1.5.0, FP-SNS-SMARTAG2_V1.2.0, FP-SNS-STBOX1_V2.1.0, STM32Cube_FW_C0_V1.4.1, STM32Cube_FW_F4_V1.28.3, STM32Cube_FW_F7_V1.17.4, STM32Cube_FW_G0_V1.6.3, STM32Cube_FW_G4_V1.6.2, STM32Cube_FW_H5_V1.7.0, STM32Cube_FW_H7RS_V1.3.0, STM32Cube_FW_H7_V1.13.0, STM32Cube_FW_L0_V1.12.2, STM32Cube_FW_L4_V1.18.2, STM32Cube_FW_L5_V1.6.0, STM32Cube_FW_N6_V1.4.0, STM32Cube_FW_U0_V1.3.0, STM32Cube_FW_U3_V1.4.0, STM32Cube_FW_U5_V1.9.0, STM32Cube_FW_WB0_V1.5.0, STM32Cube_FW_WBA_V1.10.0, STM32Cube_FW_WB_V1.24.0, STM32Cube_FW_WL3_V1.5.0, STM32Cube_FW_WL_V1.6.0, X-CUBE-ALGOBUILD_V1.5.0, X-CUBE-ALS_V1.0.2, X-CUBE-AZRTOS-F4_V1.1.0, X-CUBE-AZRTOS-F7_V1.1.0, X-CUBE-AZRTOS-G0_V1.1.0, X-CUBE-AZRTOS-G4_V2.0.0, X-CUBE-AZRTOS-H7RS_V1.3.0, X-CUBE-AZRTOS-H7_V3.5.0, X-CUBE-AZRTOS-L4_V2.0.0, X-CUBE-AZRTOS-L5_V2.0.0, X-CUBE-AZRTOS-WB_V2.0.0, X-CUBE-AZRTOS-WL_V2.0.0, X-CUBE-BLE1_V7.1.0, X-CUBE-BLE2_V3.3.0, X-CUBE-BLEMGR_V4.2.0, X-CUBE-EEPRMA1_V5.2.0, X-CUBE-FREERTOS_V1.6.0, X-CUBE-GNSS1_V7.1.1, X-CUBE-MEMS1_V13.0.0, X-CUBE-NFC4_V3.0.0, X-CUBE-NFC7_V2.0.0, X-CUBE-SFXS2LP1_V4.0.0, X-CUBE-ST67W61_V1.3.0, X-CUBE-SUBG2_V5.0.0, X-CUBE-TOF1_V3.4.3]
2026-10-05 18:35:33,164 [INFO] ApiDb:240 - Found 880 in-development CPN: [B-G473E-ZEST1S, B-WB1M-WPAN1, B-WBA5M-WPAN, B-WL5M-SUBG1, NUCLEO-C031C6, NUCLEO-C051C8, NUCLEO-C071RB, NUCLEO-C092RC, NUCLEO-H503RB, NUCLEO-H533RE, NUCLEO-H563ZI, NUCLEO-H7S3L8, NUCLEO-N657X0-Q, NUCLEO-U031R8, NUCLEO-U083RC, NUCLEO-U385RG-Q, NUCLEO-U545RE-Q, NUCLEO-U5A5ZJ-Q, NUCLEO-WB05KZ, NUCLEO-WB07CC, NUCLEO-WB09KE, NUCLEO-WBA52CG, NUCLEO-WBA55CG, NUCLEO-WL33CC1, NUCLEO-WL33CC2, STEVAL-PROTEUS1, STEVAL-SMARTAG2, STEVAL-STWINBX1, STM320518-EVAL, STM32C0116-DK, STM32C011D6Y3TR, STM32C011D6Y6TR, STM32C011F4P3, STM32C011F4P6, STM32C011F4U3, STM32C011F4U6TR, STM32C011F6P3, STM32C011F6P6, STM32C011F6U3, STM32C011F6U6TR, STM32C011J4M3, STM32C011J4M6, STM32C011J6M3, STM32C011J6M6, STM32C0316-DK, STM32C031C4T3, STM32C031C4T6, STM32C031C4U3, STM32C031C4U6, STM32C031C6T3, STM32C031C6T6, STM32C031C6U3, STM32C031C6U6, STM32C031F4P3, STM32C031F4P6, STM32C031F6P3, STM32C031F6P6, STM32C031G4U3, STM32C031G4U6, STM32C031G6U3, STM32C031G6U6, STM32C031K4T3, STM32C031K4T6, STM32C031K4U3, STM32C031K4U6, STM32C031K6T3, STM32C031K6T6, STM32C031K6U3, STM32C031K6U6, STM32C051C6T6, STM32C051C6U6, STM32C051C8T6, STM32C051C8U6, STM32C051D8Y6TR, STM32C051F6P6, STM32C051F8P6, STM32C051G6U6, STM32C051G8U6, STM32C051K6T6, STM32C051K6U6, STM32C051K8T6, STM32C071C8T6, STM32C071C8T6N, STM32C071C8U6, STM32C071C8U6N, STM32C071CBT6, STM32C071CBT6N, STM32C071CBU6, STM32C071CBU6N, STM32C071F8P6, STM32C071F8P6N, STM32C071FBP6, STM32C071FBP6N, STM32C071FBY6TR, STM32C071G8U6, STM32C071G8U6N, STM32C071GBU6, STM32C071GBU6N, STM32C071K8T6, STM32C071K8T6N, STM32C071K8U6, STM32C071K8U6N, STM32C071KBT6, STM32C071KBT6N, STM32C071KBU6, STM32C071KBU6N, STM32C071R8T6, STM32C071R8T6N, STM32C071RBI6N, STM32C071RBT6, STM32C071RBT6N, STM32C091CBT6, STM32C091CBU6, STM32C091CCT6, STM32C091CCU6, STM32C091ECY6TR, STM32C091FBP6, STM32C091FCP6, STM32C091GBU6, STM32C091GCU6, STM32C091KBT6, STM32C091KBU6, STM32C091KCT6, STM32C091KCU6, STM32C091RBT6, STM32C091RCI6, STM32C091RCT6, STM32C092CBT6, STM32C092CBU6, STM32C092CCT6, STM32C092CCU6, STM32C092ECY6TR, STM32C092FBP6, STM32C092FCP6, STM32C092GBU6, STM32C092GCU6, STM32C092KBT6, STM32C092KBU6, STM32C092KCT6, STM32C092KCU6, STM32C092RBT6, STM32C092RCI6, STM32C092RCT6, STM32G071K8TXN, STM32G071K8UXN, STM32G081GBU6N, STM32G081KBT6N, STM32G081KBUXN, STM32G0B1CCT6N, STM32G0B1KCT6, STM32G0B1NEY6TR, STM32G0B1RCT6N, STM32G0C1CCT6, STM32G0C1CCT6N, STM32G0C1CCU6N, STM32G0C1CET6N, STM32G0C1CEU6N, STM32G0C1KCT6, STM32G0C1NEY6TR, STM32G0C1RCI6N, STM32G0C1RCT6N, STM32G0C1REI6N, STM32G0C1RET6N, STM32G0C1VCI6, STM32G0C1VEI6, STM32G411C6T3, STM32G411C6T6, STM32G411C6U3, STM32G411C6U6, STM32G411C8T3, STM32G411C8T6, STM32G411C8U3, STM32G411C8U6, STM32G411CBT3, STM32G411CBT6, STM32G411CBU3, STM32G411CBU6, STM32G411K6T3, STM32G411K6T6, STM32G411K6U3, STM32G411K6U6, STM32G411K8T3, STM32G411K8T6, STM32G411K8U3, STM32G411K8U6, STM32G411KBT3, STM32G411KBT6, STM32G411KBU3, STM32G411KBU6, STM32G411M6T3, STM32G411M6T6, STM32G411M8T3, STM32G411M8T6, STM32G411MBT3, STM32G411MBT6, STM32G411R6T3, STM32G411R6T6, STM32G411R8T3, STM32G411R8T6, STM32G411RBT3, STM32G411RBT6, STM32G414CBT3, STM32G414CBT6, STM32G414CBU3, STM32G414CBU6, STM32G414CCT3, STM32G414CCT6, STM32G414CCU3, STM32G414CCU6, STM32G414MBT3, STM32G414MBT6, STM32G414MCT3, STM32G414MCT6, STM32G414RBT3, STM32G414RBT6, STM32G414RCT3, STM32G414RCT6, STM32G414VBT3, STM32G414VBT6, STM32G414VCT3, STM32G414VCT6, STM32G431CBT3Z, STM32G431RBT3Z, STM32G471CCT6, STM32G471CCU6, STM32G471CET3, STM32G471CET6, STM32G471CEU3, STM32G471CEU6, STM32G471MCT6, STM32G471MET3, STM32G471MET6, STM32G471MEY6TR, STM32G471QCT6, STM32G471QET3, STM32G471RCT6, STM32G471RET3, STM32G471RET6, STM32G471VCH6, STM32G471VCI6, STM32G471VCT6, STM32G471VEH3, STM32G471VEH6, STM32G471VEI3, STM32G471VEI6, STM32G471VET3, STM32G471VET6, STM32G473QET3Z, STM32G473RET3Z, STM32G474CCT6, STM32G491RET3Z, STM32H503CBT6, STM32H503CBU6, STM32H503EBY6TR, STM32H503KBU6, STM32H503RBT6, STM32H523CCT6, STM32H523CCU6, STM32H523CET6, STM32H523CEU6, STM32H523HEY6TR, STM32H523RCT6, STM32H523RET6, STM32H523VCI6, STM32H523VCT6, STM32H523VEI6, STM32H523VET6, STM32H523ZCJ6, STM32H523ZCT6, STM32H523ZEJ6, STM32H523ZET6, STM32H533CET6, STM32H533CEU6, STM32H533HEY6TR, STM32H533RET6, STM32H533VEI6, STM32H533VET6, STM32H533ZEJ6, STM32H533ZET6, STM32H562AGI6, STM32H562AII6, STM32H562IGK6, STM32H562IGT6, STM32H562IIK6, STM32H562IIT6, STM32H562RGT6, STM32H562RGV6, STM32H562RIT6, STM32H562RIV6, STM32H562VGT6, STM32H562VIT6, STM32H562ZGT6, STM32H562ZIT6, STM32H563AGI6, STM32H563AII3Q, STM32H563AII6, STM32H563IGK6, STM32H563IGT6, STM32H563IIK3Q, STM32H563IIK6, STM32H563IIT3Q, STM32H563IIT6, STM32H563MIY3QTR, STM32H563RGT6, STM32H563RGV6, STM32H563RIT6, STM32H563RIV6, STM32H563VGT6, STM32H563VIT3Q, STM32H563VIT6, STM32H563ZGT6, STM32H563ZIT3Q, STM32H563ZIT6, STM32H573AII3Q, STM32H573AII6, STM32H573I-DK, STM32H573IIK3Q, STM32H573IIK6, STM32H573IIT3Q, STM32H573IIT6, STM32H573MIY3QTR, STM32H573RIT6, STM32H573RIV6, STM32H573VIT3Q, STM32H573VIT6, STM32H573ZIT3Q, STM32H573ZIT6, STM32H7R3A8I6, STM32H7R3I8K6, STM32H7R3I8T6, STM32H7R3L8H6, STM32H7R3L8H6H, STM32H7R3R8V6, STM32H7R3V8H6, STM32H7R3V8T6, STM32H7R3V8Y6TR, STM32H7R3Z8J6, STM32H7R3Z8T6, STM32H7R7A8I6, STM32H7R7I8K6, STM32H7R7I8T6, STM32H7R7L8H6, STM32H7R7L8H6H, STM32H7R7Z8J6, STM32H7S3A8I6, STM32H7S3I8K6, STM32H7S3I8T6, STM32H7S3L8H6, STM32H7S3L8H6H, STM32H7S3R8V6, STM32H7S3V8H6, STM32H7S3V8T6, STM32H7S3V8Y6TR, STM32H7S3Z8J6, STM32H7S3Z8T6, STM32H7S78-DK, STM32H7S7A8I6, STM32H7S7I8K6, STM32H7S7I8T6, STM32H7S7L8H6, STM32H7S7L8H6H, STM32H7S7Z8J6, STM32L4R5QGI6STR, STM32MP131AAE3, STM32MP131AAF3, STM32MP131AAG3, STM32MP131CAE3, STM32MP131CAF3, STM32MP131CAG3, STM32MP131DAE7, STM32MP131DAF7, STM32MP131DAG7, STM32MP131FAE7, STM32MP131FAF7, STM32MP131FAG7, STM32MP133AAE3, STM32MP133AAF3, STM32MP133AAG3, STM32MP133CAE3, STM32MP133CAF3, STM32MP133CAG3, STM32MP133DAE7, STM32MP133DAF7, STM32MP133DAG7, STM32MP133FAE7, STM32MP133FAF7, STM32MP133FAG7, STM32MP135AAE3, STM32MP135AAF3, STM32MP135AAG3, STM32MP135CAE3, STM32MP135CAF3, STM32MP135CAG3, STM32MP135DAE7, STM32MP135DAF7, STM32MP135DAG7, STM32MP135F-DK, STM32MP135FAE7, STM32MP135FAF7, STM32MP135FAF7T, STM32MP135FAF7U, STM32MP135FAG7, STM32MP211AAL3, STM32MP211AAM3, STM32MP211AAN3, STM32MP211AAO3, STM32MP211CAL3, STM32MP211CAM3, STM32MP211CAN3, STM32MP211CAO3, STM32MP211DAL3, STM32MP211DAM3, STM32MP211DAN3, STM32MP211DAO3, STM32MP211FAL3, STM32MP211FAM3, STM32MP211FAN3, STM32MP211FAO3, STM32MP213AAL3, STM32MP213AAM3, STM32MP213AAN3, STM32MP213AAO3, STM32MP213CAL3, STM32MP213CAM3, STM32MP213CAN3, STM32MP213CAO3, STM32MP213DAL3, STM32MP213DAM3, STM32MP213DAN3, STM32MP213DAO3, STM32MP213FAL3, STM32MP213FAM3, STM32MP213FAN3, STM32MP213FAO3, STM32MP215AAL3, STM32MP215AAM3, STM32MP215AAN3, STM32MP215AAO3, STM32MP215CAL3, STM32MP215CAM3, STM32MP215CAN3, STM32MP215CAO3, STM32MP215DAL3, STM32MP215DAM3, STM32MP215DAN3, STM32MP215DAO3, STM32MP215F-DK, STM32MP215FAL3, STM32MP215FAM3, STM32MP215FAN3, STM32MP215FAO3, STM32MP231AAJ3, STM32MP231AAK3, STM32MP231AAL3, STM32MP231CAJ3, STM32MP231CAK3, STM32MP231CAL3, STM32MP231DAJ3, STM32MP231DAK3, STM32MP231DAL3, STM32MP231FAJ3, STM32MP231FAK3, STM32MP231FAL3, STM32MP233AAJ3, STM32MP233AAK3, STM32MP233AAL3, STM32MP233CAJ3, STM32MP233CAK3, STM32MP233CAL3, STM32MP233DAJ3, STM32MP233DAK3, STM32MP233DAL3, STM32MP233FAJ3, STM32MP233FAK3, STM32MP233FAL3, STM32MP235AAJ3, STM32MP235AAK3, STM32MP235AAL3, STM32MP235CAJ3, STM32MP235CAK3, STM32MP235CAL3, STM32MP235DAJ3, STM32MP235DAK3, STM32MP235DAL3, STM32MP235FAJ3, STM32MP235FAK3, STM32MP235FAL3, STM32MP251AAI3, STM32MP251AAK3, STM32MP251AAL3, STM32MP251CAI3, STM32MP251CAK3, STM32MP251CAL3, STM32MP251DAI3, STM32MP251DAK3, STM32MP251DAL3, STM32MP251FAI3, STM32MP251FAK3, STM32MP251FAL3, STM32MP253AAI3, STM32MP253AAK3, STM32MP253AAL3, STM32MP253CAI3, STM32MP253CAK3, STM32MP253CAL3, STM32MP253DAI3, STM32MP253DAK3, STM32MP253DAL3, STM32MP253FAI3, STM32MP253FAK3, STM32MP253FAL3, STM32MP255AAI3, STM32MP255AAK3, STM32MP255AAL3, STM32MP255CAI3, STM32MP255CAK3, STM32MP255CAL3, STM32MP255DAI3, STM32MP255DAK3, STM32MP255DAL3, STM32MP255FAI3, STM32MP255FAK3, STM32MP255FAL3, STM32MP257AAI3, STM32MP257AAK3, STM32MP257AAL3, STM32MP257CAI3, STM32MP257CAK3, STM32MP257CAL3, STM32MP257DAI3, STM32MP257DAK3, STM32MP257DAL3, STM32MP257F-DK, STM32MP257F-EV1, STM32MP257FAI3, STM32MP257FAK3, STM32MP257FAL3, STM32N645A0H3Q, STM32N645B0H3Q, STM32N645I0H3Q, STM32N645L0H3Q, STM32N645X0H3Q, STM32N645Z0H3Q, STM32N647A0H3Q, STM32N647B0H3Q, STM32N647I0H3Q, STM32N647L0H3Q, STM32N647X0H3Q, STM32N647Z0H3Q, STM32N655A0H3Q, STM32N655B0H3Q, STM32N655I0H3Q, STM32N655L0H3Q, STM32N655X0H3Q, STM32N655Z0H3Q, STM32N6570-DK, STM32N657A0H3Q, STM32N657B0H3Q, STM32N657I0H3Q, STM32N657L0H3Q, STM32N657X0H3Q, STM32N657Z0H3Q, STM32U031C6T6, STM32U031C6U6, STM32U031C8T6, STM32U031C8U6, STM32U031F4P6, STM32U031F6P6, STM32U031F8P6, STM32U031G6Y6TR, STM32U031G8Y6TR, STM32U031K4U6, STM32U031K6U6, STM32U031K8U6, STM32U031R6I6, STM32U031R6T6, STM32U031R8I6, STM32U031R8T6, STM32U073C8T6, STM32U073C8U6, STM32U073CBT6, STM32U073CBU6, STM32U073CCT6, STM32U073CCU6, STM32U073H8Y6TR, STM32U073HBY6TR, STM32U073HCY6TR, STM32U073K8U6, STM32U073KBU6, STM32U073KCU6, STM32U073M8I6, STM32U073M8T6, STM32U073MBI6, STM32U073MBT6, STM32U073MCI6, STM32U073MCT6, STM32U073R8I6, STM32U073R8T6, STM32U073RBI6, STM32U073RBT6, STM32U073RCI6, STM32U073RCT6, STM32U083C-DK, STM32U083CCT6, STM32U083CCU6, STM32U083HCY6TR, STM32U083KCU6, STM32U083MCI6, STM32U083MCT6, STM32U083RCI6, STM32U083RCT6, STM32U375CET6, STM32U375CET6Q, STM32U375CEU6, STM32U375CEU6Q, STM32U375CEY6QTR, STM32U375CGT6, STM32U375CGT6Q, STM32U375CGU6, STM32U375CGU6Q, STM32U375CGY6QTR, STM32U375KEU6, STM32U375KGU6, STM32U375REI6, STM32U375REI6Q, STM32U375RET6, STM32U375RET6Q, STM32U375REY6GTR, STM32U375REY6QTR, STM32U375RGI6, STM32U375RGI6Q, STM32U375RGT6, STM32U375RGT6Q, STM32U375RGY6GTR, STM32U375RGY6QTR, STM32U375VEI6, STM32U375VEI6Q, STM32U375VET6, STM32U375VET6Q, STM32U375VGI6, STM32U375VGI6Q, STM32U375VGT6, STM32U375VGT6Q, STM32U385CGT6, STM32U385CGT6Q, STM32U385CGU6, STM32U385CGU6Q, STM32U385CGY6QTR, STM32U385KGU6, STM32U385RGI6, STM32U385RGI6Q, STM32U385RGT6, STM32U385RGT6Q, STM32U385RGY6GTR, STM32U385RGY6QTR, STM32U385VGI6, STM32U385VGI6Q, STM32U385VGT6, STM32U385VGT6Q, STM32U535CBT6, STM32U535CBT6Q, STM32U535CBU6, STM32U535CBU6Q, STM32U535CCT6, STM32U535CCT6Q, STM32U535CCU6, STM32U535CCU6Q, STM32U535CET6, STM32U535CET6Q, STM32U535CEU6, STM32U535CEU6Q, STM32U535JEY6QTR, STM32U535NCY6QTR, STM32U535NEY6QTR, STM32U535RBI6, STM32U535RBI6Q, STM32U535RBT6, STM32U535RBT6Q, STM32U535RCI6, STM32U535RCI6Q, STM32U535RCT6, STM32U535RCT6Q, STM32U535REI6, STM32U535REI6Q, STM32U535RET6, STM32U535RET6Q, STM32U535VCI6, STM32U535VCI6Q, STM32U535VCT6, STM32U535VCT6Q, STM32U535VEI6, STM32U535VEI6Q, STM32U535VET6, STM32U535VET6Q, STM32U545CET6, STM32U545CET6Q, STM32U545CEU6, STM32U545CEU6Q, STM32U545JEY6QTR, STM32U545NEY6QTR, STM32U545REI6, STM32U545REI6Q, STM32U545RET6, STM32U545RET6Q, STM32U545VEI6, STM32U545VEI6Q, STM32U545VET6, STM32U545VET6Q, STM32U595AIH6, STM32U595AIH6Q, STM32U595AJH6, STM32U595AJH6Q, STM32U595QII6, STM32U595QII6Q, STM32U595QJI6, STM32U595QJI6Q, STM32U595RIT6, STM32U595RIT6Q, STM32U595RJT6, STM32U595RJT6Q, STM32U595VIT6, STM32U595VIT6Q, STM32U595VJT6, STM32U595VJT6Q, STM32U595ZIT6, STM32U595ZIT6Q, STM32U595ZIY6QTR, STM32U595ZJT6, STM32U595ZJT6Q, STM32U595ZJY6QTR, STM32U599BJY6QTR, STM32U599NIH6Q, STM32U599NJH6Q, STM32U599VIT6Q, STM32U599VJT6, STM32U599VJT6Q, STM32U599ZIT6Q, STM32U599ZIY6QTR, STM32U599ZJT6Q, STM32U599ZJY6QTR, STM32U5A5AJH6, STM32U5A5AJH6Q, STM32U5A5QII3Q , STM32U5A5QJI6, STM32U5A5QJI6Q, STM32U5A5RJT6, STM32U5A5RJT6Q, STM32U5A5VJT6, STM32U5A5VJT6Q, STM32U5A5ZJT6, STM32U5A5ZJT6Q, STM32U5A5ZJY6QTR, STM32U5A9BJY6QTR, STM32U5A9J-DK, STM32U5A9NJH6Q, STM32U5A9VJT6Q, STM32U5A9ZJT6Q, STM32U5A9ZJY6QTR, STM32U5F7VIT6, STM32U5F7VIT6Q, STM32U5F7VJT6, STM32U5F7VJT6Q, STM32U5F9BJY6QTR, STM32U5F9NJH6Q, STM32U5F9VIT6Q, STM32U5F9VJT6Q, STM32U5F9ZIJ6QTR, STM32U5F9ZIT6Q, STM32U5F9ZJJ6QTR, STM32U5F9ZJT6Q, STM32U5G7VJT6, STM32U5G7VJT6Q, STM32U5G9BJY6QTR, STM32U5G9J-DK1, STM32U5G9J-DK2, STM32U5G9NJH6Q, STM32U5G9VJT6Q, STM32U5G9ZJJ6QTR, STM32U5G9ZJT6Q, STM32WB05KZV6TR, STM32WB05KZV7TR, STM32WB05TZF6TR, STM32WB05TZF7TR, STM32WB06CCF6TR, STM32WB06CCF7TR, STM32WB06CCV6TR, STM32WB06CCV7TR, STM32WB06KCV6TR, STM32WB06KCV7TR, STM32WB07CCF6TR, STM32WB07CCF7TR, STM32WB07CCV6TR, STM32WB07CCV7TR, STM32WB07KCV6TR, STM32WB07KCV7TR, STM32WB09KEV6TR, STM32WB09KEV7TR, STM32WB09TEF6TR, STM32WB09TEF7TR, STM32WB1MMCH6, STM32WBA50KGU6, STM32WBA50KGU6TR, STM32WBA52CEU6, STM32WBA52CEU6TR, STM32WBA52CEU7, STM32WBA52CEU7TR, STM32WBA52CGU6, STM32WBA52CGU6TR, STM32WBA52CGU6U, STM32WBA52CGU7, STM32WBA52CGU7TR, STM32WBA52KEU6, STM32WBA52KEU6TR, STM32WBA52KGU6, STM32WBA52KGU6TR, STM32WBA54CEU6, STM32WBA54CEU6TR, STM32WBA54CEU7, STM32WBA54CEU7TR, STM32WBA54CGU6, STM32WBA54CGU6TR, STM32WBA54CGU7, STM32WBA54CGU7TR, STM32WBA54KEU6, STM32WBA54KEU6TR, STM32WBA54KEU7, STM32WBA54KEU7TR, STM32WBA54KGU6, STM32WBA54KGU6TR, STM32WBA54KGU7, STM32WBA54KGU7TR, STM32WBA55CEU6, STM32WBA55CEU6TR, STM32WBA55CEU7, STM32WBA55CEU7TR, STM32WBA55CGU6, STM32WBA55CGU6TR, STM32WBA55CGU6U, STM32WBA55CGU7, STM32WBA55CGU7TR, STM32WBA55G-DK1, STM32WBA55HEF6, STM32WBA55HEF7, STM32WBA55HGF6, STM32WBA55HGF7, STM32WBA55UEI6, STM32WBA55UEI6TR, STM32WBA55UEI7, STM32WBA55UEI7TR, STM32WBA55UGI6, STM32WBA55UGI6TR, STM32WBA55UGI7, STM32WBA55UGI7TR, STM32WBA5MMGH6TR, STM32WBA62MGF6, STM32WBA62MIF6, STM32WBA65MGF7, STM32WBA65MIF6, STM32WBA65MIF7, STM32WL30K8V6, STM32WL30KBV6, STM32WL31C8V6, STM32WL31CBV6, STM32WL31K8V6, STM32WL31KBV6, STM32WL33C8V6, STM32WL33C8V6X, STM32WL33CBV6, STM32WL33CBV6X, STM32WL33CCV6, STM32WL33CCV6A, STM32WL33CCV6X, STM32WL33K8V7, STM32WL33K8V7X, STM32WL33KBV7 , STM32WL33KBV7X, STM32WL33KCV7, STM32WL33KCV7X, STM32WL5MOCH6, STM32WL5MOCH6TR]
2026-10-05 18:35:33,171 [INFO] DbMcus:218 - Found 5314 MCUs, 5126 are supported
2026-10-05 18:35:33,173 [INFO] ApiDb:423 - Load user favorites file C:\Users\HP/.stm32cubeide/favorites.mcus.txt: 0 item(s)
2026-10-05 18:35:33,173 [INFO] ApiDb:427 - User favorites MCUs=[]
2026-10-05 18:35:33,173 [INFO] DbMcus:224 - Set 0 / 0 favorites MCUs
2026-10-05 18:35:33,591 [INFO] BoardInfo:889 - No configuration file found for board NUCLEO-H553ZG
2026-10-05 18:35:33,593 [INFO] DbBoards:161 - Board is not supported: NUCLEO-H553ZG
2026-10-05 18:35:33,596 [INFO] BoardInfo:889 - No configuration file found for board NUCLEO-H5E5ZJ
2026-10-05 18:35:33,597 [INFO] DbBoards:161 - Board is not supported: NUCLEO-H5E5ZJ
2026-10-05 18:35:33,655 [INFO] BoardInfo:889 - No configuration file found for board NUCLEO-U3C5ZI-Q
2026-10-05 18:35:33,656 [INFO] DbBoards:161 - Board is not supported: NUCLEO-U3C5ZI-Q
2026-10-05 18:35:33,672 [INFO] BoardInfo:889 - No configuration file found for board NUCLEO-WBA25CE1
2026-10-05 18:35:33,673 [INFO] DbBoards:161 - Board is not supported: NUCLEO-WBA25CE1
2026-10-05 18:35:33,683 [INFO] BoardInfo:889 - No configuration file found for board NUCLEO-WL3RKB1
2026-10-05 18:35:33,684 [INFO] DbBoards:161 - Board is not supported: NUCLEO-WL3RKB1
2026-10-05 18:35:33,685 [INFO] BoardInfo:889 - No configuration file found for board NUCLEO-WL3RKB2
2026-10-05 18:35:33,686 [INFO] DbBoards:161 - Board is not supported: NUCLEO-WL3RKB2
2026-10-05 18:35:33,694 [INFO] BoardInfo:889 - No configuration file found for board P-NUCLEO-WB55
2026-10-05 18:35:33,695 [INFO] DbBoards:161 - Kit is not supported: P-NUCLEO-WB55
2026-10-05 18:35:33,701 [INFO] BoardInfo:889 - No configuration file found for board STEVAL-BFA001V1B
2026-10-05 18:35:33,703 [INFO] DbBoards:161 - Kit is not supported: STEVAL-BFA001V1B
2026-10-05 18:35:33,703 [INFO] BoardInfo:889 - No configuration file found for board STEVAL-BFA001V2B
2026-10-05 18:35:33,705 [INFO] DbBoards:161 - Kit is not supported: STEVAL-BFA001V2B
2026-10-05 18:35:33,832 [INFO] BoardInfo:889 - No configuration file found for board STM32H5F5J-DK
2026-10-05 18:35:33,834 [INFO] DbBoards:161 - Board is not supported: STM32H5F5J-DK
2026-10-05 18:35:33,929 [INFO] DbBoards:168 - Found 219 boards, 209 are supported
2026-10-05 18:35:33,929 [INFO] DbBoards:169 - Found 219 boards, 43 of them is supported for  Bsp
2026-10-05 18:35:33,934 [INFO] ApiDb:423 - Load user favorites file C:\Users\HP/.stm32cubeide/favorites.boards.txt: 0 item(s)
2026-10-05 18:35:33,934 [INFO] ApiDb:427 - User favorites Boards=[]
2026-10-05 18:35:33,934 [INFO] DbBoards:198 - Set 0 / 0 favorites Boards
2026-10-05 18:35:33,988 [INFO] UtilMem:75 - End LoadConfig() Used Memory: 227624312 Bytes (311427072)
2026-10-05 18:35:34,116 [WARN] ThirdParty:833 - waiting for thirdparty lock release [change project]
2026-10-05 18:35:34,116 [INFO] ThirdParty:835 - entering critical section [change project]
2026-10-05 18:35:34,116 [INFO] ThirdParty:1030 - CMSIS Pack Vendor :STMicroelectronics X-CUBE-AZRTOS-H7 3.5.0
2026-10-05 18:35:34,116 [INFO] ThirdParty:1030 - CMSIS Pack Vendor :STMicroelectronics X-CUBE-PM33A1 1.0.0
2026-10-05 18:35:34,116 [INFO] ThirdParty:1030 - CMSIS Pack Vendor :STMicroelectronics USBPD 4.1
2026-10-05 18:35:34,116 [INFO] ThirdParty:1030 - CMSIS Pack Vendor :STMicroelectronics X-CUBE-NFC9 1.0.0
2026-10-05 18:35:34,116 [INFO] ThirdParty:1030 - CMSIS Pack Vendor :STMicroelectronics USB_HOST 2.0.0
2026-10-05 18:35:34,116 [INFO] ThirdParty:1030 - CMSIS Pack Vendor :STMicroelectronics FP-ATR-ASTRA1 2.0.3
2026-10-05 18:35:34,116 [INFO] ThirdParty:1030 - CMSIS Pack Vendor :STMicroelectronics X-CUBE-AZRTOS-F4 1.1.0
2026-10-05 18:35:34,116 [INFO] ThirdParty:1030 - CMSIS Pack Vendor :STMicroelectronics LIBJPEG 8.0.0
2026-10-05 18:35:34,116 [INFO] ThirdParty:1030 - CMSIS Pack Vendor :STMicroelectronics X-CUBE-BLE1 7.1.0
2026-10-05 18:35:34,117 [INFO] ThirdParty:1030 - CMSIS Pack Vendor :wolfSSL I-CUBE-wolfMQTT 1.19.2
2026-10-05 18:35:34,117 [INFO] ThirdParty:1030 - CMSIS Pack Vendor :STMicroelectronics USB_DEVICE 3.0.0
2026-10-05 18:35:34,117 [INFO] ThirdParty:1030 - CMSIS Pack Vendor :STMicroelectronics X-CUBE-ISPU 2.1.0
2026-10-05 18:35:34,117 [INFO] ThirdParty:1030 - CMSIS Pack Vendor :STMicroelectronics X-CUBE-EEPRMA1 5.2.0
2026-10-05 18:35:34,117 [INFO] ThirdParty:1030 - CMSIS Pack Vendor :STMicroelectronics X-CUBE-IPS 3.2.0
2026-10-05 18:35:34,117 [INFO] ThirdParty:1030 - CMSIS Pack Vendor :STMicroelectronics eDS-WB_DPC_TT-BIDIR 2.1.1
2026-10-05 18:35:34,117 [INFO] ThirdParty:1030 - CMSIS Pack Vendor :STMicroelectronics X-CUBE-AZRTOS-WB 2.0.0
2026-10-05 18:35:34,117 [INFO] ThirdParty:1030 - CMSIS Pack Vendor :STMicroelectronics X-CUBE-NFC12 1.0.0
2026-10-05 18:35:34,117 [INFO] ThirdParty:1030 - CMSIS Pack Vendor :STMicroelectronics X-CUBE-AZRTOS-F7 1.1.0
2026-10-05 18:35:34,117 [INFO] ThirdParty:1030 - CMSIS Pack Vendor :STMicroelectronics X-CUBE-AZRTOS-L5 2.0.0
2026-10-05 18:35:34,117 [INFO] ThirdParty:1030 - CMSIS Pack Vendor :STMicroelectronics USB_DEVICE 2.0.0
2026-10-05 18:35:34,117 [INFO] ThirdParty:1030 - CMSIS Pack Vendor :STMicroelectronics X-CUBE-FREERTOS 1.6.0
2026-10-05 18:35:34,117 [INFO] ThirdParty:1030 - CMSIS Pack Vendor :STMicroelectronics FP-SNS-STAIOTCFT 1.1.0
2026-10-05 18:35:34,117 [INFO] ThirdParty:1030 - CMSIS Pack Vendor :quantropi X-CUBE-qispace-sdk-base 2.1.0
2026-10-05 18:35:34,117 [INFO] ThirdParty:1030 - CMSIS Pack Vendor :STMicroelectronics X-CUBE-STSE01 2.0.0
2026-10-05 18:35:34,117 [INFO] ThirdParty:1030 - CMSIS Pack Vendor :STMicroelectronics X-CUBE-ALGOBUILD 1.5.0
2026-10-05 18:35:34,117 [INFO] ThirdParty:1030 - CMSIS Pack Vendor :STMicroelectronics FP-SNS-MOTENV1 5.1.0
2026-10-05 18:35:34,117 [INFO] ThirdParty:1030 - CMSIS Pack Vendor :STMicroelectronics FreeRTOS 0.0.1
2026-10-05 18:35:34,117 [INFO] ThirdParty:1030 - CMSIS Pack Vendor :STMicroelectronics X-CUBE-AZRTOS-H7RS 1.3.0
2026-10-05 18:35:34,117 [INFO] ThirdParty:1030 - CMSIS Pack Vendor :STMicroelectronics X-CUBE-AZRTOS-G0 1.1.0
2026-10-05 18:35:34,117 [INFO] ThirdParty:1030 - CMSIS Pack Vendor :STMicroelectronics X-CUBE-NFC4 3.0.0
2026-10-05 18:35:34,118 [INFO] ThirdParty:1030 - CMSIS Pack Vendor :STMicroelectronics X-CUBE-SUBG2 5.0.0
2026-10-05 18:35:34,118 [INFO] ThirdParty:1030 - CMSIS Pack Vendor :STMicroelectronics STM32_WPAN 1.0.0
2026-10-05 18:35:34,118 [INFO] ThirdParty:1030 - CMSIS Pack Vendor :STMicroelectronics eDS-WB_DPC_VIENNA 1.2.0
2026-10-05 18:35:34,118 [INFO] ThirdParty:1030 - CMSIS Pack Vendor :EmbeddedOffice I-CUBE-FS-RTOS 1.0.1
2026-10-05 18:35:34,118 [INFO] ThirdParty:1030 - CMSIS Pack Vendor :STMicroelectronics lwIP 2.0.3
2026-10-05 18:35:34,118 [INFO] ThirdParty:1030 - CMSIS Pack Vendor :WES I-CUBE-Cesium 1.4.0
2026-10-05 18:35:34,118 [INFO] ThirdParty:1030 - CMSIS Pack Vendor :STMicroelectronics X-CUBE-MEMS1 13.0.0
2026-10-05 18:35:34,118 [INFO] ThirdParty:1030 - CMSIS Pack Vendor :STMicroelectronics eDS-WB_DPC_3PH2L-BIDIR 1.1.1
2026-10-05 18:35:34,118 [INFO] ThirdParty:1030 - CMSIS Pack Vendor :STMicroelectronics USB_HOST 1.0.0
2026-10-05 18:35:34,118 [INFO] ThirdParty:1030 - CMSIS Pack Vendor :STMicroelectronics X-CUBE-AZRTOS-G4 2.0.0
2026-10-05 18:35:34,118 [INFO] ThirdParty:1030 - CMSIS Pack Vendor :STMicroelectronics PDM2PCM 3.1.0
2026-10-05 18:35:34,118 [INFO] ThirdParty:1030 - CMSIS Pack Vendor :STMicroelectronics PDM2PCM 3.3.0
2026-10-05 18:35:34,118 [INFO] ThirdParty:1030 - CMSIS Pack Vendor :wolfSSL I-CUBE-wolfTPM 3.8.0
2026-10-05 18:35:34,118 [INFO] ThirdParty:1030 - CMSIS Pack Vendor :STMicroelectronics X-CUBE-DISPLAY 3.0.0
2026-10-05 18:35:34,118 [INFO] ThirdParty:1030 - CMSIS Pack Vendor :wolfSSL I-CUBE-wolfSSH 1.4.20
2026-10-05 18:35:34,118 [INFO] ThirdParty:1030 - CMSIS Pack Vendor :STMicroelectronics X-CUBE-NFC7 2.0.0
2026-10-05 18:35:34,118 [INFO] ThirdParty:1030 - CMSIS Pack Vendor :STMicroelectronics X-CUBE-GNSS1 7.1.1
2026-10-05 18:35:34,118 [INFO] ThirdParty:1030 - CMSIS Pack Vendor :STMicroelectronics FP-SNS-MOTENVWB1 1.5.0
2026-10-05 18:35:34,118 [INFO] ThirdParty:1030 - CMSIS Pack Vendor :STMicroelectronics X-CUBE-TCPP 4.2.0
2026-10-05 18:35:34,118 [INFO] ThirdParty:1030 - CMSIS Pack Vendor :RealThread X-CUBE-RT-Thread_Nano 4.1.1
2026-10-05 18:35:34,118 [INFO] ThirdParty:1030 - CMSIS Pack Vendor :STMicroelectronics FP-ATR-SIGFOX1 3.2.0
2026-10-05 18:35:34,118 [INFO] ThirdParty:1030 - CMSIS Pack Vendor :STMicroelectronics X-CUBE-NFC10 1.0.0
2026-10-05 18:35:34,118 [INFO] ThirdParty:1030 - CMSIS Pack Vendor :STMicroelectronics HAL Drivers 0.0.0
2026-10-05 18:35:34,118 [INFO] ThirdParty:1030 - CMSIS Pack Vendor :STMicroelectronics MBEDTLS 2.16.2
2026-10-05 18:35:34,118 [INFO] ThirdParty:1030 - CMSIS Pack Vendor :STMicroelectronics X-CUBE-ST60 1.1.0
2026-10-05 18:35:34,118 [INFO] ThirdParty:1030 - CMSIS Pack Vendor :STMicroelectronics X-CUBE-ALS 1.0.2
2026-10-05 18:35:34,118 [INFO] ThirdParty:1030 - CMSIS Pack Vendor :emotas I-CUBE-CANOPEN 1.3.0
2026-10-05 18:35:34,118 [INFO] ThirdParty:1030 - CMSIS Pack Vendor :wolfSSL I-CUBE-wolfSSL 5.9.2
2026-10-05 18:35:34,118 [INFO] ThirdParty:1030 - CMSIS Pack Vendor :STMicroelectronics MBEDTLS 2.14.1
2026-10-05 18:35:34,118 [INFO] ThirdParty:1030 - CMSIS Pack Vendor :ITTIA_DB I-CUBE-ITTIADB 8.9.0
2026-10-05 18:35:34,118 [INFO] ThirdParty:1030 - CMSIS Pack Vendor :Cesanta I-CUBE-Mongoose 7.21.7
2026-10-05 18:35:34,118 [INFO] ThirdParty:1030 - CMSIS Pack Vendor :STMicroelectronics X-CUBE-TOUCHGFX 4.26.1
2026-10-05 18:35:34,118 [INFO] ThirdParty:1030 - CMSIS Pack Vendor :STMicroelectronics X-CUBE-NFC6 3.2.0
2026-10-05 18:35:34,118 [INFO] ThirdParty:1030 - CMSIS Pack Vendor :STMicroelectronics FP-SNS-STBOX1 2.1.0
2026-10-05 18:35:34,118 [INFO] ThirdParty:1030 - CMSIS Pack Vendor :STMicroelectronics X-CUBE-AI 10.2.1
2026-10-05 18:35:34,119 [INFO] ThirdParty:1030 - CMSIS Pack Vendor :STMicroelectronics ThreadX 1.0.0
2026-10-05 18:35:34,119 [INFO] ThirdParty:1030 - CMSIS Pack Vendor :STMicroelectronics FP-SNS-SMARTAG2 1.2.0
2026-10-05 18:35:34,119 [INFO] ThirdParty:1030 - CMSIS Pack Vendor :STMicroelectronics FP-SNS-FLIGHT1 5.1.0
2026-10-05 18:35:34,119 [INFO] ThirdParty:1030 - CMSIS Pack Vendor :STMicroelectronics X-CUBE-AZRTOS-WL 2.0.0
2026-10-05 18:35:34,119 [INFO] ThirdParty:1030 - CMSIS Pack Vendor :SEGGER I-CUBE-embOS 1.3.1
2026-10-05 18:35:34,119 [INFO] ThirdParty:1030 - CMSIS Pack Vendor :STMicroelectronics X-CUBE-DPower 1.3.0
2026-10-05 18:35:34,119 [INFO] ThirdParty:1030 - CMSIS Pack Vendor :STMicroelectronics USB_DEVICE 1.0.0
2026-10-05 18:35:34,119 [INFO] ThirdParty:1030 - CMSIS Pack Vendor :STMicroelectronics X-CUBE-AZRTOS-L4 2.0.0
2026-10-05 18:35:34,119 [INFO] ThirdParty:1030 - CMSIS Pack Vendor :STMicroelectronics ThreadX 0.0.2
2026-10-05 18:35:34,119 [INFO] ThirdParty:1030 - CMSIS Pack Vendor :STMicroelectronics lwIP 2.1.2
2026-10-05 18:35:34,119 [INFO] ThirdParty:1030 - CMSIS Pack Vendor :STMicroelectronics X-CUBE-SFXS2LP1 4.0.0
2026-10-05 18:35:34,119 [INFO] ThirdParty:1030 - CMSIS Pack Vendor :STMicroelectronics X-CUBE-BLE2 3.3.0
2026-10-05 18:35:34,119 [INFO] ThirdParty:1030 - CMSIS Pack Vendor :Avnet-IOTCONNECT X-CUBE-iotc-st67-sdk 1.0.0
2026-10-05 18:35:34,119 [INFO] ThirdParty:1030 - CMSIS Pack Vendor :STMicroelectronics X-CUBE-TOF1 3.4.3
2026-10-05 18:35:34,119 [INFO] ThirdParty:1030 - CMSIS Pack Vendor :Infineon AIROC-Wi-Fi-Bluetooth-STM32 1.8.0
2026-10-05 18:35:34,119 [INFO] ThirdParty:1030 - CMSIS Pack Vendor :STMicroelectronics X-CUBE-NFC13 1.0.0
2026-10-05 18:35:34,119 [INFO] ThirdParty:1030 - CMSIS Pack Vendor :STMicroelectronics PDM2PCM 3.2.0
2026-10-05 18:35:34,119 [INFO] ThirdParty:1030 - CMSIS Pack Vendor :STMicroelectronics X-CUBE-WB05N 2.1.0
2026-10-05 18:35:34,119 [INFO] ThirdParty:841 - exiting critical section [change project]
2026-10-05 18:35:34,547 [INFO] PinOutPanel:1589 - setPackage(No Configuration,No Configuration)
2026-10-05 18:35:34,549 [INFO] PinOutPanel:1589 - setPackage(STM32F407VGTx,LQFP100)
2026-10-05 18:35:34,833 [INFO] UtilMem:75 - Before build in PCC Used Memory: 280589832 Bytes (311427072)
2026-10-05 18:35:35,374 [INFO] UtilMem:75 - After build in PCC Used Memory: 224730576 Bytes (311427072)
2026-10-05 18:35:35,419 [INFO] IPUIPlugin:80 - create IPUIPlugin
2026-10-05 18:35:35,419 [INFO] IPUIPlugin:80 - create IPUIPlugin
2026-10-05 18:35:35,419 [INFO] IPUIPlugin:80 - create IPUIPlugin
2026-10-05 18:35:35,419 [INFO] IPUIPlugin:80 - create IPUIPlugin
2026-10-05 18:35:35,419 [INFO] IPUIPlugin:80 - create IPUIPlugin
2026-10-05 18:35:35,420 [INFO] IPUIPlugin:80 - create IPUIPlugin
2026-10-05 18:35:35,420 [INFO] IPUIPlugin:80 - create IPUIPlugin
2026-10-05 18:35:35,420 [INFO] IPUIPlugin:80 - create IPUIPlugin
2026-10-05 18:35:35,420 [INFO] IPUIPlugin:80 - create IPUIPlugin
2026-10-05 18:35:35,420 [INFO] IPUIPlugin:80 - create IPUIPlugin
2026-10-05 18:35:35,420 [INFO] IPUIPlugin:80 - create IPUIPlugin
2026-10-05 18:35:35,420 [INFO] IPUIPlugin:80 - create IPUIPlugin
2026-10-05 18:35:35,420 [INFO] IPUIPlugin:80 - create IPUIPlugin
2026-10-05 18:35:35,421 [INFO] IPUIPlugin:80 - create IPUIPlugin
2026-10-05 18:35:35,421 [INFO] IPUIPlugin:80 - create IPUIPlugin
2026-10-05 18:35:35,421 [INFO] IPUIPlugin:80 - create IPUIPlugin
2026-10-05 18:35:35,421 [INFO] IPUIPlugin:80 - create IPUIPlugin
2026-10-05 18:35:35,421 [INFO] IPUIPlugin:80 - create IPUIPlugin
2026-10-05 18:35:35,421 [INFO] IPUIPlugin:80 - create IPUIPlugin
2026-10-05 18:35:35,421 [INFO] IPUIPlugin:80 - create IPUIPlugin
2026-10-05 18:35:35,421 [INFO] IPUIPlugin:80 - create IPUIPlugin
2026-10-05 18:35:35,421 [INFO] IPUIPlugin:80 - create IPUIPlugin
2026-10-05 18:35:35,421 [INFO] IPUIPlugin:80 - create IPUIPlugin
2026-10-05 18:35:35,421 [INFO] IPUIPlugin:80 - create IPUIPlugin
2026-10-05 18:35:35,422 [INFO] IPUIPlugin:80 - create IPUIPlugin
2026-10-05 18:35:35,422 [INFO] IPUIPlugin:80 - create IPUIPlugin
2026-10-05 18:35:35,422 [INFO] IPUIPlugin:80 - create IPUIPlugin
2026-10-05 18:35:35,422 [INFO] IPUIPlugin:80 - create IPUIPlugin
2026-10-05 18:35:35,422 [INFO] IPUIPlugin:80 - create IPUIPlugin
2026-10-05 18:35:35,422 [INFO] IPUIPlugin:80 - create IPUIPlugin
2026-10-05 18:35:35,423 [INFO] IPUIPlugin:80 - create IPUIPlugin
2026-10-05 18:35:35,423 [INFO] IPUIPlugin:80 - create IPUIPlugin
2026-10-05 18:35:35,423 [INFO] IPUIPlugin:80 - create IPUIPlugin
2026-10-05 18:35:35,423 [INFO] IPUIPlugin:80 - create IPUIPlugin
2026-10-05 18:35:35,423 [INFO] IPUIPlugin:80 - create IPUIPlugin
2026-10-05 18:35:35,424 [INFO] IPUIPlugin:80 - create IPUIPlugin
2026-10-05 18:35:35,424 [INFO] IPUIPlugin:80 - create IPUIPlugin
2026-10-05 18:35:35,424 [INFO] IPUIPlugin:80 - create IPUIPlugin
2026-10-05 18:35:35,424 [INFO] IPUIPlugin:80 - create IPUIPlugin
2026-10-05 18:35:35,424 [INFO] IPUIPlugin:80 - create IPUIPlugin
2026-10-05 18:35:35,425 [INFO] IPUIPlugin:80 - create IPUIPlugin
2026-10-05 18:35:35,425 [INFO] IPUIPlugin:80 - create IPUIPlugin
2026-10-05 18:35:35,425 [INFO] IPUIPlugin:80 - create IPUIPlugin
2026-10-05 18:35:35,425 [INFO] IPUIPlugin:80 - create IPUIPlugin
2026-10-05 18:35:35,425 [INFO] IPUIPlugin:80 - create IPUIPlugin
2026-10-05 18:35:35,426 [INFO] IPUIPlugin:80 - create IPUIPlugin
2026-10-05 18:35:35,426 [INFO] IPUIPlugin:80 - create IPUIPlugin
2026-10-05 18:35:35,426 [INFO] IPUIPlugin:80 - create IPUIPlugin
2026-10-05 18:35:35,426 [INFO] IPUIPlugin:80 - create IPUIPlugin
2026-10-05 18:35:35,427 [INFO] IPUIPlugin:80 - create IPUIPlugin
2026-10-05 18:35:35,427 [INFO] IPUIPlugin:80 - create IPUIPlugin
2026-10-05 18:35:35,427 [INFO] IPUIPlugin:80 - create IPUIPlugin
2026-10-05 18:35:35,428 [INFO] IPUIPlugin:80 - create IPUIPlugin
2026-10-05 18:35:35,428 [INFO] IPUIPlugin:80 - create IPUIPlugin
2026-10-05 18:35:35,428 [INFO] IPUIPlugin:80 - create IPUIPlugin
2026-10-05 18:35:35,428 [INFO] IPUIPlugin:80 - create IPUIPlugin
2026-10-05 18:35:35,429 [INFO] IPUIPlugin:80 - create IPUIPlugin
2026-10-05 18:35:35,429 [INFO] IPUIPlugin:80 - create IPUIPlugin
2026-10-05 18:35:35,503 [INFO] ApiDbMcu:532 - Load IP Config File for PDM2PCM
2026-10-05 18:35:35,676 [INFO] CADModel:165 - CPN selected for project levelSTM32F407VGT6
2026-10-05 18:35:35,676 [INFO] CADModel:114 - Register for checkConnection events
2026-10-05 18:35:35,726 [INFO] OpenFileManager:386 - Restore cursor
2026-10-05 18:35:37,330 [INFO] LogOutputStream:77 - [STDOUT_REDIRECT] 
2026-10-05 18:35:38,173 [INFO] McuFinderGlobals:63 - Set McuFinder mode to 2 (CubeIDE integrated)
2026-10-05 18:35:38,175 [INFO] UserAuth:487 - Internet connection configuration mode: 1
2026-10-05 18:35:38,194 [INFO] JxBrowserEngine:152 - Initiate JxBrowser Engine with user profile folder
2026-10-05 18:35:40,328 [INFO] WebApp:169 - Instantiating new browser for Auth
2026-10-05 18:35:41,017 [INFO] WebApp:463 - Apply proxy settings
2026-10-05 18:35:41,023 [INFO] WebApp:508 - Chromium authenticates against Manually configured proxy
2026-10-05 18:35:41,030 [INFO] WebApp:516 - Username used for proxy authentication: 
2026-10-05 18:35:41,057 [INFO] WebApp:900 - Register for checkConnection events
2026-10-05 18:35:41,057 [INFO] WebApp:463 - Apply proxy settings
2026-10-05 18:35:41,061 [INFO] WebApp:508 - Chromium authenticates against Manually configured proxy
2026-10-05 18:35:41,062 [INFO] WebApp:516 - Username used for proxy authentication: 
2026-10-05 18:35:41,224 [INFO] WebApp:225 - Starting web application
2026-10-05 18:35:41,224 [INFO] WebApp:593 - Web application path used C:\ST\STM32CubeIDE_1.19.0\STM32CubeIDE\plugins\com.st.stm32cube.common.mx_6.15.0.202507011659\db\plugins\mcufinder\reactClient1\index.html
2026-10-05 18:35:41,353 [INFO] UserAuth:487 - Internet connection configuration mode: 1
2026-10-05 18:35:41,441 [ERROR] LogOutputStream:75 - [STDERR_REDIRECT] [Fatal Error] :1:1: Premature end of file.
2026-10-05 18:35:41,441 [ERROR] LogOutputStream:75 - [STDERR_REDIRECT] 
2026-10-05 18:35:41,632 [INFO] WebApp:191 - Connection restablished
2026-10-05 18:35:42,412 [ERROR] LogOutputStream:75 - [STDERR_REDIRECT] [Fatal Error] :1:1: Premature end of file.
2026-10-05 18:35:42,412 [ERROR] LogOutputStream:75 - [STDERR_REDIRECT] 
2026-10-05 18:35:43,424 [ERROR] LogOutputStream:75 - [STDERR_REDIRECT] [Fatal Error] :1:1: Premature end of file.
2026-10-05 18:35:43,424 [ERROR] LogOutputStream:75 - [STDERR_REDIRECT] 
2026-10-05 18:35:44,425 [ERROR] LogOutputStream:75 - [STDERR_REDIRECT] [Fatal Error] :1:1: Premature end of file.
2026-10-05 18:35:44,425 [ERROR] LogOutputStream:75 - [STDERR_REDIRECT] 
2026-10-05 18:35:45,414 [ERROR] LogOutputStream:75 - [STDERR_REDIRECT] [Fatal Error] :1:1: Premature end of file.
2026-10-05 18:35:45,414 [ERROR] LogOutputStream:75 - [STDERR_REDIRECT] 
2026-10-05 18:35:46,414 [ERROR] LogOutputStream:75 - [STDERR_REDIRECT] [Fatal Error] :1:1: Premature end of file.
2026-10-05 18:35:46,414 [ERROR] LogOutputStream:75 - [STDERR_REDIRECT] 
2026-10-05 18:35:47,405 [ERROR] LogOutputStream:75 - [STDERR_REDIRECT] [Fatal Error] :1:1: Premature end of file.
2026-10-05 18:35:47,405 [ERROR] LogOutputStream:75 - [STDERR_REDIRECT] 
2026-10-05 18:35:48,404 [ERROR] LogOutputStream:75 - [STDERR_REDIRECT] [Fatal Error] :1:1: Premature end of file.
2026-10-05 18:35:48,404 [ERROR] LogOutputStream:75 - [STDERR_REDIRECT] 
2026-10-05 18:35:49,422 [ERROR] LogOutputStream:75 - [STDERR_REDIRECT] [Fatal Error] :1:1: Premature end of file.
2026-10-05 18:35:49,422 [ERROR] LogOutputStream:75 - [STDERR_REDIRECT] 
2026-10-05 18:35:50,419 [ERROR] LogOutputStream:75 - [STDERR_REDIRECT] [Fatal Error] :1:1: Premature end of file.
2026-10-05 18:35:50,419 [ERROR] LogOutputStream:75 - [STDERR_REDIRECT] 
2026-10-05 18:35:51,418 [ERROR] LogOutputStream:75 - [STDERR_REDIRECT] [Fatal Error] :1:1: Premature end of file.
2026-10-05 18:35:51,418 [ERROR] LogOutputStream:75 - [STDERR_REDIRECT] 
2026-10-05 18:35:52,417 [ERROR] LogOutputStream:75 - [STDERR_REDIRECT] [Fatal Error] :1:1: Premature end of file.
2026-10-05 18:35:52,417 [ERROR] LogOutputStream:75 - [STDERR_REDIRECT] 
2026-10-05 18:35:53,412 [ERROR] LogOutputStream:75 - [STDERR_REDIRECT] [Fatal Error] :1:1: Premature end of file.
2026-10-05 18:35:53,412 [ERROR] LogOutputStream:75 - [STDERR_REDIRECT] 
2026-10-05 18:35:54,412 [ERROR] LogOutputStream:75 - [STDERR_REDIRECT] [Fatal Error] :1:1: Premature end of file.
2026-10-05 18:35:54,412 [ERROR] LogOutputStream:75 - [STDERR_REDIRECT] 
2026-10-05 18:35:55,412 [ERROR] LogOutputStream:75 - [STDERR_REDIRECT] [Fatal Error] :1:1: Premature end of file.
2026-10-05 18:35:55,413 [ERROR] LogOutputStream:75 - [STDERR_REDIRECT] 
2026-10-05 18:35:56,411 [ERROR] LogOutputStream:75 - [STDERR_REDIRECT] [Fatal Error] :1:1: Premature end of file.
2026-10-05 18:35:56,411 [ERROR] LogOutputStream:75 - [STDERR_REDIRECT] 
2026-10-05 18:35:57,421 [ERROR] LogOutputStream:75 - [STDERR_REDIRECT] [Fatal Error] :1:1: Premature end of file.
2026-10-05 18:35:57,422 [ERROR] LogOutputStream:75 - [STDERR_REDIRECT] 
2026-10-05 18:35:58,411 [ERROR] LogOutputStream:75 - [STDERR_REDIRECT] [Fatal Error] :1:1: Premature end of file.
2026-10-05 18:35:58,411 [ERROR] LogOutputStream:75 - [STDERR_REDIRECT] 
2026-10-05 18:35:59,425 [ERROR] LogOutputStream:75 - [STDERR_REDIRECT] [Fatal Error] :1:1: Premature end of file.
2026-10-05 18:35:59,425 [ERROR] LogOutputStream:75 - [STDERR_REDIRECT] 
2026-10-05 18:36:00,412 [ERROR] LogOutputStream:75 - [STDERR_REDIRECT] [Fatal Error] :1:1: Premature end of file.
2026-10-05 18:36:00,412 [ERROR] LogOutputStream:75 - [STDERR_REDIRECT] 
2026-10-05 18:36:01,414 [ERROR] LogOutputStream:75 - [STDERR_REDIRECT] [Fatal Error] :1:1: Premature end of file.
2026-10-05 18:36:01,414 [ERROR] LogOutputStream:75 - [STDERR_REDIRECT] 
2026-10-05 18:36:02,418 [ERROR] LogOutputStream:75 - [STDERR_REDIRECT] [Fatal Error] :1:1: Premature end of file.
2026-10-05 18:36:02,419 [ERROR] LogOutputStream:75 - [STDERR_REDIRECT] 
2026-10-05 18:36:02,761 [INFO] WebApp:194 - Connection lost
2026-10-05 18:36:03,108 [INFO] WebApp:191 - Connection restablished
2026-10-05 18:36:03,413 [ERROR] LogOutputStream:75 - [STDERR_REDIRECT] [Fatal Error] :1:1: Premature end of file.
2026-10-05 18:36:03,413 [ERROR] LogOutputStream:75 - [STDERR_REDIRECT] 
2026-10-05 18:36:04,409 [ERROR] LogOutputStream:75 - [STDERR_REDIRECT] [Fatal Error] :1:1: Premature end of file.
2026-10-05 18:36:04,409 [ERROR] LogOutputStream:75 - [STDERR_REDIRECT] 
2026-10-05 18:36:05,409 [ERROR] LogOutputStream:75 - [STDERR_REDIRECT] [Fatal Error] :1:1: Premature end of file.
2026-10-05 18:36:05,409 [ERROR] LogOutputStream:75 - [STDERR_REDIRECT] 
2026-10-05 18:36:06,431 [ERROR] LogOutputStream:75 - [STDERR_REDIRECT] [Fatal Error] :1:1: Premature end of file.
2026-10-05 18:36:06,431 [ERROR] LogOutputStream:75 - [STDERR_REDIRECT] 
2026-10-05 18:36:07,430 [ERROR] LogOutputStream:75 - [STDERR_REDIRECT] [Fatal Error] :1:1: Premature end of file.
2026-10-05 18:36:07,431 [ERROR] LogOutputStream:75 - [STDERR_REDIRECT] 
2026-10-05 18:36:08,417 [ERROR] LogOutputStream:75 - [STDERR_REDIRECT] [Fatal Error] :1:1: Premature end of file.
2026-10-05 18:36:08,417 [ERROR] LogOutputStream:75 - [STDERR_REDIRECT] 
2026-10-05 18:36:09,416 [ERROR] LogOutputStream:75 - [STDERR_REDIRECT] [Fatal Error] :1:1: Premature end of file.
2026-10-05 18:36:09,416 [ERROR] LogOutputStream:75 - [STDERR_REDIRECT] 
2026-10-05 18:36:10,419 [ERROR] LogOutputStream:75 - [STDERR_REDIRECT] [Fatal Error] :1:1: Premature end of file.
2026-10-05 18:36:10,420 [ERROR] LogOutputStream:75 - [STDERR_REDIRECT] 
2026-10-05 18:36:11,405 [ERROR] LogOutputStream:75 - [STDERR_REDIRECT] [Fatal Error] :1:1: Premature end of file.
2026-10-05 18:36:11,405 [ERROR] LogOutputStream:75 - [STDERR_REDIRECT] 
2026-10-05 18:36:12,411 [ERROR] LogOutputStream:75 - [STDERR_REDIRECT] [Fatal Error] :1:1: Premature end of file.
2026-10-05 18:36:12,411 [ERROR] LogOutputStream:75 - [STDERR_REDIRECT] 
2026-10-05 18:36:13,408 [ERROR] LogOutputStream:75 - [STDERR_REDIRECT] [Fatal Error] :1:1: Premature end of file.
2026-10-05 18:36:13,408 [ERROR] LogOutputStream:75 - [STDERR_REDIRECT] 
2026-10-05 18:36:14,408 [ERROR] LogOutputStream:75 - [STDERR_REDIRECT] [Fatal Error] :1:1: Premature end of file.
2026-10-05 18:36:14,408 [ERROR] LogOutputStream:75 - [STDERR_REDIRECT] 
2026-10-05 18:36:15,407 [ERROR] LogOutputStream:75 - [STDERR_REDIRECT] [Fatal Error] :1:1: Premature end of file.
2026-10-05 18:36:15,408 [ERROR] LogOutputStream:75 - [STDERR_REDIRECT] 
2026-10-05 18:36:16,407 [ERROR] LogOutputStream:75 - [STDERR_REDIRECT] [Fatal Error] :1:1: Premature end of file.
2026-10-05 18:36:16,407 [ERROR] LogOutputStream:75 - [STDERR_REDIRECT] 
2026-10-05 18:36:17,410 [ERROR] LogOutputStream:75 - [STDERR_REDIRECT] [Fatal Error] :1:1: Premature end of file.
2026-10-05 18:36:17,410 [ERROR] LogOutputStream:75 - [STDERR_REDIRECT] 
2026-10-05 18:36:18,413 [ERROR] LogOutputStream:75 - [STDERR_REDIRECT] [Fatal Error] :1:1: Premature end of file.
2026-10-05 18:36:18,413 [ERROR] LogOutputStream:75 - [STDERR_REDIRECT] 
2026-10-05 18:36:19,407 [ERROR] LogOutputStream:75 - [STDERR_REDIRECT] [Fatal Error] :1:1: Premature end of file.
2026-10-05 18:36:19,407 [ERROR] LogOutputStream:75 - [STDERR_REDIRECT] 
2026-10-05 18:36:20,408 [ERROR] LogOutputStream:75 - [STDERR_REDIRECT] [Fatal Error] :1:1: Premature end of file.
2026-10-05 18:36:20,408 [ERROR] LogOutputStream:75 - [STDERR_REDIRECT] 
2026-10-05 18:36:21,416 [ERROR] LogOutputStream:75 - [STDERR_REDIRECT] [Fatal Error] :1:1: Premature end of file.
2026-10-05 18:36:21,416 [ERROR] LogOutputStream:75 - [STDERR_REDIRECT] 
2026-10-05 18:36:22,410 [ERROR] LogOutputStream:75 - [STDERR_REDIRECT] [Fatal Error] :1:1: Premature end of file.
2026-10-05 18:36:22,410 [ERROR] LogOutputStream:75 - [STDERR_REDIRECT] 
2026-10-05 18:36:23,405 [ERROR] LogOutputStream:75 - [STDERR_REDIRECT] [Fatal Error] :1:1: Premature end of file.
2026-10-05 18:36:23,406 [ERROR] LogOutputStream:75 - [STDERR_REDIRECT] 
2026-10-05 18:36:24,407 [ERROR] LogOutputStream:75 - [STDERR_REDIRECT] [Fatal Error] :1:1: Premature end of file.
2026-10-05 18:36:24,407 [ERROR] LogOutputStream:75 - [STDERR_REDIRECT] 
2026-10-05 18:36:25,409 [ERROR] LogOutputStream:75 - [STDERR_REDIRECT] [Fatal Error] :1:1: Premature end of file.
2026-10-05 18:36:25,409 [ERROR] LogOutputStream:75 - [STDERR_REDIRECT] 
2026-10-05 18:36:26,417 [ERROR] LogOutputStream:75 - [STDERR_REDIRECT] [Fatal Error] :1:1: Premature end of file.
2026-10-05 18:36:26,417 [ERROR] LogOutputStream:75 - [STDERR_REDIRECT] 
2026-10-05 18:36:27,409 [ERROR] LogOutputStream:75 - [STDERR_REDIRECT] [Fatal Error] :1:1: Premature end of file.
2026-10-05 18:36:27,409 [ERROR] LogOutputStream:75 - [STDERR_REDIRECT] 
2026-10-05 18:36:28,406 [ERROR] LogOutputStream:75 - [STDERR_REDIRECT] [Fatal Error] :1:1: Premature end of file.
2026-10-05 18:36:28,407 [ERROR] LogOutputStream:75 - [STDERR_REDIRECT] 
2026-10-05 18:36:29,404 [ERROR] LogOutputStream:75 - [STDERR_REDIRECT] [Fatal Error] :1:1: Premature end of file.
2026-10-05 18:36:29,405 [ERROR] LogOutputStream:75 - [STDERR_REDIRECT] 
2026-10-05 18:36:30,406 [ERROR] LogOutputStream:75 - [STDERR_REDIRECT] [Fatal Error] :1:1: Premature end of file.
2026-10-05 18:36:30,406 [ERROR] LogOutputStream:75 - [STDERR_REDIRECT] 
2026-10-05 18:36:31,424 [ERROR] LogOutputStream:75 - [STDERR_REDIRECT] [Fatal Error] :1:1: Premature end of file.
2026-10-05 18:36:31,424 [ERROR] LogOutputStream:75 - [STDERR_REDIRECT] 
2026-10-05 18:36:32,409 [ERROR] LogOutputStream:75 - [STDERR_REDIRECT] [Fatal Error] :1:1: Premature end of file.
2026-10-05 18:36:32,409 [ERROR] LogOutputStream:75 - [STDERR_REDIRECT] 
2026-10-05 18:36:33,406 [ERROR] LogOutputStream:75 - [STDERR_REDIRECT] [Fatal Error] :1:1: Premature end of file.
2026-10-05 18:36:33,406 [ERROR] LogOutputStream:75 - [STDERR_REDIRECT] 
2026-10-05 18:36:34,406 [ERROR] LogOutputStream:75 - [STDERR_REDIRECT] [Fatal Error] :1:1: Premature end of file.
2026-10-05 18:36:34,406 [ERROR] LogOutputStream:75 - [STDERR_REDIRECT] 
2026-10-05 18:36:35,409 [ERROR] LogOutputStream:75 - [STDERR_REDIRECT] [Fatal Error] :1:1: Premature end of file.
2026-10-05 18:36:35,409 [ERROR] LogOutputStream:75 - [STDERR_REDIRECT] 
2026-10-05 18:36:36,418 [ERROR] LogOutputStream:75 - [STDERR_REDIRECT] [Fatal Error] :1:1: Premature end of file.
2026-10-05 18:36:36,418 [ERROR] LogOutputStream:75 - [STDERR_REDIRECT] 
2026-10-05 18:36:37,414 [ERROR] LogOutputStream:75 - [STDERR_REDIRECT] [Fatal Error] :1:1: Premature end of file.
2026-10-05 18:36:37,414 [ERROR] LogOutputStream:75 - [STDERR_REDIRECT] 
2026-10-05 18:36:38,412 [ERROR] LogOutputStream:75 - [STDERR_REDIRECT] [Fatal Error] :1:1: Premature end of file.
2026-10-05 18:36:38,412 [ERROR] LogOutputStream:75 - [STDERR_REDIRECT] 
2026-10-05 18:36:39,426 [ERROR] LogOutputStream:75 - [STDERR_REDIRECT] [Fatal Error] :1:1: Premature end of file.
2026-10-05 18:36:39,426 [ERROR] LogOutputStream:75 - [STDERR_REDIRECT] 
2026-10-05 18:36:40,417 [ERROR] LogOutputStream:75 - [STDERR_REDIRECT] [Fatal Error] :1:1: Premature end of file.
2026-10-05 18:36:40,417 [ERROR] LogOutputStream:75 - [STDERR_REDIRECT] 
2026-10-05 18:36:41,412 [ERROR] LogOutputStream:75 - [STDERR_REDIRECT] [Fatal Error] :1:1: Premature end of file.
2026-10-05 18:36:41,412 [ERROR] LogOutputStream:75 - [STDERR_REDIRECT] 
2026-10-05 18:36:42,423 [ERROR] LogOutputStream:75 - [STDERR_REDIRECT] [Fatal Error] :1:1: Premature end of file.
2026-10-05 18:36:42,423 [ERROR] LogOutputStream:75 - [STDERR_REDIRECT] 
2026-10-05 18:36:43,416 [ERROR] LogOutputStream:75 - [STDERR_REDIRECT] [Fatal Error] :1:1: Premature end of file.
2026-10-05 18:36:43,416 [ERROR] LogOutputStream:75 - [STDERR_REDIRECT] 
2026-10-05 18:36:44,418 [ERROR] LogOutputStream:75 - [STDERR_REDIRECT] [Fatal Error] :1:1: Premature end of file.
2026-10-05 18:36:44,418 [ERROR] LogOutputStream:75 - [STDERR_REDIRECT] 
2026-10-05 18:36:45,418 [ERROR] LogOutputStream:75 - [STDERR_REDIRECT] [Fatal Error] :1:1: Premature end of file.
2026-10-05 18:36:45,418 [ERROR] LogOutputStream:75 - [STDERR_REDIRECT] 
2026-10-05 18:36:46,417 [ERROR] LogOutputStream:75 - [STDERR_REDIRECT] [Fatal Error] :1:1: Premature end of file.
2026-10-05 18:36:46,417 [ERROR] LogOutputStream:75 - [STDERR_REDIRECT] 
2026-10-05 18:36:47,432 [ERROR] LogOutputStream:75 - [STDERR_REDIRECT] [Fatal Error] :1:1: Premature end of file.
2026-10-05 18:36:47,432 [ERROR] LogOutputStream:75 - [STDERR_REDIRECT] 
2026-10-05 18:36:48,419 [ERROR] LogOutputStream:75 - [STDERR_REDIRECT] [Fatal Error] :1:1: Premature end of file.
2026-10-05 18:36:48,419 [ERROR] LogOutputStream:75 - [STDERR_REDIRECT] 
2026-10-05 18:36:49,411 [ERROR] LogOutputStream:75 - [STDERR_REDIRECT] [Fatal Error] :1:1: Premature end of file.
2026-10-05 18:36:49,411 [ERROR] LogOutputStream:75 - [STDERR_REDIRECT] 
2026-10-05 18:36:50,413 [ERROR] LogOutputStream:75 - [STDERR_REDIRECT] [Fatal Error] :1:1: Premature end of file.
2026-10-05 18:36:50,413 [ERROR] LogOutputStream:75 - [STDERR_REDIRECT] 
2026-10-05 18:36:51,261 [INFO] WebApp:194 - Connection lost
2026-10-05 18:36:51,413 [ERROR] LogOutputStream:75 - [STDERR_REDIRECT] [Fatal Error] :1:1: Premature end of file.
2026-10-05 18:36:51,413 [ERROR] LogOutputStream:75 - [STDERR_REDIRECT] 
2026-10-05 18:36:52,125 [INFO] WebApp:191 - Connection restablished
2026-10-05 18:36:52,411 [ERROR] LogOutputStream:75 - [STDERR_REDIRECT] [Fatal Error] :1:1: Premature end of file.
2026-10-05 18:36:52,412 [ERROR] LogOutputStream:75 - [STDERR_REDIRECT] 
2026-10-05 18:36:53,422 [ERROR] LogOutputStream:75 - [STDERR_REDIRECT] [Fatal Error] :1:1: Premature end of file.
2026-10-05 18:36:53,422 [ERROR] LogOutputStream:75 - [STDERR_REDIRECT] 
2026-10-05 18:36:54,416 [ERROR] LogOutputStream:75 - [STDERR_REDIRECT] [Fatal Error] :1:1: Premature end of file.
2026-10-05 18:36:54,416 [ERROR] LogOutputStream:75 - [STDERR_REDIRECT] 
2026-10-05 18:36:55,414 [ERROR] LogOutputStream:75 - [STDERR_REDIRECT] [Fatal Error] :1:1: Premature end of file.
2026-10-05 18:36:55,414 [ERROR] LogOutputStream:75 - [STDERR_REDIRECT] 
2026-10-05 18:36:56,416 [ERROR] LogOutputStream:75 - [STDERR_REDIRECT] [Fatal Error] :1:1: Premature end of file.
2026-10-05 18:36:56,417 [ERROR] LogOutputStream:75 - [STDERR_REDIRECT] 
2026-10-05 18:36:57,424 [ERROR] LogOutputStream:75 - [STDERR_REDIRECT] [Fatal Error] :1:1: Premature end of file.
2026-10-05 18:36:57,424 [ERROR] LogOutputStream:75 - [STDERR_REDIRECT] 
2026-10-05 18:36:58,422 [ERROR] LogOutputStream:75 - [STDERR_REDIRECT] [Fatal Error] :1:1: Premature end of file.
2026-10-05 18:36:58,423 [ERROR] LogOutputStream:75 - [STDERR_REDIRECT] 
2026-10-05 18:36:59,419 [ERROR] LogOutputStream:75 - [STDERR_REDIRECT] [Fatal Error] :1:1: Premature end of file.
2026-10-05 18:36:59,419 [ERROR] LogOutputStream:75 - [STDERR_REDIRECT] 
2026-10-05 18:37:00,417 [ERROR] LogOutputStream:75 - [STDERR_REDIRECT] [Fatal Error] :1:1: Premature end of file.
2026-10-05 18:37:00,417 [ERROR] LogOutputStream:75 - [STDERR_REDIRECT] 
2026-10-05 18:37:01,449 [ERROR] LogOutputStream:75 - [STDERR_REDIRECT] [Fatal Error] :1:1: Premature end of file.
2026-10-05 18:37:01,450 [ERROR] LogOutputStream:75 - [STDERR_REDIRECT] 
2026-10-05 18:37:02,412 [ERROR] LogOutputStream:75 - [STDERR_REDIRECT] [Fatal Error] :1:1: Premature end of file.
2026-10-05 18:37:02,412 [ERROR] LogOutputStream:75 - [STDERR_REDIRECT] 
2026-10-05 18:37:02,987 [ERROR] ConfigurationRetriever:142 - IOException on connection: Connect timed out
2026-10-05 18:37:03,417 [ERROR] LogOutputStream:75 - [STDERR_REDIRECT] [Fatal Error] :1:1: Premature end of file.
2026-10-05 18:37:03,417 [ERROR] LogOutputStream:75 - [STDERR_REDIRECT] 
2026-10-05 18:37:04,416 [ERROR] LogOutputStream:75 - [STDERR_REDIRECT] [Fatal Error] :1:1: Premature end of file.
2026-10-05 18:37:04,417 [ERROR] LogOutputStream:75 - [STDERR_REDIRECT] 
2026-10-05 18:37:05,424 [ERROR] LogOutputStream:75 - [STDERR_REDIRECT] [Fatal Error] :1:1: Premature end of file.
2026-10-05 18:37:05,424 [ERROR] LogOutputStream:75 - [STDERR_REDIRECT] 
2026-10-05 18:37:06,427 [ERROR] LogOutputStream:75 - [STDERR_REDIRECT] [Fatal Error] :1:1: Premature end of file.
2026-10-05 18:37:06,427 [ERROR] LogOutputStream:75 - [STDERR_REDIRECT] 
2026-10-05 18:37:07,419 [ERROR] LogOutputStream:75 - [STDERR_REDIRECT] [Fatal Error] :1:1: Premature end of file.
2026-10-05 18:37:07,419 [ERROR] LogOutputStream:75 - [STDERR_REDIRECT] 
2026-10-05 18:37:08,417 [ERROR] LogOutputStream:75 - [STDERR_REDIRECT] [Fatal Error] :1:1: Premature end of file.
2026-10-05 18:37:08,417 [ERROR] LogOutputStream:75 - [STDERR_REDIRECT] 
2026-10-05 18:37:09,409 [ERROR] LogOutputStream:75 - [STDERR_REDIRECT] [Fatal Error] :1:1: Premature end of file.
2026-10-05 18:37:09,409 [ERROR] LogOutputStream:75 - [STDERR_REDIRECT] 
2026-10-05 18:37:10,414 [ERROR] LogOutputStream:75 - [STDERR_REDIRECT] [Fatal Error] :1:1: Premature end of file.
2026-10-05 18:37:10,415 [ERROR] LogOutputStream:75 - [STDERR_REDIRECT] 
2026-10-05 18:37:10,745 [INFO] WebApp:194 - Connection lost
2026-10-05 18:37:11,093 [INFO] WebApp:191 - Connection restablished
2026-10-05 18:37:11,414 [ERROR] LogOutputStream:75 - [STDERR_REDIRECT] [Fatal Error] :1:1: Premature end of file.
2026-10-05 18:37:11,414 [ERROR] LogOutputStream:75 - [STDERR_REDIRECT] 
2026-10-05 18:37:12,417 [ERROR] LogOutputStream:75 - [STDERR_REDIRECT] [Fatal Error] :1:1: Premature end of file.
2026-10-05 18:37:12,417 [ERROR] LogOutputStream:75 - [STDERR_REDIRECT] 
2026-10-05 18:37:13,412 [ERROR] LogOutputStream:75 - [STDERR_REDIRECT] [Fatal Error] :1:1: Premature end of file.
2026-10-05 18:37:13,413 [ERROR] LogOutputStream:75 - [STDERR_REDIRECT] 
2026-10-05 18:37:14,417 [ERROR] LogOutputStream:75 - [STDERR_REDIRECT] [Fatal Error] :1:1: Premature end of file.
2026-10-05 18:37:14,417 [ERROR] LogOutputStream:75 - [STDERR_REDIRECT] 
2026-10-05 18:37:15,414 [ERROR] LogOutputStream:75 - [STDERR_REDIRECT] [Fatal Error] :1:1: Premature end of file.
2026-10-05 18:37:15,414 [ERROR] LogOutputStream:75 - [STDERR_REDIRECT] 
2026-10-05 18:37:16,411 [ERROR] LogOutputStream:75 - [STDERR_REDIRECT] [Fatal Error] :1:1: Premature end of file.
2026-10-05 18:37:16,412 [ERROR] LogOutputStream:75 - [STDERR_REDIRECT] 
2026-10-05 18:37:17,412 [ERROR] LogOutputStream:75 - [STDERR_REDIRECT] [Fatal Error] :1:1: Premature end of file.
2026-10-05 18:37:17,413 [ERROR] LogOutputStream:75 - [STDERR_REDIRECT] 
2026-10-05 18:37:18,407 [ERROR] LogOutputStream:75 - [STDERR_REDIRECT] [Fatal Error] :1:1: Premature end of file.
2026-10-05 18:37:18,407 [ERROR] LogOutputStream:75 - [STDERR_REDIRECT] 
2026-10-05 18:37:19,437 [ERROR] LogOutputStream:75 - [STDERR_REDIRECT] [Fatal Error] :1:1: Premature end of file.
2026-10-05 18:37:19,437 [ERROR] LogOutputStream:75 - [STDERR_REDIRECT] 
2026-10-05 18:37:20,467 [ERROR] LogOutputStream:75 - [STDERR_REDIRECT] [Fatal Error] :1:1: Premature end of file.
2026-10-05 18:37:20,467 [ERROR] LogOutputStream:75 - [STDERR_REDIRECT] 
2026-10-05 18:37:21,420 [ERROR] LogOutputStream:75 - [STDERR_REDIRECT] [Fatal Error] :1:1: Premature end of file.
2026-10-05 18:37:21,421 [ERROR] LogOutputStream:75 - [STDERR_REDIRECT] 
2026-10-05 18:37:22,416 [ERROR] LogOutputStream:75 - [STDERR_REDIRECT] [Fatal Error] :1:1: Premature end of file.
2026-10-05 18:37:22,416 [ERROR] LogOutputStream:75 - [STDERR_REDIRECT] 
2026-10-05 18:37:23,414 [ERROR] LogOutputStream:75 - [STDERR_REDIRECT] [Fatal Error] :1:1: Premature end of file.
2026-10-05 18:37:23,414 [ERROR] LogOutputStream:75 - [STDERR_REDIRECT] 
2026-10-05 18:37:24,412 [ERROR] LogOutputStream:75 - [STDERR_REDIRECT] [Fatal Error] :1:1: Premature end of file.
2026-10-05 18:37:24,412 [ERROR] LogOutputStream:75 - [STDERR_REDIRECT] 
2026-10-05 18:37:25,415 [ERROR] LogOutputStream:75 - [STDERR_REDIRECT] [Fatal Error] :1:1: Premature end of file.
2026-10-05 18:37:25,415 [ERROR] LogOutputStream:75 - [STDERR_REDIRECT] 
2026-10-05 18:37:26,418 [ERROR] LogOutputStream:75 - [STDERR_REDIRECT] [Fatal Error] :1:1: Premature end of file.
2026-10-05 18:37:26,418 [ERROR] LogOutputStream:75 - [STDERR_REDIRECT] 
2026-10-05 18:37:27,411 [ERROR] LogOutputStream:75 - [STDERR_REDIRECT] [Fatal Error] :1:1: Premature end of file.
2026-10-05 18:37:27,411 [ERROR] LogOutputStream:75 - [STDERR_REDIRECT] 
2026-10-05 18:37:28,416 [ERROR] LogOutputStream:75 - [STDERR_REDIRECT] [Fatal Error] :1:1: Premature end of file.
2026-10-05 18:37:28,425 [ERROR] LogOutputStream:75 - [STDERR_REDIRECT] 
2026-10-05 18:37:29,418 [ERROR] LogOutputStream:75 - [STDERR_REDIRECT] [Fatal Error] :1:1: Premature end of file.
2026-10-05 18:37:29,419 [ERROR] LogOutputStream:75 - [STDERR_REDIRECT] 
2026-10-05 18:37:30,412 [ERROR] LogOutputStream:75 - [STDERR_REDIRECT] [Fatal Error] :1:1: Premature end of file.
2026-10-05 18:37:30,412 [ERROR] LogOutputStream:75 - [STDERR_REDIRECT] 
2026-10-05 18:37:31,414 [ERROR] LogOutputStream:75 - [STDERR_REDIRECT] [Fatal Error] :1:1: Premature end of file.
2026-10-05 18:37:31,414 [ERROR] LogOutputStream:75 - [STDERR_REDIRECT] 
2026-10-05 18:37:32,416 [ERROR] LogOutputStream:75 - [STDERR_REDIRECT] [Fatal Error] :1:1: Premature end of file.
2026-10-05 18:37:32,416 [ERROR] LogOutputStream:75 - [STDERR_REDIRECT] 
2026-10-05 18:37:33,423 [ERROR] LogOutputStream:75 - [STDERR_REDIRECT] [Fatal Error] :1:1: Premature end of file.
2026-10-05 18:37:33,424 [ERROR] LogOutputStream:75 - [STDERR_REDIRECT] 
2026-10-05 18:37:34,411 [ERROR] LogOutputStream:75 - [STDERR_REDIRECT] [Fatal Error] :1:1: Premature end of file.
2026-10-05 18:37:34,411 [ERROR] LogOutputStream:75 - [STDERR_REDIRECT] 
2026-10-05 18:37:35,414 [ERROR] LogOutputStream:75 - [STDERR_REDIRECT] [Fatal Error] :1:1: Premature end of file.
2026-10-05 18:37:35,414 [ERROR] LogOutputStream:75 - [STDERR_REDIRECT] 
2026-10-05 18:37:36,415 [ERROR] LogOutputStream:75 - [STDERR_REDIRECT] [Fatal Error] :1:1: Premature end of file.
2026-10-05 18:37:36,415 [ERROR] LogOutputStream:75 - [STDERR_REDIRECT] 
2026-10-05 18:37:37,418 [ERROR] LogOutputStream:75 - [STDERR_REDIRECT] [Fatal Error] :1:1: Premature end of file.
2026-10-05 18:37:37,418 [ERROR] LogOutputStream:75 - [STDERR_REDIRECT] 
2026-10-05 18:37:38,412 [ERROR] LogOutputStream:75 - [STDERR_REDIRECT] [Fatal Error] :1:1: Premature end of file.
2026-10-05 18:37:38,412 [ERROR] LogOutputStream:75 - [STDERR_REDIRECT] 
2026-10-05 18:37:39,412 [ERROR] LogOutputStream:75 - [STDERR_REDIRECT] [Fatal Error] :1:1: Premature end of file.
2026-10-05 18:37:39,412 [ERROR] LogOutputStream:75 - [STDERR_REDIRECT] 
2026-10-05 18:37:40,413 [ERROR] LogOutputStream:75 - [STDERR_REDIRECT] [Fatal Error] :1:1: Premature end of file.
2026-10-05 18:37:40,413 [ERROR] LogOutputStream:75 - [STDERR_REDIRECT] 
2026-10-05 18:37:41,419 [ERROR] LogOutputStream:75 - [STDERR_REDIRECT] [Fatal Error] :1:1: Premature end of file.
2026-10-05 18:37:41,419 [ERROR] LogOutputStream:75 - [STDERR_REDIRECT] 
2026-10-05 18:37:42,413 [ERROR] LogOutputStream:75 - [STDERR_REDIRECT] [Fatal Error] :1:1: Premature end of file.
2026-10-05 18:37:42,414 [ERROR] LogOutputStream:75 - [STDERR_REDIRECT] 
2026-10-05 18:37:43,419 [ERROR] LogOutputStream:75 - [STDERR_REDIRECT] [Fatal Error] :1:1: Premature end of file.
2026-10-05 18:37:43,419 [ERROR] LogOutputStream:75 - [STDERR_REDIRECT] 
2026-10-05 18:37:44,411 [ERROR] LogOutputStream:75 - [STDERR_REDIRECT] [Fatal Error] :1:1: Premature end of file.
2026-10-05 18:37:44,411 [ERROR] LogOutputStream:75 - [STDERR_REDIRECT] 
2026-10-05 18:37:45,409 [ERROR] LogOutputStream:75 - [STDERR_REDIRECT] [Fatal Error] :1:1: Premature end of file.
2026-10-05 18:37:45,410 [ERROR] LogOutputStream:75 - [STDERR_REDIRECT] 
2026-10-05 18:37:46,407 [ERROR] LogOutputStream:75 - [STDERR_REDIRECT] [Fatal Error] :1:1: Premature end of file.
2026-10-05 18:37:46,407 [ERROR] LogOutputStream:75 - [STDERR_REDIRECT] 
2026-10-05 18:37:47,409 [ERROR] LogOutputStream:75 - [STDERR_REDIRECT] [Fatal Error] :1:1: Premature end of file.
2026-10-05 18:37:47,410 [ERROR] LogOutputStream:75 - [STDERR_REDIRECT] 
2026-10-05 18:37:48,409 [ERROR] LogOutputStream:75 - [STDERR_REDIRECT] [Fatal Error] :1:1: Premature end of file.
2026-10-05 18:37:48,409 [ERROR] LogOutputStream:75 - [STDERR_REDIRECT] 
2026-10-05 18:37:49,412 [ERROR] LogOutputStream:75 - [STDERR_REDIRECT] [Fatal Error] :1:1: Premature end of file.
2026-10-05 18:37:49,413 [ERROR] LogOutputStream:75 - [STDERR_REDIRECT] 
2026-10-05 18:37:50,407 [ERROR] LogOutputStream:75 - [STDERR_REDIRECT] [Fatal Error] :1:1: Premature end of file.
2026-10-05 18:37:50,408 [ERROR] LogOutputStream:75 - [STDERR_REDIRECT] 
2026-10-05 18:37:51,414 [ERROR] LogOutputStream:75 - [STDERR_REDIRECT] [Fatal Error] :1:1: Premature end of file.
2026-10-05 18:37:51,415 [ERROR] LogOutputStream:75 - [STDERR_REDIRECT] 
2026-10-05 18:37:52,412 [ERROR] LogOutputStream:75 - [STDERR_REDIRECT] [Fatal Error] :1:1: Premature end of file.
2026-10-05 18:37:52,412 [ERROR] LogOutputStream:75 - [STDERR_REDIRECT] 
2026-10-05 18:37:53,404 [ERROR] LogOutputStream:75 - [STDERR_REDIRECT] [Fatal Error] :1:1: Premature end of file.
2026-10-05 18:37:53,404 [ERROR] LogOutputStream:75 - [STDERR_REDIRECT] 
2026-10-05 18:37:54,408 [ERROR] LogOutputStream:75 - [STDERR_REDIRECT] [Fatal Error] :1:1: Premature end of file.
2026-10-05 18:37:54,408 [ERROR] LogOutputStream:75 - [STDERR_REDIRECT] 
2026-10-05 18:37:55,409 [ERROR] LogOutputStream:75 - [STDERR_REDIRECT] [Fatal Error] :1:1: Premature end of file.
2026-10-05 18:37:55,409 [ERROR] LogOutputStream:75 - [STDERR_REDIRECT] 
2026-10-05 18:37:56,412 [ERROR] LogOutputStream:75 - [STDERR_REDIRECT] [Fatal Error] :1:1: Premature end of file.
2026-10-05 18:37:56,413 [ERROR] LogOutputStream:75 - [STDERR_REDIRECT] 
2026-10-05 18:37:57,411 [ERROR] LogOutputStream:75 - [STDERR_REDIRECT] [Fatal Error] :1:1: Premature end of file.
2026-10-05 18:37:57,412 [ERROR] LogOutputStream:75 - [STDERR_REDIRECT] 
2026-10-05 18:37:58,416 [ERROR] LogOutputStream:75 - [STDERR_REDIRECT] [Fatal Error] :1:1: Premature end of file.
2026-10-05 18:37:58,416 [ERROR] LogOutputStream:75 - [STDERR_REDIRECT] 
2026-10-05 18:37:59,413 [ERROR] LogOutputStream:75 - [STDERR_REDIRECT] [Fatal Error] :1:1: Premature end of file.
2026-10-05 18:37:59,413 [ERROR] LogOutputStream:75 - [STDERR_REDIRECT] 
2026-10-05 18:38:00,411 [ERROR] LogOutputStream:75 - [STDERR_REDIRECT] [Fatal Error] :1:1: Premature end of file.
2026-10-05 18:38:00,412 [ERROR] LogOutputStream:75 - [STDERR_REDIRECT] 
2026-10-05 18:38:01,414 [ERROR] LogOutputStream:75 - [STDERR_REDIRECT] [Fatal Error] :1:1: Premature end of file.
2026-10-05 18:38:01,414 [ERROR] LogOutputStream:75 - [STDERR_REDIRECT] 
2026-10-05 18:38:02,414 [ERROR] LogOutputStream:75 - [STDERR_REDIRECT] [Fatal Error] :1:1: Premature end of file.
2026-10-05 18:38:02,414 [ERROR] LogOutputStream:75 - [STDERR_REDIRECT] 
2026-10-05 18:38:03,418 [ERROR] LogOutputStream:75 - [STDERR_REDIRECT] [Fatal Error] :1:1: Premature end of file.
2026-10-05 18:38:03,418 [ERROR] LogOutputStream:75 - [STDERR_REDIRECT] 
2026-10-05 18:38:04,420 [ERROR] LogOutputStream:75 - [STDERR_REDIRECT] [Fatal Error] :1:1: Premature end of file.
2026-10-05 18:38:04,420 [ERROR] LogOutputStream:75 - [STDERR_REDIRECT] 
2026-10-05 18:38:05,415 [ERROR] LogOutputStream:75 - [STDERR_REDIRECT] [Fatal Error] :1:1: Premature end of file.
2026-10-05 18:38:05,415 [ERROR] LogOutputStream:75 - [STDERR_REDIRECT] 
2026-10-05 18:38:06,412 [ERROR] LogOutputStream:75 - [STDERR_REDIRECT] [Fatal Error] :1:1: Premature end of file.
2026-10-05 18:38:06,413 [ERROR] LogOutputStream:75 - [STDERR_REDIRECT] 
2026-10-05 18:38:07,413 [ERROR] LogOutputStream:75 - [STDERR_REDIRECT] [Fatal Error] :1:1: Premature end of file.
2026-10-05 18:38:07,413 [ERROR] LogOutputStream:75 - [STDERR_REDIRECT] 
2026-10-05 18:38:08,412 [ERROR] LogOutputStream:75 - [STDERR_REDIRECT] [Fatal Error] :1:1: Premature end of file.
2026-10-05 18:38:08,412 [ERROR] LogOutputStream:75 - [STDERR_REDIRECT] 
2026-10-05 18:38:09,420 [ERROR] LogOutputStream:75 - [STDERR_REDIRECT] [Fatal Error] :1:1: Premature end of file.
2026-10-05 18:38:09,420 [ERROR] LogOutputStream:75 - [STDERR_REDIRECT] 
2026-10-05 18:38:10,414 [ERROR] LogOutputStream:75 - [STDERR_REDIRECT] [Fatal Error] :1:1: Premature end of file.
2026-10-05 18:38:10,415 [ERROR] LogOutputStream:75 - [STDERR_REDIRECT] 
2026-10-05 18:38:11,420 [ERROR] LogOutputStream:75 - [STDERR_REDIRECT] [Fatal Error] :1:1: Premature end of file.
2026-10-05 18:38:11,421 [ERROR] LogOutputStream:75 - [STDERR_REDIRECT] 
2026-10-05 18:38:12,417 [ERROR] LogOutputStream:75 - [STDERR_REDIRECT] [Fatal Error] :1:1: Premature end of file.
2026-10-05 18:38:12,417 [ERROR] LogOutputStream:75 - [STDERR_REDIRECT] 
2026-10-05 18:38:13,408 [ERROR] LogOutputStream:75 - [STDERR_REDIRECT] [Fatal Error] :1:1: Premature end of file.
2026-10-05 18:38:13,408 [ERROR] LogOutputStream:75 - [STDERR_REDIRECT] 
2026-10-05 18:38:14,406 [ERROR] LogOutputStream:75 - [STDERR_REDIRECT] [Fatal Error] :1:1: Premature end of file.
2026-10-05 18:38:14,406 [ERROR] LogOutputStream:75 - [STDERR_REDIRECT] 
2026-10-05 18:38:15,408 [ERROR] LogOutputStream:75 - [STDERR_REDIRECT] [Fatal Error] :1:1: Premature end of file.
2026-10-05 18:38:15,408 [ERROR] LogOutputStream:75 - [STDERR_REDIRECT] 
2026-10-05 18:38:16,419 [ERROR] LogOutputStream:75 - [STDERR_REDIRECT] [Fatal Error] :1:1: Premature end of file.
2026-10-05 18:38:16,419 [ERROR] LogOutputStream:75 - [STDERR_REDIRECT] 
2026-10-05 18:38:17,409 [ERROR] LogOutputStream:75 - [STDERR_REDIRECT] [Fatal Error] :1:1: Premature end of file.
2026-10-05 18:38:17,409 [ERROR] LogOutputStream:75 - [STDERR_REDIRECT] 
2026-10-05 18:38:18,407 [ERROR] LogOutputStream:75 - [STDERR_REDIRECT] [Fatal Error] :1:1: Premature end of file.
2026-10-05 18:38:18,407 [ERROR] LogOutputStream:75 - [STDERR_REDIRECT] 
2026-10-05 18:38:19,408 [ERROR] LogOutputStream:75 - [STDERR_REDIRECT] [Fatal Error] :1:1: Premature end of file.
2026-10-05 18:38:19,408 [ERROR] LogOutputStream:75 - [STDERR_REDIRECT] 
2026-10-05 18:38:20,406 [ERROR] LogOutputStream:75 - [STDERR_REDIRECT] [Fatal Error] :1:1: Premature end of file.
2026-10-05 18:38:20,406 [ERROR] LogOutputStream:75 - [STDERR_REDIRECT] 
2026-10-05 18:38:21,407 [ERROR] LogOutputStream:75 - [STDERR_REDIRECT] [Fatal Error] :1:1: Premature end of file.
2026-10-05 18:38:21,407 [ERROR] LogOutputStream:75 - [STDERR_REDIRECT] 
2026-10-05 18:38:22,402 [ERROR] LogOutputStream:75 - [STDERR_REDIRECT] [Fatal Error] :1:1: Premature end of file.
2026-10-05 18:38:22,402 [ERROR] LogOutputStream:75 - [STDERR_REDIRECT] 
2026-10-05 18:38:23,411 [ERROR] LogOutputStream:75 - [STDERR_REDIRECT] [Fatal Error] :1:1: Premature end of file.
2026-10-05 18:38:23,411 [ERROR] LogOutputStream:75 - [STDERR_REDIRECT] 
2026-10-05 18:38:24,403 [ERROR] LogOutputStream:75 - [STDERR_REDIRECT] [Fatal Error] :1:1: Premature end of file.
2026-10-05 18:38:24,404 [ERROR] LogOutputStream:75 - [STDERR_REDIRECT] 
2026-10-05 18:38:25,407 [ERROR] LogOutputStream:75 - [STDERR_REDIRECT] [Fatal Error] :1:1: Premature end of file.
2026-10-05 18:38:25,407 [ERROR] LogOutputStream:75 - [STDERR_REDIRECT] 
2026-10-05 18:38:26,407 [ERROR] LogOutputStream:75 - [STDERR_REDIRECT] [Fatal Error] :1:1: Premature end of file.
2026-10-05 18:38:26,407 [ERROR] LogOutputStream:75 - [STDERR_REDIRECT] 
2026-10-05 18:38:27,411 [ERROR] LogOutputStream:75 - [STDERR_REDIRECT] [Fatal Error] :1:1: Premature end of file.
2026-10-05 18:38:27,411 [ERROR] LogOutputStream:75 - [STDERR_REDIRECT] 
2026-10-05 18:38:28,407 [ERROR] LogOutputStream:75 - [STDERR_REDIRECT] [Fatal Error] :1:1: Premature end of file.
2026-10-05 18:38:28,407 [ERROR] LogOutputStream:75 - [STDERR_REDIRECT] 
2026-10-05 18:38:29,407 [ERROR] LogOutputStream:75 - [STDERR_REDIRECT] [Fatal Error] :1:1: Premature end of file.
2026-10-05 18:38:29,407 [ERROR] LogOutputStream:75 - [STDERR_REDIRECT] 
2026-10-05 18:38:30,410 [ERROR] LogOutputStream:75 - [STDERR_REDIRECT] [Fatal Error] :1:1: Premature end of file.
2026-10-05 18:38:30,410 [ERROR] LogOutputStream:75 - [STDERR_REDIRECT] 
2026-10-05 18:38:31,408 [ERROR] LogOutputStream:75 - [STDERR_REDIRECT] [Fatal Error] :1:1: Premature end of file.
2026-10-05 18:38:31,408 [ERROR] LogOutputStream:75 - [STDERR_REDIRECT] 
2026-10-05 18:38:32,407 [ERROR] LogOutputStream:75 - [STDERR_REDIRECT] [Fatal Error] :1:1: Premature end of file.
2026-10-05 18:38:32,408 [ERROR] LogOutputStream:75 - [STDERR_REDIRECT] 
2026-10-05 18:38:33,410 [ERROR] LogOutputStream:75 - [STDERR_REDIRECT] [Fatal Error] :1:1: Premature end of file.
2026-10-05 18:38:33,410 [ERROR] LogOutputStream:75 - [STDERR_REDIRECT] 
2026-10-05 18:38:34,420 [ERROR] LogOutputStream:75 - [STDERR_REDIRECT] [Fatal Error] :1:1: Premature end of file.
2026-10-05 18:38:34,420 [ERROR] LogOutputStream:75 - [STDERR_REDIRECT] 
2026-10-05 18:38:35,417 [ERROR] LogOutputStream:75 - [STDERR_REDIRECT] [Fatal Error] :1:1: Premature end of file.
2026-10-05 18:38:35,417 [ERROR] LogOutputStream:75 - [STDERR_REDIRECT] 
2026-10-05 18:38:36,414 [ERROR] LogOutputStream:75 - [STDERR_REDIRECT] [Fatal Error] :1:1: Premature end of file.
2026-10-05 18:38:36,415 [ERROR] LogOutputStream:75 - [STDERR_REDIRECT] 
2026-10-05 18:38:37,422 [ERROR] LogOutputStream:75 - [STDERR_REDIRECT] [Fatal Error] :1:1: Premature end of file.
2026-10-05 18:38:37,422 [ERROR] LogOutputStream:75 - [STDERR_REDIRECT] 
2026-10-05 18:38:38,417 [ERROR] LogOutputStream:75 - [STDERR_REDIRECT] [Fatal Error] :1:1: Premature end of file.
2026-10-05 18:38:38,417 [ERROR] LogOutputStream:75 - [STDERR_REDIRECT] 
2026-10-05 18:38:39,406 [ERROR] LogOutputStream:75 - [STDERR_REDIRECT] [Fatal Error] :1:1: Premature end of file.
2026-10-05 18:38:39,407 [ERROR] LogOutputStream:75 - [STDERR_REDIRECT] 
2026-10-05 18:38:40,415 [ERROR] LogOutputStream:75 - [STDERR_REDIRECT] [Fatal Error] :1:1: Premature end of file.
2026-10-05 18:38:40,415 [ERROR] LogOutputStream:75 - [STDERR_REDIRECT] 
2026-10-05 18:38:41,408 [ERROR] LogOutputStream:75 - [STDERR_REDIRECT] [Fatal Error] :1:1: Premature end of file.
2026-10-05 18:38:41,408 [ERROR] LogOutputStream:75 - [STDERR_REDIRECT] 
2026-10-05 18:38:42,407 [ERROR] LogOutputStream:75 - [STDERR_REDIRECT] [Fatal Error] :1:1: Premature end of file.
2026-10-05 18:38:42,407 [ERROR] LogOutputStream:75 - [STDERR_REDIRECT] 
2026-10-05 18:38:43,406 [ERROR] LogOutputStream:75 - [STDERR_REDIRECT] [Fatal Error] :1:1: Premature end of file.
2026-10-05 18:38:43,406 [ERROR] LogOutputStream:75 - [STDERR_REDIRECT] 
2026-10-05 18:38:44,409 [ERROR] LogOutputStream:75 - [STDERR_REDIRECT] [Fatal Error] :1:1: Premature end of file.
2026-10-05 18:38:44,409 [ERROR] LogOutputStream:75 - [STDERR_REDIRECT] 
2026-10-05 18:38:45,406 [ERROR] LogOutputStream:75 - [STDERR_REDIRECT] [Fatal Error] :1:1: Premature end of file.
2026-10-05 18:38:45,407 [ERROR] LogOutputStream:75 - [STDERR_REDIRECT] 
2026-10-05 18:38:46,406 [ERROR] LogOutputStream:75 - [STDERR_REDIRECT] [Fatal Error] :1:1: Premature end of file.
2026-10-05 18:38:46,407 [ERROR] LogOutputStream:75 - [STDERR_REDIRECT] 
2026-10-05 18:38:47,406 [ERROR] LogOutputStream:75 - [STDERR_REDIRECT] [Fatal Error] :1:1: Premature end of file.
2026-10-05 18:38:47,406 [ERROR] LogOutputStream:75 - [STDERR_REDIRECT] 
2026-10-05 18:38:48,408 [ERROR] LogOutputStream:75 - [STDERR_REDIRECT] [Fatal Error] :1:1: Premature end of file.
2026-10-05 18:38:48,408 [ERROR] LogOutputStream:75 - [STDERR_REDIRECT] 
2026-10-05 18:38:49,413 [ERROR] LogOutputStream:75 - [STDERR_REDIRECT] [Fatal Error] :1:1: Premature end of file.
2026-10-05 18:38:49,413 [ERROR] LogOutputStream:75 - [STDERR_REDIRECT] 
2026-10-05 18:38:50,410 [ERROR] LogOutputStream:75 - [STDERR_REDIRECT] [Fatal Error] :1:1: Premature end of file.
2026-10-05 18:38:50,410 [ERROR] LogOutputStream:75 - [STDERR_REDIRECT] 
2026-10-05 18:38:51,408 [ERROR] LogOutputStream:75 - [STDERR_REDIRECT] [Fatal Error] :1:1: Premature end of file.
2026-10-05 18:38:51,409 [ERROR] LogOutputStream:75 - [STDERR_REDIRECT] 
2026-10-05 18:38:52,410 [ERROR] LogOutputStream:75 - [STDERR_REDIRECT] [Fatal Error] :1:1: Premature end of file.
2026-10-05 18:38:52,411 [ERROR] LogOutputStream:75 - [STDERR_REDIRECT] 
2026-10-05 18:38:53,407 [ERROR] LogOutputStream:75 - [STDERR_REDIRECT] [Fatal Error] :1:1: Premature end of file.
2026-10-05 18:38:53,407 [ERROR] LogOutputStream:75 - [STDERR_REDIRECT] 
2026-10-05 18:38:54,406 [ERROR] LogOutputStream:75 - [STDERR_REDIRECT] [Fatal Error] :1:1: Premature end of file.
2026-10-05 18:38:54,406 [ERROR] LogOutputStream:75 - [STDERR_REDIRECT] 
2026-10-05 18:38:55,404 [ERROR] LogOutputStream:75 - [STDERR_REDIRECT] [Fatal Error] :1:1: Premature end of file.
2026-10-05 18:38:55,404 [ERROR] LogOutputStream:75 - [STDERR_REDIRECT] 
2026-10-05 18:38:56,408 [ERROR] LogOutputStream:75 - [STDERR_REDIRECT] [Fatal Error] :1:1: Premature end of file.
2026-10-05 18:38:56,408 [ERROR] LogOutputStream:75 - [STDERR_REDIRECT] 
2026-10-05 18:38:57,410 [ERROR] LogOutputStream:75 - [STDERR_REDIRECT] [Fatal Error] :1:1: Premature end of file.
2026-10-05 18:38:57,411 [ERROR] LogOutputStream:75 - [STDERR_REDIRECT] 
2026-10-05 18:38:58,408 [ERROR] LogOutputStream:75 - [STDERR_REDIRECT] [Fatal Error] :1:1: Premature end of file.
2026-10-05 18:38:58,408 [ERROR] LogOutputStream:75 - [STDERR_REDIRECT] 
2026-10-05 18:38:59,411 [ERROR] LogOutputStream:75 - [STDERR_REDIRECT] [Fatal Error] :1:1: Premature end of file.
2026-10-05 18:38:59,413 [ERROR] LogOutputStream:75 - [STDERR_REDIRECT] 
2026-10-05 18:39:00,410 [ERROR] LogOutputStream:75 - [STDERR_REDIRECT] [Fatal Error] :1:1: Premature end of file.
2026-10-05 18:39:00,411 [ERROR] LogOutputStream:75 - [STDERR_REDIRECT] 
2026-10-05 18:39:01,409 [ERROR] LogOutputStream:75 - [STDERR_REDIRECT] [Fatal Error] :1:1: Premature end of file.
2026-10-05 18:39:01,409 [ERROR] LogOutputStream:75 - [STDERR_REDIRECT] 
2026-10-05 18:39:02,408 [ERROR] LogOutputStream:75 - [STDERR_REDIRECT] [Fatal Error] :1:1: Premature end of file.
2026-10-05 18:39:02,408 [ERROR] LogOutputStream:75 - [STDERR_REDIRECT] 
2026-10-05 18:39:03,408 [ERROR] LogOutputStream:75 - [STDERR_REDIRECT] [Fatal Error] :1:1: Premature end of file.
2026-10-05 18:39:03,408 [ERROR] LogOutputStream:75 - [STDERR_REDIRECT] 
2026-10-05 18:39:04,407 [ERROR] LogOutputStream:75 - [STDERR_REDIRECT] [Fatal Error] :1:1: Premature end of file.
2026-10-05 18:39:04,407 [ERROR] LogOutputStream:75 - [STDERR_REDIRECT] 
2026-10-05 18:39:05,407 [ERROR] LogOutputStream:75 - [STDERR_REDIRECT] [Fatal Error] :1:1: Premature end of file.
2026-10-05 18:39:05,407 [ERROR] LogOutputStream:75 - [STDERR_REDIRECT] 
2026-10-05 18:39:06,409 [ERROR] LogOutputStream:75 - [STDERR_REDIRECT] [Fatal Error] :1:1: Premature end of file.
2026-10-05 18:39:06,410 [ERROR] LogOutputStream:75 - [STDERR_REDIRECT] 
2026-10-05 18:39:07,407 [ERROR] LogOutputStream:75 - [STDERR_REDIRECT] [Fatal Error] :1:1: Premature end of file.
2026-10-05 18:39:07,408 [ERROR] LogOutputStream:75 - [STDERR_REDIRECT] 
2026-10-05 18:39:08,407 [ERROR] LogOutputStream:75 - [STDERR_REDIRECT] [Fatal Error] :1:1: Premature end of file.
2026-10-05 18:39:08,408 [ERROR] LogOutputStream:75 - [STDERR_REDIRECT] 
2026-10-05 18:39:09,410 [ERROR] LogOutputStream:75 - [STDERR_REDIRECT] [Fatal Error] :1:1: Premature end of file.
2026-10-05 18:39:09,410 [ERROR] LogOutputStream:75 - [STDERR_REDIRECT] 
2026-10-05 18:39:10,408 [ERROR] LogOutputStream:75 - [STDERR_REDIRECT] [Fatal Error] :1:1: Premature end of file.
2026-10-05 18:39:10,409 [ERROR] LogOutputStream:75 - [STDERR_REDIRECT] 
2026-10-05 18:39:11,407 [ERROR] LogOutputStream:75 - [STDERR_REDIRECT] [Fatal Error] :1:1: Premature end of file.
2026-10-05 18:39:11,407 [ERROR] LogOutputStream:75 - [STDERR_REDIRECT] 
2026-10-05 18:39:12,407 [ERROR] LogOutputStream:75 - [STDERR_REDIRECT] [Fatal Error] :1:1: Premature end of file.
2026-10-05 18:39:12,407 [ERROR] LogOutputStream:75 - [STDERR_REDIRECT] 
2026-10-05 18:39:13,407 [ERROR] LogOutputStream:75 - [STDERR_REDIRECT] [Fatal Error] :1:1: Premature end of file.
2026-10-05 18:39:13,407 [ERROR] LogOutputStream:75 - [STDERR_REDIRECT] 
2026-10-05 18:39:14,407 [ERROR] LogOutputStream:75 - [STDERR_REDIRECT] [Fatal Error] :1:1: Premature end of file.
2026-10-05 18:39:14,407 [ERROR] LogOutputStream:75 - [STDERR_REDIRECT] 
2026-10-05 18:39:15,410 [ERROR] LogOutputStream:75 - [STDERR_REDIRECT] [Fatal Error] :1:1: Premature end of file.
2026-10-05 18:39:15,410 [ERROR] LogOutputStream:75 - [STDERR_REDIRECT] 
2026-10-05 18:39:16,417 [ERROR] LogOutputStream:75 - [STDERR_REDIRECT] [Fatal Error] :1:1: Premature end of file.
2026-10-05 18:39:16,417 [ERROR] LogOutputStream:75 - [STDERR_REDIRECT] 
2026-10-05 18:39:17,426 [ERROR] LogOutputStream:75 - [STDERR_REDIRECT] [Fatal Error] :1:1: Premature end of file.
2026-10-05 18:39:17,426 [ERROR] LogOutputStream:75 - [STDERR_REDIRECT] 
2026-10-05 18:39:18,461 [ERROR] LogOutputStream:75 - [STDERR_REDIRECT] [Fatal Error] :1:1: Premature end of file.
2026-10-05 18:39:18,461 [ERROR] LogOutputStream:75 - [STDERR_REDIRECT] 
2026-10-05 18:39:19,415 [ERROR] LogOutputStream:75 - [STDERR_REDIRECT] [Fatal Error] :1:1: Premature end of file.
2026-10-05 18:39:19,415 [ERROR] LogOutputStream:75 - [STDERR_REDIRECT] 
2026-10-05 18:39:20,414 [ERROR] LogOutputStream:75 - [STDERR_REDIRECT] [Fatal Error] :1:1: Premature end of file.
2026-10-05 18:39:20,414 [ERROR] LogOutputStream:75 - [STDERR_REDIRECT] 
2026-10-05 18:39:21,401 [ERROR] LogOutputStream:75 - [STDERR_REDIRECT] [Fatal Error] :1:1: Premature end of file.
2026-10-05 18:39:21,401 [ERROR] LogOutputStream:75 - [STDERR_REDIRECT] 
2026-10-05 18:39:22,410 [ERROR] LogOutputStream:75 - [STDERR_REDIRECT] [Fatal Error] :1:1: Premature end of file.
2026-10-05 18:39:22,411 [ERROR] LogOutputStream:75 - [STDERR_REDIRECT] 
2026-10-05 18:39:23,429 [ERROR] LogOutputStream:75 - [STDERR_REDIRECT] [Fatal Error] :1:1: Premature end of file.
2026-10-05 18:39:23,429 [ERROR] LogOutputStream:75 - [STDERR_REDIRECT] 
2026-10-05 18:39:24,423 [ERROR] LogOutputStream:75 - [STDERR_REDIRECT] [Fatal Error] :1:1: Premature end of file.
2026-10-05 18:39:24,424 [ERROR] LogOutputStream:75 - [STDERR_REDIRECT] 
2026-10-05 18:39:25,423 [ERROR] LogOutputStream:75 - [STDERR_REDIRECT] [Fatal Error] :1:1: Premature end of file.
2026-10-05 18:39:25,423 [ERROR] LogOutputStream:75 - [STDERR_REDIRECT] 
2026-10-05 18:39:26,429 [ERROR] LogOutputStream:75 - [STDERR_REDIRECT] [Fatal Error] :1:1: Premature end of file.
2026-10-05 18:39:26,430 [ERROR] LogOutputStream:75 - [STDERR_REDIRECT] 
2026-10-05 18:39:27,414 [ERROR] LogOutputStream:75 - [STDERR_REDIRECT] [Fatal Error] :1:1: Premature end of file.
2026-10-05 18:39:27,414 [ERROR] LogOutputStream:75 - [STDERR_REDIRECT] 
2026-10-05 18:39:28,415 [ERROR] LogOutputStream:75 - [STDERR_REDIRECT] [Fatal Error] :1:1: Premature end of file.
2026-10-05 18:39:28,416 [ERROR] LogOutputStream:75 - [STDERR_REDIRECT] 
2026-10-05 18:39:29,421 [ERROR] LogOutputStream:75 - [STDERR_REDIRECT] [Fatal Error] :1:1: Premature end of file.
2026-10-05 18:39:29,421 [ERROR] LogOutputStream:75 - [STDERR_REDIRECT] 
2026-10-05 18:39:30,422 [ERROR] LogOutputStream:75 - [STDERR_REDIRECT] [Fatal Error] :1:1: Premature end of file.
2026-10-05 18:39:30,422 [ERROR] LogOutputStream:75 - [STDERR_REDIRECT] 
2026-10-05 18:39:31,418 [ERROR] LogOutputStream:75 - [STDERR_REDIRECT] [Fatal Error] :1:1: Premature end of file.
2026-10-05 18:39:31,418 [ERROR] LogOutputStream:75 - [STDERR_REDIRECT] 
2026-10-05 18:39:32,408 [ERROR] LogOutputStream:75 - [STDERR_REDIRECT] [Fatal Error] :1:1: Premature end of file.
2026-10-05 18:39:32,408 [ERROR] LogOutputStream:75 - [STDERR_REDIRECT] 
2026-10-05 18:39:33,409 [ERROR] LogOutputStream:75 - [STDERR_REDIRECT] [Fatal Error] :1:1: Premature end of file.
2026-10-05 18:39:33,409 [ERROR] LogOutputStream:75 - [STDERR_REDIRECT] 
2026-10-05 18:39:34,406 [ERROR] LogOutputStream:75 - [STDERR_REDIRECT] [Fatal Error] :1:1: Premature end of file.
2026-10-05 18:39:34,406 [ERROR] LogOutputStream:75 - [STDERR_REDIRECT] 
2026-10-05 18:39:35,408 [ERROR] LogOutputStream:75 - [STDERR_REDIRECT] [Fatal Error] :1:1: Premature end of file.
2026-10-05 18:39:35,409 [ERROR] LogOutputStream:75 - [STDERR_REDIRECT] 
2026-10-05 18:39:36,408 [ERROR] LogOutputStream:75 - [STDERR_REDIRECT] [Fatal Error] :1:1: Premature end of file.
2026-10-05 18:39:36,408 [ERROR] LogOutputStream:75 - [STDERR_REDIRECT] 
2026-10-05 18:39:37,408 [ERROR] LogOutputStream:75 - [STDERR_REDIRECT] [Fatal Error] :1:1: Premature end of file.
2026-10-05 18:39:37,408 [ERROR] LogOutputStream:75 - [STDERR_REDIRECT] 
2026-10-05 18:39:38,405 [ERROR] LogOutputStream:75 - [STDERR_REDIRECT] [Fatal Error] :1:1: Premature end of file.
2026-10-05 18:39:38,405 [ERROR] LogOutputStream:75 - [STDERR_REDIRECT] 
2026-10-05 18:39:39,405 [ERROR] LogOutputStream:75 - [STDERR_REDIRECT] [Fatal Error] :1:1: Premature end of file.
2026-10-05 18:39:39,407 [ERROR] LogOutputStream:75 - [STDERR_REDIRECT] 
2026-10-05 18:39:40,406 [ERROR] LogOutputStream:75 - [STDERR_REDIRECT] [Fatal Error] :1:1: Premature end of file.
2026-10-05 18:39:40,406 [ERROR] LogOutputStream:75 - [STDERR_REDIRECT] 
2026-10-05 18:39:41,406 [ERROR] LogOutputStream:75 - [STDERR_REDIRECT] [Fatal Error] :1:1: Premature end of file.
2026-10-05 18:39:41,406 [ERROR] LogOutputStream:75 - [STDERR_REDIRECT] 
2026-10-05 18:39:42,410 [ERROR] LogOutputStream:75 - [STDERR_REDIRECT] [Fatal Error] :1:1: Premature end of file.
2026-10-05 18:39:42,410 [ERROR] LogOutputStream:75 - [STDERR_REDIRECT] 
2026-10-05 18:39:43,409 [ERROR] LogOutputStream:75 - [STDERR_REDIRECT] [Fatal Error] :1:1: Premature end of file.
2026-10-05 18:39:43,410 [ERROR] LogOutputStream:75 - [STDERR_REDIRECT] 
2026-10-05 18:39:44,413 [ERROR] LogOutputStream:75 - [STDERR_REDIRECT] [Fatal Error] :1:1: Premature end of file.
2026-10-05 18:39:44,413 [ERROR] LogOutputStream:75 - [STDERR_REDIRECT] 
2026-10-05 18:39:45,408 [ERROR] LogOutputStream:75 - [STDERR_REDIRECT] [Fatal Error] :1:1: Premature end of file.
2026-10-05 18:39:45,408 [ERROR] LogOutputStream:75 - [STDERR_REDIRECT] 
2026-10-05 18:39:46,408 [ERROR] LogOutputStream:75 - [STDERR_REDIRECT] [Fatal Error] :1:1: Premature end of file.
2026-10-05 18:39:46,408 [ERROR] LogOutputStream:75 - [STDERR_REDIRECT] 
2026-10-05 18:39:47,406 [ERROR] LogOutputStream:75 - [STDERR_REDIRECT] [Fatal Error] :1:1: Premature end of file.
2026-10-05 18:39:47,406 [ERROR] LogOutputStream:75 - [STDERR_REDIRECT] 
2026-10-05 18:39:48,408 [ERROR] LogOutputStream:75 - [STDERR_REDIRECT] [Fatal Error] :1:1: Premature end of file.
2026-10-05 18:39:48,408 [ERROR] LogOutputStream:75 - [STDERR_REDIRECT] 
2026-10-05 18:39:49,408 [ERROR] LogOutputStream:75 - [STDERR_REDIRECT] [Fatal Error] :1:1: Premature end of file.
2026-10-05 18:39:49,409 [ERROR] LogOutputStream:75 - [STDERR_REDIRECT] 
2026-10-05 18:39:50,421 [ERROR] LogOutputStream:75 - [STDERR_REDIRECT] [Fatal Error] :1:1: Premature end of file.
2026-10-05 18:39:50,421 [ERROR] LogOutputStream:75 - [STDERR_REDIRECT] 
2026-10-05 18:39:51,416 [ERROR] LogOutputStream:75 - [STDERR_REDIRECT] [Fatal Error] :1:1: Premature end of file.
2026-10-05 18:39:51,416 [ERROR] LogOutputStream:75 - [STDERR_REDIRECT] 
2026-10-05 18:39:52,415 [ERROR] LogOutputStream:75 - [STDERR_REDIRECT] [Fatal Error] :1:1: Premature end of file.
2026-10-05 18:39:52,415 [ERROR] LogOutputStream:75 - [STDERR_REDIRECT] 
2026-10-05 18:39:53,411 [ERROR] LogOutputStream:75 - [STDERR_REDIRECT] [Fatal Error] :1:1: Premature end of file.
2026-10-05 18:39:53,411 [ERROR] LogOutputStream:75 - [STDERR_REDIRECT] 
2026-10-05 18:39:54,422 [ERROR] LogOutputStream:75 - [STDERR_REDIRECT] [Fatal Error] :1:1: Premature end of file.
2026-10-05 18:39:54,422 [ERROR] LogOutputStream:75 - [STDERR_REDIRECT] 
2026-10-05 18:39:55,403 [ERROR] LogOutputStream:75 - [STDERR_REDIRECT] [Fatal Error] :1:1: Premature end of file.
2026-10-05 18:39:55,403 [ERROR] LogOutputStream:75 - [STDERR_REDIRECT] 
2026-10-05 18:39:56,410 [ERROR] LogOutputStream:75 - [STDERR_REDIRECT] [Fatal Error] :1:1: Premature end of file.
2026-10-05 18:39:56,410 [ERROR] LogOutputStream:75 - [STDERR_REDIRECT] 
2026-10-05 18:39:57,405 [ERROR] LogOutputStream:75 - [STDERR_REDIRECT] [Fatal Error] :1:1: Premature end of file.
2026-10-05 18:39:57,405 [ERROR] LogOutputStream:75 - [STDERR_REDIRECT] 
2026-10-05 18:39:58,412 [ERROR] LogOutputStream:75 - [STDERR_REDIRECT] [Fatal Error] :1:1: Premature end of file.
2026-10-05 18:39:58,412 [ERROR] LogOutputStream:75 - [STDERR_REDIRECT] 
2026-10-05 18:39:59,415 [ERROR] LogOutputStream:75 - [STDERR_REDIRECT] [Fatal Error] :1:1: Premature end of file.
2026-10-05 18:39:59,415 [ERROR] LogOutputStream:75 - [STDERR_REDIRECT] 
2026-10-05 18:40:00,413 [ERROR] LogOutputStream:75 - [STDERR_REDIRECT] [Fatal Error] :1:1: Premature end of file.
2026-10-05 18:40:00,414 [ERROR] LogOutputStream:75 - [STDERR_REDIRECT] 
2026-10-05 18:40:01,413 [ERROR] LogOutputStream:75 - [STDERR_REDIRECT] [Fatal Error] :1:1: Premature end of file.
2026-10-05 18:40:01,413 [ERROR] LogOutputStream:75 - [STDERR_REDIRECT] 
2026-10-05 18:40:02,413 [ERROR] LogOutputStream:75 - [STDERR_REDIRECT] [Fatal Error] :1:1: Premature end of file.
2026-10-05 18:40:02,413 [ERROR] LogOutputStream:75 - [STDERR_REDIRECT] 
2026-10-05 18:40:03,410 [ERROR] LogOutputStream:75 - [STDERR_REDIRECT] [Fatal Error] :1:1: Premature end of file.
2026-10-05 18:40:03,411 [ERROR] LogOutputStream:75 - [STDERR_REDIRECT] 
2026-10-05 18:40:04,412 [ERROR] LogOutputStream:75 - [STDERR_REDIRECT] [Fatal Error] :1:1: Premature end of file.
2026-10-05 18:40:04,413 [ERROR] LogOutputStream:75 - [STDERR_REDIRECT] 
2026-10-05 18:40:05,425 [ERROR] LogOutputStream:75 - [STDERR_REDIRECT] [Fatal Error] :1:1: Premature end of file.
2026-10-05 18:40:05,425 [ERROR] LogOutputStream:75 - [STDERR_REDIRECT] 
2026-10-05 18:40:06,430 [ERROR] LogOutputStream:75 - [STDERR_REDIRECT] [Fatal Error] :1:1: Premature end of file.
2026-10-05 18:40:06,430 [ERROR] LogOutputStream:75 - [STDERR_REDIRECT] 
2026-10-05 18:40:07,418 [ERROR] LogOutputStream:75 - [STDERR_REDIRECT] [Fatal Error] :1:1: Premature end of file.
2026-10-05 18:40:07,418 [ERROR] LogOutputStream:75 - [STDERR_REDIRECT] 
2026-10-05 18:40:08,431 [ERROR] LogOutputStream:75 - [STDERR_REDIRECT] [Fatal Error] :1:1: Premature end of file.
2026-10-05 18:40:08,431 [ERROR] LogOutputStream:75 - [STDERR_REDIRECT] 
2026-10-05 18:40:09,428 [ERROR] LogOutputStream:75 - [STDERR_REDIRECT] [Fatal Error] :1:1: Premature end of file.
2026-10-05 18:40:09,428 [ERROR] LogOutputStream:75 - [STDERR_REDIRECT] 
2026-10-05 18:40:10,416 [ERROR] LogOutputStream:75 - [STDERR_REDIRECT] [Fatal Error] :1:1: Premature end of file.
2026-10-05 18:40:10,416 [ERROR] LogOutputStream:75 - [STDERR_REDIRECT] 
2026-10-05 18:40:11,414 [ERROR] LogOutputStream:75 - [STDERR_REDIRECT] [Fatal Error] :1:1: Premature end of file.
2026-10-05 18:40:11,414 [ERROR] LogOutputStream:75 - [STDERR_REDIRECT] 
2026-10-05 18:40:12,412 [ERROR] LogOutputStream:75 - [STDERR_REDIRECT] [Fatal Error] :1:1: Premature end of file.
2026-10-05 18:40:12,413 [ERROR] LogOutputStream:75 - [STDERR_REDIRECT] 
2026-10-05 18:40:13,416 [ERROR] LogOutputStream:75 - [STDERR_REDIRECT] [Fatal Error] :1:1: Premature end of file.
2026-10-05 18:40:13,416 [ERROR] LogOutputStream:75 - [STDERR_REDIRECT] 
2026-10-05 18:40:14,414 [ERROR] LogOutputStream:75 - [STDERR_REDIRECT] [Fatal Error] :1:1: Premature end of file.
2026-10-05 18:40:14,414 [ERROR] LogOutputStream:75 - [STDERR_REDIRECT] 
2026-10-05 18:40:15,421 [ERROR] LogOutputStream:75 - [STDERR_REDIRECT] [Fatal Error] :1:1: Premature end of file.
2026-10-05 18:40:15,421 [ERROR] LogOutputStream:75 - [STDERR_REDIRECT] 
2026-10-05 18:40:16,433 [ERROR] LogOutputStream:75 - [STDERR_REDIRECT] [Fatal Error] :1:1: Premature end of file.
2026-10-05 18:40:16,433 [ERROR] LogOutputStream:75 - [STDERR_REDIRECT] 
2026-10-05 18:40:17,417 [ERROR] LogOutputStream:75 - [STDERR_REDIRECT] [Fatal Error] :1:1: Premature end of file.
2026-10-05 18:40:17,417 [ERROR] LogOutputStream:75 - [STDERR_REDIRECT] 
2026-10-05 18:40:18,413 [ERROR] LogOutputStream:75 - [STDERR_REDIRECT] [Fatal Error] :1:1: Premature end of file.
2026-10-05 18:40:18,413 [ERROR] LogOutputStream:75 - [STDERR_REDIRECT] 
2026-10-05 18:40:19,414 [ERROR] LogOutputStream:75 - [STDERR_REDIRECT] [Fatal Error] :1:1: Premature end of file.
2026-10-05 18:40:19,414 [ERROR] LogOutputStream:75 - [STDERR_REDIRECT] 
2026-10-05 18:40:20,414 [ERROR] LogOutputStream:75 - [STDERR_REDIRECT] [Fatal Error] :1:1: Premature end of file.
2026-10-05 18:40:20,414 [ERROR] LogOutputStream:75 - [STDERR_REDIRECT] 
2026-10-05 18:40:21,421 [ERROR] LogOutputStream:75 - [STDERR_REDIRECT] [Fatal Error] :1:1: Premature end of file.
2026-10-05 18:40:21,421 [ERROR] LogOutputStream:75 - [STDERR_REDIRECT] 
2026-10-05 18:40:22,427 [ERROR] LogOutputStream:75 - [STDERR_REDIRECT] [Fatal Error] :1:1: Premature end of file.
2026-10-05 18:40:22,427 [ERROR] LogOutputStream:75 - [STDERR_REDIRECT] 
2026-10-05 18:40:23,410 [ERROR] LogOutputStream:75 - [STDERR_REDIRECT] [Fatal Error] :1:1: Premature end of file.
2026-10-05 18:40:23,411 [ERROR] LogOutputStream:75 - [STDERR_REDIRECT] 
2026-10-05 18:40:24,414 [ERROR] LogOutputStream:75 - [STDERR_REDIRECT] [Fatal Error] :1:1: Premature end of file.
2026-10-05 18:40:24,414 [ERROR] LogOutputStream:75 - [STDERR_REDIRECT] 
2026-10-05 18:40:25,413 [ERROR] LogOutputStream:75 - [STDERR_REDIRECT] [Fatal Error] :1:1: Premature end of file.
2026-10-05 18:40:25,414 [ERROR] LogOutputStream:75 - [STDERR_REDIRECT] 
2026-10-05 18:40:26,419 [ERROR] LogOutputStream:75 - [STDERR_REDIRECT] [Fatal Error] :1:1: Premature end of file.
2026-10-05 18:40:26,419 [ERROR] LogOutputStream:75 - [STDERR_REDIRECT] 
2026-10-05 18:40:27,412 [ERROR] LogOutputStream:75 - [STDERR_REDIRECT] [Fatal Error] :1:1: Premature end of file.
2026-10-05 18:40:27,412 [ERROR] LogOutputStream:75 - [STDERR_REDIRECT] 
2026-10-05 18:40:28,421 [ERROR] LogOutputStream:75 - [STDERR_REDIRECT] [Fatal Error] :1:1: Premature end of file.
2026-10-05 18:40:28,421 [ERROR] LogOutputStream:75 - [STDERR_REDIRECT] 
2026-10-05 18:40:29,413 [ERROR] LogOutputStream:75 - [STDERR_REDIRECT] [Fatal Error] :1:1: Premature end of file.
2026-10-05 18:40:29,413 [ERROR] LogOutputStream:75 - [STDERR_REDIRECT] 
2026-10-05 18:40:30,419 [ERROR] LogOutputStream:75 - [STDERR_REDIRECT] [Fatal Error] :1:1: Premature end of file.
2026-10-05 18:40:30,419 [ERROR] LogOutputStream:75 - [STDERR_REDIRECT] 
2026-10-05 18:40:31,418 [ERROR] LogOutputStream:75 - [STDERR_REDIRECT] [Fatal Error] :1:1: Premature end of file.
2026-10-05 18:40:31,419 [ERROR] LogOutputStream:75 - [STDERR_REDIRECT] 
2026-10-05 18:40:32,426 [ERROR] LogOutputStream:75 - [STDERR_REDIRECT] [Fatal Error] :1:1: Premature end of file.
2026-10-05 18:40:32,426 [ERROR] LogOutputStream:75 - [STDERR_REDIRECT] 
2026-10-05 18:40:33,425 [ERROR] LogOutputStream:75 - [STDERR_REDIRECT] [Fatal Error] :1:1: Premature end of file.
2026-10-05 18:40:33,426 [ERROR] LogOutputStream:75 - [STDERR_REDIRECT] 
2026-10-05 18:40:34,415 [ERROR] LogOutputStream:75 - [STDERR_REDIRECT] [Fatal Error] :1:1: Premature end of file.
2026-10-05 18:40:34,415 [ERROR] LogOutputStream:75 - [STDERR_REDIRECT] 
2026-10-05 18:40:35,411 [ERROR] LogOutputStream:75 - [STDERR_REDIRECT] [Fatal Error] :1:1: Premature end of file.
2026-10-05 18:40:35,411 [ERROR] LogOutputStream:75 - [STDERR_REDIRECT] 
2026-10-05 18:40:36,414 [ERROR] LogOutputStream:75 - [STDERR_REDIRECT] [Fatal Error] :1:1: Premature end of file.
2026-10-05 18:40:36,414 [ERROR] LogOutputStream:75 - [STDERR_REDIRECT] 
2026-10-05 18:40:37,416 [ERROR] LogOutputStream:75 - [STDERR_REDIRECT] [Fatal Error] :1:1: Premature end of file.
2026-10-05 18:40:37,416 [ERROR] LogOutputStream:75 - [STDERR_REDIRECT] 
2026-10-05 18:40:38,421 [ERROR] LogOutputStream:75 - [STDERR_REDIRECT] [Fatal Error] :1:1: Premature end of file.
2026-10-05 18:40:38,421 [ERROR] LogOutputStream:75 - [STDERR_REDIRECT] 
2026-10-05 18:40:39,425 [ERROR] LogOutputStream:75 - [STDERR_REDIRECT] [Fatal Error] :1:1: Premature end of file.
2026-10-05 18:40:39,425 [ERROR] LogOutputStream:75 - [STDERR_REDIRECT] 
2026-10-05 18:40:40,412 [ERROR] LogOutputStream:75 - [STDERR_REDIRECT] [Fatal Error] :1:1: Premature end of file.
2026-10-05 18:40:40,413 [ERROR] LogOutputStream:75 - [STDERR_REDIRECT] 
2026-10-05 18:40:41,419 [ERROR] LogOutputStream:75 - [STDERR_REDIRECT] [Fatal Error] :1:1: Premature end of file.
2026-10-05 18:40:41,419 [ERROR] LogOutputStream:75 - [STDERR_REDIRECT] 
2026-10-05 18:40:42,413 [ERROR] LogOutputStream:75 - [STDERR_REDIRECT] [Fatal Error] :1:1: Premature end of file.
2026-10-05 18:40:42,413 [ERROR] LogOutputStream:75 - [STDERR_REDIRECT] 
2026-10-05 18:40:43,416 [ERROR] LogOutputStream:75 - [STDERR_REDIRECT] [Fatal Error] :1:1: Premature end of file.
2026-10-05 18:40:43,416 [ERROR] LogOutputStream:75 - [STDERR_REDIRECT] 
2026-10-05 18:40:44,416 [ERROR] LogOutputStream:75 - [STDERR_REDIRECT] [Fatal Error] :1:1: Premature end of file.
2026-10-05 18:40:44,416 [ERROR] LogOutputStream:75 - [STDERR_REDIRECT] 
2026-10-05 18:40:45,416 [ERROR] LogOutputStream:75 - [STDERR_REDIRECT] [Fatal Error] :1:1: Premature end of file.
2026-10-05 18:40:45,417 [ERROR] LogOutputStream:75 - [STDERR_REDIRECT] 
2026-10-05 18:40:46,418 [ERROR] LogOutputStream:75 - [STDERR_REDIRECT] [Fatal Error] :1:1: Premature end of file.
2026-10-05 18:40:46,418 [ERROR] LogOutputStream:75 - [STDERR_REDIRECT] 
2026-10-05 18:40:47,415 [ERROR] LogOutputStream:75 - [STDERR_REDIRECT] [Fatal Error] :1:1: Premature end of file.
2026-10-05 18:40:47,415 [ERROR] LogOutputStream:75 - [STDERR_REDIRECT] 
2026-10-05 18:40:48,420 [ERROR] LogOutputStream:75 - [STDERR_REDIRECT] [Fatal Error] :1:1: Premature end of file.
2026-10-05 18:40:48,420 [ERROR] LogOutputStream:75 - [STDERR_REDIRECT] 
2026-10-05 18:40:49,416 [ERROR] LogOutputStream:75 - [STDERR_REDIRECT] [Fatal Error] :1:1: Premature end of file.
2026-10-05 18:40:49,416 [ERROR] LogOutputStream:75 - [STDERR_REDIRECT] 
2026-10-05 18:40:50,421 [ERROR] LogOutputStream:75 - [STDERR_REDIRECT] [Fatal Error] :1:1: Premature end of file.
2026-10-05 18:40:50,421 [ERROR] LogOutputStream:75 - [STDERR_REDIRECT] 
2026-10-05 18:40:51,414 [ERROR] LogOutputStream:75 - [STDERR_REDIRECT] [Fatal Error] :1:1: Premature end of file.
2026-10-05 18:40:51,414 [ERROR] LogOutputStream:75 - [STDERR_REDIRECT] 
2026-10-05 18:40:52,418 [ERROR] LogOutputStream:75 - [STDERR_REDIRECT] [Fatal Error] :1:1: Premature end of file.
2026-10-05 18:40:52,418 [ERROR] LogOutputStream:75 - [STDERR_REDIRECT] 
2026-10-05 18:40:53,413 [ERROR] LogOutputStream:75 - [STDERR_REDIRECT] [Fatal Error] :1:1: Premature end of file.
2026-10-05 18:40:53,415 [ERROR] LogOutputStream:75 - [STDERR_REDIRECT] 
2026-10-05 18:40:54,414 [ERROR] LogOutputStream:75 - [STDERR_REDIRECT] [Fatal Error] :1:1: Premature end of file.
2026-10-05 18:40:54,414 [ERROR] LogOutputStream:75 - [STDERR_REDIRECT] 
2026-10-05 18:40:55,417 [ERROR] LogOutputStream:75 - [STDERR_REDIRECT] [Fatal Error] :1:1: Premature end of file.
2026-10-05 18:40:55,417 [ERROR] LogOutputStream:75 - [STDERR_REDIRECT] 
2026-10-05 18:40:56,420 [ERROR] LogOutputStream:75 - [STDERR_REDIRECT] [Fatal Error] :1:1: Premature end of file.
2026-10-05 18:40:56,420 [ERROR] LogOutputStream:75 - [STDERR_REDIRECT] 
2026-10-05 18:40:57,415 [ERROR] LogOutputStream:75 - [STDERR_REDIRECT] [Fatal Error] :1:1: Premature end of file.
2026-10-05 18:40:57,415 [ERROR] LogOutputStream:75 - [STDERR_REDIRECT] 
2026-10-05 18:40:58,416 [ERROR] LogOutputStream:75 - [STDERR_REDIRECT] [Fatal Error] :1:1: Premature end of file.
2026-10-05 18:40:58,417 [ERROR] LogOutputStream:75 - [STDERR_REDIRECT] 
2026-10-05 18:40:59,422 [ERROR] LogOutputStream:75 - [STDERR_REDIRECT] [Fatal Error] :1:1: Premature end of file.
2026-10-05 18:40:59,422 [ERROR] LogOutputStream:75 - [STDERR_REDIRECT] 
2026-10-05 18:41:00,412 [ERROR] LogOutputStream:75 - [STDERR_REDIRECT] [Fatal Error] :1:1: Premature end of file.
2026-10-05 18:41:00,412 [ERROR] LogOutputStream:75 - [STDERR_REDIRECT] 
2026-10-05 18:41:01,416 [ERROR] LogOutputStream:75 - [STDERR_REDIRECT] [Fatal Error] :1:1: Premature end of file.
2026-10-05 18:41:01,416 [ERROR] LogOutputStream:75 - [STDERR_REDIRECT] 
2026-10-05 18:41:02,411 [ERROR] LogOutputStream:75 - [STDERR_REDIRECT] [Fatal Error] :1:1: Premature end of file.
2026-10-05 18:41:02,412 [ERROR] LogOutputStream:75 - [STDERR_REDIRECT] 
2026-10-05 18:41:03,421 [ERROR] LogOutputStream:75 - [STDERR_REDIRECT] [Fatal Error] :1:1: Premature end of file.
2026-10-05 18:41:03,422 [ERROR] LogOutputStream:75 - [STDERR_REDIRECT] 
2026-10-05 18:41:04,413 [ERROR] LogOutputStream:75 - [STDERR_REDIRECT] [Fatal Error] :1:1: Premature end of file.
2026-10-05 18:41:04,414 [ERROR] LogOutputStream:75 - [STDERR_REDIRECT] 
2026-10-05 18:41:05,414 [ERROR] LogOutputStream:75 - [STDERR_REDIRECT] [Fatal Error] :1:1: Premature end of file.
2026-10-05 18:41:05,414 [ERROR] LogOutputStream:75 - [STDERR_REDIRECT] 
2026-10-05 18:41:06,416 [ERROR] LogOutputStream:75 - [STDERR_REDIRECT] [Fatal Error] :1:1: Premature end of file.
2026-10-05 18:41:06,416 [ERROR] LogOutputStream:75 - [STDERR_REDIRECT] 
2026-10-05 18:41:07,438 [ERROR] LogOutputStream:75 - [STDERR_REDIRECT] [Fatal Error] :1:1: Premature end of file.
2026-10-05 18:41:07,438 [ERROR] LogOutputStream:75 - [STDERR_REDIRECT] 
2026-10-05 18:41:08,414 [ERROR] LogOutputStream:75 - [STDERR_REDIRECT] [Fatal Error] :1:1: Premature end of file.
2026-10-05 18:41:08,414 [ERROR] LogOutputStream:75 - [STDERR_REDIRECT] 
2026-10-05 18:41:09,413 [ERROR] LogOutputStream:75 - [STDERR_REDIRECT] [Fatal Error] :1:1: Premature end of file.
2026-10-05 18:41:09,414 [ERROR] LogOutputStream:75 - [STDERR_REDIRECT] 
2026-10-05 18:41:10,413 [ERROR] LogOutputStream:75 - [STDERR_REDIRECT] [Fatal Error] :1:1: Premature end of file.
2026-10-05 18:41:10,413 [ERROR] LogOutputStream:75 - [STDERR_REDIRECT] 
2026-10-05 18:41:11,413 [ERROR] LogOutputStream:75 - [STDERR_REDIRECT] [Fatal Error] :1:1: Premature end of file.
2026-10-05 18:41:11,413 [ERROR] LogOutputStream:75 - [STDERR_REDIRECT] 
2026-10-05 18:41:12,412 [ERROR] LogOutputStream:75 - [STDERR_REDIRECT] [Fatal Error] :1:1: Premature end of file.
2026-10-05 18:41:12,412 [ERROR] LogOutputStream:75 - [STDERR_REDIRECT] 
2026-10-05 18:41:13,414 [ERROR] LogOutputStream:75 - [STDERR_REDIRECT] [Fatal Error] :1:1: Premature end of file.
2026-10-05 18:41:13,414 [ERROR] LogOutputStream:75 - [STDERR_REDIRECT] 
2026-10-05 18:41:14,420 [ERROR] LogOutputStream:75 - [STDERR_REDIRECT] [Fatal Error] :1:1: Premature end of file.
2026-10-05 18:41:14,422 [ERROR] LogOutputStream:75 - [STDERR_REDIRECT] 
2026-10-05 18:41:15,413 [ERROR] LogOutputStream:75 - [STDERR_REDIRECT] [Fatal Error] :1:1: Premature end of file.
2026-10-05 18:41:15,413 [ERROR] LogOutputStream:75 - [STDERR_REDIRECT] 
2026-10-05 18:41:16,418 [ERROR] LogOutputStream:75 - [STDERR_REDIRECT] [Fatal Error] :1:1: Premature end of file.
2026-10-05 18:41:16,418 [ERROR] LogOutputStream:75 - [STDERR_REDIRECT] 
2026-10-05 18:41:17,419 [ERROR] LogOutputStream:75 - [STDERR_REDIRECT] [Fatal Error] :1:1: Premature end of file.
2026-10-05 18:41:17,419 [ERROR] LogOutputStream:75 - [STDERR_REDIRECT] 
2026-10-05 18:41:18,414 [ERROR] LogOutputStream:75 - [STDERR_REDIRECT] [Fatal Error] :1:1: Premature end of file.
2026-10-05 18:41:18,415 [ERROR] LogOutputStream:75 - [STDERR_REDIRECT] 
2026-10-05 18:41:19,413 [ERROR] LogOutputStream:75 - [STDERR_REDIRECT] [Fatal Error] :1:1: Premature end of file.
2026-10-05 18:41:19,413 [ERROR] LogOutputStream:75 - [STDERR_REDIRECT] 
2026-10-05 18:41:20,413 [ERROR] LogOutputStream:75 - [STDERR_REDIRECT] [Fatal Error] :1:1: Premature end of file.
2026-10-05 18:41:20,414 [ERROR] LogOutputStream:75 - [STDERR_REDIRECT] 
2026-10-05 18:41:21,413 [ERROR] LogOutputStream:75 - [STDERR_REDIRECT] [Fatal Error] :1:1: Premature end of file.
2026-10-05 18:41:21,413 [ERROR] LogOutputStream:75 - [STDERR_REDIRECT] 
2026-10-05 18:41:22,415 [ERROR] LogOutputStream:75 - [STDERR_REDIRECT] [Fatal Error] :1:1: Premature end of file.
2026-10-05 18:41:22,415 [ERROR] LogOutputStream:75 - [STDERR_REDIRECT] 
2026-10-05 18:41:23,415 [ERROR] LogOutputStream:75 - [STDERR_REDIRECT] [Fatal Error] :1:1: Premature end of file.
2026-10-05 18:41:23,415 [ERROR] LogOutputStream:75 - [STDERR_REDIRECT] 
2026-10-05 18:41:24,415 [ERROR] LogOutputStream:75 - [STDERR_REDIRECT] [Fatal Error] :1:1: Premature end of file.
2026-10-05 18:41:24,415 [ERROR] LogOutputStream:75 - [STDERR_REDIRECT] 
2026-10-05 18:41:25,416 [ERROR] LogOutputStream:75 - [STDERR_REDIRECT] [Fatal Error] :1:1: Premature end of file.
2026-10-05 18:41:25,417 [ERROR] LogOutputStream:75 - [STDERR_REDIRECT] 
2026-10-05 18:41:26,412 [ERROR] LogOutputStream:75 - [STDERR_REDIRECT] [Fatal Error] :1:1: Premature end of file.
2026-10-05 18:41:26,412 [ERROR] LogOutputStream:75 - [STDERR_REDIRECT] 
2026-10-05 18:41:27,417 [ERROR] LogOutputStream:75 - [STDERR_REDIRECT] [Fatal Error] :1:1: Premature end of file.
2026-10-05 18:41:27,417 [ERROR] LogOutputStream:75 - [STDERR_REDIRECT] 
2026-10-05 18:41:28,412 [ERROR] LogOutputStream:75 - [STDERR_REDIRECT] [Fatal Error] :1:1: Premature end of file.
2026-10-05 18:41:28,413 [ERROR] LogOutputStream:75 - [STDERR_REDIRECT] 
2026-10-05 18:41:29,413 [ERROR] LogOutputStream:75 - [STDERR_REDIRECT] [Fatal Error] :1:1: Premature end of file.
2026-10-05 18:41:29,413 [ERROR] LogOutputStream:75 - [STDERR_REDIRECT] 
2026-10-05 18:41:30,420 [ERROR] LogOutputStream:75 - [STDERR_REDIRECT] [Fatal Error] :1:1: Premature end of file.
2026-10-05 18:41:30,420 [ERROR] LogOutputStream:75 - [STDERR_REDIRECT] 
2026-10-05 18:41:31,416 [ERROR] LogOutputStream:75 - [STDERR_REDIRECT] [Fatal Error] :1:1: Premature end of file.
2026-10-05 18:41:31,416 [ERROR] LogOutputStream:75 - [STDERR_REDIRECT] 
2026-10-05 18:41:32,419 [ERROR] LogOutputStream:75 - [STDERR_REDIRECT] [Fatal Error] :1:1: Premature end of file.
2026-10-05 18:41:32,419 [ERROR] LogOutputStream:75 - [STDERR_REDIRECT] 
2026-10-05 18:41:33,414 [ERROR] LogOutputStream:75 - [STDERR_REDIRECT] [Fatal Error] :1:1: Premature end of file.
2026-10-05 18:41:33,414 [ERROR] LogOutputStream:75 - [STDERR_REDIRECT] 
2026-10-05 18:41:34,413 [ERROR] LogOutputStream:75 - [STDERR_REDIRECT] [Fatal Error] :1:1: Premature end of file.
2026-10-05 18:41:34,413 [ERROR] LogOutputStream:75 - [STDERR_REDIRECT] 
2026-10-05 18:41:35,420 [ERROR] LogOutputStream:75 - [STDERR_REDIRECT] [Fatal Error] :1:1: Premature end of file.
2026-10-05 18:41:35,420 [ERROR] LogOutputStream:75 - [STDERR_REDIRECT] 
2026-10-05 18:41:36,413 [ERROR] LogOutputStream:75 - [STDERR_REDIRECT] [Fatal Error] :1:1: Premature end of file.
2026-10-05 18:41:36,413 [ERROR] LogOutputStream:75 - [STDERR_REDIRECT] 
2026-10-05 18:41:37,416 [ERROR] LogOutputStream:75 - [STDERR_REDIRECT] [Fatal Error] :1:1: Premature end of file.
2026-10-05 18:41:37,416 [ERROR] LogOutputStream:75 - [STDERR_REDIRECT] 
2026-10-05 18:41:38,416 [ERROR] LogOutputStream:75 - [STDERR_REDIRECT] [Fatal Error] :1:1: Premature end of file.
2026-10-05 18:41:38,416 [ERROR] LogOutputStream:75 - [STDERR_REDIRECT] 
2026-10-05 18:41:39,425 [ERROR] LogOutputStream:75 - [STDERR_REDIRECT] [Fatal Error] :1:1: Premature end of file.
2026-10-05 18:41:39,426 [ERROR] LogOutputStream:75 - [STDERR_REDIRECT] 
2026-10-05 18:41:40,420 [ERROR] LogOutputStream:75 - [STDERR_REDIRECT] [Fatal Error] :1:1: Premature end of file.
2026-10-05 18:41:40,420 [ERROR] LogOutputStream:75 - [STDERR_REDIRECT] 
2026-10-05 18:41:41,415 [ERROR] LogOutputStream:75 - [STDERR_REDIRECT] [Fatal Error] :1:1: Premature end of file.
2026-10-05 18:41:41,415 [ERROR] LogOutputStream:75 - [STDERR_REDIRECT] 
2026-10-05 18:41:42,415 [ERROR] LogOutputStream:75 - [STDERR_REDIRECT] [Fatal Error] :1:1: Premature end of file.
2026-10-05 18:41:42,415 [ERROR] LogOutputStream:75 - [STDERR_REDIRECT] 
2026-10-05 18:41:43,416 [ERROR] LogOutputStream:75 - [STDERR_REDIRECT] [Fatal Error] :1:1: Premature end of file.
2026-10-05 18:41:43,416 [ERROR] LogOutputStream:75 - [STDERR_REDIRECT] 
2026-10-05 18:41:44,418 [ERROR] LogOutputStream:75 - [STDERR_REDIRECT] [Fatal Error] :1:1: Premature end of file.
2026-10-05 18:41:44,419 [ERROR] LogOutputStream:75 - [STDERR_REDIRECT] 
2026-10-05 18:41:45,424 [ERROR] LogOutputStream:75 - [STDERR_REDIRECT] [Fatal Error] :1:1: Premature end of file.
2026-10-05 18:41:45,424 [ERROR] LogOutputStream:75 - [STDERR_REDIRECT] 
2026-10-05 18:41:46,423 [ERROR] LogOutputStream:75 - [STDERR_REDIRECT] [Fatal Error] :1:1: Premature end of file.
2026-10-05 18:41:46,423 [ERROR] LogOutputStream:75 - [STDERR_REDIRECT] 
2026-10-05 18:41:47,417 [ERROR] LogOutputStream:75 - [STDERR_REDIRECT] [Fatal Error] :1:1: Premature end of file.
2026-10-05 18:41:47,417 [ERROR] LogOutputStream:75 - [STDERR_REDIRECT] 
2026-10-05 18:41:48,411 [ERROR] LogOutputStream:75 - [STDERR_REDIRECT] [Fatal Error] :1:1: Premature end of file.
2026-10-05 18:41:48,412 [ERROR] LogOutputStream:75 - [STDERR_REDIRECT] 
2026-10-05 18:41:49,415 [ERROR] LogOutputStream:75 - [STDERR_REDIRECT] [Fatal Error] :1:1: Premature end of file.
2026-10-05 18:41:49,415 [ERROR] LogOutputStream:75 - [STDERR_REDIRECT] 
2026-10-05 18:41:50,416 [ERROR] LogOutputStream:75 - [STDERR_REDIRECT] [Fatal Error] :1:1: Premature end of file.
2026-10-05 18:41:50,416 [ERROR] LogOutputStream:75 - [STDERR_REDIRECT] 
2026-10-05 18:41:51,424 [ERROR] LogOutputStream:75 - [STDERR_REDIRECT] [Fatal Error] :1:1: Premature end of file.
2026-10-05 18:41:51,424 [ERROR] LogOutputStream:75 - [STDERR_REDIRECT] 
2026-10-05 18:41:52,417 [ERROR] LogOutputStream:75 - [STDERR_REDIRECT] [Fatal Error] :1:1: Premature end of file.
2026-10-05 18:41:52,417 [ERROR] LogOutputStream:75 - [STDERR_REDIRECT] 
2026-10-05 18:41:53,421 [ERROR] LogOutputStream:75 - [STDERR_REDIRECT] [Fatal Error] :1:1: Premature end of file.
2026-10-05 18:41:53,421 [ERROR] LogOutputStream:75 - [STDERR_REDIRECT] 
2026-10-05 18:41:54,419 [ERROR] LogOutputStream:75 - [STDERR_REDIRECT] [Fatal Error] :1:1: Premature end of file.
2026-10-05 18:41:54,419 [ERROR] LogOutputStream:75 - [STDERR_REDIRECT] 
2026-10-05 18:41:55,418 [ERROR] LogOutputStream:75 - [STDERR_REDIRECT] [Fatal Error] :1:1: Premature end of file.
2026-10-05 18:41:55,418 [ERROR] LogOutputStream:75 - [STDERR_REDIRECT] 
2026-10-05 18:41:56,418 [ERROR] LogOutputStream:75 - [STDERR_REDIRECT] [Fatal Error] :1:1: Premature end of file.
2026-10-05 18:41:56,418 [ERROR] LogOutputStream:75 - [STDERR_REDIRECT] 
2026-10-05 18:41:57,421 [ERROR] LogOutputStream:75 - [STDERR_REDIRECT] [Fatal Error] :1:1: Premature end of file.
2026-10-05 18:41:57,421 [ERROR] LogOutputStream:75 - [STDERR_REDIRECT] 
2026-10-05 18:41:58,413 [ERROR] LogOutputStream:75 - [STDERR_REDIRECT] [Fatal Error] :1:1: Premature end of file.
2026-10-05 18:41:58,413 [ERROR] LogOutputStream:75 - [STDERR_REDIRECT] 
2026-10-05 18:41:59,415 [ERROR] LogOutputStream:75 - [STDERR_REDIRECT] [Fatal Error] :1:1: Premature end of file.
2026-10-05 18:41:59,415 [ERROR] LogOutputStream:75 - [STDERR_REDIRECT] 
2026-10-05 18:42:00,417 [ERROR] LogOutputStream:75 - [STDERR_REDIRECT] [Fatal Error] :1:1: Premature end of file.
2026-10-05 18:42:00,417 [ERROR] LogOutputStream:75 - [STDERR_REDIRECT] 
2026-10-05 18:42:01,421 [ERROR] LogOutputStream:75 - [STDERR_REDIRECT] [Fatal Error] :1:1: Premature end of file.
2026-10-05 18:42:01,422 [ERROR] LogOutputStream:75 - [STDERR_REDIRECT] 
2026-10-05 18:42:02,420 [ERROR] LogOutputStream:75 - [STDERR_REDIRECT] [Fatal Error] :1:1: Premature end of file.
2026-10-05 18:42:02,420 [ERROR] LogOutputStream:75 - [STDERR_REDIRECT] 
2026-10-05 18:42:03,416 [ERROR] LogOutputStream:75 - [STDERR_REDIRECT] [Fatal Error] :1:1: Premature end of file.
2026-10-05 18:42:03,416 [ERROR] LogOutputStream:75 - [STDERR_REDIRECT] 
2026-10-05 18:42:04,419 [ERROR] LogOutputStream:75 - [STDERR_REDIRECT] [Fatal Error] :1:1: Premature end of file.
2026-10-05 18:42:04,419 [ERROR] LogOutputStream:75 - [STDERR_REDIRECT] 
2026-10-05 18:42:05,418 [ERROR] LogOutputStream:75 - [STDERR_REDIRECT] [Fatal Error] :1:1: Premature end of file.
2026-10-05 18:42:05,418 [ERROR] LogOutputStream:75 - [STDERR_REDIRECT] 
2026-10-05 18:42:06,416 [ERROR] LogOutputStream:75 - [STDERR_REDIRECT] [Fatal Error] :1:1: Premature end of file.
2026-10-05 18:42:06,417 [ERROR] LogOutputStream:75 - [STDERR_REDIRECT] 
2026-10-05 18:42:07,412 [ERROR] LogOutputStream:75 - [STDERR_REDIRECT] [Fatal Error] :1:1: Premature end of file.
2026-10-05 18:42:07,412 [ERROR] LogOutputStream:75 - [STDERR_REDIRECT] 
2026-10-05 18:42:08,416 [ERROR] LogOutputStream:75 - [STDERR_REDIRECT] [Fatal Error] :1:1: Premature end of file.
2026-10-05 18:42:08,416 [ERROR] LogOutputStream:75 - [STDERR_REDIRECT] 
2026-10-05 18:42:09,414 [ERROR] LogOutputStream:75 - [STDERR_REDIRECT] [Fatal Error] :1:1: Premature end of file.
2026-10-05 18:42:09,414 [ERROR] LogOutputStream:75 - [STDERR_REDIRECT] 
2026-10-05 18:42:10,414 [ERROR] LogOutputStream:75 - [STDERR_REDIRECT] [Fatal Error] :1:1: Premature end of file.
2026-10-05 18:42:10,414 [ERROR] LogOutputStream:75 - [STDERR_REDIRECT] 
2026-10-05 18:42:11,420 [ERROR] LogOutputStream:75 - [STDERR_REDIRECT] [Fatal Error] :1:1: Premature end of file.
2026-10-05 18:42:11,420 [ERROR] LogOutputStream:75 - [STDERR_REDIRECT] 
2026-10-05 18:42:12,417 [ERROR] LogOutputStream:75 - [STDERR_REDIRECT] [Fatal Error] :1:1: Premature end of file.
2026-10-05 18:42:12,417 [ERROR] LogOutputStream:75 - [STDERR_REDIRECT] 
2026-10-05 18:42:13,416 [ERROR] LogOutputStream:75 - [STDERR_REDIRECT] [Fatal Error] :1:1: Premature end of file.
2026-10-05 18:42:13,416 [ERROR] LogOutputStream:75 - [STDERR_REDIRECT] 
2026-10-05 18:42:14,422 [ERROR] LogOutputStream:75 - [STDERR_REDIRECT] [Fatal Error] :1:1: Premature end of file.
2026-10-05 18:42:14,423 [ERROR] LogOutputStream:75 - [STDERR_REDIRECT] 
2026-10-05 18:42:15,416 [ERROR] LogOutputStream:75 - [STDERR_REDIRECT] [Fatal Error] :1:1: Premature end of file.
2026-10-05 18:42:15,416 [ERROR] LogOutputStream:75 - [STDERR_REDIRECT] 
2026-10-05 18:42:16,416 [ERROR] LogOutputStream:75 - [STDERR_REDIRECT] [Fatal Error] :1:1: Premature end of file.
2026-10-05 18:42:16,416 [ERROR] LogOutputStream:75 - [STDERR_REDIRECT] 
2026-10-05 18:42:17,420 [ERROR] LogOutputStream:75 - [STDERR_REDIRECT] [Fatal Error] :1:1: Premature end of file.
2026-10-05 18:42:17,420 [ERROR] LogOutputStream:75 - [STDERR_REDIRECT] 
2026-10-05 18:42:18,418 [ERROR] LogOutputStream:75 - [STDERR_REDIRECT] [Fatal Error] :1:1: Premature end of file.
2026-10-05 18:42:18,418 [ERROR] LogOutputStream:75 - [STDERR_REDIRECT] 
2026-10-05 18:42:19,415 [ERROR] LogOutputStream:75 - [STDERR_REDIRECT] [Fatal Error] :1:1: Premature end of file.
2026-10-05 18:42:19,415 [ERROR] LogOutputStream:75 - [STDERR_REDIRECT] 
2026-10-05 18:42:20,417 [ERROR] LogOutputStream:75 - [STDERR_REDIRECT] [Fatal Error] :1:1: Premature end of file.
2026-10-05 18:42:20,417 [ERROR] LogOutputStream:75 - [STDERR_REDIRECT] 
2026-10-05 18:42:21,418 [ERROR] LogOutputStream:75 - [STDERR_REDIRECT] [Fatal Error] :1:1: Premature end of file.
2026-10-05 18:42:21,418 [ERROR] LogOutputStream:75 - [STDERR_REDIRECT] 
2026-10-05 18:42:22,418 [ERROR] LogOutputStream:75 - [STDERR_REDIRECT] [Fatal Error] :1:1: Premature end of file.
2026-10-05 18:42:22,418 [ERROR] LogOutputStream:75 - [STDERR_REDIRECT] 
2026-10-05 18:42:23,416 [ERROR] LogOutputStream:75 - [STDERR_REDIRECT] [Fatal Error] :1:1: Premature end of file.
2026-10-05 18:42:23,416 [ERROR] LogOutputStream:75 - [STDERR_REDIRECT] 
2026-10-05 18:42:24,416 [ERROR] LogOutputStream:75 - [STDERR_REDIRECT] [Fatal Error] :1:1: Premature end of file.
2026-10-05 18:42:24,416 [ERROR] LogOutputStream:75 - [STDERR_REDIRECT] 
2026-10-05 18:42:25,422 [ERROR] LogOutputStream:75 - [STDERR_REDIRECT] [Fatal Error] :1:1: Premature end of file.
2026-10-05 18:42:25,422 [ERROR] LogOutputStream:75 - [STDERR_REDIRECT] 
2026-10-05 18:42:26,426 [ERROR] LogOutputStream:75 - [STDERR_REDIRECT] [Fatal Error] :1:1: Premature end of file.
2026-10-05 18:42:26,426 [ERROR] LogOutputStream:75 - [STDERR_REDIRECT] 
2026-10-05 18:42:27,412 [ERROR] LogOutputStream:75 - [STDERR_REDIRECT] [Fatal Error] :1:1: Premature end of file.
2026-10-05 18:42:27,412 [ERROR] LogOutputStream:75 - [STDERR_REDIRECT] 
2026-10-05 18:42:28,419 [ERROR] LogOutputStream:75 - [STDERR_REDIRECT] [Fatal Error] :1:1: Premature end of file.
2026-10-05 18:42:28,420 [ERROR] LogOutputStream:75 - [STDERR_REDIRECT] 
2026-10-05 18:42:29,420 [ERROR] LogOutputStream:75 - [STDERR_REDIRECT] [Fatal Error] :1:1: Premature end of file.
2026-10-05 18:42:29,420 [ERROR] LogOutputStream:75 - [STDERR_REDIRECT] 
2026-10-05 18:42:30,416 [ERROR] LogOutputStream:75 - [STDERR_REDIRECT] [Fatal Error] :1:1: Premature end of file.
2026-10-05 18:42:30,417 [ERROR] LogOutputStream:75 - [STDERR_REDIRECT] 
2026-10-05 18:42:31,415 [ERROR] LogOutputStream:75 - [STDERR_REDIRECT] [Fatal Error] :1:1: Premature end of file.
2026-10-05 18:42:31,415 [ERROR] LogOutputStream:75 - [STDERR_REDIRECT] 
2026-10-05 18:42:31,763 [INFO] WebApp:194 - Connection lost
2026-10-05 18:42:32,414 [ERROR] LogOutputStream:75 - [STDERR_REDIRECT] [Fatal Error] :1:1: Premature end of file.
2026-10-05 18:42:32,414 [ERROR] LogOutputStream:75 - [STDERR_REDIRECT] 
2026-10-05 18:42:32,849 [INFO] WebApp:191 - Connection restablished
2026-10-05 18:42:33,417 [ERROR] LogOutputStream:75 - [STDERR_REDIRECT] [Fatal Error] :1:1: Premature end of file.
2026-10-05 18:42:33,417 [ERROR] LogOutputStream:75 - [STDERR_REDIRECT] 
2026-10-05 18:42:34,415 [ERROR] LogOutputStream:75 - [STDERR_REDIRECT] [Fatal Error] :1:1: Premature end of file.
2026-10-05 18:42:34,415 [ERROR] LogOutputStream:75 - [STDERR_REDIRECT] 
2026-10-05 18:42:35,412 [ERROR] LogOutputStream:75 - [STDERR_REDIRECT] [Fatal Error] :1:1: Premature end of file.
2026-10-05 18:42:35,412 [ERROR] LogOutputStream:75 - [STDERR_REDIRECT] 
2026-10-05 18:42:36,417 [ERROR] LogOutputStream:75 - [STDERR_REDIRECT] [Fatal Error] :1:1: Premature end of file.
2026-10-05 18:42:36,417 [ERROR] LogOutputStream:75 - [STDERR_REDIRECT] 
2026-10-05 18:42:37,419 [ERROR] LogOutputStream:75 - [STDERR_REDIRECT] [Fatal Error] :1:1: Premature end of file.
2026-10-05 18:42:37,419 [ERROR] LogOutputStream:75 - [STDERR_REDIRECT] 
2026-10-05 18:42:38,410 [ERROR] LogOutputStream:75 - [STDERR_REDIRECT] [Fatal Error] :1:1: Premature end of file.
2026-10-05 18:42:38,412 [ERROR] LogOutputStream:75 - [STDERR_REDIRECT] 
2026-10-05 18:42:39,416 [ERROR] LogOutputStream:75 - [STDERR_REDIRECT] [Fatal Error] :1:1: Premature end of file.
2026-10-05 18:42:39,416 [ERROR] LogOutputStream:75 - [STDERR_REDIRECT] 
2026-10-05 18:42:40,416 [ERROR] LogOutputStream:75 - [STDERR_REDIRECT] [Fatal Error] :1:1: Premature end of file.
2026-10-05 18:42:40,416 [ERROR] LogOutputStream:75 - [STDERR_REDIRECT] 
2026-10-05 18:42:41,429 [ERROR] LogOutputStream:75 - [STDERR_REDIRECT] [Fatal Error] :1:1: Premature end of file.
2026-10-05 18:42:41,429 [ERROR] LogOutputStream:75 - [STDERR_REDIRECT] 
2026-10-05 18:42:42,414 [ERROR] LogOutputStream:75 - [STDERR_REDIRECT] [Fatal Error] :1:1: Premature end of file.
2026-10-05 18:42:42,414 [ERROR] LogOutputStream:75 - [STDERR_REDIRECT] 
2026-10-05 18:42:43,411 [ERROR] LogOutputStream:75 - [STDERR_REDIRECT] [Fatal Error] :1:1: Premature end of file.
2026-10-05 18:42:43,412 [ERROR] LogOutputStream:75 - [STDERR_REDIRECT] 
2026-10-05 18:42:44,416 [ERROR] LogOutputStream:75 - [STDERR_REDIRECT] [Fatal Error] :1:1: Premature end of file.
2026-10-05 18:42:44,416 [ERROR] LogOutputStream:75 - [STDERR_REDIRECT] 
2026-10-05 18:42:45,411 [ERROR] LogOutputStream:75 - [STDERR_REDIRECT] [Fatal Error] :1:1: Premature end of file.
2026-10-05 18:42:45,411 [ERROR] LogOutputStream:75 - [STDERR_REDIRECT] 
2026-10-05 18:42:46,447 [ERROR] LogOutputStream:75 - [STDERR_REDIRECT] [Fatal Error] :1:1: Premature end of file.
2026-10-05 18:42:46,447 [ERROR] LogOutputStream:75 - [STDERR_REDIRECT] 
2026-10-05 18:42:47,413 [ERROR] LogOutputStream:75 - [STDERR_REDIRECT] [Fatal Error] :1:1: Premature end of file.
2026-10-05 18:42:47,413 [ERROR] LogOutputStream:75 - [STDERR_REDIRECT] 
2026-10-05 18:42:48,412 [ERROR] LogOutputStream:75 - [STDERR_REDIRECT] [Fatal Error] :1:1: Premature end of file.
2026-10-05 18:42:48,413 [ERROR] LogOutputStream:75 - [STDERR_REDIRECT] 
2026-10-05 18:42:49,419 [ERROR] LogOutputStream:75 - [STDERR_REDIRECT] [Fatal Error] :1:1: Premature end of file.
2026-10-05 18:42:49,419 [ERROR] LogOutputStream:75 - [STDERR_REDIRECT] 
2026-10-05 18:42:50,412 [ERROR] LogOutputStream:75 - [STDERR_REDIRECT] [Fatal Error] :1:1: Premature end of file.
2026-10-05 18:42:50,412 [ERROR] LogOutputStream:75 - [STDERR_REDIRECT] 
2026-10-05 18:42:51,258 [INFO] WebApp:194 - Connection lost
2026-10-05 18:42:51,414 [ERROR] LogOutputStream:75 - [STDERR_REDIRECT] [Fatal Error] :1:1: Premature end of file.
2026-10-05 18:42:51,414 [ERROR] LogOutputStream:75 - [STDERR_REDIRECT] 
2026-10-05 18:42:51,782 [INFO] WebApp:191 - Connection restablished
2026-10-05 18:42:52,413 [ERROR] LogOutputStream:75 - [STDERR_REDIRECT] [Fatal Error] :1:1: Premature end of file.
2026-10-05 18:42:52,413 [ERROR] LogOutputStream:75 - [STDERR_REDIRECT] 
2026-10-05 18:42:53,413 [ERROR] LogOutputStream:75 - [STDERR_REDIRECT] [Fatal Error] :1:1: Premature end of file.
2026-10-05 18:42:53,413 [ERROR] LogOutputStream:75 - [STDERR_REDIRECT] 
2026-10-05 18:42:54,427 [ERROR] LogOutputStream:75 - [STDERR_REDIRECT] [Fatal Error] :1:1: Premature end of file.
2026-10-05 18:42:54,427 [ERROR] LogOutputStream:75 - [STDERR_REDIRECT] 
2026-10-05 18:42:55,415 [ERROR] LogOutputStream:75 - [STDERR_REDIRECT] [Fatal Error] :1:1: Premature end of file.
2026-10-05 18:42:55,415 [ERROR] LogOutputStream:75 - [STDERR_REDIRECT] 
2026-10-05 18:42:56,412 [ERROR] LogOutputStream:75 - [STDERR_REDIRECT] [Fatal Error] :1:1: Premature end of file.
2026-10-05 18:42:56,412 [ERROR] LogOutputStream:75 - [STDERR_REDIRECT] 
2026-10-05 18:42:57,416 [ERROR] LogOutputStream:75 - [STDERR_REDIRECT] [Fatal Error] :1:1: Premature end of file.
2026-10-05 18:42:57,417 [ERROR] LogOutputStream:75 - [STDERR_REDIRECT] 
2026-10-05 18:42:58,416 [ERROR] LogOutputStream:75 - [STDERR_REDIRECT] [Fatal Error] :1:1: Premature end of file.
2026-10-05 18:42:58,416 [ERROR] LogOutputStream:75 - [STDERR_REDIRECT] 
2026-10-05 18:42:59,415 [ERROR] LogOutputStream:75 - [STDERR_REDIRECT] [Fatal Error] :1:1: Premature end of file.
2026-10-05 18:42:59,415 [ERROR] LogOutputStream:75 - [STDERR_REDIRECT] 
2026-10-05 18:43:00,417 [ERROR] LogOutputStream:75 - [STDERR_REDIRECT] [Fatal Error] :1:1: Premature end of file.
2026-10-05 18:43:00,417 [ERROR] LogOutputStream:75 - [STDERR_REDIRECT] 
2026-10-05 18:43:01,419 [ERROR] LogOutputStream:75 - [STDERR_REDIRECT] [Fatal Error] :1:1: Premature end of file.
2026-10-05 18:43:01,419 [ERROR] LogOutputStream:75 - [STDERR_REDIRECT] 
2026-10-05 18:43:02,412 [ERROR] LogOutputStream:75 - [STDERR_REDIRECT] [Fatal Error] :1:1: Premature end of file.
2026-10-05 18:43:02,412 [ERROR] LogOutputStream:75 - [STDERR_REDIRECT] 
2026-10-05 18:43:03,416 [ERROR] LogOutputStream:75 - [STDERR_REDIRECT] [Fatal Error] :1:1: Premature end of file.
2026-10-05 18:43:03,416 [ERROR] LogOutputStream:75 - [STDERR_REDIRECT] 
2026-10-05 18:43:04,416 [ERROR] LogOutputStream:75 - [STDERR_REDIRECT] [Fatal Error] :1:1: Premature end of file.
2026-10-05 18:43:04,416 [ERROR] LogOutputStream:75 - [STDERR_REDIRECT] 
2026-10-05 18:43:05,412 [ERROR] LogOutputStream:75 - [STDERR_REDIRECT] [Fatal Error] :1:1: Premature end of file.
2026-10-05 18:43:05,413 [ERROR] LogOutputStream:75 - [STDERR_REDIRECT] 
2026-10-05 18:43:06,421 [ERROR] LogOutputStream:75 - [STDERR_REDIRECT] [Fatal Error] :1:1: Premature end of file.
2026-10-05 18:43:06,421 [ERROR] LogOutputStream:75 - [STDERR_REDIRECT] 
2026-10-05 18:43:07,427 [ERROR] LogOutputStream:75 - [STDERR_REDIRECT] [Fatal Error] :1:1: Premature end of file.
2026-10-05 18:43:07,427 [ERROR] LogOutputStream:75 - [STDERR_REDIRECT] 
2026-10-05 18:43:08,413 [ERROR] LogOutputStream:75 - [STDERR_REDIRECT] [Fatal Error] :1:1: Premature end of file.
2026-10-05 18:43:08,414 [ERROR] LogOutputStream:75 - [STDERR_REDIRECT] 
2026-10-05 18:43:09,419 [ERROR] LogOutputStream:75 - [STDERR_REDIRECT] [Fatal Error] :1:1: Premature end of file.
2026-10-05 18:43:09,419 [ERROR] LogOutputStream:75 - [STDERR_REDIRECT] 
2026-10-05 18:43:10,428 [ERROR] LogOutputStream:75 - [STDERR_REDIRECT] [Fatal Error] :1:1: Premature end of file.
2026-10-05 18:43:10,429 [ERROR] LogOutputStream:75 - [STDERR_REDIRECT] 
2026-10-05 18:43:11,414 [ERROR] LogOutputStream:75 - [STDERR_REDIRECT] [Fatal Error] :1:1: Premature end of file.
2026-10-05 18:43:11,414 [ERROR] LogOutputStream:75 - [STDERR_REDIRECT] 
2026-10-05 18:43:12,417 [ERROR] LogOutputStream:75 - [STDERR_REDIRECT] [Fatal Error] :1:1: Premature end of file.
2026-10-05 18:43:12,417 [ERROR] LogOutputStream:75 - [STDERR_REDIRECT] 
2026-10-05 18:43:13,411 [ERROR] LogOutputStream:75 - [STDERR_REDIRECT] [Fatal Error] :1:1: Premature end of file.
2026-10-05 18:43:13,411 [ERROR] LogOutputStream:75 - [STDERR_REDIRECT] 
2026-10-05 18:43:14,411 [ERROR] LogOutputStream:75 - [STDERR_REDIRECT] [Fatal Error] :1:1: Premature end of file.
2026-10-05 18:43:14,412 [ERROR] LogOutputStream:75 - [STDERR_REDIRECT] 
2026-10-05 18:43:15,414 [ERROR] LogOutputStream:75 - [STDERR_REDIRECT] [Fatal Error] :1:1: Premature end of file.
2026-10-05 18:43:15,414 [ERROR] LogOutputStream:75 - [STDERR_REDIRECT] 
2026-10-05 18:43:16,412 [ERROR] LogOutputStream:75 - [STDERR_REDIRECT] [Fatal Error] :1:1: Premature end of file.
2026-10-05 18:43:16,412 [ERROR] LogOutputStream:75 - [STDERR_REDIRECT] 
2026-10-05 18:43:17,420 [ERROR] LogOutputStream:75 - [STDERR_REDIRECT] [Fatal Error] :1:1: Premature end of file.
2026-10-05 18:43:17,420 [ERROR] LogOutputStream:75 - [STDERR_REDIRECT] 
2026-10-05 18:43:18,420 [ERROR] LogOutputStream:75 - [STDERR_REDIRECT] [Fatal Error] :1:1: Premature end of file.
2026-10-05 18:43:18,420 [ERROR] LogOutputStream:75 - [STDERR_REDIRECT] 
2026-10-05 18:43:19,412 [ERROR] LogOutputStream:75 - [STDERR_REDIRECT] [Fatal Error] :1:1: Premature end of file.
2026-10-05 18:43:19,412 [ERROR] LogOutputStream:75 - [STDERR_REDIRECT] 
2026-10-05 18:43:20,417 [ERROR] LogOutputStream:75 - [STDERR_REDIRECT] [Fatal Error] :1:1: Premature end of file.
2026-10-05 18:43:20,417 [ERROR] LogOutputStream:75 - [STDERR_REDIRECT] 
2026-10-05 18:43:21,417 [ERROR] LogOutputStream:75 - [STDERR_REDIRECT] [Fatal Error] :1:1: Premature end of file.
2026-10-05 18:43:21,417 [ERROR] LogOutputStream:75 - [STDERR_REDIRECT] 
2026-10-05 18:43:22,422 [ERROR] LogOutputStream:75 - [STDERR_REDIRECT] [Fatal Error] :1:1: Premature end of file.
2026-10-05 18:43:22,422 [ERROR] LogOutputStream:75 - [STDERR_REDIRECT] 
2026-10-05 18:43:23,430 [ERROR] LogOutputStream:75 - [STDERR_REDIRECT] [Fatal Error] :1:1: Premature end of file.
2026-10-05 18:43:23,430 [ERROR] LogOutputStream:75 - [STDERR_REDIRECT] 
2026-10-05 18:43:24,423 [ERROR] LogOutputStream:75 - [STDERR_REDIRECT] [Fatal Error] :1:1: Premature end of file.
2026-10-05 18:43:24,423 [ERROR] LogOutputStream:75 - [STDERR_REDIRECT] 
2026-10-05 18:43:25,419 [ERROR] LogOutputStream:75 - [STDERR_REDIRECT] [Fatal Error] :1:1: Premature end of file.
2026-10-05 18:43:25,419 [ERROR] LogOutputStream:75 - [STDERR_REDIRECT] 
2026-10-05 18:43:26,422 [ERROR] LogOutputStream:75 - [STDERR_REDIRECT] [Fatal Error] :1:1: Premature end of file.
2026-10-05 18:43:26,422 [ERROR] LogOutputStream:75 - [STDERR_REDIRECT] 
2026-10-05 18:43:27,422 [ERROR] LogOutputStream:75 - [STDERR_REDIRECT] [Fatal Error] :1:1: Premature end of file.
2026-10-05 18:43:27,422 [ERROR] LogOutputStream:75 - [STDERR_REDIRECT] 
2026-10-05 18:43:28,425 [ERROR] LogOutputStream:75 - [STDERR_REDIRECT] [Fatal Error] :1:1: Premature end of file.
2026-10-05 18:43:28,425 [ERROR] LogOutputStream:75 - [STDERR_REDIRECT] 
2026-10-05 18:43:29,416 [ERROR] LogOutputStream:75 - [STDERR_REDIRECT] [Fatal Error] :1:1: Premature end of file.
2026-10-05 18:43:29,416 [ERROR] LogOutputStream:75 - [STDERR_REDIRECT] 
2026-10-05 18:43:30,414 [ERROR] LogOutputStream:75 - [STDERR_REDIRECT] [Fatal Error] :1:1: Premature end of file.
2026-10-05 18:43:30,414 [ERROR] LogOutputStream:75 - [STDERR_REDIRECT] 
2026-10-05 18:43:31,427 [ERROR] LogOutputStream:75 - [STDERR_REDIRECT] [Fatal Error] :1:1: Premature end of file.
2026-10-05 18:43:31,427 [ERROR] LogOutputStream:75 - [STDERR_REDIRECT] 
2026-10-05 18:43:32,421 [ERROR] LogOutputStream:75 - [STDERR_REDIRECT] [Fatal Error] :1:1: Premature end of file.
2026-10-05 18:43:32,421 [ERROR] LogOutputStream:75 - [STDERR_REDIRECT] 
2026-10-05 18:43:33,413 [ERROR] LogOutputStream:75 - [STDERR_REDIRECT] [Fatal Error] :1:1: Premature end of file.
2026-10-05 18:43:33,414 [ERROR] LogOutputStream:75 - [STDERR_REDIRECT] 
2026-10-05 18:43:34,449 [ERROR] LogOutputStream:75 - [STDERR_REDIRECT] [Fatal Error] :1:1: Premature end of file.
2026-10-05 18:43:34,450 [ERROR] LogOutputStream:75 - [STDERR_REDIRECT] 
2026-10-05 18:43:35,424 [ERROR] LogOutputStream:75 - [STDERR_REDIRECT] [Fatal Error] :1:1: Premature end of file.
2026-10-05 18:43:35,424 [ERROR] LogOutputStream:75 - [STDERR_REDIRECT] 
2026-10-05 18:43:36,416 [ERROR] LogOutputStream:75 - [STDERR_REDIRECT] [Fatal Error] :1:1: Premature end of file.
2026-10-05 18:43:36,416 [ERROR] LogOutputStream:75 - [STDERR_REDIRECT] 
2026-10-05 18:43:37,419 [ERROR] LogOutputStream:75 - [STDERR_REDIRECT] [Fatal Error] :1:1: Premature end of file.
2026-10-05 18:43:37,419 [ERROR] LogOutputStream:75 - [STDERR_REDIRECT] 
2026-10-05 18:43:38,427 [ERROR] LogOutputStream:75 - [STDERR_REDIRECT] [Fatal Error] :1:1: Premature end of file.
2026-10-05 18:43:38,427 [ERROR] LogOutputStream:75 - [STDERR_REDIRECT] 
2026-10-05 18:43:39,433 [ERROR] LogOutputStream:75 - [STDERR_REDIRECT] [Fatal Error] :1:1: Premature end of file.
2026-10-05 18:43:39,433 [ERROR] LogOutputStream:75 - [STDERR_REDIRECT] 
2026-10-05 18:43:40,439 [ERROR] LogOutputStream:75 - [STDERR_REDIRECT] [Fatal Error] :1:1: Premature end of file.
2026-10-05 18:43:40,439 [ERROR] LogOutputStream:75 - [STDERR_REDIRECT] 
2026-10-05 18:43:41,428 [ERROR] LogOutputStream:75 - [STDERR_REDIRECT] [Fatal Error] :1:1: Premature end of file.
2026-10-05 18:43:41,429 [ERROR] LogOutputStream:75 - [STDERR_REDIRECT] 
2026-10-05 18:43:42,418 [ERROR] LogOutputStream:75 - [STDERR_REDIRECT] [Fatal Error] :1:1: Premature end of file.
2026-10-05 18:43:42,418 [ERROR] LogOutputStream:75 - [STDERR_REDIRECT] 
2026-10-05 18:43:43,431 [ERROR] LogOutputStream:75 - [STDERR_REDIRECT] [Fatal Error] :1:1: Premature end of file.
2026-10-05 18:43:43,431 [ERROR] LogOutputStream:75 - [STDERR_REDIRECT] 
2026-10-05 18:43:44,425 [ERROR] LogOutputStream:75 - [STDERR_REDIRECT] [Fatal Error] :1:1: Premature end of file.
2026-10-05 18:43:44,425 [ERROR] LogOutputStream:75 - [STDERR_REDIRECT] 
2026-10-05 18:43:45,422 [ERROR] LogOutputStream:75 - [STDERR_REDIRECT] [Fatal Error] :1:1: Premature end of file.
2026-10-05 18:43:45,422 [ERROR] LogOutputStream:75 - [STDERR_REDIRECT] 
2026-10-05 18:43:46,428 [ERROR] LogOutputStream:75 - [STDERR_REDIRECT] [Fatal Error] :1:1: Premature end of file.
2026-10-05 18:43:46,428 [ERROR] LogOutputStream:75 - [STDERR_REDIRECT] 
2026-10-05 18:43:47,421 [ERROR] LogOutputStream:75 - [STDERR_REDIRECT] [Fatal Error] :1:1: Premature end of file.
2026-10-05 18:43:47,421 [ERROR] LogOutputStream:75 - [STDERR_REDIRECT] 
2026-10-05 18:43:48,423 [ERROR] LogOutputStream:75 - [STDERR_REDIRECT] [Fatal Error] :1:1: Premature end of file.
2026-10-05 18:43:48,423 [ERROR] LogOutputStream:75 - [STDERR_REDIRECT] 
2026-10-05 18:43:49,424 [ERROR] LogOutputStream:75 - [STDERR_REDIRECT] [Fatal Error] :1:1: Premature end of file.
2026-10-05 18:43:49,424 [ERROR] LogOutputStream:75 - [STDERR_REDIRECT] 
2026-10-05 18:43:50,420 [ERROR] LogOutputStream:75 - [STDERR_REDIRECT] [Fatal Error] :1:1: Premature end of file.
2026-10-05 18:43:50,420 [ERROR] LogOutputStream:75 - [STDERR_REDIRECT] 
2026-10-05 18:43:51,429 [ERROR] LogOutputStream:75 - [STDERR_REDIRECT] [Fatal Error] :1:1: Premature end of file.
2026-10-05 18:43:51,429 [ERROR] LogOutputStream:75 - [STDERR_REDIRECT] 
2026-10-05 18:43:52,427 [ERROR] LogOutputStream:75 - [STDERR_REDIRECT] [Fatal Error] :1:1: Premature end of file.
2026-10-05 18:43:52,427 [ERROR] LogOutputStream:75 - [STDERR_REDIRECT] 
2026-10-05 18:43:53,423 [ERROR] LogOutputStream:75 - [STDERR_REDIRECT] [Fatal Error] :1:1: Premature end of file.
2026-10-05 18:43:53,423 [ERROR] LogOutputStream:75 - [STDERR_REDIRECT] 
2026-10-05 18:43:54,425 [ERROR] LogOutputStream:75 - [STDERR_REDIRECT] [Fatal Error] :1:1: Premature end of file.
2026-10-05 18:43:54,425 [ERROR] LogOutputStream:75 - [STDERR_REDIRECT] 
2026-10-05 18:43:55,422 [ERROR] LogOutputStream:75 - [STDERR_REDIRECT] [Fatal Error] :1:1: Premature end of file.
2026-10-05 18:43:55,422 [ERROR] LogOutputStream:75 - [STDERR_REDIRECT] 
2026-10-05 18:43:56,413 [ERROR] LogOutputStream:75 - [STDERR_REDIRECT] [Fatal Error] :1:1: Premature end of file.
2026-10-05 18:43:56,413 [ERROR] LogOutputStream:75 - [STDERR_REDIRECT] 
2026-10-05 18:43:57,427 [ERROR] LogOutputStream:75 - [STDERR_REDIRECT] [Fatal Error] :1:1: Premature end of file.
2026-10-05 18:43:57,427 [ERROR] LogOutputStream:75 - [STDERR_REDIRECT] 
2026-10-05 18:43:58,428 [ERROR] LogOutputStream:75 - [STDERR_REDIRECT] [Fatal Error] :1:1: Premature end of file.
2026-10-05 18:43:58,429 [ERROR] LogOutputStream:75 - [STDERR_REDIRECT] 
2026-10-05 18:43:59,427 [ERROR] LogOutputStream:75 - [STDERR_REDIRECT] [Fatal Error] :1:1: Premature end of file.
2026-10-05 18:43:59,427 [ERROR] LogOutputStream:75 - [STDERR_REDIRECT] 
2026-10-05 18:44:00,435 [ERROR] LogOutputStream:75 - [STDERR_REDIRECT] [Fatal Error] :1:1: Premature end of file.
2026-10-05 18:44:00,436 [ERROR] LogOutputStream:75 - [STDERR_REDIRECT] 
2026-10-05 18:44:01,428 [ERROR] LogOutputStream:75 - [STDERR_REDIRECT] [Fatal Error] :1:1: Premature end of file.
2026-10-05 18:44:01,428 [ERROR] LogOutputStream:75 - [STDERR_REDIRECT] 
2026-10-05 18:44:02,414 [ERROR] LogOutputStream:75 - [STDERR_REDIRECT] [Fatal Error] :1:1: Premature end of file.
2026-10-05 18:44:02,414 [ERROR] LogOutputStream:75 - [STDERR_REDIRECT] 
2026-10-05 18:44:03,420 [ERROR] LogOutputStream:75 - [STDERR_REDIRECT] [Fatal Error] :1:1: Premature end of file.
2026-10-05 18:44:03,421 [ERROR] LogOutputStream:75 - [STDERR_REDIRECT] 
2026-10-05 18:44:04,419 [ERROR] LogOutputStream:75 - [STDERR_REDIRECT] [Fatal Error] :1:1: Premature end of file.
2026-10-05 18:44:04,420 [ERROR] LogOutputStream:75 - [STDERR_REDIRECT] 
2026-10-05 18:44:05,433 [ERROR] LogOutputStream:75 - [STDERR_REDIRECT] [Fatal Error] :1:1: Premature end of file.
2026-10-05 18:44:05,433 [ERROR] LogOutputStream:75 - [STDERR_REDIRECT] 
2026-10-05 18:44:06,437 [ERROR] LogOutputStream:75 - [STDERR_REDIRECT] [Fatal Error] :1:1: Premature end of file.
2026-10-05 18:44:06,438 [ERROR] LogOutputStream:75 - [STDERR_REDIRECT] 
2026-10-05 18:44:07,428 [ERROR] LogOutputStream:75 - [STDERR_REDIRECT] [Fatal Error] :1:1: Premature end of file.
2026-10-05 18:44:07,430 [ERROR] LogOutputStream:75 - [STDERR_REDIRECT] 
2026-10-05 18:44:08,428 [ERROR] LogOutputStream:75 - [STDERR_REDIRECT] [Fatal Error] :1:1: Premature end of file.
2026-10-05 18:44:08,428 [ERROR] LogOutputStream:75 - [STDERR_REDIRECT] 
2026-10-05 18:44:09,421 [ERROR] LogOutputStream:75 - [STDERR_REDIRECT] [Fatal Error] :1:1: Premature end of file.
2026-10-05 18:44:09,421 [ERROR] LogOutputStream:75 - [STDERR_REDIRECT] 
2026-10-05 18:44:10,415 [ERROR] LogOutputStream:75 - [STDERR_REDIRECT] [Fatal Error] :1:1: Premature end of file.
2026-10-05 18:44:10,415 [ERROR] LogOutputStream:75 - [STDERR_REDIRECT] 
2026-10-05 18:44:11,422 [ERROR] LogOutputStream:75 - [STDERR_REDIRECT] [Fatal Error] :1:1: Premature end of file.
2026-10-05 18:44:11,422 [ERROR] LogOutputStream:75 - [STDERR_REDIRECT] 
2026-10-05 18:44:12,426 [ERROR] LogOutputStream:75 - [STDERR_REDIRECT] [Fatal Error] :1:1: Premature end of file.
2026-10-05 18:44:12,426 [ERROR] LogOutputStream:75 - [STDERR_REDIRECT] 
2026-10-05 18:44:13,428 [ERROR] LogOutputStream:75 - [STDERR_REDIRECT] [Fatal Error] :1:1: Premature end of file.
2026-10-05 18:44:13,428 [ERROR] LogOutputStream:75 - [STDERR_REDIRECT] 
2026-10-05 18:44:14,424 [ERROR] LogOutputStream:75 - [STDERR_REDIRECT] [Fatal Error] :1:1: Premature end of file.
2026-10-05 18:44:14,425 [ERROR] LogOutputStream:75 - [STDERR_REDIRECT] 
2026-10-05 18:44:15,418 [ERROR] LogOutputStream:75 - [STDERR_REDIRECT] [Fatal Error] :1:1: Premature end of file.
2026-10-05 18:44:15,418 [ERROR] LogOutputStream:75 - [STDERR_REDIRECT] 
2026-10-05 18:44:16,428 [ERROR] LogOutputStream:75 - [STDERR_REDIRECT] [Fatal Error] :1:1: Premature end of file.
2026-10-05 18:44:16,428 [ERROR] LogOutputStream:75 - [STDERR_REDIRECT] 
2026-10-05 18:44:17,418 [ERROR] LogOutputStream:75 - [STDERR_REDIRECT] [Fatal Error] :1:1: Premature end of file.
2026-10-05 18:44:17,418 [ERROR] LogOutputStream:75 - [STDERR_REDIRECT] 
2026-10-05 18:44:18,418 [ERROR] LogOutputStream:75 - [STDERR_REDIRECT] [Fatal Error] :1:1: Premature end of file.
2026-10-05 18:44:18,418 [ERROR] LogOutputStream:75 - [STDERR_REDIRECT] 
2026-10-05 18:44:19,415 [ERROR] LogOutputStream:75 - [STDERR_REDIRECT] [Fatal Error] :1:1: Premature end of file.
2026-10-05 18:44:19,416 [ERROR] LogOutputStream:75 - [STDERR_REDIRECT] 
2026-10-05 18:44:20,429 [ERROR] LogOutputStream:75 - [STDERR_REDIRECT] [Fatal Error] :1:1: Premature end of file.
2026-10-05 18:44:20,429 [ERROR] LogOutputStream:75 - [STDERR_REDIRECT] 
2026-10-05 18:44:21,422 [ERROR] LogOutputStream:75 - [STDERR_REDIRECT] [Fatal Error] :1:1: Premature end of file.
2026-10-05 18:44:21,422 [ERROR] LogOutputStream:75 - [STDERR_REDIRECT] 
2026-10-05 18:44:22,416 [ERROR] LogOutputStream:75 - [STDERR_REDIRECT] [Fatal Error] :1:1: Premature end of file.
2026-10-05 18:44:22,417 [ERROR] LogOutputStream:75 - [STDERR_REDIRECT] 
2026-10-05 18:44:23,418 [ERROR] LogOutputStream:75 - [STDERR_REDIRECT] [Fatal Error] :1:1: Premature end of file.
2026-10-05 18:44:23,418 [ERROR] LogOutputStream:75 - [STDERR_REDIRECT] 
2026-10-05 18:44:24,434 [ERROR] LogOutputStream:75 - [STDERR_REDIRECT] [Fatal Error] :1:1: Premature end of file.
2026-10-05 18:44:24,434 [ERROR] LogOutputStream:75 - [STDERR_REDIRECT] 
2026-10-05 18:44:25,424 [ERROR] LogOutputStream:75 - [STDERR_REDIRECT] [Fatal Error] :1:1: Premature end of file.
2026-10-05 18:44:25,424 [ERROR] LogOutputStream:75 - [STDERR_REDIRECT] 
2026-10-05 18:44:26,418 [ERROR] LogOutputStream:75 - [STDERR_REDIRECT] [Fatal Error] :1:1: Premature end of file.
2026-10-05 18:44:26,418 [ERROR] LogOutputStream:75 - [STDERR_REDIRECT] 
2026-10-05 18:44:27,428 [ERROR] LogOutputStream:75 - [STDERR_REDIRECT] [Fatal Error] :1:1: Premature end of file.
2026-10-05 18:44:27,428 [ERROR] LogOutputStream:75 - [STDERR_REDIRECT] 
2026-10-05 18:44:28,423 [ERROR] LogOutputStream:75 - [STDERR_REDIRECT] [Fatal Error] :1:1: Premature end of file.
2026-10-05 18:44:28,423 [ERROR] LogOutputStream:75 - [STDERR_REDIRECT] 
2026-10-05 18:44:29,420 [ERROR] LogOutputStream:75 - [STDERR_REDIRECT] [Fatal Error] :1:1: Premature end of file.
2026-10-05 18:44:29,420 [ERROR] LogOutputStream:75 - [STDERR_REDIRECT] 
2026-10-05 18:44:30,428 [ERROR] LogOutputStream:75 - [STDERR_REDIRECT] [Fatal Error] :1:1: Premature end of file.
2026-10-05 18:44:30,428 [ERROR] LogOutputStream:75 - [STDERR_REDIRECT] 
2026-10-05 18:44:31,421 [ERROR] LogOutputStream:75 - [STDERR_REDIRECT] [Fatal Error] :1:1: Premature end of file.
2026-10-05 18:44:31,422 [ERROR] LogOutputStream:75 - [STDERR_REDIRECT] 
2026-10-05 18:44:32,423 [ERROR] LogOutputStream:75 - [STDERR_REDIRECT] [Fatal Error] :1:1: Premature end of file.
2026-10-05 18:44:32,423 [ERROR] LogOutputStream:75 - [STDERR_REDIRECT] 
2026-10-05 18:44:33,430 [ERROR] LogOutputStream:75 - [STDERR_REDIRECT] [Fatal Error] :1:1: Premature end of file.
2026-10-05 18:44:33,431 [ERROR] LogOutputStream:75 - [STDERR_REDIRECT] 
2026-10-05 18:44:34,423 [ERROR] LogOutputStream:75 - [STDERR_REDIRECT] [Fatal Error] :1:1: Premature end of file.
2026-10-05 18:44:34,423 [ERROR] LogOutputStream:75 - [STDERR_REDIRECT] 
2026-10-05 18:44:35,427 [ERROR] LogOutputStream:75 - [STDERR_REDIRECT] [Fatal Error] :1:1: Premature end of file.
2026-10-05 18:44:35,427 [ERROR] LogOutputStream:75 - [STDERR_REDIRECT] 
2026-10-05 18:44:36,428 [ERROR] LogOutputStream:75 - [STDERR_REDIRECT] [Fatal Error] :1:1: Premature end of file.
2026-10-05 18:44:36,428 [ERROR] LogOutputStream:75 - [STDERR_REDIRECT] 
2026-10-05 18:44:37,428 [ERROR] LogOutputStream:75 - [STDERR_REDIRECT] [Fatal Error] :1:1: Premature end of file.
2026-10-05 18:44:37,428 [ERROR] LogOutputStream:75 - [STDERR_REDIRECT] 
2026-10-05 18:44:38,413 [ERROR] LogOutputStream:75 - [STDERR_REDIRECT] [Fatal Error] :1:1: Premature end of file.
2026-10-05 18:44:38,413 [ERROR] LogOutputStream:75 - [STDERR_REDIRECT] 
2026-10-05 18:44:39,425 [ERROR] LogOutputStream:75 - [STDERR_REDIRECT] [Fatal Error] :1:1: Premature end of file.
2026-10-05 18:44:39,425 [ERROR] LogOutputStream:75 - [STDERR_REDIRECT] 
2026-10-05 18:44:40,420 [ERROR] LogOutputStream:75 - [STDERR_REDIRECT] [Fatal Error] :1:1: Premature end of file.
2026-10-05 18:44:40,420 [ERROR] LogOutputStream:75 - [STDERR_REDIRECT] 
2026-10-05 18:44:41,415 [ERROR] LogOutputStream:75 - [STDERR_REDIRECT] [Fatal Error] :1:1: Premature end of file.
2026-10-05 18:44:41,415 [ERROR] LogOutputStream:75 - [STDERR_REDIRECT] 
2026-10-05 18:44:42,427 [ERROR] LogOutputStream:75 - [STDERR_REDIRECT] [Fatal Error] :1:1: Premature end of file.
2026-10-05 18:44:42,427 [ERROR] LogOutputStream:75 - [STDERR_REDIRECT] 
2026-10-05 18:44:43,422 [ERROR] LogOutputStream:75 - [STDERR_REDIRECT] [Fatal Error] :1:1: Premature end of file.
2026-10-05 18:44:43,422 [ERROR] LogOutputStream:75 - [STDERR_REDIRECT] 
2026-10-05 18:44:44,432 [ERROR] LogOutputStream:75 - [STDERR_REDIRECT] [Fatal Error] :1:1: Premature end of file.
2026-10-05 18:44:44,432 [ERROR] LogOutputStream:75 - [STDERR_REDIRECT] 
2026-10-05 18:44:45,427 [ERROR] LogOutputStream:75 - [STDERR_REDIRECT] [Fatal Error] :1:1: Premature end of file.
2026-10-05 18:44:45,427 [ERROR] LogOutputStream:75 - [STDERR_REDIRECT] 
2026-10-05 18:44:46,423 [ERROR] LogOutputStream:75 - [STDERR_REDIRECT] [Fatal Error] :1:1: Premature end of file.
2026-10-05 18:44:46,423 [ERROR] LogOutputStream:75 - [STDERR_REDIRECT] 
2026-10-05 18:44:47,421 [ERROR] LogOutputStream:75 - [STDERR_REDIRECT] [Fatal Error] :1:1: Premature end of file.
2026-10-05 18:44:47,421 [ERROR] LogOutputStream:75 - [STDERR_REDIRECT] 
2026-10-05 18:44:48,432 [ERROR] LogOutputStream:75 - [STDERR_REDIRECT] [Fatal Error] :1:1: Premature end of file.
2026-10-05 18:44:48,432 [ERROR] LogOutputStream:75 - [STDERR_REDIRECT] 
2026-10-05 18:44:49,423 [ERROR] LogOutputStream:75 - [STDERR_REDIRECT] [Fatal Error] :1:1: Premature end of file.
2026-10-05 18:44:49,424 [ERROR] LogOutputStream:75 - [STDERR_REDIRECT] 
2026-10-05 18:44:50,427 [ERROR] LogOutputStream:75 - [STDERR_REDIRECT] [Fatal Error] :1:1: Premature end of file.
2026-10-05 18:44:50,427 [ERROR] LogOutputStream:75 - [STDERR_REDIRECT] 
2026-10-05 18:44:51,432 [ERROR] LogOutputStream:75 - [STDERR_REDIRECT] [Fatal Error] :1:1: Premature end of file.
2026-10-05 18:44:51,432 [ERROR] LogOutputStream:75 - [STDERR_REDIRECT] 
2026-10-05 18:44:52,422 [ERROR] LogOutputStream:75 - [STDERR_REDIRECT] [Fatal Error] :1:1: Premature end of file.
2026-10-05 18:44:52,423 [ERROR] LogOutputStream:75 - [STDERR_REDIRECT] 
2026-10-05 18:44:53,428 [ERROR] LogOutputStream:75 - [STDERR_REDIRECT] [Fatal Error] :1:1: Premature end of file.
2026-10-05 18:44:53,428 [ERROR] LogOutputStream:75 - [STDERR_REDIRECT] 
2026-10-05 18:44:54,421 [ERROR] LogOutputStream:75 - [STDERR_REDIRECT] [Fatal Error] :1:1: Premature end of file.
2026-10-05 18:44:54,421 [ERROR] LogOutputStream:75 - [STDERR_REDIRECT] 
2026-10-05 18:44:55,430 [ERROR] LogOutputStream:75 - [STDERR_REDIRECT] [Fatal Error] :1:1: Premature end of file.
2026-10-05 18:44:55,430 [ERROR] LogOutputStream:75 - [STDERR_REDIRECT] 
2026-10-05 18:44:56,421 [ERROR] LogOutputStream:75 - [STDERR_REDIRECT] [Fatal Error] :1:1: Premature end of file.
2026-10-05 18:44:56,421 [ERROR] LogOutputStream:75 - [STDERR_REDIRECT] 
2026-10-05 18:44:57,429 [ERROR] LogOutputStream:75 - [STDERR_REDIRECT] [Fatal Error] :1:1: Premature end of file.
2026-10-05 18:44:57,429 [ERROR] LogOutputStream:75 - [STDERR_REDIRECT] 
2026-10-05 18:44:58,415 [ERROR] LogOutputStream:75 - [STDERR_REDIRECT] [Fatal Error] :1:1: Premature end of file.
2026-10-05 18:44:58,415 [ERROR] LogOutputStream:75 - [STDERR_REDIRECT] 
2026-10-05 18:44:59,427 [ERROR] LogOutputStream:75 - [STDERR_REDIRECT] [Fatal Error] :1:1: Premature end of file.
2026-10-05 18:44:59,427 [ERROR] LogOutputStream:75 - [STDERR_REDIRECT] 
2026-10-05 18:45:00,423 [ERROR] LogOutputStream:75 - [STDERR_REDIRECT] [Fatal Error] :1:1: Premature end of file.
2026-10-05 18:45:00,423 [ERROR] LogOutputStream:75 - [STDERR_REDIRECT] 
2026-10-05 18:45:01,419 [ERROR] LogOutputStream:75 - [STDERR_REDIRECT] [Fatal Error] :1:1: Premature end of file.
2026-10-05 18:45:01,420 [ERROR] LogOutputStream:75 - [STDERR_REDIRECT] 
2026-10-05 18:45:02,437 [ERROR] LogOutputStream:75 - [STDERR_REDIRECT] [Fatal Error] :1:1: Premature end of file.
2026-10-05 18:45:02,437 [ERROR] LogOutputStream:75 - [STDERR_REDIRECT] 
2026-10-05 18:45:03,428 [ERROR] LogOutputStream:75 - [STDERR_REDIRECT] [Fatal Error] :1:1: Premature end of file.
2026-10-05 18:45:03,428 [ERROR] LogOutputStream:75 - [STDERR_REDIRECT] 
2026-10-05 18:45:04,423 [ERROR] LogOutputStream:75 - [STDERR_REDIRECT] [Fatal Error] :1:1: Premature end of file.
2026-10-05 18:45:04,423 [ERROR] LogOutputStream:75 - [STDERR_REDIRECT] 
2026-10-05 18:45:05,416 [ERROR] LogOutputStream:75 - [STDERR_REDIRECT] [Fatal Error] :1:1: Premature end of file.
2026-10-05 18:45:05,416 [ERROR] LogOutputStream:75 - [STDERR_REDIRECT] 
2026-10-05 18:45:06,428 [ERROR] LogOutputStream:75 - [STDERR_REDIRECT] [Fatal Error] :1:1: Premature end of file.
2026-10-05 18:45:06,428 [ERROR] LogOutputStream:75 - [STDERR_REDIRECT] 
2026-10-05 18:45:07,421 [ERROR] LogOutputStream:75 - [STDERR_REDIRECT] [Fatal Error] :1:1: Premature end of file.
2026-10-05 18:45:07,421 [ERROR] LogOutputStream:75 - [STDERR_REDIRECT] 
2026-10-05 18:45:08,416 [ERROR] LogOutputStream:75 - [STDERR_REDIRECT] [Fatal Error] :1:1: Premature end of file.
2026-10-05 18:45:08,416 [ERROR] LogOutputStream:75 - [STDERR_REDIRECT] 
2026-10-05 18:45:09,427 [ERROR] LogOutputStream:75 - [STDERR_REDIRECT] [Fatal Error] :1:1: Premature end of file.
2026-10-05 18:45:09,427 [ERROR] LogOutputStream:75 - [STDERR_REDIRECT] 
2026-10-05 18:45:10,420 [ERROR] LogOutputStream:75 - [STDERR_REDIRECT] [Fatal Error] :1:1: Premature end of file.
2026-10-05 18:45:10,420 [ERROR] LogOutputStream:75 - [STDERR_REDIRECT] 
2026-10-05 18:45:11,417 [ERROR] LogOutputStream:75 - [STDERR_REDIRECT] [Fatal Error] :1:1: Premature end of file.
2026-10-05 18:45:11,417 [ERROR] LogOutputStream:75 - [STDERR_REDIRECT] 
2026-10-05 18:45:12,430 [ERROR] LogOutputStream:75 - [STDERR_REDIRECT] [Fatal Error] :1:1: Premature end of file.
2026-10-05 18:45:12,430 [ERROR] LogOutputStream:75 - [STDERR_REDIRECT] 
2026-10-05 18:45:13,425 [ERROR] LogOutputStream:75 - [STDERR_REDIRECT] [Fatal Error] :1:1: Premature end of file.
2026-10-05 18:45:13,425 [ERROR] LogOutputStream:75 - [STDERR_REDIRECT] 
2026-10-05 18:45:14,419 [ERROR] LogOutputStream:75 - [STDERR_REDIRECT] [Fatal Error] :1:1: Premature end of file.
2026-10-05 18:45:14,419 [ERROR] LogOutputStream:75 - [STDERR_REDIRECT] 
2026-10-05 18:45:15,427 [ERROR] LogOutputStream:75 - [STDERR_REDIRECT] [Fatal Error] :1:1: Premature end of file.
2026-10-05 18:45:15,427 [ERROR] LogOutputStream:75 - [STDERR_REDIRECT] 
2026-10-05 18:45:16,421 [ERROR] LogOutputStream:75 - [STDERR_REDIRECT] [Fatal Error] :1:1: Premature end of file.
2026-10-05 18:45:16,421 [ERROR] LogOutputStream:75 - [STDERR_REDIRECT] 
2026-10-05 18:45:17,421 [ERROR] LogOutputStream:75 - [STDERR_REDIRECT] [Fatal Error] :1:1: Premature end of file.
2026-10-05 18:45:17,421 [ERROR] LogOutputStream:75 - [STDERR_REDIRECT] 
2026-10-05 18:45:18,419 [ERROR] LogOutputStream:75 - [STDERR_REDIRECT] [Fatal Error] :1:1: Premature end of file.
2026-10-05 18:45:18,419 [ERROR] LogOutputStream:75 - [STDERR_REDIRECT] 
2026-10-05 18:45:19,430 [ERROR] LogOutputStream:75 - [STDERR_REDIRECT] [Fatal Error] :1:1: Premature end of file.
2026-10-05 18:45:19,430 [ERROR] LogOutputStream:75 - [STDERR_REDIRECT] 
2026-10-05 18:45:20,425 [ERROR] LogOutputStream:75 - [STDERR_REDIRECT] [Fatal Error] :1:1: Premature end of file.
2026-10-05 18:45:20,425 [ERROR] LogOutputStream:75 - [STDERR_REDIRECT] 
2026-10-05 18:45:21,416 [ERROR] LogOutputStream:75 - [STDERR_REDIRECT] [Fatal Error] :1:1: Premature end of file.
2026-10-05 18:45:21,416 [ERROR] LogOutputStream:75 - [STDERR_REDIRECT] 
2026-10-05 18:45:22,435 [ERROR] LogOutputStream:75 - [STDERR_REDIRECT] [Fatal Error] :1:1: Premature end of file.
2026-10-05 18:45:22,435 [ERROR] LogOutputStream:75 - [STDERR_REDIRECT] 
2026-10-05 18:45:23,427 [ERROR] LogOutputStream:75 - [STDERR_REDIRECT] [Fatal Error] :1:1: Premature end of file.
2026-10-05 18:45:23,427 [ERROR] LogOutputStream:75 - [STDERR_REDIRECT] 
2026-10-05 18:45:24,419 [ERROR] LogOutputStream:75 - [STDERR_REDIRECT] [Fatal Error] :1:1: Premature end of file.
2026-10-05 18:45:24,419 [ERROR] LogOutputStream:75 - [STDERR_REDIRECT] 
2026-10-05 18:45:25,421 [ERROR] LogOutputStream:75 - [STDERR_REDIRECT] [Fatal Error] :1:1: Premature end of file.
2026-10-05 18:45:25,421 [ERROR] LogOutputStream:75 - [STDERR_REDIRECT] 
2026-10-05 18:45:26,427 [ERROR] LogOutputStream:75 - [STDERR_REDIRECT] [Fatal Error] :1:1: Premature end of file.
2026-10-05 18:45:26,427 [ERROR] LogOutputStream:75 - [STDERR_REDIRECT] 
2026-10-05 18:45:27,418 [ERROR] LogOutputStream:75 - [STDERR_REDIRECT] [Fatal Error] :1:1: Premature end of file.
2026-10-05 18:45:27,418 [ERROR] LogOutputStream:75 - [STDERR_REDIRECT] 
2026-10-05 18:45:28,426 [ERROR] LogOutputStream:75 - [STDERR_REDIRECT] [Fatal Error] :1:1: Premature end of file.
2026-10-05 18:45:28,426 [ERROR] LogOutputStream:75 - [STDERR_REDIRECT] 
2026-10-05 18:45:29,422 [ERROR] LogOutputStream:75 - [STDERR_REDIRECT] [Fatal Error] :1:1: Premature end of file.
2026-10-05 18:45:29,422 [ERROR] LogOutputStream:75 - [STDERR_REDIRECT] 
2026-10-05 18:45:30,419 [ERROR] LogOutputStream:75 - [STDERR_REDIRECT] [Fatal Error] :1:1: Premature end of file.
2026-10-05 18:45:30,419 [ERROR] LogOutputStream:75 - [STDERR_REDIRECT] 
2026-10-05 18:45:31,417 [ERROR] LogOutputStream:75 - [STDERR_REDIRECT] [Fatal Error] :1:1: Premature end of file.
2026-10-05 18:45:31,417 [ERROR] LogOutputStream:75 - [STDERR_REDIRECT] 
2026-10-05 18:45:32,420 [ERROR] LogOutputStream:75 - [STDERR_REDIRECT] [Fatal Error] :1:1: Premature end of file.
2026-10-05 18:45:32,420 [ERROR] LogOutputStream:75 - [STDERR_REDIRECT] 
2026-10-05 18:45:33,425 [ERROR] LogOutputStream:75 - [STDERR_REDIRECT] [Fatal Error] :1:1: Premature end of file.
2026-10-05 18:45:33,426 [ERROR] LogOutputStream:75 - [STDERR_REDIRECT] 
2026-10-05 18:45:34,421 [ERROR] LogOutputStream:75 - [STDERR_REDIRECT] [Fatal Error] :1:1: Premature end of file.
2026-10-05 18:45:34,421 [ERROR] LogOutputStream:75 - [STDERR_REDIRECT] 
2026-10-05 18:45:35,418 [ERROR] LogOutputStream:75 - [STDERR_REDIRECT] [Fatal Error] :1:1: Premature end of file.
2026-10-05 18:45:35,418 [ERROR] LogOutputStream:75 - [STDERR_REDIRECT] 
2026-10-05 18:45:36,422 [ERROR] LogOutputStream:75 - [STDERR_REDIRECT] [Fatal Error] :1:1: Premature end of file.
2026-10-05 18:45:36,422 [ERROR] LogOutputStream:75 - [STDERR_REDIRECT] 
2026-10-05 18:45:37,426 [ERROR] LogOutputStream:75 - [STDERR_REDIRECT] [Fatal Error] :1:1: Premature end of file.
2026-10-05 18:45:37,426 [ERROR] LogOutputStream:75 - [STDERR_REDIRECT] 
2026-10-05 18:45:38,415 [ERROR] LogOutputStream:75 - [STDERR_REDIRECT] [Fatal Error] :1:1: Premature end of file.
2026-10-05 18:45:38,417 [ERROR] LogOutputStream:75 - [STDERR_REDIRECT] 
2026-10-05 18:45:39,430 [ERROR] LogOutputStream:75 - [STDERR_REDIRECT] [Fatal Error] :1:1: Premature end of file.
2026-10-05 18:45:39,430 [ERROR] LogOutputStream:75 - [STDERR_REDIRECT] 
2026-10-05 18:45:40,420 [ERROR] LogOutputStream:75 - [STDERR_REDIRECT] [Fatal Error] :1:1: Premature end of file.
2026-10-05 18:45:40,420 [ERROR] LogOutputStream:75 - [STDERR_REDIRECT] 
2026-10-05 18:45:41,427 [ERROR] LogOutputStream:75 - [STDERR_REDIRECT] [Fatal Error] :1:1: Premature end of file.
2026-10-05 18:45:41,427 [ERROR] LogOutputStream:75 - [STDERR_REDIRECT] 
2026-10-05 18:45:42,432 [ERROR] LogOutputStream:75 - [STDERR_REDIRECT] [Fatal Error] :1:1: Premature end of file.
2026-10-05 18:45:42,432 [ERROR] LogOutputStream:75 - [STDERR_REDIRECT] 
2026-10-05 18:45:43,424 [ERROR] LogOutputStream:75 - [STDERR_REDIRECT] [Fatal Error] :1:1: Premature end of file.
2026-10-05 18:45:43,424 [ERROR] LogOutputStream:75 - [STDERR_REDIRECT] 
2026-10-05 18:45:44,424 [ERROR] LogOutputStream:75 - [STDERR_REDIRECT] [Fatal Error] :1:1: Premature end of file.
2026-10-05 18:45:44,425 [ERROR] LogOutputStream:75 - [STDERR_REDIRECT] 
2026-10-05 18:45:45,426 [ERROR] LogOutputStream:75 - [STDERR_REDIRECT] [Fatal Error] :1:1: Premature end of file.
2026-10-05 18:45:45,426 [ERROR] LogOutputStream:75 - [STDERR_REDIRECT] 
2026-10-05 18:45:46,419 [ERROR] LogOutputStream:75 - [STDERR_REDIRECT] [Fatal Error] :1:1: Premature end of file.
2026-10-05 18:45:46,419 [ERROR] LogOutputStream:75 - [STDERR_REDIRECT] 
2026-10-05 18:45:47,428 [ERROR] LogOutputStream:75 - [STDERR_REDIRECT] [Fatal Error] :1:1: Premature end of file.
2026-10-05 18:45:47,428 [ERROR] LogOutputStream:75 - [STDERR_REDIRECT] 
2026-10-05 18:45:48,421 [ERROR] LogOutputStream:75 - [STDERR_REDIRECT] [Fatal Error] :1:1: Premature end of file.
2026-10-05 18:45:48,421 [ERROR] LogOutputStream:75 - [STDERR_REDIRECT] 
2026-10-05 18:45:49,415 [ERROR] LogOutputStream:75 - [STDERR_REDIRECT] [Fatal Error] :1:1: Premature end of file.
2026-10-05 18:45:49,415 [ERROR] LogOutputStream:75 - [STDERR_REDIRECT] 
2026-10-05 18:45:50,432 [ERROR] LogOutputStream:75 - [STDERR_REDIRECT] [Fatal Error] :1:1: Premature end of file.
2026-10-05 18:45:50,432 [ERROR] LogOutputStream:75 - [STDERR_REDIRECT] 
2026-10-05 18:45:51,431 [ERROR] LogOutputStream:75 - [STDERR_REDIRECT] [Fatal Error] :1:1: Premature end of file.
2026-10-05 18:45:51,431 [ERROR] LogOutputStream:75 - [STDERR_REDIRECT] 
2026-10-05 18:45:52,420 [ERROR] LogOutputStream:75 - [STDERR_REDIRECT] [Fatal Error] :1:1: Premature end of file.
2026-10-05 18:45:52,420 [ERROR] LogOutputStream:75 - [STDERR_REDIRECT] 
2026-10-05 18:45:53,417 [ERROR] LogOutputStream:75 - [STDERR_REDIRECT] [Fatal Error] :1:1: Premature end of file.
2026-10-05 18:45:53,417 [ERROR] LogOutputStream:75 - [STDERR_REDIRECT] 
2026-10-05 18:45:54,427 [ERROR] LogOutputStream:75 - [STDERR_REDIRECT] [Fatal Error] :1:1: Premature end of file.
2026-10-05 18:45:54,427 [ERROR] LogOutputStream:75 - [STDERR_REDIRECT] 
2026-10-05 18:45:55,425 [ERROR] LogOutputStream:75 - [STDERR_REDIRECT] [Fatal Error] :1:1: Premature end of file.
2026-10-05 18:45:55,425 [ERROR] LogOutputStream:75 - [STDERR_REDIRECT] 
2026-10-05 18:45:56,416 [ERROR] LogOutputStream:75 - [STDERR_REDIRECT] [Fatal Error] :1:1: Premature end of file.
2026-10-05 18:45:56,416 [ERROR] LogOutputStream:75 - [STDERR_REDIRECT] 
2026-10-05 18:45:57,429 [ERROR] LogOutputStream:75 - [STDERR_REDIRECT] [Fatal Error] :1:1: Premature end of file.
2026-10-05 18:45:57,430 [ERROR] LogOutputStream:75 - [STDERR_REDIRECT] 
2026-10-05 18:45:58,420 [ERROR] LogOutputStream:75 - [STDERR_REDIRECT] [Fatal Error] :1:1: Premature end of file.
2026-10-05 18:45:58,420 [ERROR] LogOutputStream:75 - [STDERR_REDIRECT] 
2026-10-05 18:45:59,422 [ERROR] LogOutputStream:75 - [STDERR_REDIRECT] [Fatal Error] :1:1: Premature end of file.
2026-10-05 18:45:59,422 [ERROR] LogOutputStream:75 - [STDERR_REDIRECT] 
2026-10-05 18:46:00,428 [ERROR] LogOutputStream:75 - [STDERR_REDIRECT] [Fatal Error] :1:1: Premature end of file.
2026-10-05 18:46:00,428 [ERROR] LogOutputStream:75 - [STDERR_REDIRECT] 
2026-10-05 18:46:01,430 [ERROR] LogOutputStream:75 - [STDERR_REDIRECT] [Fatal Error] :1:1: Premature end of file.
2026-10-05 18:46:01,431 [ERROR] LogOutputStream:75 - [STDERR_REDIRECT] 
2026-10-05 18:46:02,429 [ERROR] LogOutputStream:75 - [STDERR_REDIRECT] [Fatal Error] :1:1: Premature end of file.
2026-10-05 18:46:02,429 [ERROR] LogOutputStream:75 - [STDERR_REDIRECT] 
2026-10-05 18:46:03,421 [ERROR] LogOutputStream:75 - [STDERR_REDIRECT] [Fatal Error] :1:1: Premature end of file.
2026-10-05 18:46:03,421 [ERROR] LogOutputStream:75 - [STDERR_REDIRECT] 
2026-10-05 18:46:04,422 [ERROR] LogOutputStream:75 - [STDERR_REDIRECT] [Fatal Error] :1:1: Premature end of file.
2026-10-05 18:46:04,422 [ERROR] LogOutputStream:75 - [STDERR_REDIRECT] 
2026-10-05 18:46:05,427 [ERROR] LogOutputStream:75 - [STDERR_REDIRECT] [Fatal Error] :1:1: Premature end of file.
2026-10-05 18:46:05,427 [ERROR] LogOutputStream:75 - [STDERR_REDIRECT] 
2026-10-05 18:46:06,419 [ERROR] LogOutputStream:75 - [STDERR_REDIRECT] [Fatal Error] :1:1: Premature end of file.
2026-10-05 18:46:06,419 [ERROR] LogOutputStream:75 - [STDERR_REDIRECT] 
2026-10-05 18:46:07,418 [ERROR] LogOutputStream:75 - [STDERR_REDIRECT] [Fatal Error] :1:1: Premature end of file.
2026-10-05 18:46:07,418 [ERROR] LogOutputStream:75 - [STDERR_REDIRECT] 
2026-10-05 18:46:08,425 [ERROR] LogOutputStream:75 - [STDERR_REDIRECT] [Fatal Error] :1:1: Premature end of file.
2026-10-05 18:46:08,425 [ERROR] LogOutputStream:75 - [STDERR_REDIRECT] 
2026-10-05 18:46:09,416 [ERROR] LogOutputStream:75 - [STDERR_REDIRECT] [Fatal Error] :1:1: Premature end of file.
2026-10-05 18:46:09,416 [ERROR] LogOutputStream:75 - [STDERR_REDIRECT] 
2026-10-05 18:46:10,428 [ERROR] LogOutputStream:75 - [STDERR_REDIRECT] [Fatal Error] :1:1: Premature end of file.
2026-10-05 18:46:10,428 [ERROR] LogOutputStream:75 - [STDERR_REDIRECT] 
2026-10-05 18:46:11,418 [ERROR] LogOutputStream:75 - [STDERR_REDIRECT] [Fatal Error] :1:1: Premature end of file.
2026-10-05 18:46:11,418 [ERROR] LogOutputStream:75 - [STDERR_REDIRECT] 
2026-10-05 18:46:12,429 [ERROR] LogOutputStream:75 - [STDERR_REDIRECT] [Fatal Error] :1:1: Premature end of file.
2026-10-05 18:46:12,430 [ERROR] LogOutputStream:75 - [STDERR_REDIRECT] 
2026-10-05 18:46:13,422 [ERROR] LogOutputStream:75 - [STDERR_REDIRECT] [Fatal Error] :1:1: Premature end of file.
2026-10-05 18:46:13,422 [ERROR] LogOutputStream:75 - [STDERR_REDIRECT] 
2026-10-05 18:46:14,429 [ERROR] LogOutputStream:75 - [STDERR_REDIRECT] [Fatal Error] :1:1: Premature end of file.
2026-10-05 18:46:14,429 [ERROR] LogOutputStream:75 - [STDERR_REDIRECT] 
2026-10-05 18:46:15,425 [ERROR] LogOutputStream:75 - [STDERR_REDIRECT] [Fatal Error] :1:1: Premature end of file.
2026-10-05 18:46:15,425 [ERROR] LogOutputStream:75 - [STDERR_REDIRECT] 
2026-10-05 18:46:16,417 [ERROR] LogOutputStream:75 - [STDERR_REDIRECT] [Fatal Error] :1:1: Premature end of file.
2026-10-05 18:46:16,417 [ERROR] LogOutputStream:75 - [STDERR_REDIRECT] 
2026-10-05 18:46:17,426 [ERROR] LogOutputStream:75 - [STDERR_REDIRECT] [Fatal Error] :1:1: Premature end of file.
2026-10-05 18:46:17,426 [ERROR] LogOutputStream:75 - [STDERR_REDIRECT] 
2026-10-05 18:46:18,421 [ERROR] LogOutputStream:75 - [STDERR_REDIRECT] [Fatal Error] :1:1: Premature end of file.
2026-10-05 18:46:18,422 [ERROR] LogOutputStream:75 - [STDERR_REDIRECT] 
2026-10-05 18:46:19,420 [ERROR] LogOutputStream:75 - [STDERR_REDIRECT] [Fatal Error] :1:1: Premature end of file.
2026-10-05 18:46:19,420 [ERROR] LogOutputStream:75 - [STDERR_REDIRECT] 
2026-10-05 18:46:20,428 [ERROR] LogOutputStream:75 - [STDERR_REDIRECT] [Fatal Error] :1:1: Premature end of file.
2026-10-05 18:46:20,428 [ERROR] LogOutputStream:75 - [STDERR_REDIRECT] 
2026-10-05 18:46:21,415 [ERROR] LogOutputStream:75 - [STDERR_REDIRECT] [Fatal Error] :1:1: Premature end of file.
2026-10-05 18:46:21,416 [ERROR] LogOutputStream:75 - [STDERR_REDIRECT] 
2026-10-05 18:46:22,423 [ERROR] LogOutputStream:75 - [STDERR_REDIRECT] [Fatal Error] :1:1: Premature end of file.
2026-10-05 18:46:22,423 [ERROR] LogOutputStream:75 - [STDERR_REDIRECT] 
2026-10-05 18:46:23,429 [ERROR] LogOutputStream:75 - [STDERR_REDIRECT] [Fatal Error] :1:1: Premature end of file.
2026-10-05 18:46:23,430 [ERROR] LogOutputStream:75 - [STDERR_REDIRECT] 
2026-10-05 18:46:24,424 [ERROR] LogOutputStream:75 - [STDERR_REDIRECT] [Fatal Error] :1:1: Premature end of file.
2026-10-05 18:46:24,424 [ERROR] LogOutputStream:75 - [STDERR_REDIRECT] 
2026-10-05 18:46:25,442 [ERROR] LogOutputStream:75 - [STDERR_REDIRECT] [Fatal Error] :1:1: Premature end of file.
2026-10-05 18:46:25,443 [ERROR] LogOutputStream:75 - [STDERR_REDIRECT] 
2026-10-05 18:46:26,425 [ERROR] LogOutputStream:75 - [STDERR_REDIRECT] [Fatal Error] :1:1: Premature end of file.
2026-10-05 18:46:26,425 [ERROR] LogOutputStream:75 - [STDERR_REDIRECT] 
2026-10-05 18:46:27,420 [ERROR] LogOutputStream:75 - [STDERR_REDIRECT] [Fatal Error] :1:1: Premature end of file.
2026-10-05 18:46:27,420 [ERROR] LogOutputStream:75 - [STDERR_REDIRECT] 
2026-10-05 18:46:28,430 [ERROR] LogOutputStream:75 - [STDERR_REDIRECT] [Fatal Error] :1:1: Premature end of file.
2026-10-05 18:46:28,430 [ERROR] LogOutputStream:75 - [STDERR_REDIRECT] 
2026-10-05 18:46:29,423 [ERROR] LogOutputStream:75 - [STDERR_REDIRECT] [Fatal Error] :1:1: Premature end of file.
2026-10-05 18:46:29,423 [ERROR] LogOutputStream:75 - [STDERR_REDIRECT] 
2026-10-05 18:46:30,423 [ERROR] LogOutputStream:75 - [STDERR_REDIRECT] [Fatal Error] :1:1: Premature end of file.
2026-10-05 18:46:30,423 [ERROR] LogOutputStream:75 - [STDERR_REDIRECT] 
2026-10-05 18:46:31,426 [ERROR] LogOutputStream:75 - [STDERR_REDIRECT] [Fatal Error] :1:1: Premature end of file.
2026-10-05 18:46:31,427 [ERROR] LogOutputStream:75 - [STDERR_REDIRECT] 
2026-10-05 18:46:32,422 [ERROR] LogOutputStream:75 - [STDERR_REDIRECT] [Fatal Error] :1:1: Premature end of file.
2026-10-05 18:46:32,423 [ERROR] LogOutputStream:75 - [STDERR_REDIRECT] 
2026-10-05 18:46:33,422 [ERROR] LogOutputStream:75 - [STDERR_REDIRECT] [Fatal Error] :1:1: Premature end of file.
2026-10-05 18:46:33,423 [ERROR] LogOutputStream:75 - [STDERR_REDIRECT] 
2026-10-05 18:46:34,416 [ERROR] LogOutputStream:75 - [STDERR_REDIRECT] [Fatal Error] :1:1: Premature end of file.
2026-10-05 18:46:34,416 [ERROR] LogOutputStream:75 - [STDERR_REDIRECT] 
2026-10-05 18:46:35,430 [ERROR] LogOutputStream:75 - [STDERR_REDIRECT] [Fatal Error] :1:1: Premature end of file.
2026-10-05 18:46:35,430 [ERROR] LogOutputStream:75 - [STDERR_REDIRECT] 
2026-10-05 18:46:36,427 [ERROR] LogOutputStream:75 - [STDERR_REDIRECT] [Fatal Error] :1:1: Premature end of file.
2026-10-05 18:46:36,427 [ERROR] LogOutputStream:75 - [STDERR_REDIRECT] 
2026-10-05 18:46:37,428 [ERROR] LogOutputStream:75 - [STDERR_REDIRECT] [Fatal Error] :1:1: Premature end of file.
2026-10-05 18:46:37,428 [ERROR] LogOutputStream:75 - [STDERR_REDIRECT] 
2026-10-05 18:46:38,417 [ERROR] LogOutputStream:75 - [STDERR_REDIRECT] [Fatal Error] :1:1: Premature end of file.
2026-10-05 18:46:38,417 [ERROR] LogOutputStream:75 - [STDERR_REDIRECT] 
2026-10-05 18:46:39,426 [ERROR] LogOutputStream:75 - [STDERR_REDIRECT] [Fatal Error] :1:1: Premature end of file.
2026-10-05 18:46:39,426 [ERROR] LogOutputStream:75 - [STDERR_REDIRECT] 
2026-10-05 18:46:40,419 [ERROR] LogOutputStream:75 - [STDERR_REDIRECT] [Fatal Error] :1:1: Premature end of file.
2026-10-05 18:46:40,419 [ERROR] LogOutputStream:75 - [STDERR_REDIRECT] 
2026-10-05 18:46:41,424 [ERROR] LogOutputStream:75 - [STDERR_REDIRECT] [Fatal Error] :1:1: Premature end of file.
2026-10-05 18:46:41,424 [ERROR] LogOutputStream:75 - [STDERR_REDIRECT] 
2026-10-05 18:46:42,417 [ERROR] LogOutputStream:75 - [STDERR_REDIRECT] [Fatal Error] :1:1: Premature end of file.
2026-10-05 18:46:42,417 [ERROR] LogOutputStream:75 - [STDERR_REDIRECT] 
2026-10-05 18:46:43,424 [ERROR] LogOutputStream:75 - [STDERR_REDIRECT] [Fatal Error] :1:1: Premature end of file.
2026-10-05 18:46:43,425 [ERROR] LogOutputStream:75 - [STDERR_REDIRECT] 
2026-10-05 18:46:44,417 [ERROR] LogOutputStream:75 - [STDERR_REDIRECT] [Fatal Error] :1:1: Premature end of file.
2026-10-05 18:46:44,417 [ERROR] LogOutputStream:75 - [STDERR_REDIRECT] 
2026-10-05 18:46:45,430 [ERROR] LogOutputStream:75 - [STDERR_REDIRECT] [Fatal Error] :1:1: Premature end of file.
2026-10-05 18:46:45,430 [ERROR] LogOutputStream:75 - [STDERR_REDIRECT] 
2026-10-05 18:46:46,419 [ERROR] LogOutputStream:75 - [STDERR_REDIRECT] [Fatal Error] :1:1: Premature end of file.
2026-10-05 18:46:46,419 [ERROR] LogOutputStream:75 - [STDERR_REDIRECT] 
2026-10-05 18:46:47,429 [ERROR] LogOutputStream:75 - [STDERR_REDIRECT] [Fatal Error] :1:1: Premature end of file.
2026-10-05 18:46:47,429 [ERROR] LogOutputStream:75 - [STDERR_REDIRECT] 
2026-10-05 18:46:48,460 [ERROR] LogOutputStream:75 - [STDERR_REDIRECT] [Fatal Error] :1:1: Premature end of file.
2026-10-05 18:46:48,460 [ERROR] LogOutputStream:75 - [STDERR_REDIRECT] 
2026-10-05 18:46:49,421 [ERROR] LogOutputStream:75 - [STDERR_REDIRECT] [Fatal Error] :1:1: Premature end of file.
2026-10-05 18:46:49,421 [ERROR] LogOutputStream:75 - [STDERR_REDIRECT] 
2026-10-05 18:46:50,431 [ERROR] LogOutputStream:75 - [STDERR_REDIRECT] [Fatal Error] :1:1: Premature end of file.
2026-10-05 18:46:50,431 [ERROR] LogOutputStream:75 - [STDERR_REDIRECT] 
2026-10-05 18:46:51,425 [ERROR] LogOutputStream:75 - [STDERR_REDIRECT] [Fatal Error] :1:1: Premature end of file.
2026-10-05 18:46:51,425 [ERROR] LogOutputStream:75 - [STDERR_REDIRECT] 
2026-10-05 18:46:52,426 [ERROR] LogOutputStream:75 - [STDERR_REDIRECT] [Fatal Error] :1:1: Premature end of file.
2026-10-05 18:46:52,426 [ERROR] LogOutputStream:75 - [STDERR_REDIRECT] 
2026-10-05 18:46:53,420 [ERROR] LogOutputStream:75 - [STDERR_REDIRECT] [Fatal Error] :1:1: Premature end of file.
2026-10-05 18:46:53,420 [ERROR] LogOutputStream:75 - [STDERR_REDIRECT] 
2026-10-05 18:46:54,421 [ERROR] LogOutputStream:75 - [STDERR_REDIRECT] [Fatal Error] :1:1: Premature end of file.
2026-10-05 18:46:54,421 [ERROR] LogOutputStream:75 - [STDERR_REDIRECT] 
2026-10-05 18:46:55,420 [ERROR] LogOutputStream:75 - [STDERR_REDIRECT] [Fatal Error] :1:1: Premature end of file.
2026-10-05 18:46:55,420 [ERROR] LogOutputStream:75 - [STDERR_REDIRECT] 
2026-10-05 18:46:56,427 [ERROR] LogOutputStream:75 - [STDERR_REDIRECT] [Fatal Error] :1:1: Premature end of file.
2026-10-05 18:46:56,427 [ERROR] LogOutputStream:75 - [STDERR_REDIRECT] 
2026-10-05 18:46:57,423 [ERROR] LogOutputStream:75 - [STDERR_REDIRECT] [Fatal Error] :1:1: Premature end of file.
2026-10-05 18:46:57,423 [ERROR] LogOutputStream:75 - [STDERR_REDIRECT] 
2026-10-05 18:46:58,412 [ERROR] LogOutputStream:75 - [STDERR_REDIRECT] [Fatal Error] :1:1: Premature end of file.
2026-10-05 18:46:58,412 [ERROR] LogOutputStream:75 - [STDERR_REDIRECT] 
2026-10-05 18:46:59,426 [ERROR] LogOutputStream:75 - [STDERR_REDIRECT] [Fatal Error] :1:1: Premature end of file.
2026-10-05 18:46:59,426 [ERROR] LogOutputStream:75 - [STDERR_REDIRECT] 
2026-10-05 18:47:00,426 [ERROR] LogOutputStream:75 - [STDERR_REDIRECT] [Fatal Error] :1:1: Premature end of file.
2026-10-05 18:47:00,426 [ERROR] LogOutputStream:75 - [STDERR_REDIRECT] 
2026-10-05 18:47:01,420 [ERROR] LogOutputStream:75 - [STDERR_REDIRECT] [Fatal Error] :1:1: Premature end of file.
2026-10-05 18:47:01,420 [ERROR] LogOutputStream:75 - [STDERR_REDIRECT] 
2026-10-05 18:47:02,416 [ERROR] LogOutputStream:75 - [STDERR_REDIRECT] [Fatal Error] :1:1: Premature end of file.
2026-10-05 18:47:02,416 [ERROR] LogOutputStream:75 - [STDERR_REDIRECT] 
2026-10-05 18:47:03,429 [ERROR] LogOutputStream:75 - [STDERR_REDIRECT] [Fatal Error] :1:1: Premature end of file.
2026-10-05 18:47:03,429 [ERROR] LogOutputStream:75 - [STDERR_REDIRECT] 
2026-10-05 18:47:04,417 [ERROR] LogOutputStream:75 - [STDERR_REDIRECT] [Fatal Error] :1:1: Premature end of file.
2026-10-05 18:47:04,417 [ERROR] LogOutputStream:75 - [STDERR_REDIRECT] 
2026-10-05 18:47:05,430 [ERROR] LogOutputStream:75 - [STDERR_REDIRECT] [Fatal Error] :1:1: Premature end of file.
2026-10-05 18:47:05,430 [ERROR] LogOutputStream:75 - [STDERR_REDIRECT] 
2026-10-05 18:47:06,427 [ERROR] LogOutputStream:75 - [STDERR_REDIRECT] [Fatal Error] :1:1: Premature end of file.
2026-10-05 18:47:06,427 [ERROR] LogOutputStream:75 - [STDERR_REDIRECT] 
2026-10-05 18:47:07,420 [ERROR] LogOutputStream:75 - [STDERR_REDIRECT] [Fatal Error] :1:1: Premature end of file.
2026-10-05 18:47:07,420 [ERROR] LogOutputStream:75 - [STDERR_REDIRECT] 
2026-10-05 18:47:08,430 [ERROR] LogOutputStream:75 - [STDERR_REDIRECT] [Fatal Error] :1:1: Premature end of file.
2026-10-05 18:47:08,431 [ERROR] LogOutputStream:75 - [STDERR_REDIRECT] 
2026-10-05 18:47:09,424 [ERROR] LogOutputStream:75 - [STDERR_REDIRECT] [Fatal Error] :1:1: Premature end of file.
2026-10-05 18:47:09,424 [ERROR] LogOutputStream:75 - [STDERR_REDIRECT] 
2026-10-05 18:47:10,420 [ERROR] LogOutputStream:75 - [STDERR_REDIRECT] [Fatal Error] :1:1: Premature end of file.
2026-10-05 18:47:10,420 [ERROR] LogOutputStream:75 - [STDERR_REDIRECT] 
2026-10-05 18:47:11,410 [ERROR] LogOutputStream:75 - [STDERR_REDIRECT] [Fatal Error] :1:1: Premature end of file.
2026-10-05 18:47:11,410 [ERROR] LogOutputStream:75 - [STDERR_REDIRECT] 
2026-10-05 18:47:12,437 [ERROR] LogOutputStream:75 - [STDERR_REDIRECT] [Fatal Error] :1:1: Premature end of file.
2026-10-05 18:47:12,437 [ERROR] LogOutputStream:75 - [STDERR_REDIRECT] 
2026-10-05 18:47:13,424 [ERROR] LogOutputStream:75 - [STDERR_REDIRECT] [Fatal Error] :1:1: Premature end of file.
2026-10-05 18:47:13,424 [ERROR] LogOutputStream:75 - [STDERR_REDIRECT] 
2026-10-05 18:47:14,417 [ERROR] LogOutputStream:75 - [STDERR_REDIRECT] [Fatal Error] :1:1: Premature end of file.
2026-10-05 18:47:14,417 [ERROR] LogOutputStream:75 - [STDERR_REDIRECT] 
2026-10-05 18:47:15,437 [ERROR] LogOutputStream:75 - [STDERR_REDIRECT] [Fatal Error] :1:1: Premature end of file.
2026-10-05 18:47:15,437 [ERROR] LogOutputStream:75 - [STDERR_REDIRECT] 
2026-10-05 18:47:16,426 [ERROR] LogOutputStream:75 - [STDERR_REDIRECT] [Fatal Error] :1:1: Premature end of file.
2026-10-05 18:47:16,427 [ERROR] LogOutputStream:75 - [STDERR_REDIRECT] 
2026-10-05 18:47:17,424 [ERROR] LogOutputStream:75 - [STDERR_REDIRECT] [Fatal Error] :1:1: Premature end of file.
2026-10-05 18:47:17,424 [ERROR] LogOutputStream:75 - [STDERR_REDIRECT] 
2026-10-05 18:47:18,429 [ERROR] LogOutputStream:75 - [STDERR_REDIRECT] [Fatal Error] :1:1: Premature end of file.
2026-10-05 18:47:18,429 [ERROR] LogOutputStream:75 - [STDERR_REDIRECT] 
2026-10-05 18:47:19,428 [ERROR] LogOutputStream:75 - [STDERR_REDIRECT] [Fatal Error] :1:1: Premature end of file.
2026-10-05 18:47:19,428 [ERROR] LogOutputStream:75 - [STDERR_REDIRECT] 
2026-10-05 18:47:20,430 [ERROR] LogOutputStream:75 - [STDERR_REDIRECT] [Fatal Error] :1:1: Premature end of file.
2026-10-05 18:47:20,430 [ERROR] LogOutputStream:75 - [STDERR_REDIRECT] 
2026-10-05 18:47:21,427 [ERROR] LogOutputStream:75 - [STDERR_REDIRECT] [Fatal Error] :1:1: Premature end of file.
2026-10-05 18:47:21,427 [ERROR] LogOutputStream:75 - [STDERR_REDIRECT] 
2026-10-05 18:47:22,444 [ERROR] LogOutputStream:75 - [STDERR_REDIRECT] [Fatal Error] :1:1: Premature end of file.
2026-10-05 18:47:22,444 [ERROR] LogOutputStream:75 - [STDERR_REDIRECT] 
2026-10-05 18:47:23,430 [ERROR] LogOutputStream:75 - [STDERR_REDIRECT] [Fatal Error] :1:1: Premature end of file.
2026-10-05 18:47:23,430 [ERROR] LogOutputStream:75 - [STDERR_REDIRECT] 
2026-10-05 18:47:24,423 [ERROR] LogOutputStream:75 - [STDERR_REDIRECT] [Fatal Error] :1:1: Premature end of file.
2026-10-05 18:47:24,423 [ERROR] LogOutputStream:75 - [STDERR_REDIRECT] 
2026-10-05 18:47:25,429 [ERROR] LogOutputStream:75 - [STDERR_REDIRECT] [Fatal Error] :1:1: Premature end of file.
2026-10-05 18:47:25,429 [ERROR] LogOutputStream:75 - [STDERR_REDIRECT] 
2026-10-05 18:47:26,422 [ERROR] LogOutputStream:75 - [STDERR_REDIRECT] [Fatal Error] :1:1: Premature end of file.
2026-10-05 18:47:26,422 [ERROR] LogOutputStream:75 - [STDERR_REDIRECT] 
2026-10-05 18:47:27,414 [ERROR] LogOutputStream:75 - [STDERR_REDIRECT] [Fatal Error] :1:1: Premature end of file.
2026-10-05 18:47:27,414 [ERROR] LogOutputStream:75 - [STDERR_REDIRECT] 
2026-10-05 18:47:28,429 [ERROR] LogOutputStream:75 - [STDERR_REDIRECT] [Fatal Error] :1:1: Premature end of file.
2026-10-05 18:47:28,429 [ERROR] LogOutputStream:75 - [STDERR_REDIRECT] 
2026-10-05 18:47:29,427 [ERROR] LogOutputStream:75 - [STDERR_REDIRECT] [Fatal Error] :1:1: Premature end of file.
2026-10-05 18:47:29,429 [ERROR] LogOutputStream:75 - [STDERR_REDIRECT] 
2026-10-05 18:47:30,411 [ERROR] LogOutputStream:75 - [STDERR_REDIRECT] [Fatal Error] :1:1: Premature end of file.
2026-10-05 18:47:30,411 [ERROR] LogOutputStream:75 - [STDERR_REDIRECT] 
2026-10-05 18:47:31,426 [ERROR] LogOutputStream:75 - [STDERR_REDIRECT] [Fatal Error] :1:1: Premature end of file.
2026-10-05 18:47:31,426 [ERROR] LogOutputStream:75 - [STDERR_REDIRECT] 
2026-10-05 18:47:32,431 [ERROR] LogOutputStream:75 - [STDERR_REDIRECT] [Fatal Error] :1:1: Premature end of file.
2026-10-05 18:47:32,431 [ERROR] LogOutputStream:75 - [STDERR_REDIRECT] 
2026-10-05 18:47:33,422 [ERROR] LogOutputStream:75 - [STDERR_REDIRECT] [Fatal Error] :1:1: Premature end of file.
2026-10-05 18:47:33,423 [ERROR] LogOutputStream:75 - [STDERR_REDIRECT] 
2026-10-05 18:47:34,424 [ERROR] LogOutputStream:75 - [STDERR_REDIRECT] [Fatal Error] :1:1: Premature end of file.
2026-10-05 18:47:34,424 [ERROR] LogOutputStream:75 - [STDERR_REDIRECT] 
2026-10-05 18:47:35,419 [ERROR] LogOutputStream:75 - [STDERR_REDIRECT] [Fatal Error] :1:1: Premature end of file.
2026-10-05 18:47:35,419 [ERROR] LogOutputStream:75 - [STDERR_REDIRECT] 
2026-10-05 18:47:36,427 [ERROR] LogOutputStream:75 - [STDERR_REDIRECT] [Fatal Error] :1:1: Premature end of file.
2026-10-05 18:47:36,427 [ERROR] LogOutputStream:75 - [STDERR_REDIRECT] 
2026-10-05 18:47:37,418 [ERROR] LogOutputStream:75 - [STDERR_REDIRECT] [Fatal Error] :1:1: Premature end of file.
2026-10-05 18:47:37,418 [ERROR] LogOutputStream:75 - [STDERR_REDIRECT] 
2026-10-05 18:47:38,458 [ERROR] LogOutputStream:75 - [STDERR_REDIRECT] [Fatal Error] :1:1: Premature end of file.
2026-10-05 18:47:38,458 [ERROR] LogOutputStream:75 - [STDERR_REDIRECT] 
2026-10-05 18:47:39,424 [ERROR] LogOutputStream:75 - [STDERR_REDIRECT] [Fatal Error] :1:1: Premature end of file.
2026-10-05 18:47:39,424 [ERROR] LogOutputStream:75 - [STDERR_REDIRECT] 
2026-10-05 18:47:40,422 [ERROR] LogOutputStream:75 - [STDERR_REDIRECT] [Fatal Error] :1:1: Premature end of file.
2026-10-05 18:47:40,422 [ERROR] LogOutputStream:75 - [STDERR_REDIRECT] 
2026-10-05 18:47:41,430 [ERROR] LogOutputStream:75 - [STDERR_REDIRECT] [Fatal Error] :1:1: Premature end of file.
2026-10-05 18:47:41,430 [ERROR] LogOutputStream:75 - [STDERR_REDIRECT] 
2026-10-05 18:47:42,426 [ERROR] LogOutputStream:75 - [STDERR_REDIRECT] [Fatal Error] :1:1: Premature end of file.
2026-10-05 18:47:42,426 [ERROR] LogOutputStream:75 - [STDERR_REDIRECT] 
2026-10-05 18:47:43,420 [ERROR] LogOutputStream:75 - [STDERR_REDIRECT] [Fatal Error] :1:1: Premature end of file.
2026-10-05 18:47:43,420 [ERROR] LogOutputStream:75 - [STDERR_REDIRECT] 
2026-10-05 18:47:44,415 [ERROR] LogOutputStream:75 - [STDERR_REDIRECT] [Fatal Error] :1:1: Premature end of file.
2026-10-05 18:47:44,415 [ERROR] LogOutputStream:75 - [STDERR_REDIRECT] 
2026-10-05 18:47:45,433 [ERROR] LogOutputStream:75 - [STDERR_REDIRECT] [Fatal Error] :1:1: Premature end of file.
2026-10-05 18:47:45,433 [ERROR] LogOutputStream:75 - [STDERR_REDIRECT] 
2026-10-05 18:47:46,419 [ERROR] LogOutputStream:75 - [STDERR_REDIRECT] [Fatal Error] :1:1: Premature end of file.
2026-10-05 18:47:46,419 [ERROR] LogOutputStream:75 - [STDERR_REDIRECT] 
2026-10-05 18:47:47,428 [ERROR] LogOutputStream:75 - [STDERR_REDIRECT] [Fatal Error] :1:1: Premature end of file.
2026-10-05 18:47:47,428 [ERROR] LogOutputStream:75 - [STDERR_REDIRECT] 
2026-10-05 18:47:48,430 [ERROR] LogOutputStream:75 - [STDERR_REDIRECT] [Fatal Error] :1:1: Premature end of file.
2026-10-05 18:47:48,430 [ERROR] LogOutputStream:75 - [STDERR_REDIRECT] 
2026-10-05 18:47:49,435 [ERROR] LogOutputStream:75 - [STDERR_REDIRECT] [Fatal Error] :1:1: Premature end of file.
2026-10-05 18:47:49,435 [ERROR] LogOutputStream:75 - [STDERR_REDIRECT] 
2026-10-05 18:47:50,420 [ERROR] LogOutputStream:75 - [STDERR_REDIRECT] [Fatal Error] :1:1: Premature end of file.
2026-10-05 18:47:50,420 [ERROR] LogOutputStream:75 - [STDERR_REDIRECT] 
2026-10-05 18:47:51,424 [ERROR] LogOutputStream:75 - [STDERR_REDIRECT] [Fatal Error] :1:1: Premature end of file.
2026-10-05 18:47:51,425 [ERROR] LogOutputStream:75 - [STDERR_REDIRECT] 
2026-10-05 18:47:52,423 [ERROR] LogOutputStream:75 - [STDERR_REDIRECT] [Fatal Error] :1:1: Premature end of file.
2026-10-05 18:47:52,423 [ERROR] LogOutputStream:75 - [STDERR_REDIRECT] 
2026-10-05 18:47:53,419 [ERROR] LogOutputStream:75 - [STDERR_REDIRECT] [Fatal Error] :1:1: Premature end of file.
2026-10-05 18:47:53,420 [ERROR] LogOutputStream:75 - [STDERR_REDIRECT] 
2026-10-05 18:47:54,426 [ERROR] LogOutputStream:75 - [STDERR_REDIRECT] [Fatal Error] :1:1: Premature end of file.
2026-10-05 18:47:54,426 [ERROR] LogOutputStream:75 - [STDERR_REDIRECT] 
2026-10-05 18:47:55,430 [ERROR] LogOutputStream:75 - [STDERR_REDIRECT] [Fatal Error] :1:1: Premature end of file.
2026-10-05 18:47:55,430 [ERROR] LogOutputStream:75 - [STDERR_REDIRECT] 
2026-10-05 18:47:56,429 [ERROR] LogOutputStream:75 - [STDERR_REDIRECT] [Fatal Error] :1:1: Premature end of file.
2026-10-05 18:47:56,429 [ERROR] LogOutputStream:75 - [STDERR_REDIRECT] 
2026-10-05 18:47:57,453 [ERROR] LogOutputStream:75 - [STDERR_REDIRECT] [Fatal Error] :1:1: Premature end of file.
2026-10-05 18:47:57,454 [ERROR] LogOutputStream:75 - [STDERR_REDIRECT] 
2026-10-05 18:47:58,418 [ERROR] LogOutputStream:75 - [STDERR_REDIRECT] [Fatal Error] :1:1: Premature end of file.
2026-10-05 18:47:58,418 [ERROR] LogOutputStream:75 - [STDERR_REDIRECT] 
2026-10-05 18:47:59,425 [ERROR] LogOutputStream:75 - [STDERR_REDIRECT] [Fatal Error] :1:1: Premature end of file.
2026-10-05 18:47:59,425 [ERROR] LogOutputStream:75 - [STDERR_REDIRECT] 
2026-10-05 18:48:00,422 [ERROR] LogOutputStream:75 - [STDERR_REDIRECT] [Fatal Error] :1:1: Premature end of file.
2026-10-05 18:48:00,422 [ERROR] LogOutputStream:75 - [STDERR_REDIRECT] 
2026-10-05 18:48:01,429 [ERROR] LogOutputStream:75 - [STDERR_REDIRECT] [Fatal Error] :1:1: Premature end of file.
2026-10-05 18:48:01,430 [ERROR] LogOutputStream:75 - [STDERR_REDIRECT] 
2026-10-05 18:48:02,437 [ERROR] LogOutputStream:75 - [STDERR_REDIRECT] [Fatal Error] :1:1: Premature end of file.
2026-10-05 18:48:02,438 [ERROR] LogOutputStream:75 - [STDERR_REDIRECT] 
2026-10-05 18:48:03,424 [ERROR] LogOutputStream:75 - [STDERR_REDIRECT] [Fatal Error] :1:1: Premature end of file.
2026-10-05 18:48:03,424 [ERROR] LogOutputStream:75 - [STDERR_REDIRECT] 
2026-10-05 18:48:04,430 [ERROR] LogOutputStream:75 - [STDERR_REDIRECT] [Fatal Error] :1:1: Premature end of file.
2026-10-05 18:48:04,431 [ERROR] LogOutputStream:75 - [STDERR_REDIRECT] 
2026-10-05 18:48:05,420 [ERROR] LogOutputStream:75 - [STDERR_REDIRECT] [Fatal Error] :1:1: Premature end of file.
2026-10-05 18:48:05,420 [ERROR] LogOutputStream:75 - [STDERR_REDIRECT] 
2026-10-05 18:48:06,431 [ERROR] LogOutputStream:75 - [STDERR_REDIRECT] [Fatal Error] :1:1: Premature end of file.
2026-10-05 18:48:06,431 [ERROR] LogOutputStream:75 - [STDERR_REDIRECT] 
2026-10-05 18:48:07,424 [ERROR] LogOutputStream:75 - [STDERR_REDIRECT] [Fatal Error] :1:1: Premature end of file.
2026-10-05 18:48:07,424 [ERROR] LogOutputStream:75 - [STDERR_REDIRECT] 
2026-10-05 18:48:08,428 [ERROR] LogOutputStream:75 - [STDERR_REDIRECT] [Fatal Error] :1:1: Premature end of file.
2026-10-05 18:48:08,428 [ERROR] LogOutputStream:75 - [STDERR_REDIRECT] 
2026-10-05 18:48:09,419 [ERROR] LogOutputStream:75 - [STDERR_REDIRECT] [Fatal Error] :1:1: Premature end of file.
2026-10-05 18:48:09,420 [ERROR] LogOutputStream:75 - [STDERR_REDIRECT] 
2026-10-05 18:48:10,432 [ERROR] LogOutputStream:75 - [STDERR_REDIRECT] [Fatal Error] :1:1: Premature end of file.
2026-10-05 18:48:10,432 [ERROR] LogOutputStream:75 - [STDERR_REDIRECT] 
2026-10-05 18:48:11,422 [ERROR] LogOutputStream:75 - [STDERR_REDIRECT] [Fatal Error] :1:1: Premature end of file.
2026-10-05 18:48:11,422 [ERROR] LogOutputStream:75 - [STDERR_REDIRECT] 
2026-10-05 18:48:12,428 [ERROR] LogOutputStream:75 - [STDERR_REDIRECT] [Fatal Error] :1:1: Premature end of file.
2026-10-05 18:48:12,428 [ERROR] LogOutputStream:75 - [STDERR_REDIRECT] 
2026-10-05 18:48:13,423 [ERROR] LogOutputStream:75 - [STDERR_REDIRECT] [Fatal Error] :1:1: Premature end of file.
2026-10-05 18:48:13,423 [ERROR] LogOutputStream:75 - [STDERR_REDIRECT] 
2026-10-05 18:48:14,426 [ERROR] LogOutputStream:75 - [STDERR_REDIRECT] [Fatal Error] :1:1: Premature end of file.
2026-10-05 18:48:14,426 [ERROR] LogOutputStream:75 - [STDERR_REDIRECT] 
2026-10-05 18:48:15,427 [ERROR] LogOutputStream:75 - [STDERR_REDIRECT] [Fatal Error] :1:1: Premature end of file.
2026-10-05 18:48:15,428 [ERROR] LogOutputStream:75 - [STDERR_REDIRECT] 
2026-10-05 18:48:16,419 [ERROR] LogOutputStream:75 - [STDERR_REDIRECT] [Fatal Error] :1:1: Premature end of file.
2026-10-05 18:48:16,419 [ERROR] LogOutputStream:75 - [STDERR_REDIRECT] 
2026-10-05 18:48:17,420 [ERROR] LogOutputStream:75 - [STDERR_REDIRECT] [Fatal Error] :1:1: Premature end of file.
2026-10-05 18:48:17,421 [ERROR] LogOutputStream:75 - [STDERR_REDIRECT] 
2026-10-05 18:48:18,429 [ERROR] LogOutputStream:75 - [STDERR_REDIRECT] [Fatal Error] :1:1: Premature end of file.
2026-10-05 18:48:18,429 [ERROR] LogOutputStream:75 - [STDERR_REDIRECT] 
2026-10-05 18:48:19,424 [ERROR] LogOutputStream:75 - [STDERR_REDIRECT] [Fatal Error] :1:1: Premature end of file.
2026-10-05 18:48:19,424 [ERROR] LogOutputStream:75 - [STDERR_REDIRECT] 
2026-10-05 18:48:20,418 [ERROR] LogOutputStream:75 - [STDERR_REDIRECT] [Fatal Error] :1:1: Premature end of file.
2026-10-05 18:48:20,418 [ERROR] LogOutputStream:75 - [STDERR_REDIRECT] 
2026-10-05 18:48:21,428 [ERROR] LogOutputStream:75 - [STDERR_REDIRECT] [Fatal Error] :1:1: Premature end of file.
2026-10-05 18:48:21,428 [ERROR] LogOutputStream:75 - [STDERR_REDIRECT] 
2026-10-05 18:48:22,421 [ERROR] LogOutputStream:75 - [STDERR_REDIRECT] [Fatal Error] :1:1: Premature end of file.
2026-10-05 18:48:22,421 [ERROR] LogOutputStream:75 - [STDERR_REDIRECT] 
2026-10-05 18:48:23,421 [ERROR] LogOutputStream:75 - [STDERR_REDIRECT] [Fatal Error] :1:1: Premature end of file.
2026-10-05 18:48:23,421 [ERROR] LogOutputStream:75 - [STDERR_REDIRECT] 
2026-10-05 18:48:24,416 [ERROR] LogOutputStream:75 - [STDERR_REDIRECT] [Fatal Error] :1:1: Premature end of file.
2026-10-05 18:48:24,416 [ERROR] LogOutputStream:75 - [STDERR_REDIRECT] 
2026-10-05 18:48:25,421 [ERROR] LogOutputStream:75 - [STDERR_REDIRECT] [Fatal Error] :1:1: Premature end of file.
2026-10-05 18:48:25,421 [ERROR] LogOutputStream:75 - [STDERR_REDIRECT] 
2026-10-05 18:48:26,424 [ERROR] LogOutputStream:75 - [STDERR_REDIRECT] [Fatal Error] :1:1: Premature end of file.
2026-10-05 18:48:26,424 [ERROR] LogOutputStream:75 - [STDERR_REDIRECT] 
2026-10-05 18:48:27,427 [ERROR] LogOutputStream:75 - [STDERR_REDIRECT] [Fatal Error] :1:1: Premature end of file.
2026-10-05 18:48:27,427 [ERROR] LogOutputStream:75 - [STDERR_REDIRECT] 
2026-10-05 18:48:28,421 [ERROR] LogOutputStream:75 - [STDERR_REDIRECT] [Fatal Error] :1:1: Premature end of file.
2026-10-05 18:48:28,421 [ERROR] LogOutputStream:75 - [STDERR_REDIRECT] 
2026-10-05 18:48:29,418 [ERROR] LogOutputStream:75 - [STDERR_REDIRECT] [Fatal Error] :1:1: Premature end of file.
2026-10-05 18:48:29,418 [ERROR] LogOutputStream:75 - [STDERR_REDIRECT] 
2026-10-05 18:48:30,427 [ERROR] LogOutputStream:75 - [STDERR_REDIRECT] [Fatal Error] :1:1: Premature end of file.
2026-10-05 18:48:30,427 [ERROR] LogOutputStream:75 - [STDERR_REDIRECT] 
2026-10-05 18:48:31,428 [ERROR] LogOutputStream:75 - [STDERR_REDIRECT] [Fatal Error] :1:1: Premature end of file.
2026-10-05 18:48:31,428 [ERROR] LogOutputStream:75 - [STDERR_REDIRECT] 
2026-10-05 18:48:32,419 [ERROR] LogOutputStream:75 - [STDERR_REDIRECT] [Fatal Error] :1:1: Premature end of file.
2026-10-05 18:48:32,419 [ERROR] LogOutputStream:75 - [STDERR_REDIRECT] 
2026-10-05 18:48:33,428 [ERROR] LogOutputStream:75 - [STDERR_REDIRECT] [Fatal Error] :1:1: Premature end of file.
2026-10-05 18:48:33,428 [ERROR] LogOutputStream:75 - [STDERR_REDIRECT] 
2026-10-05 18:48:34,419 [ERROR] LogOutputStream:75 - [STDERR_REDIRECT] [Fatal Error] :1:1: Premature end of file.
2026-10-05 18:48:34,419 [ERROR] LogOutputStream:75 - [STDERR_REDIRECT] 
2026-10-05 18:48:35,426 [ERROR] LogOutputStream:75 - [STDERR_REDIRECT] [Fatal Error] :1:1: Premature end of file.
2026-10-05 18:48:35,426 [ERROR] LogOutputStream:75 - [STDERR_REDIRECT] 
2026-10-05 18:48:36,427 [ERROR] LogOutputStream:75 - [STDERR_REDIRECT] [Fatal Error] :1:1: Premature end of file.
2026-10-05 18:48:36,427 [ERROR] LogOutputStream:75 - [STDERR_REDIRECT] 
2026-10-05 18:48:37,415 [ERROR] LogOutputStream:75 - [STDERR_REDIRECT] [Fatal Error] :1:1: Premature end of file.
2026-10-05 18:48:37,415 [ERROR] LogOutputStream:75 - [STDERR_REDIRECT] 
2026-10-05 18:48:38,432 [ERROR] LogOutputStream:75 - [STDERR_REDIRECT] [Fatal Error] :1:1: Premature end of file.
2026-10-05 18:48:38,432 [ERROR] LogOutputStream:75 - [STDERR_REDIRECT] 
2026-10-05 18:48:39,432 [ERROR] LogOutputStream:75 - [STDERR_REDIRECT] [Fatal Error] :1:1: Premature end of file.
2026-10-05 18:48:39,432 [ERROR] LogOutputStream:75 - [STDERR_REDIRECT] 
2026-10-05 18:48:40,424 [ERROR] LogOutputStream:75 - [STDERR_REDIRECT] [Fatal Error] :1:1: Premature end of file.
2026-10-05 18:48:40,424 [ERROR] LogOutputStream:75 - [STDERR_REDIRECT] 
2026-10-05 18:48:41,414 [ERROR] LogOutputStream:75 - [STDERR_REDIRECT] [Fatal Error] :1:1: Premature end of file.
2026-10-05 18:48:41,414 [ERROR] LogOutputStream:75 - [STDERR_REDIRECT] 
2026-10-05 18:48:42,427 [ERROR] LogOutputStream:75 - [STDERR_REDIRECT] [Fatal Error] :1:1: Premature end of file.
2026-10-05 18:48:42,427 [ERROR] LogOutputStream:75 - [STDERR_REDIRECT] 
2026-10-05 18:48:43,423 [ERROR] LogOutputStream:75 - [STDERR_REDIRECT] [Fatal Error] :1:1: Premature end of file.
2026-10-05 18:48:43,423 [ERROR] LogOutputStream:75 - [STDERR_REDIRECT] 
2026-10-05 18:48:44,418 [ERROR] LogOutputStream:75 - [STDERR_REDIRECT] [Fatal Error] :1:1: Premature end of file.
2026-10-05 18:48:44,418 [ERROR] LogOutputStream:75 - [STDERR_REDIRECT] 
2026-10-05 18:48:45,433 [ERROR] LogOutputStream:75 - [STDERR_REDIRECT] [Fatal Error] :1:1: Premature end of file.
2026-10-05 18:48:45,433 [ERROR] LogOutputStream:75 - [STDERR_REDIRECT] 
2026-10-05 18:48:46,425 [ERROR] LogOutputStream:75 - [STDERR_REDIRECT] [Fatal Error] :1:1: Premature end of file.
2026-10-05 18:48:46,425 [ERROR] LogOutputStream:75 - [STDERR_REDIRECT] 
2026-10-05 18:48:47,419 [ERROR] LogOutputStream:75 - [STDERR_REDIRECT] [Fatal Error] :1:1: Premature end of file.
2026-10-05 18:48:47,419 [ERROR] LogOutputStream:75 - [STDERR_REDIRECT] 
2026-10-05 18:48:48,434 [ERROR] LogOutputStream:75 - [STDERR_REDIRECT] [Fatal Error] :1:1: Premature end of file.
2026-10-05 18:48:48,434 [ERROR] LogOutputStream:75 - [STDERR_REDIRECT] 
2026-10-05 18:48:49,424 [ERROR] LogOutputStream:75 - [STDERR_REDIRECT] [Fatal Error] :1:1: Premature end of file.
2026-10-05 18:48:49,424 [ERROR] LogOutputStream:75 - [STDERR_REDIRECT] 
2026-10-05 18:48:50,433 [ERROR] LogOutputStream:75 - [STDERR_REDIRECT] [Fatal Error] :1:1: Premature end of file.
2026-10-05 18:48:50,433 [ERROR] LogOutputStream:75 - [STDERR_REDIRECT] 
2026-10-05 18:48:51,421 [ERROR] LogOutputStream:75 - [STDERR_REDIRECT] [Fatal Error] :1:1: Premature end of file.
2026-10-05 18:48:51,421 [ERROR] LogOutputStream:75 - [STDERR_REDIRECT] 
2026-10-05 18:48:52,428 [ERROR] LogOutputStream:75 - [STDERR_REDIRECT] [Fatal Error] :1:1: Premature end of file.
2026-10-05 18:48:52,428 [ERROR] LogOutputStream:75 - [STDERR_REDIRECT] 
2026-10-05 18:48:53,423 [ERROR] LogOutputStream:75 - [STDERR_REDIRECT] [Fatal Error] :1:1: Premature end of file.
2026-10-05 18:48:53,423 [ERROR] LogOutputStream:75 - [STDERR_REDIRECT] 
2026-10-05 18:48:54,413 [ERROR] LogOutputStream:75 - [STDERR_REDIRECT] [Fatal Error] :1:1: Premature end of file.
2026-10-05 18:48:54,413 [ERROR] LogOutputStream:75 - [STDERR_REDIRECT] 
2026-10-05 18:48:55,425 [ERROR] LogOutputStream:75 - [STDERR_REDIRECT] [Fatal Error] :1:1: Premature end of file.
2026-10-05 18:48:55,426 [ERROR] LogOutputStream:75 - [STDERR_REDIRECT] 
2026-10-05 18:48:56,417 [ERROR] LogOutputStream:75 - [STDERR_REDIRECT] [Fatal Error] :1:1: Premature end of file.
2026-10-05 18:48:56,417 [ERROR] LogOutputStream:75 - [STDERR_REDIRECT] 
2026-10-05 18:48:57,424 [ERROR] LogOutputStream:75 - [STDERR_REDIRECT] [Fatal Error] :1:1: Premature end of file.
2026-10-05 18:48:57,424 [ERROR] LogOutputStream:75 - [STDERR_REDIRECT] 
2026-10-05 18:48:58,431 [ERROR] LogOutputStream:75 - [STDERR_REDIRECT] [Fatal Error] :1:1: Premature end of file.
2026-10-05 18:48:58,431 [ERROR] LogOutputStream:75 - [STDERR_REDIRECT] 
2026-10-05 18:48:59,431 [ERROR] LogOutputStream:75 - [STDERR_REDIRECT] [Fatal Error] :1:1: Premature end of file.
2026-10-05 18:48:59,431 [ERROR] LogOutputStream:75 - [STDERR_REDIRECT] 
2026-10-05 18:49:00,428 [ERROR] LogOutputStream:75 - [STDERR_REDIRECT] [Fatal Error] :1:1: Premature end of file.
2026-10-05 18:49:00,428 [ERROR] LogOutputStream:75 - [STDERR_REDIRECT] 
2026-10-05 18:49:01,429 [ERROR] LogOutputStream:75 - [STDERR_REDIRECT] [Fatal Error] :1:1: Premature end of file.
2026-10-05 18:49:01,429 [ERROR] LogOutputStream:75 - [STDERR_REDIRECT] 
2026-10-05 18:49:02,418 [ERROR] LogOutputStream:75 - [STDERR_REDIRECT] [Fatal Error] :1:1: Premature end of file.
2026-10-05 18:49:02,418 [ERROR] LogOutputStream:75 - [STDERR_REDIRECT] 
2026-10-05 18:49:03,427 [ERROR] LogOutputStream:75 - [STDERR_REDIRECT] [Fatal Error] :1:1: Premature end of file.
2026-10-05 18:49:03,427 [ERROR] LogOutputStream:75 - [STDERR_REDIRECT] 
2026-10-05 18:49:04,422 [ERROR] LogOutputStream:75 - [STDERR_REDIRECT] [Fatal Error] :1:1: Premature end of file.
2026-10-05 18:49:04,422 [ERROR] LogOutputStream:75 - [STDERR_REDIRECT] 
2026-10-05 18:49:05,419 [ERROR] LogOutputStream:75 - [STDERR_REDIRECT] [Fatal Error] :1:1: Premature end of file.
2026-10-05 18:49:05,421 [ERROR] LogOutputStream:75 - [STDERR_REDIRECT] 
2026-10-05 18:49:06,426 [ERROR] LogOutputStream:75 - [STDERR_REDIRECT] [Fatal Error] :1:1: Premature end of file.
2026-10-05 18:49:06,427 [ERROR] LogOutputStream:75 - [STDERR_REDIRECT] 
2026-10-05 18:49:07,423 [ERROR] LogOutputStream:75 - [STDERR_REDIRECT] [Fatal Error] :1:1: Premature end of file.
2026-10-05 18:49:07,423 [ERROR] LogOutputStream:75 - [STDERR_REDIRECT] 
2026-10-05 18:49:08,428 [ERROR] LogOutputStream:75 - [STDERR_REDIRECT] [Fatal Error] :1:1: Premature end of file.
2026-10-05 18:49:08,428 [ERROR] LogOutputStream:75 - [STDERR_REDIRECT] 
2026-10-05 18:49:09,428 [ERROR] LogOutputStream:75 - [STDERR_REDIRECT] [Fatal Error] :1:1: Premature end of file.
2026-10-05 18:49:09,428 [ERROR] LogOutputStream:75 - [STDERR_REDIRECT] 
2026-10-05 18:49:10,415 [ERROR] LogOutputStream:75 - [STDERR_REDIRECT] [Fatal Error] :1:1: Premature end of file.
2026-10-05 18:49:10,416 [ERROR] LogOutputStream:75 - [STDERR_REDIRECT] 
2026-10-05 18:49:11,417 [ERROR] LogOutputStream:75 - [STDERR_REDIRECT] [Fatal Error] :1:1: Premature end of file.
2026-10-05 18:49:11,417 [ERROR] LogOutputStream:75 - [STDERR_REDIRECT] 
2026-10-05 18:49:12,428 [ERROR] LogOutputStream:75 - [STDERR_REDIRECT] [Fatal Error] :1:1: Premature end of file.
2026-10-05 18:49:12,428 [ERROR] LogOutputStream:75 - [STDERR_REDIRECT] 
2026-10-05 18:49:13,419 [ERROR] LogOutputStream:75 - [STDERR_REDIRECT] [Fatal Error] :1:1: Premature end of file.
2026-10-05 18:49:13,420 [ERROR] LogOutputStream:75 - [STDERR_REDIRECT] 
2026-10-05 18:49:14,425 [ERROR] LogOutputStream:75 - [STDERR_REDIRECT] [Fatal Error] :1:1: Premature end of file.
2026-10-05 18:49:14,426 [ERROR] LogOutputStream:75 - [STDERR_REDIRECT] 
2026-10-05 18:49:15,427 [ERROR] LogOutputStream:75 - [STDERR_REDIRECT] [Fatal Error] :1:1: Premature end of file.
2026-10-05 18:49:15,427 [ERROR] LogOutputStream:75 - [STDERR_REDIRECT] 
2026-10-05 18:49:16,418 [ERROR] LogOutputStream:75 - [STDERR_REDIRECT] [Fatal Error] :1:1: Premature end of file.
2026-10-05 18:49:16,418 [ERROR] LogOutputStream:75 - [STDERR_REDIRECT] 
2026-10-05 18:49:17,415 [ERROR] LogOutputStream:75 - [STDERR_REDIRECT] [Fatal Error] :1:1: Premature end of file.
2026-10-05 18:49:17,416 [ERROR] LogOutputStream:75 - [STDERR_REDIRECT] 
2026-10-05 18:49:18,429 [ERROR] LogOutputStream:75 - [STDERR_REDIRECT] [Fatal Error] :1:1: Premature end of file.
2026-10-05 18:49:18,430 [ERROR] LogOutputStream:75 - [STDERR_REDIRECT] 
2026-10-05 18:49:19,422 [ERROR] LogOutputStream:75 - [STDERR_REDIRECT] [Fatal Error] :1:1: Premature end of file.
2026-10-05 18:49:19,422 [ERROR] LogOutputStream:75 - [STDERR_REDIRECT] 
2026-10-05 18:49:20,416 [ERROR] LogOutputStream:75 - [STDERR_REDIRECT] [Fatal Error] :1:1: Premature end of file.
2026-10-05 18:49:20,416 [ERROR] LogOutputStream:75 - [STDERR_REDIRECT] 
2026-10-05 18:49:21,423 [ERROR] LogOutputStream:75 - [STDERR_REDIRECT] [Fatal Error] :1:1: Premature end of file.
2026-10-05 18:49:21,423 [ERROR] LogOutputStream:75 - [STDERR_REDIRECT] 
2026-10-05 18:49:22,416 [ERROR] LogOutputStream:75 - [STDERR_REDIRECT] [Fatal Error] :1:1: Premature end of file.
2026-10-05 18:49:22,416 [ERROR] LogOutputStream:75 - [STDERR_REDIRECT] 
2026-10-05 18:49:23,419 [ERROR] LogOutputStream:75 - [STDERR_REDIRECT] [Fatal Error] :1:1: Premature end of file.
2026-10-05 18:49:23,419 [ERROR] LogOutputStream:75 - [STDERR_REDIRECT] 
2026-10-05 18:49:24,418 [ERROR] LogOutputStream:75 - [STDERR_REDIRECT] [Fatal Error] :1:1: Premature end of file.
2026-10-05 18:49:24,418 [ERROR] LogOutputStream:75 - [STDERR_REDIRECT] 
2026-10-05 18:49:25,430 [ERROR] LogOutputStream:75 - [STDERR_REDIRECT] [Fatal Error] :1:1: Premature end of file.
2026-10-05 18:49:25,430 [ERROR] LogOutputStream:75 - [STDERR_REDIRECT] 
2026-10-05 18:49:26,424 [ERROR] LogOutputStream:75 - [STDERR_REDIRECT] [Fatal Error] :1:1: Premature end of file.
2026-10-05 18:49:26,424 [ERROR] LogOutputStream:75 - [STDERR_REDIRECT] 
2026-10-05 18:49:27,420 [ERROR] LogOutputStream:75 - [STDERR_REDIRECT] [Fatal Error] :1:1: Premature end of file.
2026-10-05 18:49:27,420 [ERROR] LogOutputStream:75 - [STDERR_REDIRECT] 
2026-10-05 18:49:28,422 [ERROR] LogOutputStream:75 - [STDERR_REDIRECT] [Fatal Error] :1:1: Premature end of file.
2026-10-05 18:49:28,422 [ERROR] LogOutputStream:75 - [STDERR_REDIRECT] 
2026-10-05 18:49:29,418 [ERROR] LogOutputStream:75 - [STDERR_REDIRECT] [Fatal Error] :1:1: Premature end of file.
2026-10-05 18:49:29,418 [ERROR] LogOutputStream:75 - [STDERR_REDIRECT] 
2026-10-05 18:49:30,415 [ERROR] LogOutputStream:75 - [STDERR_REDIRECT] [Fatal Error] :1:1: Premature end of file.
2026-10-05 18:49:30,415 [ERROR] LogOutputStream:75 - [STDERR_REDIRECT] 
2026-10-05 18:49:31,426 [ERROR] LogOutputStream:75 - [STDERR_REDIRECT] [Fatal Error] :1:1: Premature end of file.
2026-10-05 18:49:31,426 [ERROR] LogOutputStream:75 - [STDERR_REDIRECT] 
2026-10-05 18:49:32,396 [ERROR] LogOutputStream:75 - [STDERR_REDIRECT] [Fatal Error] :1:1: Premature end of file.
2026-10-05 18:49:32,396 [ERROR] LogOutputStream:75 - [STDERR_REDIRECT] 
2026-10-05 18:49:32,655 [INFO] WebApp:403 - JxBrowser engine has been closed 
2026-10-05 18:49:33,388 [ERROR] LogOutputStream:75 - [STDERR_REDIRECT] [Fatal Error] :1:1: Premature end of file.
2026-10-05 18:49:33,388 [ERROR] LogOutputStream:75 - [STDERR_REDIRECT] 
